/*--------------------------------*- C++ -*----------------------------------*\
  =========                 |
  \\      /  F ield         | OpenFOAM: The Open Source CFD Toolbox
   \\    /   O peration     | Website:  https://openfoam.org
    \\  /    A nd           | Version:  12
     \\/     M anipulation  |
\*---------------------------------------------------------------------------*/
FoamFile
{
    format      ascii;
    class       labelList;
    note        "nPoints:8892  nCells:40620  nFaces:85674  nInternalFaces:76806";
    location    "constant/polyMesh";
    object      neighbour;
}
// * * * * * * * * * * * * * * * * * * * * * * * * * * * * * * * * * * * * * //


76806
(
1
7940
7942
148
132
159
4
202
18603
132
143
201
78
144
8
161
763
138
10
18095
18101
18103
170
116
18090
13
179
187
20122
15
175
127
925
152
7938
18
86
7930
151
20
23
56
906
22
28
129
31610
25
25
27
904
905
27
63
4954
29
1674
30
1671
137
62
188
34
189
35
98
35
4929
4930
82
150
72
190
39
164
193
30111
41
162
165
30107
165
180
68
30203
178
30204
47
104
47
94
1551
1540
49
8002
50
8003
52
7995
52
91
7988
97
158
149
157
78
4684
4777
57
907
105
20054
59
60
61
4969
188
4968
189
4938
64
4959
64
4953
4960
66
67
941
181
186
940
180
1522
70
877
159
817
128
179
39959
73
112
1742
1750
75
125
76
773
80
768
136
1726
1727
79
80
769
84
110
1699
83
1701
84
1703
87
147
147
8189
88
8185
130
8184
199
29290
30299
30530
92
97
92
7989
1605
96
102
95
1542
96
1553
1606
101
4932
100
101
5022
5024
101
155
146
1565
104
134
1528
1548
106
20055
173
109
118
870
109
156
5009
111
1700
112
1751
114
116
952
115
181
939
18115
119
886
119
879
872
121
160
780
122
789
124
776
777
18190
18191
125
18200
18190
127
128
39961
20068
131
31612
131
8195
18598
134
135
1535
176
1537
137
1675
140
761
140
168
748
754
168
142
143
4781
144
4780
4782
146
1561
1566
8182
149
7948
7916
154
1715
152
7959
7956
154
182
1714
1710
156
5018
158
7973
1607
818
161
764
163
164
164
30106
30109
30099
199
30065
30429
30458
168
169
170
18099
18103
172
174
175
916
174
20056
20048
917
177
178
30212
30217
927
1521
943
183
184
1733
1731
1731
1732
1735
187
20124
4981
4935
191
8288
192
8282
198
195
1513
195
196
1512
198
1518
198
1518
8287
32209
30262
30312
682
8650
19800
19804
202
18607
18599
204
11031
11037
206
207
2613
11017
11039
11844
2342
11860
208
11859
2613
11843
11071
11072
11147
219
2354
11071
212
213
3919
215
544
217
3924
215
219
11098
218
217
14211
14213
218
2352
2360
11090
221
224
2394
222
2386
223
2395
2461
2462
2382
11203
226
228
235
227
243
2518
2521
229
242
236
2426
231
233
11704
232
235
2520
11699
234
236
2415
11696
236
2522
2419
239
241
2387
241
2376
2430
240
243
2388
11350
242
243
2429
11356
245
252
11463
268
2454
247
250
2480
249
252
249
253
11407
251
253
2475
2449
2450
2465
2472
39190
258
259
11455
257
363
2491
3004
257
258
3001
260
11476
260
2482
2490
265
11559
11574
264
2995
3000
264
11557
11558
11559
265
3002
2499
2503
11480
270
271
11467
270
2455
11464
271
273
2519
272
2508
273
2469
11347
2498
2501
11521
11537
276
278
11562
277
2542
11534
11535
11536
2502
11536
11566
282
283
24364
281
284
2574
282
2570
2556
284
286
285
291
11675
287
291
24365
288
6301
290
6304
290
2647
6184
11686
291
11673
293
2413
11856
294
2412
2588
2594
296
299
2628
297
12003
298
6207
302
6209
300
302
301
2629
2636
12077
12079
307
12100
12125
305
2648
11674
306
11661
307
12130
2653
309
311
2676
6140
12346
312
12324
12385
312
6139
12387
364
19780
19799
39657
315
2726
12686
12769
316
12228
12821
2728
12227
12827
318
319
2746
321
2735
322
12716
322
335
2772
322
323
2734
13276
328
329
12761
3284
14382
14386
14396
327
328
3284
329
12809
12818
3285
12808
12811
2696
12789
12800
2695
2696
2697
1065
12866
12871
335
2777
13268
2778
13060
13277
2779
13278
337
340
2888
338
339
2892
13046
341
13050
342
13282
342
13067
13071
2793
2798
2799
345
2877
11608
346
2848
347
2844
11610
11622
349
2933
13110
350
2873
351
2880
352
2930
354
356
2911
13218
13230
13233
356
357
11605
356
2932
11575
2936
2878
11623
13127
13122
13220
13269
3010
3034
13439
13531
362
363
2996
362
3034
13457
13530
3014
3074
19778
19804
39777
366
3059
13508
367
3053
368
3068
3055
11425
13375
13511
13519
13615
371
374
13610
3096
13662
374
13633
13661
2976
13493
13512
13617
2985
376
377
3121
378
13721
3118
14447
379
14365
14412
14459
381
3145
13808
382
383
13799
13800
13808
13786
13838
2974
13787
13827
3088
3178
3191
11384
387
404
14259
398
11052
393
415
14229
390
406
413
391
11061
392
393
2356
11055
14236
395
12538
14257
396
397
398
11026
11877
11878
12012
11023
14262
3275
14278
14356
401
409
14280
403
416
403
404
406
14256
405
14265
406
3236
11053
414
408
409
14330
411
14172
416
14329
411
412
416
3223
413
415
414
415
416
3233
14230
418
420
3348
14473
14764
422
3297
3347
422
14477
422
3296
14507
424
425
3294
426
14494
427
432
428
440
428
431
439
430
432
14482
14449
14483
432
441
14453
14475
435
437
438
435
14187
14539
14548
438
439
3231
440
14499
3225
440
441
14497
442
3227
3217
14513
14517
3180
3318
14596
16518
3334
14599
14663
16515
14761
14763
14783
39382
13705
14762
39383
3114
14471
39377
3410
3426
14901
14937
3465
14581
14588
14637
451
3492
15092
452
453
454
455
3461
14571
14488
14583
3493
14503
457
15124
15198
15152
15197
464
3731
15939
462
464
15940
461
462
3504
463
3501
3525
464
3500
17301
17317
39572
39576
3534
3553
17314
478
15238
15526
469
3589
3598
471
3569
471
3587
15242
15227
3590
15238
15242
15243
476
15412
15437
15438
15461
34871
34939
15438
34940
34942
15469
34940
15490
15516
15556
3588
15493
15527
9455
15599
15611
15531
39432
39434
15549
15599
15934
483
3711
15987
484
3634
490
3714
539
540
16035
39435
16019
16022
39441
489
492
39435
16016
16027
16050
39442
490
540
538
3715
494
495
39439
496
3716
39438
528
539
3758
16020
496
503
502
16022
3718
3757
16026
16048
39437
499
561
3737
501
502
501
503
15039
563
503
3745
3710
506
508
3826
508
3782
3809
507
3778
3828
4256
3779
510
513
16250
511
532
3802
3853
513
514
34045
3855
16253
515
9138
3852
3855
3870
521
1950
34041
518
519
15669
3889
3894
15643
520
1947
521
3889
3893
523
524
527
16249
16255
16265
526
3891
527
530
534
542
3637
541
542
531
533
19778
19799
19873
39786
531
532
535
541
3811
534
539
536
3753
3813
540
542
538
542
3629
3635
540
16166
39436
16255
16289
545
3897
3915
547
3925
11101
546
547
548
3899
11088
4011
11100
16327
16332
39471
3946
3958
16337
39468
552
3900
4028
3945
16332
554
555
564
556
3747
559
573
557
3742
558
559
16373
16375
16380
575
561
562
565
563
567
566
3957
566
15044
565
567
16314
16308
15040
3746
3970
569
571
573
572
16327
16324
16333
39471
16310
16341
574
3976
3984
16316
4030
4040
4043
3977
3984
16380
577
580
3991
578
16431
16397
16439
580
3983
16376
16402
3440
16477
16482
17271
4009
14666
16493
16521
585
4016
4061
4048
16408
16509
4050
4138
588
589
4114
588
4076
4095
4115
4058
4079
591
592
594
593
39517
595
4110
4111
4165
596
39519
598
4140
598
601
4282
598
599
601
4141
600
4142
4284
16433
4283
603
604
4216
4194
16734
605
611
4225
16753
607
610
16724
609
1859
609
1867
16727
1858
611
8860
8859
16736
613
617
16799
4190
16738
616
664
666
616
16798
16939
617
667
619
635
16937
620
16839
622
16942
16836
16839
16841
16802
16823
624
625
39518
4287
16815
626
16717
16825
16848
16812
16815
16820
4161
4457
16705
16713
633
4151
4309
4151
4154
4448
4449
634
658
16874
633
634
16837
4310
16850
635
16840
16943
4454
15827
16147
16875
16830
16847
16855
16859
16144
16147
16699
16852
682
19804
39657
39759
641
687
690
644
16921
16920
16921
16982
16864
16915
16924
16915
17105
4318
16883
16889
16924
647
16917
16927
16928
649
655
649
650
16949
4331
659
4328
16721
16876
16947
39542
4408
15841
16925
16929
16876
16879
16925
39547
656
16881
16884
656
16928
16955
657
658
16933
16870
16946
661
4329
16951
662
664
4330
666
16956
663
4370
667
4188
666
667
667
4186
16729
16785
16940
669
670
3666
3688
3675
15748
15786
3667
15768
15773
673
4347
16983
673
677
679
17062
17092
677
680
17072
677
678
679
678
680
33177
8690
17030
17037
681
8661
17064
19421
19843
686
3604
15439
8660
8665
15435
3609
4400
17069
3611
8660
4380
4385
16984
690
692
17121
694
4383
4384
4385
17106
693
3560
4398
694
17113
694
4423
696
4422
17312
4467
17110
700
707
714
699
700
4484
703
17184
17142
704
4435
17174
703
704
705
705
17185
4441
17135
17143
4430
4443
17207
4470
4476
17144
17305
17315
17317
711
714
4485
711
712
4472
4486
713
17315
3370
4463
4476
4478
720
4500
14861
717
718
4502
719
3360
4495
17366
720
14834
14860
723
13590
17347
723
4491
17376
17371
725
3353
14705
17373
4497
14706
17512
727
729
22219
728
22211
729
17537
738
731
5694
17596
732
737
733
4603
4600
17595
4602
4603
17539
17569
17555
17561
17565
17608
4632
17577
39621
738
17539
5699
17555
4643
17698
17707
39631
742
17756
17806
742
17808
20946
4637
4646
18001
18004
18028
745
17571
17912
746
17933
4634
17542
748
757
18125
754
766
750
751
752
755
18054
754
18100
753
18053
18077
18111
18105
765
766
18039
759
760
18123
758
766
18128
759
763
778
18135
18143
18151
763
765
766
5000
19347
19857
39934
791
780
781
791
790
768
4690
4693
769
773
774
4687
771
774
18196
4723
18202
774
4689
4716
18203
18204
778
779
18141
779
4691
789
18200
18208
791
18143
780
789
786
790
785
787
18209
785
786
789
842
882
11111
11667
18208
788
788
18042
18046
791
18040
794
797
18250
794
4722
18198
18592
10156
18216
18414
18528
10220
18219
18534
18225
18255
802
810
816
801
4749
18507
802
805
39698
802
803
19356
19360
805
807
18606
811
18568
18569
18572
39694
39705
808
39701
4791
4799
18617
817
888
18596
811
816
18601
5038
18609
814
19357
19359
19365
814
815
889
816
818
18602
19359
818
878
18605
821
823
4615
823
825
4605
824
18761
824
825
17601
4612
827
17594
827
1141
18820
829
18762
1144
6382
17589
17589
17601
17620
6492
6497
6505
832
834
19218
6498
24936
834
840
4841
4840
837
841
18890
837
6487
6488
18836
840
6498
6505
6506
840
841
6505
4842
18891
11132
11256
11271
18989
18992
18998
845
846
18884
18914
18991
847
18881
18660
18992
850
20592
20602
850
19080
19124
5228
852
853
855
19020
19082
19083
5102
39855
5105
5129
19509
19510
4886
19091
4890
4923
19089
19142
860
4900
4911
859
860
40094
4898
40095
19162
21222
21231
21233
21253
6483
6490
6504
24934
6500
24898
24903
40453
865
866
885
867
5045
868
871
890
19350
5021
5051
889
890
19312
19365
871
873
5013
5025
879
883
886
879
885
19315
875
876
880
879
19301
888
19314
878
880
887
888
889
886
884
889
890
11154
14240
14246
884
885
887
890
887
19311
892
893
19982
5125
19981
894
5128
896
5118
896
19278
19975
19579
898
19624
20532
5119
19611
900
907
922
901
19960
904
4955
903
5149
20059
906
908
905
4966
906
909
907
20044
909
19970
4967
19913
19915
19927
929
20077
20147
39958
913
914
928
915
20043
917
20050
921
19913
917
20058
20083
20066
920
19930
19964
920
922
20049
921
19914
20061
19961
20045
927
20085
20086
20123
20085
20137
20139
39960
20067
20145
39961
932
20073
20075
20086
39959
20065
20077
39962
20069
20085
20149
932
20086
20133
5163
20228
20229
20230
5165
936
953
20162
935
940
20134
936
937
938
20151
20161
939
944
943
947
941
20127
943
20135
943
951
20247
946
947
953
946
18094
18115
18098
18116
951
952
20208
20211
20212
950
18107
20212
951
952
20249
18116
18098
20182
8458
20278
20324
20337
956
8423
18009
960
20385
958
20821
20833
20834
959
20282
20286
39988
20381
20821
962
965
40013
5121
20097
20319
40006
40011
5164
19810
39970
40005
967
20301
19600
19602
20450
20457
5161
20095
969
970
5400
5201
5210
5200
5395
975
20465
20517
5207
5211
5314
20870
975
20827
20870
976
5205
20514
976
5211
20478
20491
20511
40017
11117
11141
11154
14085
19623
20495
20544
40016
4652
5248
17863
18965
20724
20737
40037
40042
5289
5310
5323
20869
5207
20870
20872
985
989
20989
988
5332
987
989
5322
5405
5410
5416
996
5410
20973
5356
5358
5364
20701
992
18930
20702
21070
993
21071
21094
5351
21097
21114
995
21138
21144
5386
20575
5333
5411
21280
998
5407
21292
5398
21286
21294
21304
21587
1001
1003
5470
1002
21545
21493
25007
5471
21495
1005
6538
21651
1006
6545
1008
5474
21555
21562
21567
21661
1011
21205
1012
1013
5479
1011
1013
21211
5475
21225
5378
21226
5486
1017
21345
21405
1018
21408
21444
1018
5441
5494
1018
5438
1021
5532
21690
21691
1021
5532
5533
5550
21807
21815
5588
5599
21877
1024
5617
22007
1030
5630
1028
1029
5659
1029
5610
21908
1029
5652
5791
1030
5638
5618
21928
1033
5738
17546
1033
5671
17545
5733
1036
1037
5786
1037
1039
22707
1038
5782
1040
1039
22434
5821
22256
22452
22505
22511
22526
22918
22924
22943
1044
5887
22918
1049
5878
1046
22975
22976
22988
1049
5879
1048
1049
22932
22933
22954
1051
1053
1060
1054
22964
1053
1055
2785
5964
1055
22970
12975
1057
1058
5912
1059
1060
5908
22969
23037
23039
23052
5965
22965
1062
12326
12843
1063
23086
1064
12871
12868
23062
12849
12867
12869
23024
23025
23054
1068
23025
23064
5956
5981
1079
6036
23105
23520
23561
40240
40243
23141
23142
23159
1073
5952
23184
1074
23163
1075
23167
5914
5955
6007
6019
23271
23365
6017
23365
23372
23374
5569
21761
23472
24818
1083
5991
23515
23092
23519
23567
23568
1083
1084
6110
23523
23528
23571
1093
1085
1086
5991
6042
1087
6072
6034
6046
6082
1089
6113
6121
1090
6114
1091
1092
5978
23630
1093
23563
6105
23566
1095
1096
12348
12013
12343
1097
6134
6201
12006
12005
12008
12013
1100
1101
24178
1103
6243
24305
25122
25118
25122
25139
1104
6244
24179
6237
24127
1106
6166
22877
24339
6167
6196
40215
24181
24281
24308
40297
23886
24063
24066
24263
24157
24316
24318
40301
1111
1114
6308
6320
6338
6320
6323
6327
6334
1114
1115
23917
40307
1118
6332
5824
5830
24345
24469
1118
1120
1125
6339
23897
24455
24556
24809
40343
6285
6340
1123
1125
24435
1126
6360
24269
24454
23888
24445
6289
24437
40317
23891
6360
24273
24456
1128
1152
22292
6373
24511
1132
1133
6355
24560
24589
24591
1134
5761
24560
22321
22664
1134
24592
22322
22316
22318
22322
1137
1138
22290
1151
24623
5705
24618
1140
1141
1144
1142
24643
1144
18821
18825
40363
18813
18848
24842
40365
24635
1146
5555
5686
6386
1154
22237
24625
1150
6399
24509
1150
1151
1152
1150
6394
24649
22306
24624
22302
24512
1154
6385
22300
22303
6387
24645
1156
1157
24885
1162
6437
24762
24781
1159
1160
1163
6295
24290
1161
24283
1162
24786
6436
24787
6438
24803
1165
6486
24881
1166
1168
6472
24697
6427
6479
24698
24728
6481
24670
1170
5505
5561
6423
1171
6421
6448
1172
5506
5556
1173
6422
24857
24860
24959
24961
1185
6517
6529
24772
1185
6517
6539
40468
6531
24764
24770
1178
24771
25018
6530
6536
6537
21664
25013
1181
1188
6516
1186
25095
6430
24973
40471
1185
24750
24902
25050
1188
25019
25048
40459
24902
1187
25130
6531
24756
25010
25097
6706
6713
25203
1191
6604
6605
1192
1193
25298
25315
6588
6589
1197
6606
6632
1197
1198
1199
1197
6615
25396
25401
25418
6623
6625
6731
25402
25413
25440
1203
25560
26073
1205
1207
25567
1205
26081
25559
25567
25572
25595
1207
1209
1213
1221
25601
1213
25607
25615
40507
1221
1231
1232
1283
16579
34836
34847
1212
1213
25431
1232
25485
1215
1218
6742
1219
1220
5716
25677
25759
40514
25642
25643
25757
25792
1230
6744
1224
6768
25637
25797
40516
6723
25568
6749
25498
25507
25562
1227
25569
40515
5656
25497
25794
1226
1227
1228
25580
25585
1230
1231
1232
1354
34802
34825
34877
25474
25794
25573
40513
1234
25581
25858
1235
1236
1237
25854
25584
25818
25819
25897
25810
25811
25818
1244
6782
6785
1242
1244
25870
1242
1243
26128
25860
1244
6808
1246
25863
25873
6791
25894
1248
1250
25947
1249
1251
1252
25949
6779
26021
1253
26031
1256
27389
1254
1256
26022
1255
38625
1256
1258
27391
2253
27385
27394
27394
38623
6799
25575
25849
1261
26121
26131
6799
25558
25579
26073
26080
26088
7024
26746
28837
40584
26277
28846
40582
40585
1268
1274
10650
1267
1278
6862
6904
1268
1269
6846
1270
10645
1289
6901
1272
1274
38361
6859
26341
26345
26349
26637
6863
10651
1276
1277
1282
1279
6832
1281
6903
1281
6864
1280
6829
6830
6864
6893
6890
26168
1491
16476
34877
1286
1288
6906
1286
1289
10648
10621
1288
6900
6912
10618
6902
10646
6786
6806
26419
6924
6926
6934
6936
6918
6920
26484
26524
1295
1296
38030
1296
26609
26610
26611
7130
27062
38034
1298
1299
6976
1301
6979
1300
26612
1302
26594
1302
26628
26643
7051
7072
26802
26819
7057
7075
7461
26775
1307
1310
27206
1307
1317
26952
1308
1314
1334
1310
7148
7149
7172
27210
1314
1315
26937
1315
1324
7101
26992
1316
1317
26964
1317
26940
1316
7100
26961
1320
7552
26974
1320
1321
26979
7416
1322
7422
1324
7098
1354
9445
34801
34835
26991
7113
26986
26998
40613
1327
1332
26926
7046
7106
1329
7551
28970
28986
7043
28967
35811
7032
7043
28877
29008
28998
28999
29015
7553
7557
1334
1336
26945
7149
26944
1336
7147
27133
1337
7147
7148
7149
1341
1343
7175
1341
1342
7182
1342
1343
27310
7152
2152
7173
2158
27170
27274
1347
7232
27281
27421
1347
2145
27268
2141
1350
1352
27696
1352
7247
27462
1351
27448
27462
27474
27484
27700
1358
27446
27886
1491
34797
25930
27445
39369
39634
1357
1358
25926
25935
25944
27540
7256
27237
27248
27250
27703
27643
27646
27667
1364
1376
7436
1363
1364
1365
7102
28358
27643
7096
27648
1367
7392
28342
1368
7390
1369
1370
27719
27725
27737
28324
28325
28328
28329
28330
1374
27672
27782
1374
1375
27674
27787
1376
27726
7445
27679
1378
7295
27894
1384
7294
1382
27433
27885
1381
1385
27931
7314
27765
1383
7317
1384
1385
27896
27933
27923
1388
1389
28167
7323
7324
7352
1391
7324
1408
27753
27924
27927
27943
1393
7325
27757
1393
1395
7329
27924
1395
7305
27926
27972
27756
28089
38429
38432
1400
25766
27983
27967
27968
28058
1400
25750
28049
27964
28050
28051
28073
28088
1403
1404
32624
7359
28211
7361
28146
1406
1408
28173
1407
28190
27736
27759
27754
28168
1410
27758
28174
38432
7278
37058
38396
28084
28444
28457
28459
28208
28313
29392
1442
7412
7549
7279
27741
28130
37103
6693
7076
7457
26778
1419
1422
28710
1418
1420
7516
1421
28692
1420
29022
29023
1422
1464
28717
1424
1425
28748
6585
28755
1426
1427
25248
25264
28776
28779
1429
7540
28830
1433
7021
28976
29010
29016
1433
7535
28955
28954
28989
28990
1434
7038
26734
1438
1439
1441
1442
7550
28984
29015
1438
1442
7400
29015
1440
28957
7400
7401
7402
28945
28983
7399
1444
1448
7378
7381
28953
7382
28254
28262
37822
28948
28953
28957
1448
28949
28953
29031
1455
5041
28261
28262
28287
1454
1455
7378
28250
7386
28248
29049
29054
1453
28250
28719
1455
29032
4897
28733
29050
29017
1457
1458
29168
1462
1463
28695
28739
29171
1460
1461
7566
1463
1464
1462
7560
7576
28702
28693
28718
1466
7580
29839
1468
7575
7574
7575
7588
29143
29148
25321
29203
36347
40494
1471
7627
29533
1473
29537
1473
29461
29510
29457
1501
29093
29528
7631
29462
29536
29555
7646
29612
29615
7655
29502
29605
1479
1483
1484
1481
29899
1481
7841
29736
7844
29769
29843
33745
34301
7714
7715
29742
29867
1486
1487
1496
1503
7716
1488
29571
7653
29542
1500
7711
7713
7716
29843
29861
33733
34275
34845
34852
1494
1496
1501
1494
1495
29884
29081
1497
1503
1503
1504
1500
29769
1502
29863
29875
34298
29769
29827
29867
1503
34301
1504
29082
7713
7714
29843
29540
29864
1506
30176
30180
29927
29935
1508
7757
8280
1509
30110
30112
32192
1511
1514
1516
1512
30096
1513
1518
30116
32210
1515
8283
1518
8289
30115
30120
1626
8930
8941
33822
1520
30131
30206
1522
30117
1522
1525
30108
30222
1526
30191
30221
1525
7759
30105
1526
30047
1529
7769
30210
1530
1535
1546
1530
1537
1539
1532
7774
30170
1536
7782
1534
1536
30215
30171
30194
1536
1537
30213
1539
1545
7763
1546
7771
1545
1548
1551
1543
7800
7810
30288
1543
1551
7810
1544
1545
30234
1548
7783
1549
1554
7792
1550
1552
7781
7781
7783
7785
1552
1554
7807
7808
7810
7811
7791
7792
7799
1561
1562
7994
1558
8001
30283
1559
1560
1561
7998
1565
7815
1566
1564
8009
1564
1566
7817
7816
1566
7807
1569
30247
30578
30558
30560
30577
30581
1570
30569
7776
7797
1573
1589
31013
1589
1595
30653
30856
7877
30662
1575
1641
30718
1577
30750
30767
30775
31269
31294
30725
30749
30839
30840
30854
1580
30916
30918
30923
27196
30842
30854
1582
1584
7908
7907
30913
1584
7906
31690
1585
7918
7921
1587
1588
31020
1589
1595
1590
1603
31014
1591
1592
30931
30932
1593
1595
30839
30842
30856
8950
33698
33712
30891
30895
30899
30900
1606
7966
7985
1607
7966
7973
7974
7984
7985
30978
1601
1603
30934
1602
1604
1605
31001
30922
31021
1607
7917
1606
7990
1607
1609
1611
1633
31039
31074
1611
8090
8123
31116
1613
1616
7593
1614
31092
1615
1622
1617
29191
1617
29145
29166
1619
1621
31071
1620
1625
31033
31041
1623
1624
1624
29185
31093
8029
25294
8030
25294
25296
31042
8931
8953
18142
1632
1633
31123
1630
8041
8045
1632
1633
31084
31085
1631
1632
31150
31154
31117
1635
8082
31126
8080
31226
30740
30774
31297
1638
1639
8074
1640
8076
27898
30766
1641
31238
27914
31224
27890
30740
30745
30758
1644
1645
31475
1646
31415
6646
6650
1647
31406
6614
31382
31394
6603
31379
31380
31390
1650
31250
31403
1652
1653
1652
8127
31416
8085
8092
8094
1655
1657
31444
1656
1659
1658
31458
31449
31460
31322
31467
8168
31257
1662
31439
31463
1662
25624
25628
1663
31512
31523
1665
8157
31561
1666
31564
31548
31811
2578
31864
31872
31883
31567
31809
31811
31878
1670
1671
1738
31619
31625
1674
1675
1673
1674
31710
1678
31614
31618
1729
31711
1677
8194
8198
1678
8219
31615
31718
1680
1682
32311
8228
31996
31866
31869
31875
1683
1775
1782
31875
1685
8226
32313
1687
32496
1687
32241
32259
32260
32503
1692
1762
32040
8951
18318
33721
33726
22081
31976
31977
32014
21993
32013
32033
1693
32043
1760
21927
31673
32048
32088
32175
1696
1697
32162
1698
1753
1701
1721
1700
1743
1700
1703
1704
1745
1703
1713
1705
1717
1723
1705
1707
1754
1706
1707
32036
1747
1747
1748
8268
1710
1712
1721
1714
1715
1722
21425
32146
32182
32147
32161
32169
1715
1717
1721
1720
1734
1717
1718
1723
32050
1723
1720
32042
1720
1732
1734
1739
32161
32150
32167
32168
32049
1733
1740
32167
32170
32181
32183
1727
1728
1729
1731
1735
1738
32181
1738
31712
2111
2124
8869
33576
1733
1737
1734
1740
1736
8261
31716
8259
8260
8261
32173
8260
32025
32146
32168
32169
2023
2301
33579
33589
1743
1750
1751
1745
32151
1750
8290
32137
1751
1754
1749
1751
1754
1754
8267
1749
8265
1752
8284
8286
8291
32136
32151
32180
1756
8301
8306
8320
1761
32249
1758
8269
8306
1761
1762
1760
1761
31972
1762
31978
8266
1766
8331
32280
32299
1767
8375
20817
8325
32457
32481
32483
20709
32254
8384
32257
1771
32351
32755
1772
8135
8436
1772
8350
32345
1772
8437
1774
1780
8344
1775
32306
1782
32312
31811
31821
31878
1780
1781
1782
8179
24158
31863
1780
24155
31536
24054
24436
31530
31870
1785
8577
32788
1786
8495
8497
1786
8573
1787
8508
32793
1789
2099
8477
1790
8512
8901
8909
1793
8597
32895
32894
32902
32906
1794
1795
1797
32906
1796
8547
8593
33005
8541
32901
1799
8609
35056
1801
2009
1801
1803
32903
1804
1804
1805
32928
32908
32928
8611
8605
8606
32929
1808
1809
35046
1808
1810
8618
35059
33089
35014
1811
33098
8616
8618
33099
4357
8685
33222
8724
33268
33320
1816
8623
33330
1816
8724
33116
33119
1819
8670
33221
1819
1873
8811
33298
1823
8729
33276
1822
8722
8728
1823
8713
1824
8714
33294
1828
33419
33424
33429
1827
1829
1894
1891
33424
1829
1837
8790
1832
1833
8823
1832
8819
33423
1836
1834
1855
1835
8802
1836
8803
1837
8796
33429
1839
1842
8812
1840
8826
1841
1844
33416
33421
1843
33313
1844
33303
8721
1848
1850
8835
1847
1848
8854
1849
1851
1864
1850
1853
8822
1853
1856
9206
1854
9191
34214
1854
8827
1855
8824
34210
9193
9204
1858
1860
1874
1859
1868
1862
18902
1861
8829
1862
8837
1863
1864
8861
8836
18872
1866
1871
1872
1874
8806
1868
1871
4177
1874
8843
1870
8671
8676
8678
1872
4181
4185
1873
8676
8814
8813
1876
1880
33541
1881
33564
1878
8559
33519
1879
1880
1881
33520
8562
33585
8867
33529
33596
33599
1884
1888
33573
1885
1893
1886
8881
1887
8873
1888
8871
1902
1890
1891
33566
33540
33578
8885
33432
1893
8876
33570
8882
33577
8875
8885
8891
1897
1899
33581
1899
1900
33678
1898
33576
1900
8869
1901
33666
1902
33673
8874
33574
1904
33667
33668
33670
1905
8916
1907
33651
1907
1908
33668
8933
8938
33680
1910
9037
33849
1911
33709
1912
9039
18153
33818
1914
9055
33906
9068
33837
1918
9016
34179
5818
9276
17345
34302
9044
9303
17520
34206
9022
9072
1921
9052
9054
33904
1923
9054
33968
1922
33890
1923
33900
35284
9576
33950
35273
35281
1926
9304
33894
9066
17449
1929
9088
9095
1929
1935
9126
1931
1931
9125
34000
33959
1933
1935
9112
1934
9096
8961
8974
9089
9127
1937
1938
9133
34020
34049
1943
9212
1940
1942
34295
34021
34025
34027
1943
1944
34021
1944
1974
9213
34023
9220
1948
1949
1950
1949
9148
34692
1949
1950
34693
9151
34053
34054
1952
1955
1962
1953
9261
1958
8798
1955
9253
34183
9265
1957
1961
9015
1958
1959
1962
8799
1960
9007
8793
8794
1962
34181
34180
34180
34183
34184
34186
1965
34289
34292
1966
9307
9331
34318
34288
34291
34300
1969
1970
17345
1972
34300
1971
9302
1973
9254
1973
1974
9255
9251
34297
8749
34486
34490
34498
34539
34573
34719
34788
34734
34735
34736
34745
34384
34712
34738
34745
1980
34322
34716
9152
9316
9453
15553
15563
15573
9453
9455
15603
34772
34778
34779
1986
15579
34773
1986
9415
9452
9417
1988
9477
35025
1989
35022
1990
35026
33139
34917
35015
35025
35043
9475
35015
35114
1995
9620
35090
9505
35093
35133
1996
9556
9505
9531
1998
1999
35156
9419
9521
9512
35136
2001
9565
34395
9586
35188
9608
15866
15936
35477
2004
2017
15835
2006
9607
35067
35071
35498
35504
2007
2009
2008
32911
2018
2019
32909
35498
2011
9630
35625
35567
35624
35555
35557
35568
2014
2016
2017
2015
2018
2021
35568
35523
35558
2018
15872
2020
2020
8535
32912
2021
32914
8538
9656
9701
33628
33636
33645
33586
33596
33597
2027
8982
9704
33628
2027
8521
8977
33629
2027
9702
9710
9718
8979
35228
35231
35812
35843
2031
9762
9784
2031
35218
35871
35211
9748
9749
35230
35783
2034
2035
2036
2037
2041
9770
9776
2039
9806
2038
35647
2039
9674
9808
2041
2042
9797
9789
35643
9773
35877
2045
9802
35919
2045
2046
2049
2047
9771
9782
9790
2048
35929
9782
36238
9807
9810
2051
2174
10354
2053
36019
2053
2058
10357
2054
2060
9830
35960
35962
35964
2059
2060
2062
2058
2059
35943
2060
35940
35956
9831
2062
2064
35965
9833
35957
2064
2065
35924
9826
9821
9822
2068
36015
36017
2070
9823
9828
2070
2072
2070
2071
35983
2073
35979
2073
36038
36054
35913
35988
35991
2076
14556
36232
2077
14660
35980
36210
2079
2088
2094
9857
2089
2093
9868
9897
36348
36349
36403
2082
13853
36534
36565
2084
36466
36467
36474
36500
36562
2086
2091
2086
9934
36565
36575
2088
9851
36458
36604
2089
36588
9880
9989
2091
9953
10002
36473
36576
36637
36663
36684
9993
36316
36780
36779
36780
36781
10038
10040
36731
36782
2097
2109
8472
2098
8479
2100
10066
2101
8478
10055
2101
2102
10056
10050
10068
2107
10129
10135
10061
10062
10083
2106
2107
10061
2108
10091
36721
10021
36723
2110
10063
8473
10095
36860
33529
33602
33693
36835
36837
36916
36945
2114
2120
10194
10158
37100
2117
9905
37033
2117
2118
2119
37038
10161
10162
2120
9920
9919
10159
2123
2125
10287
10376
10393
37572
40159
10284
37569
8865
33530
33572
10170
10182
10178
10181
10182
2132
2146
37475
2130
2132
10276
2131
10233
10240
10236
37329
10235
10236
10239
27284
27310
40531
2135
2143
27266
10269
27285
2137
2138
2140
2144
2146
10227
10234
2140
2142
2143
2145
2145
10230
10234
2144
10268
2147
10270
37486
2147
10227
37476
27277
37428
2151
10290
37509
37501
37503
37508
2151
2152
37508
2153
7184
40451
2156
27296
27169
27226
37511
40336
2157
27172
27304
40577
10266
10292
27227
27293
27300
27284
27285
2160
10306
27105
2161
37638
2162
7161
7132
10313
2164
10310
10325
7134
38038
2167
10345
37687
2167
10315
10319
10326
2168
10346
37788
2170
2173
10506
10348
12375
36034
2172
2173
36027
2174
37708
10341
36020
37714
2176
2177
2179
2184
37662
10381
40158
10169
10376
10388
40156
2180
37533
37564
37573
2182
2183
37657
37742
37768
2184
37729
10371
37663
10443
10462
36386
37905
10330
10574
10580
38047
2188
10576
10594
38113
10431
10604
38177
10619
26450
38306
38329
2210
2211
10643
2192
2193
10653
2197
2211
2194
10634
2203
10632
10622
10654
38242
38317
2197
2199
2202
2203
38253
2200
2205
40387
2200
38249
40389
38251
38255
38504
38510
2203
2205
38211
2205
2236
38210
38349
38350
38353
2209
2210
38350
2301
8866
33574
33602
2213
38245
38256
10655
38252
2214
2217
38354
2214
38257
38351
2221
2216
10558
37970
2217
38359
2222
2219
2221
2231
2220
10659
2222
10561
2222
38258
10559
2224
2225
38260
2227
38405
2231
10665
10661
38405
38414
38415
2229
38506
2250
38516
38522
38559
38411
38507
2236
38509
40387
40391
10660
38259
10199
10746
10792
14098
36378
36385
36396
38988
2235
2236
2239
2238
2248
38212
2239
38509
38511
38207
38533
2244
2250
38512
38564
38565
38523
38536
40404
40406
2243
2247
38567
2244
38557
2248
38508
2247
10760
10762
38460
38568
38940
38945
2248
38534
38260
38505
38506
38510
38248
38559
2254
7223
37375
2254
2255
37379
27397
27404
2257
38615
38666
2257
38615
38624
38627
27397
2261
2262
8945
2260
2261
10847
2263
10839
2264
2263
33648
8923
8936
10865
2266
2271
10867
2267
10861
2268
2269
2270
10776
10846
10848
10862
2271
38904
40367
2273
2275
6415
38907
38954
2275
2293
10881
2279
2277
38868
39055
39058
2278
2284
2279
2282
2294
38911
39040
39057
39105
39112
38867
39055
40367
2283
39055
38908
38911
40368
2295
2297
2286
2288
2292
2319
24747
10941
10942
24747
2290
2298
2303
6158
6264
24733
39047
2293
2297
6567
2298
2320
6568
2294
6571
2297
38917
2296
2297
2298
2298
38913
39058
10956
39051
39124
6264
24742
33738
40379
9001
33544
8967
9118
40379
8966
24742
40378
6126
6158
33699
40378
2328
2495
8323
32250
7741
8319
30004
32242
38993
39019
39020
40371
2313
2326
39155
2311
2325
2326
2329
2311
10952
10958
2312
2313
10987
36159
2315
2318
10953
10959
2316
2330
2317
6573
2318
2319
10957
10960
2320
2322
2321
6569
10916
39052
39111
8973
10957
39097
2325
2326
39145
2333
6558
39145
2327
39157
2330
6556
2483
8320
32246
2330
10953
10966
6575
2332
2334
10992
2335
10680
2334
6577
39160
2336
10673
10880
6560
10880
6576
10685
10913
36102
2339
11036
11076
2344
11078
2341
11032
11044
2343
2346
2346
2431
11042
2344
2345
2377
11045
2347
2378
2348
2348
2422
2424
2350
2361
3245
11005
2363
3207
11006
2352
2353
2357
2360
11106
2354
2359
2360
11132
2356
2358
2359
11138
14237
2358
14210
14239
11122
11111
2363
2364
11289
2363
11047
11139
11284
3208
2365
2366
13969
11289
11290
13990
2367
11589
13983
11149
11161
11290
2369
3215
11170
39332
11150
11157
11175
2371
2373
11085
2372
11086
2375
2378
2374
11198
2375
2385
2376
2389
11336
2378
11084
11287
11330
2381
2385
2387
2383
2384
2386
2382
2383
2386
11212
2388
2460
11348
2389
11209
2463
2388
2389
11351
2405
2391
2393
2402
2392
2395
2403
11238
2394
11190
2395
11204
11235
2397
2401
2402
2398
16581
2399
2403
2438
16629
4018
16553
16573
16593
4014
11187
2403
11192
11240
11278
11359
11364
39184
11210
11337
11362
11264
11267
13972
13975
2464
11153
11213
11363
11365
11367
11500
39185
2410
2414
2432
2413
11855
2412
2414
2415
2413
2416
11862
2425
2416
2419
11312
11706
2433
11010
11012
11313
2420
2610
3169
11307
2427
11311
3170
11012
11308
2422
2423
2430
2424
11334
2425
2426
2431
2432
2427
2432
2427
2429
11314
2431
2432
2433
11865
2430
11333
11340
10999
10999
11000
2437
2446
11233
2448
16590
16628
4069
16549
39493
39496
2438
16556
11245
39494
11409
11418
16646
16654
2441
2443
11406
2444
2449
11406
11407
16639
2447
16626
2445
2457
2446
2447
2448
11248
2448
16631
2468
16618
2452
2465
2468
2453
2459
2469
2453
2454
2456
2455
2465
2469
11500
2457
2458
2468
11251
2461
11236
2460
2462
2463
11349
2462
11250
2463
2464
11243
11503
2466
2467
11391
39183
2470
11242
11389
2470
11367
11249
11397
2473
2480
2492
2480
2484
11377
2479
2493
2475
2479
11423
2480
11440
2477
3073
11441
2478
2488
2479
11442
2482
2485
11457
2490
11465
8324
32242
32249
2492
11374
11462
2489
2493
2487
3072
3077
2489
2490
2489
2493
3076
2491
3078
13431
2493
11469
11474
11479
11489
11568
8324
32247
2529
11479
11480
11483
11476
11484
11498
11565
2500
11521
11483
11560
2509
11483
2526
11531
11533
11473
11520
2504
39194
11454
11475
11484
2507
11471
11480
11474
11552
39195
39196
2508
2512
2531
11468
2511
2526
2529
2528
11492
11509
11804
2512
2514
2529
2531
2514
2517
2525
2515
2516
2519
2521
11368
2518
2520
2521
2522
2531
11369
2522
2523
11354
11315
2525
11316
11700
2531
2532
11361
11510
2526
11531
2527
2528
11309
11794
2529
2532
2645
2703
31548
31811
11328
11508
2535
11666
11733
11664
11736
12128
2547
11665
2541
2565
11590
2538
2541
2542
2540
2567
11583
11590
11632
2543
2547
2546
2544
2546
2544
2545
11524
11534
11538
2547
2605
11734
11563
11585
2568
2549
11532
11543
11795
11533
11567
11807
2551
2847
11630
2561
2572
2572
2581
11630
11650
2554
24363
24399
2555
2560
2556
2561
2580
24372
2561
2572
2580
11636
2559
2828
2852
2560
24390
2853
2850
2564
2565
2566
2566
2583
11656
2582
11603
2567
11626
2567
2568
11642
11668
2570
2571
2575
2574
2580
2572
2581
2574
2576
2577
11683
2576
2582
2583
11659
11672
2795
31527
31881
2581
2582
11600
11648
11634
11599
2583
11657
2585
2589
11754
2586
2587
11741
11746
2588
11705
2595
11709
2596
2598
2591
2592
2593
2594
2618
11858
2604
11922
2594
2598
2595
2597
2598
2598
2601
2603
11711
11719
11776
2600
2604
11923
2601
2602
2603
2604
2640
11759
11723
11761
11927
11540
11651
11721
2608
11718
11811
12581
2943
11495
11808
12569
2942
11539
11796
2610
11000
11848
11866
2612
2720
2612
11305
11777
11781
11306
11863
11017
11843
2615
2616
11836
11854
11931
2617
11930
11839
11948
11783
11867
11926
2620
2626
11918
2621
11921
2630
2634
2624
11941
11967
2624
2625
2627
2626
2629
2630
2630
11953
2628
11969
2629
11978
2637
2644
2632
2633
2639
2640
2642
11925
2634
2635
2642
2644
2636
2638
2637
12102
2644
12036
2661
12094
2640
2658
2660
2643
11764
11766
12047
2643
11932
11933
12045
12029
2673
31553
31815
2647
2648
2651
6181
2653
11678
2650
23927
23928
2652
12104
2652
2653
6186
12092
2656
2657
12125
2657
2659
12090
11771
12141
11760
2659
2660
2661
2661
11763
11770
12095
2665
2668
12022
12299
12019
12021
22883
39201
2667
12155
12181
13141
2672
12167
12177
12019
12180
39203
39211
11688
12165
39204
12052
12057
12058
12196
12198
12206
12211
12437
12448
12595
12605
11793
12274
12432
12439
12046
12300
12432
2724
31854
31872
23688
23701
23735
23740
2677
2678
12381
2677
12319
12392
2680
2679
2688
2691
12359
12313
12357
2682
2683
11942
11950
2684
12542
12595
12048
12309
12607
2685
11889
12425
11943
12419
12467
2687
2693
12471
2688
2690
2691
12394
12457
12460
12471
2702
12395
12360
12472
2693
2700
2710
2694
2702
2716
12470
39226
2699
2754
2698
12812
2698
2701
2704
12859
2700
2752
2701
2702
12391
2724
2780
31554
2705
12391
12931
12390
12428
39272
12399
12422
12596
39233
2708
2711
3255
2713
3262
2755
12502
39240
2712
2716
12503
2712
3260
2714
2714
2715
12479
12481
12488
12474
12508
2731
12447
12541
12602
2719
2720
3172
11846
11822
11845
12532
3173
11825
2723
11786
12599
12626
11826
12557
12658
13944
2729
12627
12659
2795
31857
12445
12825
12831
39255
2727
2728
12646
12517
12643
39268
2759
12633
12452
12630
12660
3151
13966
14295
39311
12447
12452
13950
12447
12603
14286
14291
2734
12742
13266
2735
13286
2747
2748
2738
12886
12900
2738
12783
12795
12708
12734
12736
13830
2743
2746
12727
2742
12718
12768
2744
3142
2744
12733
12736
12718
12720
12725
12782
2748
12717
12732
12742
12744
12724
12744
2750
2751
12802
12818
2758
3272
12798
12809
3276
12503
12520
2754
2756
12802
12520
12814
12502
12513
14275
3272
12505
12520
12765
12810
14287
39260
12818
14378
14387
12452
12517
12827
2762
12874
12898
2762
5967
12959
2769
2773
12988
13029
39277
2767
12953
13015
39279
2768
12961
13015
2767
12890
12896
13019
2769
12893
12899
12960
2792
2804
12248
12250
2772
2776
13011
2779
13022
12994
13007
13039
2775
2776
13062
2777
2778
13017
2778
2779
13077
13023
2795
31539
31810
2783
2784
12968
2783
2788
13030
2786
2785
12969
5969
12983
12976
12983
12987
2789
13028
13030
12987
13080
13017
39274
2791
2810
2811
13073
2792
2803
13074
12221
12996
2908
22926
22935
2797
2799
2800
31914
2800
12978
13083
22926
22934
2905
13041
13075
13084
22956
2805
2806
12982
13085
2804
2808
5858
12240
2804
2805
2813
2805
2806
2909
5860
2808
2815
12192
12235
2817
5859
2837
30887
31659
31927
2813
2819
2862
2819
12222
13248
2818
2820
12206
13170
2817
2863
2944
26526
30942
31665
2817
2818
12217
2820
2945
12219
13097
2864
12186
13101
2861
12223
12205
12225
2824
2825
12189
13172
11641
11691
13103
13141
13093
13097
13099
13170
2826
12191
24359
11641
13141
13172
2829
22881
23840
2828
2836
22828
2854
22832
2855
22740
22843
2859
2865
2871
2832
2833
2834
2839
2865
22735
22736
2835
2842
2836
2857
22734
22824
2858
2924
30984
2839
2843
2882
2842
2870
2841
2842
2843
2845
2852
2857
2848
2845
2848
2849
2846
2847
2853
2849
2850
2879
11611
13091
2851
2853
2856
11637
13104
2853
2854
2856
2857
2856
2868
13095
22842
2867
23751
30831
31773
2866
2900
2884
2896
13048
2862
2881
2893
2863
13052
2864
13053
13106
22743
2866
2885
2903
22730
2868
2883
22746
13096
22745
2871
2874
2884
2882
2883
2885
2884
2885
2873
2874
2886
2880
2894
2875
2876
2882
2877
2880
2878
2879
2880
13133
2882
13105
2897
13098
13102
2885
13107
2898
2890
2894
2898
2891
2892
13123
2889
2892
13253
13116
13123
13261
2891
13112
2896
13057
2897
13055
13249
13120
13134
2897
13130
13131
13134
2898
13049
2898
2902
13040
13056
13058
13040
13048
13056
2902
2906
22726
2907
13056
22738
22747
2907
22920
22938
2909
13042
22935
22737
22922
13058
22920
22923
5861
13059
2911
2913
2935
2916
13218
2913
2915
3026
2927
2922
2928
3021
2967
2968
2934
2935
13152
2918
2922
3027
2920
2938
2920
3005
11573
11594
2941
3006
11561
11571
2937
3022
2926
2933
2935
2944
30893
31635
2927
2928
2929
2929
2930
2928
2935
2937
2931
2933
2936
2932
2938
2936
11597
2934
13111
13137
13128
2938
13149
11576
2941
11591
13151
13166
2941
2943
11490
11545
13154
2943
11548
12588
12571
31669
31781
2946
2947
12224
2950
12201
12634
2948
2950
13139
13130
13254
13255
13124
13125
13255
13261
2957
13140
2954
2958
12696
13256
12649
12654
12656
12743
2954
12651
12693
13211
2960
13238
2956
2957
12575
12620
2958
2959
12635
2958
13162
2960
2961
12568
12645
2961
13159
12652
13185
2966
13230
13240
13241
2964
2966
13240
2965
13335
2991
13469
2967
2968
13241
13473
13474
2971
2974
13318
2971
13635
13789
2972
2973
13638
13308
13313
13316
13779
2987
13612
13636
13615
13618
39302
3036
39291
39294
2985
13612
39300
2980
2992
13306
2981
13479
2983
2984
13312
13313
13322
2987
13322
13490
13492
13613
13494
13621
2987
13319
13320
13641
13613
3126
26866
30675
30882
2990
2992
13352
2991
13478
13336
13475
13323
39296
3041
3043
13467
2995
3005
3025
3000
3003
2998
3004
3015
2998
3000
3030
2999
3001
3002
3002
3004
11486
11481
3005
3006
11557
11478
3031
3007
11496
3029
13150
13399
3057
3063
13432
39289
3012
3064
13543
13433
13518
39288
3012
3032
13460
3013
3014
3023
3015
13530
3033
13416
3017
3026
13483
3018
3021
3019
3032
3020
3024
3025
3027
3022
3026
3027
3028
3024
3032
3033
3030
3030
3031
13463
3031
3029
13147
13484
3031
13413
3033
13481
13417
3063
3075
13518
13541
13544
39290
13488
39293
39295
13377
13507
13520
13613
13493
13512
39300
13385
13500
39293
3065
13384
13464
39288
13465
39294
13495
13505
13511
13615
13462
13465
39298
13503
13608
13617
13618
3046
13584
13588
13608
3048
13503
3048
3050
13501
13514
13584
3050
4593
13595
3051
3052
3053
3054
4591
3055
13515
3055
3087
3085
3057
13517
39289
3058
3059
3062
3069
13509
3062
3063
3080
3064
13382
13460
13526
3079
13457
3066
13543
13382
13466
13477
13419
13526
3072
3074
3080
3069
3070
11445
3079
13534
3071
3079
3073
3077
3077
3078
3076
11443
3075
3078
3080
13439
3077
11378
13441
3080
3082
3083
3087
3084
11426
4594
17462
11422
17467
3086
3087
11437
11447
13516
13553
4592
3092
11383
13560
3091
3094
11385
11438
4547
11382
11396
13563
4549
11448
13555
3093
3094
3188
3187
13549
13559
13537
13557
3096
13605
17368
13616
13657
3101
3102
3134
3099
3103
3105
3102
3109
3101
3123
3135
3103
13649
13708
3107
3108
3109
3106
3109
14728
3107
14741
14745
13653
17384
13669
11879
13682
13688
14731
13703
13705
14724
14751
14768
14783
39377
39380
3114
3115
3116
14485
39379
3118
14762
3117
14457
14479
14485
14486
13707
14448
3120
3201
13711
14464
11980
14732
14795
13698
13714
13730
3123
3129
13713
3137
13709
3128
3131
13783
3129
13722
13723
27464
30869
30874
3128
13719
13781
13723
13731
13732
3132
3133
13628
3132
3138
3158
3135
3134
13671
3135
13650
3137
3137
13677
13712
13765
3138
13732
13760
3143
3144
12751
3141
3143
3145
3145
13836
13837
3144
12771
13843
3286
13846
13809
3147
12740
13355
13327
13832
3149
12649
12747
13298
13848
13861
39312
3287
12683
12770
39262
3166
13952
13965
12661
12663
12668
13880
3154
3288
12681
13812
3156
3163
3164
13724
13799
13800
13801
13793
13813
13901
13793
13814
13878
39316
3161
13629
13791
13795
13859
13863
13866
3161
13293
13642
13679
13763
39314
13297
13364
13867
14006
3164
12650
13870
3166
3167
3176
13875
13879
13905
3167
14296
13903
13908
3170
3171
11002
11276
3170
3173
3174
11013
3174
11277
39321
3173
3243
12543
12560
11297
12559
3176
13887
14050
14060
13906
13931
13909
13927
13953
39318
3193
13565
13981
14088
39328
39329
39333
14029
16519
39333
3212
3215
11787
39180
11272
13565
14021
14045
3341
13689
13691
14602
11832
13757
13758
14734
13690
13755
14113
14115
3277
27575
30873
30947
3192
13578
14027
3189
3191
3192
3196
3197
13538
3191
3194
3197
13437
3193
3198
14024
13984
14018
3195
13995
14004
3197
13386
14055
3198
13496
14066
13525
13576
14062
14050
14058
14060
14067
3201
13715
13745
13761
13759
14139
11269
13968
14077
14082
3206
13889
13979
14060
3205
3206
13982
13987
3206
14019
14020
14067
3208
3235
3239
11114
11160
3210
3238
11133
11137
11112
11114
11256
3214
14104
14122
14150
11258
14086
39180
13974
13983
39338
39343
3218
11118
14084
14076
39332
11116
14128
14130
39327
3232
14132
14801
3219
11787
39328
11743
14104
39338
3221
14168
14182
3222
14193
3223
14225
14173
14231
3225
3230
14196
3231
14191
3228
3231
14413
3231
3232
14454
3230
14408
3230
14175
14195
14133
14462
3236
14125
14333
3235
3237
3246
11059
3238
3239
3237
14302
3238
11062
14121
13886
13892
13899
13910
14106
39323
3246
3250
11007
11024
3247
11007
11008
11027
11008
11015
12544
13888
13898
14310
39325
13886
13899
39322
13891
14303
3249
3250
14268
13959
13960
13962
14313
12509
12544
13962
14266
14304
3253
3255
39239
3253
14252
14281
3256
3272
12504
12518
14389
3262
39237
3258
14267
11872
11883
11887
12548
3262
12526
12512
12519
12520
39241
3276
12503
39237
12537
13946
39247
39254
14258
3264
14351
14393
3265
13748
13818
14373
13727
13817
13818
14430
13728
13747
13904
14350
13802
14432
39345
39348
3278
27254
27575
30415
3274
3275
14376
3273
3274
14380
3279
12502
12518
14276
14279
14375
39243
3278
3321
30879
30798
30950
12505
12518
3281
3282
12760
3286
13798
3283
3285
13819
14382
3285
14386
12766
12775
13810
3288
3289
12772
3289
13820
14289
14299
3491
3495
15165
3292
3296
15170
3293
3495
3295
14493
3295
14512
14495
14509
3298
14522
3298
3349
15161
14524
15173
3300
3301
14574
14491
14536
3302
14575
3303
14540
3322
14541
14499
14505
14525
39367
14500
14501
14550
14551
14501
14514
14553
39366
14541
14545
14546
3309
3310
3315
3329
14546
3311
3929
3317
3923
3313
14204
14560
3315
14206
3316
14207
14213
3317
14547
3317
14206
14208
3930
3319
14611
14652
3320
3910
39336
14119
14127
39335
30871
30883
30950
3323
14563
14587
3324
15080
3325
15081
3326
3329
3921
3947
11434
14630
39362
39365
14552
14568
39361
39364
3934
14558
3331
3430
14634
14667
4532
14623
14691
11260
11273
13562
13566
4543
14668
14681
14957
3335
14607
14679
14039
14673
16516
3337
3341
3343
14601
14530
14733
14791
3339
3340
3366
14770
3342
3351
14887
3342
14692
14704
14702
14723
3343
14628
14519
14617
3346
3347
3395
3346
3348
14776
3379
3348
3349
14775
3392
14527
3351
3394
14529
14876
14531
14771
3356
3357
14742
4496
17389
39602
3357
3358
17375
4498
17390
39603
3359
14760
14750
3359
3360
3377
3378
17391
3363
14703
14765
39602
4489
14750
17362
17375
14835
17327
17396
4489
14745
17364
17387
14713
14765
14770
14782
3443
14693
14836
3368
3417
14852
3369
3418
3370
14850
3422
14814
3373
3374
14759
3374
3382
3388
3379
3380
3376
3376
3377
14843
14856
14781
14839
14834
14835
14839
3397
14777
3381
3382
3398
3382
3383
3388
3384
3389
3385
3386
3387
14927
3399
14913
3388
14870
14866
3390
3398
3405
3391
3395
3393
3406
3394
3395
15176
15168
15175
3396
14885
3397
3397
14772
14825
3398
14819
3401
3405
14928
3401
3402
14915
3406
15150
15205
3410
14831
14889
39388
14902
15199
15203
15210
3406
39385
15179
14821
14823
14825
14885
3409
3411
3424
3425
14920
3427
14829
3421
3540
3541
15326
15331
39577
3414
3416
17301
3419
17302
15322
15331
17304
17307
3418
17317
3418
3419
3423
3422
3425
3423
3428
14826
17285
15328
17299
17314
17289
17316
3425
14853
3425
17299
17300
3427
14907
15806
3428
3543
3429
15308
3542
15316
15328
14639
14695
14961
3444
3447
3449
14696
3433
3449
14950
39398
4525
4528
14697
4321
14941
15791
17246
3442
4125
39400
39401
14939
14944
17240
17246
3438
4005
14933
15834
14938
14992
15836
3440
14948
14952
17266
3441
3968
3442
4004
14975
14948
14991
3446
3447
14891
3446
3450
14809
3489
3818
30647
30665
14818
14877
14640
14694
3449
14644
14949
14985
3450
14934
14999
3696
14904
15011
39406
3453
3454
15003
15007
3454
14591
14594
3466
3476
3969
14952
14996
16355
3460
3474
15001
15004
15027
15052
15062
15111
3459
15033
15059
3959
15048
3475
15016
15851
3462
14572
15096
3463
3478
3464
3472
14578
15054
3466
3467
14582
3467
3479
3483
15098
3471
3473
39410
15910
15911
15918
3471
3478
15103
15120
3473
3478
15066
15053
3475
3476
15097
3477
39412
3477
3479
15061
16312
15102
15065
15099
14897
14899
14911
39389
3482
3486
14880
15000
3485
15008
15100
3486
14881
15094
14818
14820
14828
14889
14911
15155
39387
14892
14990
3488
15130
15165
3490
15090
3706
30666
30681
3491
3492
3493
3493
15093
3496
3496
14500
15105
15184
3496
15172
14504
3498
3511
15127
3499
15114
3500
15115
3501
3736
3512
3519
3697
15122
15919
39413
3521
15204
39415
3506
3515
3526
3506
15239
15246
3507
3522
15204
3734
15220
15307
39413
3692
14910
15296
15810
3511
3512
3513
3512
3514
3519
3522
15193
3517
15139
15200
3519
3522
15306
3517
14903
15203
15294
15140
15295
15289
15293
15296
15880
15220
3571
3651
30673
3546
3547
39416
3531
15523
15524
39432
3525
3527
3529
3526
3528
15217
15247
15531
15533
15940
15946
15947
15235
15250
3538
3545
3548
3550
15204
15258
15266
3538
14923
14932
15212
3535
3536
14923
3536
3540
3554
3537
3556
3540
3538
15269
3543
14905
15210
15286
3541
3542
14921
3543
3555
14931
3546
15228
15256
15209
15212
15274
3549
3549
15204
15266
15188
15268
15232
15252
15268
15269
39417
3552
3553
15330
3556
15275
3554
15337
3555
3556
15291
15300
15264
3558
3602
15345
3559
4393
3560
4417
4401
4419
3563
3564
15281
15378
3563
3680
3689
15743
15284
15745
3577
15303
15334
3594
4386
4411
4426
3568
3573
3574
3568
3569
15361
15233
15245
15352
15332
15335
15360
15370
3669
30622
30670
15260
15261
15369
39422
15349
15362
15277
15278
3577
15253
15276
15282
15340
15342
15350
15364
15383
39419
3579
3591
3618
15511
3580
15679
15692
3581
3582
3591
3583
3592
15385
15419
15472
34882
3599
15387
15422
3686
15685
15697
15698
3586
3587
15481
3589
15407
3589
3590
3590
3593
15496
3599
3592
3593
15494
3593
15371
15508
3684
4388
15375
3597
3598
15353
3597
15348
15421
15420
3599
15366
15408
15348
15357
15367
15424
3602
3605
15367
4403
15368
3604
3606
15405
3610
3611
3606
15409
3607
3608
4405
3609
3611
3611
4406
15398
15416
15432
15448
15454
17071
39565
3614
4332
15401
15685
4344
15695
39560
3617
9445
34835
34826
34827
34836
34852
15487
15564
3619
9465
15491
9466
15507
15565
3622
15602
15603
3622
9449
15541
15603
3625
3625
15597
15673
9454
15562
15598
34661
15672
3643
15600
15626
16285
3638
3662
15708
15712
3630
15618
15709
16295
3636
16169
16290
15616
15869
15870
15652
15987
15991
15996
3633
3895
15645
3634
3637
3635
15652
3636
3637
15993
16291
3892
3639
3644
16296
3640
9154
9163
3641
3644
3652
3642
9156
15578
3643
15580
16273
3644
16302
3648
3648
3652
15586
15691
15689
15710
15715
15722
3648
3649
15619
15621
3649
15699
15701
15509
15587
15690
34656
30659
30669
9396
15581
3654
4334
15693
15696
3655
15680
15686
3656
4340
9398
8658
15686
17046
3658
4338
16763
34624
3660
3665
16218
3662
3663
9165
16215
3661
3663
34625
3662
3664
9399
9164
16219
16230
3668
15693
15711
3668
4342
16216
3667
3671
3676
15714
16205
4334
15713
30618
30652
30659
3677
3685
3686
4332
3676
3678
3682
3673
3677
4333
4387
3674
3675
4339
3676
4343
39554
3676
3677
15749
3681
4335
15700
3682
3687
3688
15719
3683
3687
15379
3682
15698
15718
3686
3684
3685
15744
3685
15390
3686
3689
15716
3690
15778
3690
3691
15742
15831
15809
15833
15886
15281
15289
15302
15009
15824
15836
15845
3699
3701
14972
15013
14900
14997
15002
15011
15008
15010
15119
3698
15012
39414
3699
3724
15848
14908
15850
3702
3703
3704
15837
3705
3725
14967
3703
3768
3769
4006
14973
3705
3722
15832
3726
15824
3818
30667
30705
3708
3720
15969
3709
15034
3721
15037
3719
3761
15042
3714
15971
15997
3713
3720
15967
3714
3717
3715
3716
15862
3718
3764
3718
3721
3719
3721
3760
3721
15975
3726
3797
15739
3724
3726
15299
15882
3725
3729
3726
3728
3728
3759
3766
15849
3729
3763
15856
15890
3732
3733
15907
3732
3736
15941
3735
15932
15961
3736
15923
15945
3736
15108
15903
3740
3745
3746
3741
3743
16034
3741
3745
16016
16019
3741
3747
3743
3747
3748
3744
3748
16040
3767
3747
3971
16078
16373
16016
16024
16034
16050
16024
16037
16048
16049
3754
3757
16026
3754
3755
3817
3754
3758
3814
3756
3786
3757
3781
16026
16168
3766
14968
15020
3761
3762
3764
3767
15021
3766
15864
15973
3765
3766
15859
15863
16023
15859
15864
15876
16027
16083
3769
15757
16095
3770
3799
3771
3798
14979
3790
16096
39476
3773
3774
3776
3775
3778
4295
16055
4245
4247
3777
3779
16053
16058
3779
4260
3783
3782
3784
3786
3786
16037
16048
3783
3785
3787
16066
16043
16067
3809
3810
3820
3810
3794
4259
16063
3792
3793
3794
16068
3794
16124
16125
16129
3791
3800
16031
3792
3793
16103
15761
16115
16029
16064
3796
3796
3819
16030
16172
3820
16125
3799
15731
15867
3799
3800
15860
15758
15762
16028
3803
3804
3863
3805
3811
3860
3806
3862
3808
3829
3806
3813
3807
3808
3817
3809
3827
3817
3819
3812
3813
3816
3861
16293
3814
3815
3817
3816
3819
16171
16127
16177
30652
30694
3820
16130
3823
3825
3850
3824
4211
4213
3824
3828
3844
3826
3829
3827
3828
3829
16131
4257
16186
3836
3837
3879
16225
3835
15760
15763
16176
3833
3836
15704
16220
3834
15705
15754
15706
16207
16221
3836
16134
16164
3874
16137
16226
16229
3839
3842
34079
3840
3851
3841
9183
39459
39462
3847
16233
3845
3847
3849
3845
3850
4232
3846
3848
3851
3851
34082
4223
4226
3850
16194
16187
8864
3853
3857
3855
3860
3856
3857
3867
3871
3858
3866
3862
3863
16184
4031
4158
29971
32066
3861
3862
3880
16196
3863
16197
10961
16234
16247
16749
3866
16235
34081
3867
39467
3870
9142
16191
16229
16244
16248
8864
16192
34082
39444
3872
9139
3872
3876
3881
9140
16246
3878
3879
3882
9158
3879
16286
16287
3879
3880
3883
16185
3877
3881
16260
3882
9172
16259
9160
16261
16303
3881
16304
3883
3883
9159
16749
4052
7833
22530
31919
15638
15639
15644
3887
3889
15644
3890
3895
3890
3893
16263
3893
3891
3892
16265
3895
16292
16254
15655
15667
16264
15654
3897
3898
3939
3899
3927
3901
3902
3901
4024
3902
3949
4039
3905
3903
3904
4035
3905
4017
4019
3911
3912
14658
39356
3908
3910
11173
39331
3913
11115
11169
3910
3911
3913
39353
14653
3931
39357
3935
3953
11519
3933
11120
3916
3917
3941
3917
3925
3927
3918
3920
3919
3923
3924
3924
3925
3922
3944
3922
3934
3948
3929
3929
3930
3932
3926
3928
3933
11177
3928
3950
3951
4007
3934
3931
3932
3933
3935
3933
14208
3935
3954
3939
3940
3945
16328
16336
16368
39470
3942
3944
16324
3949
3950
3941
16333
3944
3950
3943
3946
3947
16337
3948
3949
16326
3967
16324
3948
15082
3955
3956
3952
3952
3954
16598
3955
3956
3954
14595
14659
3955
14593
16338
16600
3960
3966
16315
16334
16336
16342
3963
3966
15060
3961
3963
3964
16320
3963
3965
15067
3965
16334
15076
15041
16319
16334
39469
3969
3973
14981
14978
16356
3971
15015
16321
14969
15023
14970
16080
16107
39474
16361
16382
16482
16317
16323
16379
16385
3998
16387
16418
16478
3977
3984
4043
3980
4526
30404
31919
31969
3980
3981
16389
4029
3982
3983
4038
16400
16377
16403
16390
4042
16364
16388
16406
3988
3989
16441
3989
3990
3991
16070
16442
16061
16074
16391
16384
16432
3993
3996
15790
16710
16711
17248
17260
4003
4004
4005
39402
3999
4000
4003
4126
4001
4003
16105
15014
16382
16386
39475
3999
4000
16080
4004
16477
16449
16459
4002
15792
16094
4005
4006
15828
17239
14982
14974
14983
16106
4025
11171
16604
14656
16522
16602
16614
16523
16664
17434
4011
4012
11194
4023
11104
4013
4027
4014
4020
4022
11193
4017
4018
16593
4068
16509
16577
4019
16599
4020
4024
4027
4022
4027
16578
16608
16666
39502
16553
16555
4024
4026
4027
4025
4026
16606
11179
16558
4030
4039
4040
4032
4038
4043
4033
29964
30427
32090
4033
4037
4034
4035
4036
4039
16611
4047
16609
4038
4055
16409
16610
4041
16325
4042
16354
16597
4043
16407
16583
16585
16593
16599
4048
4049
4051
4047
4053
4055
4055
16595
4068
16413
4050
16396
4068
39513
4053
16401
4158
30428
32084
16571
10845
16495
16508
39490
16411
4057
4058
4062
4059
16638
4080
4120
4060
16587
4061
4063
4064
16577
4063
4113
4064
4119
4129
4071
16590
16628
16635
16502
16584
39495
39503
16489
16509
16584
39498
16508
16581
16629
39495
10876
16483
16552
39507
16659
39488
39499
4075
16619
16652
4075
4076
4077
4077
4078
16619
16637
4081
4079
4091
4079
4080
16634
16638
4080
16670
4085
4091
4092
4086
4103
17479
4084
4086
17480
4085
4089
4087
4088
4088
4104
4099
4092
11416
17470
4091
4092
16663
16675
4102
11420
4094
4097
4100
4101
4109
4097
4102
4117
4098
4438
4439
4104
4099
4100
4103
4104
17222
4121
4160
17223
4104
16682
4439
4563
4106
4107
4110
4108
4111
4112
4114
4109
4115
4117
4121
4111
4146
4118
4113
4130
4119
4120
4115
4120
4117
4127
4146
17280
39515
16684
4121
4144
4173
4139
4143
16681
16688
4124
16500
39390
39393
4126
16423
16451
16470
14956
16486
16498
14955
14964
39391
17244
39392
10666
17279
17280
4131
4138
16415
4131
4138
4139
4133
4139
4146
4134
4135
16415
16434
16443
4134
4140
4135
4142
16415
16439
16443
10511
10565
16479
16680
39506
39515
4141
4146
4142
17279
16434
16681
17281
39515
16689
17272
17280
16494
16500
16552
16594
10578
10666
10945
39511
16425
16679
17279
39511
4150
16702
16713
16860
4156
4172
4152
16838
4153
4154
4155
4169
4176
4156
16856
16835
4285
16703
16705
17270
30467
31951
4160
4164
4170
4173
17230
4285
16701
16709
4282
16679
16703
16704
4286
16701
16849
16860
4165
4171
4173
39516
4167
4176
17215
4168
4170
4169
4171
4172
4176
17221
4172
16713
39520
4456
4457
4458
16709
4282
4283
16716
39521
4451
4185
8844
16728
4179
4374
4375
8683
4180
4182
4181
4184
4185
8683
4188
16730
16730
16731
16738
4185
16732
4188
4371
16733
29120
29247
30470
30696
4375
4190
4192
4201
4204
16741
4195
4207
4234
4193
16723
4194
4195
4217
16735
4199
16792
16796
16805
4202
4270
16793
4199
4200
4202
4201
4208
4201
16805
4204
4203
4215
4248
4239
16800
4214
4228
4240
16146
4207
4212
4215
4208
4238
4214
4215
4210
4212
4264
4211
4255
4213
4258
4237
4227
4236
4262
16750
4263
4217
4219
39446
4234
16754
4220
4223
4236
4221
4234
4221
4237
4222
4230
16231
39446
4226
4232
4225
4231
8859
39460
4231
16753
4230
16237
4229
4232
4236
16750
16777
16783
16132
16190
39449
16237
16757
8850
39458
4233
16187
16190
16746
4238
16754
16769
16777
39447
4237
4238
16224
4240
16790
16801
16791
16807
4243
4245
4291
4267
4272
16828
4244
4292
4251
4272
4247
4296
4266
4299
16062
16118
4261
4265
4252
4263
4274
4250
4251
4253
4254
4265
4265
4275
4253
4269
4264
4255
4256
4258
4264
4257
4260
4258
16140
16133
4260
4266
16124
4261
4265
4266
4263
16139
16154
4264
16151
4268
4269
4270
16818
4274
4275
4274
16806
16157
16858
16906
39526
4275
4293
4301
4311
30444
33235
16155
16152
4277
4279
4283
4278
4287
4281
16829
4280
4284
4281
4302
4303
39519
4284
16440
16704
16712
16701
16706
16851
16716
16832
4294
16826
16828
16829
4290
4302
16435
4291
4295
4292
4296
4293
4303
4294
16120
4297
4303
4296
16056
4299
4300
16121
16464
4299
16109
16118
16120
16072
16700
16826
16863
4311
29962
30460
4303
16445
4305
4452
17133
4306
4307
16868
16885
4308
4446
4309
16872
4310
4453
16878
16886
4382
33374
4314
4315
4318
4409
16879
16923
16925
16888
17132
17139
39585
4470
4473
17107
39580
4465
16890
17160
39587
4319
17112
17130
16864
16865
39543
4459
15314
15796
4323
16917
16932
16991
4324
4331
4325
4327
4353
4354
4327
4330
4352
4328
4329
4331
4330
16964
4372
16917
4333
4389
4344
4390
4335
4342
4343
15696
16148
16898
17009
39549
17011
17024
39559
39563
4340
4342
16148
16902
39550
39554
17035
34620
16898
16970
16974
39551
16909
4344
39553
39563
4346
4348
4366
4347
4350
4350
16989
4353
16977
4351
4354
4364
4367
17030
4352
4377
4354
4376
4354
16994
4356
4357
4358
4359
4362
8666
17031
4365
8666
4360
4366
4364
4365
4362
17036
17041
17031
17049
4365
4379
8681
4366
4378
4367
17049
17050
4369
4377
4379
4370
4374
4372
4375
4375
8674
17019
4376
17013
4382
30032
30430
30436
8679
4377
17016
4378
4379
17018
8684
4381
4383
16978
17086
29594
33428
4384
4385
4395
4399
4413
4388
4402
4412
4390
4414
16987
4389
4407
4390
4404
16993
4392
4393
4405
4396
4397
4401
4403
4395
4397
17084
4399
17096
4400
17091
4398
4399
4401
4402
4406
17070
4402
4407
4405
15399
4407
15404
17094
4406
15453
15403
4409
4410
15794
15801
17120
4413
4414
16922
4412
4427
15752
4413
4414
17122
15750
4421
4422
15326
4417
4418
4425
4419
4425
4420
15321
4423
4426
4421
4423
17116
15325
17124
17114
4428
15318
15338
17128
15355
15358
4427
15360
4428
17123
15335
15751
4430
4434
4435
4435
17208
4432
4556
17189
4434
4570
4434
4571
17210
17189
4438
4439
4564
4574
29130
30418
30433
32529
17220
17229
4441
4442
17156
4443
17136
4443
4444
17226
4445
4452
4447
17236
4447
4452
4453
4448
4449
4453
4451
4458
4451
4457
4458
17237
17216
17148
4460
4455
4456
16894
4459
15777
16893
16708
17243
17238
4460
17259
17287
16873
17158
4462
4530
17166
17235
17165
17225
17275
14814
17293
39595
4529
17249
17253
17258
17151
17160
39582
4578
30375
30449
30753
4474
4477
17127
4475
17129
17160
17313
17108
17126
39579
4471
4472
17303
4476
17320
17125
17303
17313
17125
17312
17313
15311
15317
17160
17294
17125
39579
4484
4485
39596
4480
4482
4519
4481
4510
4486
14808
4483
4485
4484
17192
17193
4486
39595
4505
4508
14808
17293
4493
4495
4513
14744
17388
17365
17387
17388
17390
17347
17348
17355
4493
4515
17357
4498
4496
17364
17386
17387
4503
17363
17372
17373
17356
17389
17413
17363
17395
4509
4511
39591
39597
4501
4502
14873
4502
4506
4503
4513
17331
4507
4510
4521
4506
17293
4507
4513
4510
14808
39601
17157
17333
39594
4523
17163
39600
39611
14814
14864
17286
17293
4520
4515
4516
4521
4520
17358
4517
17359
4518
4519
4583
17196
4523
17180
4521
17335
4523
4523
17194
17329
39601
4525
14682
14699
14959
4527
14960
30753
32084
32535
4528
4531
17268
4529
17249
14811
17203
4545
4573
17190
4546
14683
39609
4533
4537
14700
4537
14600
14712
14035
14710
17405
17407
4536
14680
17421
17495
14685
14707
17399
14676
14677
4542
14688
17477
17491
4540
16676
17472
17474
4541
4568
16683
4542
4569
16686
4545
4575
14689
16479
16680
4545
4546
17264
17276
4546
14684
4549
4550
13569
4549
4550
11419
39614
13556
16646
17444
4553
4586
17489
17502
4553
4554
4560
4589
4555
17481
4565
17482
17176
17187
17200
4558
4576
17179
4559
4560
4561
4570
4565
4584
4565
4566
4565
4567
17464
17482
4564
4568
17464
4569
4574
4571
4574
17473
17497
17504
4569
17473
4575
4571
17200
4572
4573
4574
17211
4575
17198
17499
4577
4584
17201
4581
17501
4685
30437
32084
4582
4583
17351
4581
17354
17509
4582
17202
17183
17360
17489
17498
4587
17488
17507
17488
17501
4588
4593
4590
4591
4590
17475
17502
4594
4592
4593
4594
13554
13600
17475
4597
4599
17576
4599
4602
17581
4598
4611
4600
4605
4603
4603
4604
17543
17567
17580
17611
39618
39619
4605
17599
17627
4613
4608
18772
18776
18783
4608
4609
4610
4615
17573
18620
4611
4612
4613
17582
4613
4615
4616
4616
4622
18782
39623
18776
17578
17634
4618
4621
17624
17630
4621
5744
5745
5362
21057
21075
40082
5681
21055
21708
22195
17541
17667
4650
5355
18794
17865
18960
40034
40035
18743
18952
21089
40074
17769
17774
17944
17947
17685
17750
17768
39636
4630
4631
39640
17925
17937
17939
17941
4631
4633
17580
17548
17550
17925
17551
17580
4634
17940
17567
17934
4636
17547
17685
4642
17757
4638
17766
20949
4641
4642
4640
4642
17679
4641
5344
20941
17557
17702
17719
17788
17929
17944
4649
17780
17792
4738
17994
39650
4648
17754
17783
17771
17803
17797
17801
17579
17870
39714
17566
17584
17853
17874
4655
17847
18400
4655
4664
5249
17843
4733
4822
5251
18471
4823
5250
4657
17898
18408
4745
17893
4666
4824
4825
17886
4663
17877
17963
4661
4663
17909
17887
17901
4663
17918
17930
4666
4667
17844
4666
17886
17888
18325
4667
4732
18317
4671
4672
17997
4674
5188
5283
17778
17781
18000
4674
17781
4673
18024
4674
5190
4676
18012
20361
4677
18082
4681
18008
4679
18061
18286
4680
39653
4681
18068
18027
18065
4800
18152
18161
4686
4688
4703
4686
4687
4795
30319
30447
32086
4690
4689
4690
4794
18161
4756
4796
4696
4694
18144
18191
4695
4699
18147
4695
4696
18205
4695
18137
4697
4705
4704
4710
4763
4700
4701
18157
4700
4705
18148
4703
18139
39916
39748
39942
39955
39957
4705
18158
4705
18145
18162
18555
19900
39664
39670
4708
4710
4760
18299
4724
4766
18207
18258
18265
18271
18587
4711
18206
18149
18177
18574
18219
18235
18590
39697
4731
30378
32109
32133
4715
4719
39692
4720
18551
4718
4723
4765
18541
18547
18585
39695
4719
4721
4757
4721
4722
4723
10226
18212
18214
18211
18221
18587
18216
18235
18534
4729
4730
18342
4728
18351
39651
18280
39653
18048
18259
18051
18281
4754
31634
32126
4734
4736
4827
4734
4826
18304
4735
5254
4736
5134
18305
18241
18321
4738
4739
5135
18319
17994
18322
5132
18283
18323
4741
4742
18231
4744
17880
18370
18376
18230
18234
18336
4745
17884
17890
18397
4750
39698
39700
4748
4749
4750
4753
18434
4755
18508
4752
4755
18547
18585
39702
4753
18571
39699
18522
30352
32129
32131
18567
39698
4763
4765
4797
4765
4787
18576
18547
39678
39693
18537
18591
39663
39677
4761
4763
4766
4764
18269
18584
4797
18160
18166
18583
4764
18165
18166
4766
18577
18492
18562
18589
39656
18539
18585
39699
4770
4772
18613
4773
4778
4772
19302
19316
5035
4793
18169
18163
18168
39708
39756
4776
4779
4794
4777
4781
4782
4795
4779
18586
18614
18615
4781
4790
18616
4782
4785
4786
4789
4790
4790
4791
18608
4786
4796
4787
4788
4797
4789
4799
39678
4791
4808
29582
29602
4800
18167
18586
4795
18583
4796
4797
18164
18572
39705
39710
18160
18569
18167
39706
4802
4809
18767
4803
4804
18402
18676
17903
18627
4810
18657
18658
18859
4807
4816
18870
4809
4817
29585
29589
30028
4821
18768
18657
18665
18779
4812
4819
18644
4814
18654
29584
29987
30005
30028
4815
4816
4820
18673
4817
18653
4821
18673
4819
4863
4864
4820
18680
18687
39727
4823
4826
18463
4824
18702
4825
17920
4827
18375
4827
4828
18380
18298
18378
18473
18717
18724
18950
18955
18751
21088
39629
40035
18718
18726
18736
40072
17869
18784
39731
39734
4834
4836
4921
4838
18908
4836
19167
19207
4922
4838
4841
4843
4839
4840
19215
4841
19219
4844
4844
4846
18892
4844
18889
18909
4845
4850
18922
19221
4848
4851
6506
4848
4859
18839
18861
4858
18896
4850
4906
19222
24919
4851
18936
4852
24922
4854
4861
18937
4854
4860
6467
21077
5513
24920
4860
17864
18942
21076
4857
18669
18744
18963
4858
18898
18921
4859
4861
18745
18749
4861
18747
18938
4863
18451
18642
4864
18645
18455
18688
4866
4867
4870
5087
5092
19034
19035
19050
4869
4870
4875
5082
18456
4872
4879
18451
18454
18456
4873
4875
19050
4874
18988
4876
4877
4877
4879
18638
18998
18641
4879
18982
19048
19808
18643
19052
19443
19445
4882
5104
19521
4883
4885
4886
19019
4886
5102
19111
19521
19046
19052
19025
18668
18915
18961
19003
5041
5297
28260
4891
4914
18913
4925
19011
19108
4925
19011
19010
19089
19101
19106
19091
19098
39746
4895
4902
4903
4899
4900
4903
19078
20607
5131
28293
37835
4900
4902
21251
4905
19090
4901
4905
4920
19138
21238
4904
21238
21243
21250
4912
19092
4907
19223
24938
4909
18940
19181
4910
5516
21079
21096
4910
5514
18943
18934
21103
4919
19166
4918
4920
4923
4916
4917
4925
4921
4925
4926
4916
19161
19164
4922
4918
19108
4919
4920
19170
19141
4922
4926
19171
19108
39742
19010
19020
19106
19107
18918
18923
4929
4931
5011
4931
4938
4973
4930
4935
4932
4933
4996
4936
5023
4936
4937
4935
4937
4939
4938
5017
19239
4970
4984
19242
4943
19259
19548
4942
4944
5066
4943
5064
19236
4945
19244
5026
5050
5070
4948
19257
19258
19266
4948
4980
19246
4949
19277
19282
19264
19944
20002
20006
4953
4955
4956
4956
4957
4976
5144
4954
4960
4961
4966
4966
19966
19957
4972
4993
4961
4965
4967
4960
4982
4986
4963
4964
4963
4978
19287
4964
19288
4967
19983
19984
4967
4969
4974
4981
4970
4983
4973
4984
4972
4974
4986
4976
4994
4975
4997
4975
4998
4986
19289
4978
4979
4981
4982
19291
4980
4983
19247
19293
4982
4986
4984
19248
4995
19249
19292
20002
4988
4990
4991
5145
39917
8664
39781
39943
39954
4996
5007
4992
4998
4993
5138
4994
5142
4995
4998
4999
19947
4997
5006
4998
4999
5005
19243
19340
39770
39771
19319
19333
20004
39759
19297
19304
19328
19795
5007
5028
19328
8672
19907
19938
39945
5006
19241
19348
5007
5027
39751
5010
5012
5028
5013
5018
19306
5011
5022
5023
5027
19305
19306
19320
5025
19313
5016
5017
19237
5016
5021
5025
5055
5019
5023
19252
5020
5024
5020
5024
5025
5054
5023
5024
5053
19245
19253
5028
19251
19305
5032
18155
18169
5031
5032
5035
19794
19848
19862
19412
19848
19862
19863
5056
19303
19794
19865
18169
19303
5058
19807
39917
5038
18580
19362
39710
5039
19363
18610
19317
39709
18164
19337
39708
39710
7377
28249
8886
19876
39935
39944
5044
5047
5051
5045
5046
5051
19351
5077
19354
5048
5049
5050
5054
5071
5073
5053
5074
5054
5053
5055
5059
5061
5055
5055
19323
19806
19843
5059
19322
19333
19493
19938
39752
5061
19326
18269
19296
19851
39660
19366
19369
5063
5064
19553
5069
19397
5067
19560
5066
5068
5071
5067
5070
5069
5075
5069
19399
19406
5074
5075
5073
5074
5073
5080
19402
5078
19372
39779
39802
5077
5079
5080
5078
19355
5080
19372
5085
18498
19407
5082
5084
18440
5087
18457
5086
18432
18444
5086
5087
5089
19425
19426
18505
5095
5090
5093
19039
18513
19407
19417
5092
19408
18505
19409
39805
5095
19034
19396
19405
19452
19808
39839
39844
39806
39839
5097
19469
19516
5101
39856
5229
8252
19124
19522
5102
19521
39860
5101
19455
19477
5104
39855
5104
19052
19449
19455
19112
19127
19527
19692
5108
19523
19533
5223
19119
39870
5120
39869
5110
19256
19551
19541
19555
19256
19257
19258
19281
19265
19280
19528
20006
5114
5120
19584
5115
19133
5116
5119
5117
19608
5118
19576
19580
19610
19118
19613
19581
39872
5126
20031
20459
5123
5126
19595
5124
5127
5125
5153
5128
19991
5154
5128
19604
19609
5233
19125
39873
5239
19645
19715
19717
28239
29051
29066
5134
5135
19740
5135
5257
19739
20397
5245
18308
5255
5137
5141
5145
5138
5140
5142
5145
19875
39747
39754
19955
19968
19907
19941
5144
20025
19791
19819
19935
19958
19967
39945
19920
19939
20029
20101
5150
20064
20090
5149
5150
19972
19993
20060
5151
5152
20092
5153
5154
5154
19992
20037
19962
19985
20063
20108
5162
5175
5180
20073
20078
20079
5160
5162
20079
5162
5163
5165
5161
19599
5167
20106
5165
20230
20300
20302
20489
20074
19753
20105
20232
20315
19599
20301
40007
28239
28262
37835
37877
20280
20356
20429
5171
20217
20351
5172
20274
5183
20221
8358
18016
20290
20369
5176
5181
20439
20489
5180
5181
20462
5177
20268
5178
5179
5183
20288
5180
20224
20233
20439
20462
19663
20269
20320
39999
20222
20287
5187
8539
20290
20281
20353
20368
39981
5187
5188
20389
5189
5190
20388
5190
18016
18017
5192
5195
20273
5193
20467
20468
20838
20825
20829
20833
20272
20829
5197
20498
20502
20529
5198
5199
5201
20513
5200
20574
5201
5402
20521
5203
5321
5417
5206
5208
5206
5207
5211
5209
5211
20524
20896
20896
5209
5418
5210
5413
20515
20500
20625
20693
21152
5214
20594
21254
5215
20588
5216
20557
5382
20573
5218
5228
5230
5219
19135
5224
20590
5221
5227
19117
19118
5225
19116
19135
19116
19121
19133
5233
19115
19125
5225
5226
20541
20552
20596
20532
20541
20543
5229
20597
5230
20668
5232
19135
19117
19638
20543
20752
19121
19522
19127
39869
19134
19508
19652
20656
5241
19649
20659
20690
5237
8095
19496
19652
8096
19131
40023
5239
5264
19655
39883
19658
20665
20503
20657
20679
20851
19506
19643
20669
8095
8137
19643
40022
5245
5247
19721
20766
5246
5247
19716
20670
5252
5256
19702
20666
20763
5260
19713
5250
18974
20782
5250
5253
5254
5251
5254
20762
5254
5262
20767
5259
17858
17860
5256
5257
5259
5260
5262
5258
5271
5260
5269
19718
5261
5262
20667
5272
17860
40053
40051
20328
20413
20428
39994
5265
20417
20846
5269
20672
20807
20334
20390
20835
39993
5268
20676
20678
20815
20686
20803
40041
5274
5276
5273
5275
20812
20906
5272
5274
20401
5273
17824
5274
20789
20399
5277
20861
20910
20336
20417
20432
5294
20391
20862
5288
5293
5296
20383
5280
5296
20382
5282
5284
5284
5285
17818
5283
17800
17799
20394
17812
5293
5298
5312
20887
20890
20896
5290
20842
20843
5291
5293
5301
5313
20887
5291
40055
5309
5309
5310
5318
40055
5298
5295
5306
20840
5307
20392
20395
20396
7386
28287
5299
5308
5302
5308
5309
5302
5309
5310
20898
40054
5304
5350
5432
5534
27523
5305
20939
5323
20945
5307
5318
20911
5308
17817
17819
20898
17649
17684
21003
21042
5317
5321
5319
5323
5320
20868
20871
5316
5317
5319
5322
20976
20887
20888
20895
20975
20873
20883
20895
5420
20881
5416
20967
20950
5415
21113
21131
21155
5329
5411
5415
21119
5343
5345
5367
21036
5335
5346
5370
5526
5368
5376
21134
40061
5368
20876
21113
5331
5332
21308
20984
21310
5333
20990
5336
21322
5335
5336
21321
40062
21315
22088
20991
21119
20995
22083
22100
40063
17722
17741
22091
22179
5342
17732
20963
17677
17678
17681
5342
5344
17677
20977
5345
5348
5349
17687
20954
20933
20971
5347
5349
22062
22075
22088
22099
5349
17690
21001
22075
7310
27438
39339
21021
21080
21115
5359
5361
21040
21041
5363
5371
21047
21081
17617
17637
17665
39626
17861
39625
40075
5358
17866
18748
17869
18717
18720
18954
5363
21087
5361
5363
17868
17864
18750
18953
18957
5362
17644
17645
20998
21083
5374
20713
20796
20638
20696
20707
21110
5376
20878
20879
20932
5370
21048
21134
20875
21159
5370
21019
21038
21120
21151
5374
21046
21116
5374
5375
20802
21039
21150
21157
21169
40059
21122
20810
21035
21124
20935
21126
5378
21136
21268
21227
21271
20615
20640
20710
21174
5385
5387
21241
5385
5388
21213
5383
5389
21259
5384
21245
5385
5386
5389
21139
21213
21224
21235
21137
21143
5390
20580
20630
21196
21255
21265
21266
21298
5393
5394
20571
5396
21263
5395
20569
5400
20582
5397
21287
5398
5399
5408
21293
5400
5421
5414
5403
21166
21185
21278
20574
20582
21153
21128
21183
40088
5522
25927
27893
39634
5409
5417
5407
5409
5412
5408
5411
5415
5421
5410
5411
5418
5421
5414
5418
20902
5421
21155
21176
5420
20899
5418
5420
20876
20885
20902
21158
20882
5426
21303
21314
5435
5436
21594
5425
5433
21347
5426
5435
5431
21971
21972
21978
5430
5431
21323
21342
5430
21309
22010
21971
5433
27510
27526
27892
21349
5436
5438
21337
21348
21581
5440
5440
5441
5496
5441
21350
5440
5488
21584
5495
5443
21973
21983
5444
5445
5446
21413
5448
5450
5447
21414
5448
5461
5584
5450
5587
5619
21976
5452
5468
21465
5453
5462
5454
21359
6044
21367
5456
21372
21402
5457
21419
5458
21362
5459
21375
5460
5605
5585
21419
21873
5584
21419
21426
21401
21417
21424
5464
5467
21448
5466
5468
21431
21434
21449
5469
21482
5472
21423
21433
5472
21478
5470
21449
5471
21442
6059
21474
21424
21481
23477
23478
24215
25065
5475
5476
25014
5487
21633
5477
21661
5481
21562
6539
21557
21558
21650
5484
5486
21275
5481
5482
5486
5487
5489
5483
5492
5484
5485
21272
5488
5498
5487
21610
5497
21585
5492
21563
21611
5491
5492
21565
5493
21440
5498
5496
5498
21439
21444
21445
5496
5500
21445
5497
5498
21595
5503
21530
21550
21577
5501
21351
21596
21354
21455
40105
21566
21572
21576
40104
21576
21643
40100
5517
21128
21166
21630
5506
5562
25054
5510
21669
21571
21615
21649
40105
21533
21654
21672
40101
21535
21538
21608
21614
5511
21670
21739
5563
21673
21749
5515
5524
5554
21072
5514
5515
6462
5516
24943
5516
21073
5519
5520
21099
21636
5520
5525
5528
21107
5525
21108
24944
5527
21617
5544
5546
21683
21720
5534
25931
27522
21668
21678
21681
21683
5525
5530
21678
21681
5623
21029
22034
5528
5531
21129
5530
21020
5530
5548
21024
21678
21030
21132
21616
22047
5536
5551
5536
5576
21766
27516
39501
21529
21840
21844
21865
5542
21742
5539
5545
5549
21620
21529
21541
21841
21860
5540
21333
40102
5543
21531
21608
5542
5543
21531
21744
5544
21750
5545
21674
5545
5547
21675
5547
5548
5552
5549
5551
5625
22047
21332
21335
5551
5621
5622
5553
5553
5626
21695
21937
21939
6463
21064
21723
5688
22188
24841
6389
6453
21752
5558
5559
21737
21754
5560
5561
6447
5560
5578
21764
24821
40113
5562
25068
5563
25055
21536
21743
21524
21743
21744
21745
24778
24822
24830
40116
5569
21762
21776
21785
5569
5573
23436
23474
5569
21775
23442
40114
5573
5574
23338
23348
5572
6029
21390
21508
6028
21763
21771
21786
23342
21791
21855
23349
5576
21541
21783
21794
5577
21843
21801
21805
21807
5580
5583
21774
5583
21779
22347
40116
21746
21784
22377
22370
22388
22397
22405
5583
22352
22415
24533
24830
5585
5587
5586
5587
5588
5589
5589
21867
5609
21825
21402
21419
21420
21426
5678
6777
25859
40521
5596
5597
5598
5598
21904
21912
5596
21892
23148
5598
21891
21892
21898
5601
5599
5620
5607
5616
5601
5603
23118
5606
23149
5604
21376
23115
5604
21869
5605
21382
21870
5607
21869
21876
21868
21877
5611
5615
5619
5616
5619
21830
5612
21910
5620
21903
5614
5618
21914
5615
21977
21987
5615
5617
5620
21911
5618
22002
21819
21984
21905
5622
21334
21336
21818
21954
5624
21011
22067
5628
22051
22063
5626
5628
21012
5627
21705
5628
21958
22065
22045
22082
22085
22086
5631
21925
22008
22000
22086
5633
5644
5648
5634
5635
5636
5639
5637
5645
5637
22098
17736
5639
21926
21928
5640
21930
21925
22069
22095
5642
5644
5654
5643
5647
5646
5677
5645
5649
5646
17737
17738
5663
5667
5668
5649
5650
21930
5654
21929
5657
5659
5652
5657
5658
5659
21812
5654
5655
22110
5660
5657
22496
5711
6768
25741
22496
40202
40203
21926
5668
21931
22111
5663
22124
22134
5664
5665
5670
5665
5741
22137
5679
5678
6760
25494
40522
5677
5679
22171
22112
22176
5670
5673
5674
5672
5679
5672
5673
17712
5739
22154
17711
5675
17701
5676
17730
5677
5679
17739
25506
40520
21001
21011
21013
22064
5682
21714
22202
5749
17670
21712
22167
22171
22176
22184
5685
5724
22395
22405
5692
5715
21697
5688
5690
6390
22249
22376
22378
22383
5689
21725
5690
21698
22201
5691
22235
5692
22236
22376
21694
22370
24611
24613
24615
5696
5699
17598
5696
5697
17604
22212
5698
24614
22212
22214
22215
17605
22223
5707
5709
22218
5710
5712
22285
22286
5703
5708
22296
5707
22272
5765
5771
22270
22277
5708
22304
24631
5707
5708
22225
5712
22227
22285
5727
40171
40172
6772
25507
40516
5729
5767
5771
22275
22287
5715
5750
21696
22142
5725
22239
25506
25562
25682
5718
5721
5722
5719
22130
22114
22487
5765
5770
22240
22278
22276
40171
40177
5723
22478
22260
22276
22484
5725
5768
22485
5772
22145
5727
5728
22133
5729
22146
5734
5735
5734
22233
5731
5733
5741
5735
22148
5735
5736
5738
5738
5739
5736
22229
5744
5747
17538
22221
5747
5740
5741
5752
22149
22153
22138
5790
5889
9300
5746
22191
22232
22246
5745
22231
5746
5748
5749
22196
5752
22234
5749
5752
17668
5750
5751
22244
5752
5753
22143
22228
22233
22234
5755
5759
5761
5757
24562
5757
5758
5760
5764
5766
22265
5760
22316
22323
22328
24572
5763
5764
22299
5769
5770
5766
22311
5769
22282
5769
22270
22260
22276
22277
5772
22275
22276
22310
22289
40175
22248
40171
5775
5776
22442
5776
5777
5799
22528
22531
22534
21888
5785
22438
5779
22463
22489
5780
5786
5781
5783
5782
22448
5786
22443
5784
22479
5785
22416
22421
22439
22453
22117
22121
22497
40200
5794
5797
21907
21916
21949
22115
22123
40199
17449
33790
5796
21811
21909
5793
5795
40197
5797
5799
21906
21912
5796
40201
21907
5798
21898
21901
21916
21899
22424
21808
21918
22419
40138
5802
5806
23162
22509
23176
5805
5910
23177
5805
5871
5881
5806
22518
22512
22513
22520
5871
5875
5877
5810
5877
22520
5816
5891
5814
22511
22589
22510
22589
22593
22594
5814
5815
22562
22590
5816
22514
5897
22522
5823
5895
22515
22551
5819
9305
34207
5882
9303
34208
22580
22589
22592
22435
22587
22708
22259
22361
22619
40179
5898
22543
22594
5831
22857
23400
6256
22642
23435
40207
5827
5833
22661
5828
22330
5847
22254
22655
22656
22659
5831
6350
22640
22626
22693
5837
5839
22695
5834
5837
5848
5841
22630
22671
5837
5838
5844
5838
5846
22572
5840
5840
22697
22783
22684
22694
22695
5843
5844
5847
5845
22713
5846
5848
5846
22595
22573
5848
22702
22631
5850
22729
22756
5851
22774
5852
22779
22739
22815
5854
5900
22765
5855
22790
22560
22785
22574
22629
22791
22886
22628
22893
22907
23406
5859
5860
5862
22744
22752
5861
22944
22750
22936
5863
22895
23828
22944
22960
40224
22751
22838
22871
40221
22944
22952
22961
22963
5880
5935
22958
40227
5943
22965
22980
22989
5921
5934
5940
22980
5873
5881
5918
5873
5884
5917
22982
5872
5881
5877
5922
22519
5874
5875
5879
5876
5878
5901
5896
5879
5903
5884
5883
5884
5902
5919
17520
34186
34187
5894
5926
5930
22976
5887
5888
5890
5890
5891
5901
5903
22768
5900
22579
9297
9302
22577
5896
5897
5894
5898
5899
22902
5894
5895
5896
5924
5902
5897
5898
5901
22570
22578
22576
22760
22889
22559
22766
5903
5903
22761
5905
5911
5914
5912
5916
23039
5908
5909
22985
5909
5910
5913
5912
22986
5918
5919
23179
5912
5913
5915
5915
5916
23168
23173
5920
23041
5918
5927
22983
5919
5923
5928
23042
23251
5929
5936
23011
5923
5924
6010
5927
23250
5926
6011
5927
5928
5929
22981
5927
5931
5929
23252
5937
5931
5935
22913
5933
5937
5935
22914
22942
23808
6009
22904
23236
5935
5936
23811
5937
23237
23233
5941
5942
5945
12241
5941
5942
5943
12989
5943
23014
23802
5968
12980
23810
23812
5966
5946
6152
6155
23001
5947
22999
23006
5947
12245
12256
23000
23001
5950
5956
23193
5950
23026
23049
23050
5953
5952
5953
5954
5955
23185
23188
5955
23050
23046
5984
23026
5958
22995
23031
5960
5961
6060
6137
33727
39049
5967
12873
5962
5963
12956
12971
5964
23038
5965
5969
5966
23052
5968
23010
12875
12955
12972
23006
12958
12970
5975
5980
5985
5973
5974
5976
5998
23523
23528
40242
5988
5990
5975
5994
5978
5980
5981
6264
10939
40375
40377
5982
23521
23514
23521
23558
40232
23060
5984
23067
23630
23631
40232
5984
5987
5989
23013
23194
5986
23077
23631
23060
23066
23078
23004
23066
40228
5999
23200
40235
23199
23211
23640
23192
23194
23200
23561
23562
6000
23106
23528
23103
23567
23568
40239
5997
5999
23521
5998
23570
40235
23099
23519
23522
23563
40233
6000
40234
23558
40235
23196
6002
23117
23125
6003
23191
6005
23204
6005
23102
23119
23108
23202
23203
23221
40237
23231
23239
23367
6147
23016
23215
23234
6011
22544
23242
6011
22525
23254
22552
6257
23413
23446
40205
6021
23432
23445
23453
7054
22641
23430
40208
6985
22555
22604
22636
6019
6022
6162
23272
6018
6019
6020
6020
23774
23783
6159
6024
23380
6024
6026
24234
6969
23404
23409
23402
23404
23445
23455
6169
23409
6026
23382
23437
23463
23453
23462
23475
23476
24211
24827
6029
23345
23485
21393
23470
6032
6054
21469
6032
6033
6083
6056
6034
6041
6043
6081
6039
23518
23522
23515
23523
40233
6038
6041
21471
6039
6042
6040
6044
21470
6043
21485
6046
23561
6046
6047
21371
21486
21369
21370
21480
23525
23520
21484
23501
23529
6051
6057
6058
6050
6057
6064
6231
25087
6070
6080
6053
6054
21475
6055
6058
6056
21487
6056
6080
6084
6065
21497
21494
21495
21498
21506
6086
24732
39079
6062
6063
6067
6064
6066
6070
6077
6065
6232
6070
6085
6068
6246
6095
24124
6069
24139
6242
6245
24128
6087
6072
6078
6115
6082
6111
6078
6088
23532
6075
6077
6096
6076
6079
6080
6084
6087
6087
23579
6079
6083
6082
6083
23510
6099
6084
23508
6087
23507
23584
10940
24741
33718
6094
6096
23537
6091
6094
6096
6091
6093
6216
6095
6093
6094
23663
23652
23588
24125
23580
23387
23388
23543
23549
23384
23492
23494
23598
6112
23544
23585
23556
23613
40251
40254
23534
23540
23583
24145
6103
23607
23624
23765
23634
23710
23757
6108
6113
6119
6110
6114
23552
6108
23541
23655
6108
6109
6115
6110
6114
6111
6112
6115
23538
23550
6114
6123
23533
6117
6120
6145
6121
23644
6119
6120
23670
6123
23656
6124
6123
23635
6123
23542
23641
23668
6125
23672
23692
6128
23691
6137
33718
33719
6128
6129
23696
6130
6132
12353
6131
23659
6132
23661
6133
6134
23601
6202
12344
6140
6142
23697
6138
6145
23698
33747
40378
6142
23075
6140
6143
12332
6144
6143
12322
23085
6143
12331
12335
23686
23089
23681
6147
6151
22998
23022
6148
23647
6149
6151
6160
6163
23620
23622
6155
6156
6157
23761
23759
23815
6155
23819
23826
6154
12278
12283
23753
6156
23712
23756
6156
23703
23009
23713
23758
10939
6162
6172
23243
6163
23240
23820
6162
22547
23230
23410
23411
6171
23232
6165
6167
6170
23844
6168
6194
23786
6167
23397
23418
6168
6197
24232
23414
23784
24240
6173
23782
23816
6172
6173
23788
23412
23794
23416
23818
22874
22876
23744
23847
12020
12023
12114
39209
6198
22874
23868
24332
6269
23912
23987
23988
23918
23922
23927
6182
6314
23945
6181
6183
6310
6184
6186
6183
23922
6186
6185
6307
6317
11677
12120
23931
6189
12071
23934
6189
6193
12073
23980
6191
6224
24068
6192
6205
6193
23979
6208
24000
6197
23747
23767
6196
23883
24019
24326
6197
23876
24238
24019
24029
24094
6200
23605
24103
6201
24052
6202
24050
23602
23695
24039
24047
24056
6205
6206
24039
6208
6225
6209
12084
6209
12000
24048
12074
40272
12081
6214
6222
24134
6213
23611
23653
6215
6216
24136
6215
24097
6215
24100
23664
24142
6220
6221
6223
6219
6223
6224
24036
24056
24038
24096
6222
6227
24108
6226
24062
6225
24074
24040
24081
6227
24135
24149
24109
24161
6262
23540
23592
24006
23385
23391
23547
23589
6231
6233
6246
6232
25088
6246
24193
6234
25105
6236
6240
6240
6241
6243
6237
6242
6242
6244
6239
6240
25092
25106
25132
6243
25128
25129
6245
6244
24189
6246
24195
6248
23423
24201
24819
6250
24205
40283
24200
24219
24227
40281
6254
24271
24294
22638
24441
24470
40208
6258
22641
23395
40284
6254
24256
24258
24448
40283
40287
23875
24241
24466
24482
22652
23427
23431
23420
23441
40206
23398
24460
24477
23875
23879
24233
24257
23459
23464
24230
24247
6262
23592
24162
24171
24008
24229
6265
6267
6277
40383
6268
6272
6267
6269
23913
23899
6269
40290
6274
6275
6278
6278
24277
24296
6277
6279
40291
6274
6287
24279
6296
6276
6277
6277
6282
23898
6279
23878
23974
24261
24299
24318
6282
6290
24264
24449
23889
24260
24265
24282
24294
24297
23885
24064
24070
40289
6294
24435
40315
6289
6291
24799
6291
6296
24280
24438
24452
24456
24815
24467
40316
24449
24450
24453
6292
6295
24807
6294
24435
40317
6361
24291
24804
24450
24467
6299
6308
6322
6299
6301
24376
6302
6302
23916
40306
6304
24367
6303
6304
6306
6307
6316
23893
23917
6310
6313
6310
6318
6327
40305
23893
23904
23906
24334
6315
23894
23909
24334
24474
6313
6314
24329
6315
40304
6315
23954
6318
23902
23904
6318
23870
24355
24356
39097
39101
39103
39111
6335
6322
6323
24402
6327
24377
6325
6325
6337
22808
24403
39014
39041
39052
39111
24330
6330
6340
24427
6330
6333
6347
6331
6332
6338
6338
6339
6336
6353
6335
6337
24340
6336
6338
6337
6352
6340
24475
24423
6342
6343
22654
6348
22688
6344
24428
6346
24429
6347
6351
24424
24425
6347
6349
6353
6349
22803
6353
22668
22696
24336
24336
24346
24472
6353
22810
24346
6356
24431
24595
6356
22665
24594
24417
6359
24433
24598
6362
6370
24585
6360
6362
24273
24421
40315
6363
6364
6367
24454
24808
6367
6368
6369
6369
6370
6379
6370
24797
24494
24810
24496
24599
6372
6373
6376
6375
24513
24518
24577
6375
6376
24602
6377
24576
6378
24603
6379
24501
24497
24600
23420
23442
24826
40114
22338
22341
23426
40207
17606
24612
24652
17603
22190
22222
24628
17607
17621
22192
22203
6387
22373
24515
6387
6390
24848
6460
6389
21730
22384
24844
6455
6461
22380
22385
6392
6397
24675
6475
24521
6394
6395
24641
6399
24650
6397
6398
6397
24656
24666
6399
24504
24510
6405
38584
38941
38937
38941
38962
6404
6406
6407
10884
10765
38455
38556
38569
6405
6406
6417
10883
38579
6413
10884
10894
38458
38539
38586
40405
38953
38961
38967
6411
6414
6418
6416
6418
10879
6414
6417
38967
6417
6418
38925
6415
6416
38955
10881
38918
38942
10875
6433
24885
24893
6433
24709
24715
24727
6422
6423
6441
24698
40438
6518
24774
6513
19199
24884
40462
6429
24884
40462
24697
24713
24881
24892
6434
6476
24892
6431
24879
24889
6430
6431
24766
40460
24759
19199
24888
40438
40464
24696
24700
6472
24697
24715
6437
6438
24721
6437
6438
40407
24701
24805
24828
24840
25084
40416
6441
24714
24776
24823
6452
24720
39066
39068
39098
39112
6444
9888
10918
39003
6445
10923
39005
36333
36340
39012
6447
6453
21740
22375
6448
40414
6452
6453
24530
24820
40346
40418
6456
24272
24545
40412
6454
6455
6459
24725
24722
40413
6455
22387
24520
24543
22386
24552
24553
40409
6459
24517
24520
24523
6460
22204
24522
24646
6461
6477
24517
24849
24845
24861
6463
24923
24945
6464
21684
6465
21065
24847
6468
6470
24853
6507
6510
6511
24665
6468
6470
18803
24924
24926
10965
39014
39100
39110
18806
21063
6472
6474
24710
24671
6474
6475
24488
24673
24525
24683
6479
24682
24862
6479
24523
24726
24522
24523
24525
24684
24858
6489
6491
6510
6482
6486
6491
6511
24681
24869
6485
6500
24955
6485
6486
6490
24875
24882
6488
6492
6505
6507
6510
6490
6501
6491
6511
6501
6540
38878
38897
40335
6509
10826
38880
24905
40444
40456
24897
24919
40437
40443
6498
6503
24933
6533
24913
24951
24994
24899
24911
6503
6520
6521
24908
24966
6504
24932
24933
6508
24921
6508
18844
18840
24928
10834
10853
24930
6540
10818
10853
36855
24890
24907
24915
6519
24750
24752
24765
24907
24909
24968
40453
6531
24770
40459
6530
24771
6519
6520
25047
24768
40464
40438
40464
6542
24916
24970
6542
24890
24908
24979
24912
24977
24982
40453
24952
24968
40452
6554
24980
24985
40448
19188
24977
24982
24983
6528
6538
6553
6533
6535
6530
6532
6536
40470
6533
24951
6535
6536
6537
21663
6537
21557
6546
21578
21655
25051
36854
38827
6547
19189
21658
19193
24909
6552
24951
40458
6547
6548
6549
6546
6549
21232
6553
21660
19191
6553
24900
40466
19185
24984
24987
24993
19179
21207
21209
21627
24949
24952
24913
21206
24956
24969
19188
24974
24983
40447
6557
6558
6575
6558
6563
6577
6563
6566
6573
6564
6577
6579
6562
6564
6565
6570
6579
10878
6564
6566
6567
6568
6568
6571
6569
6573
6574
6571
10881
38926
38923
6574
6576
10920
38919
6575
6575
10917
6577
6578
6579
10686
38924
10882
6582
6822
25169
6582
6702
25176
6704
25531
26230
26266
40593
6585
6586
25274
25265
28756
25290
25325
25269
25308
25323
6589
6627
6630
25260
25316
6591
25150
25275
25326
25152
25155
25329
25151
25160
25317
40480
25256
25258
25314
6664
7520
25278
28670
6596
6597
25310
25356
6653
6659
6671
6671
28643
28645
25343
28641
29202
36280
6602
6606
6616
6675
10785
10835
38899
6602
6604
25304
31391
31362
31378
31382
6605
25301
6635
6636
6618
6622
6608
6612
6615
6620
6641
25409
6613
6620
31392
6617
25346
31360
31386
6614
6620
6621
6650
6613
6616
25340
6617
31392
6618
25403
6618
25436
31365
31386
6619
6637
25361
25404
6643
6651
25405
31365
6632
6635
6637
6625
25372
25381
6625
6626
6628
6632
6632
6635
6629
6630
6633
6629
25374
6633
6631
6636
6634
6636
25354
25149
25162
6637
6658
25355
6636
6639
25424
25434
25438
25480
6658
25382
25407
6652
6661
25412
25434
6642
25397
6643
6644
6650
6649
6736
6646
6649
31468
6650
6730
6729
8118
25408
31468
6654
25414
25660
40503
25658
6730
8118
25619
6653
6656
25479
25351
25461
25400
25422
25445
6666
25471
25512
27838
6659
6661
6673
25151
25157
25260
6662
25387
6660
6670
6662
25279
25307
6662
6663
25383
6667
6717
6725
6665
6674
7518
6670
25222
25225
6669
6673
25520
6672
6673
25514
6669
7508
7521
25521
6674
7509
6673
6674
6674
7511
25221
25226
25518
10822
38877
38881
6677
6710
7524
25532
6712
6819
25177
6737
6872
6881
6883
6680
6687
6802
25542
6688
6817
40543
6683
6685
6688
7259
6688
6694
6813
25546
6685
28512
28517
6685
6686
6698
6776
6776
6687
6696
6797
6797
25556
6816
6711
25532
25534
25535
25540
25557
26096
26235
6692
6694
6695
6813
6693
7466
28508
6695
28529
26226
28518
25530
26774
6698
25503
25550
6698
6818
28519
28532
25509
6703
6704
26075
6703
6705
6719
6702
6703
6706
6704
6707
26078
25600
25608
6707
6716
6708
25172
6712
6720
26091
6710
6718
25229
25522
6711
6712
25523
26085
26092
25156
25158
25211
6719
25164
25390
6717
6718
25163
25224
6719
6720
25158
25388
25603
6720
6728
25613
25611
6728
25592
25603
25606
25439
25484
25489
25492
6724
25495
25602
25504
25555
25578
25432
25492
25603
6728
25502
25519
25553
25491
25550
25553
25555
25614
6733
25061
25109
25706
31468
6732
6747
25440
25438
25659
25660
6734
6746
25631
25652
25040
25693
31463
31476
25410
25658
25664
6831
6932
7066
6746
25658
25669
6741
25413
25662
6741
6742
25645
6743
6744
25646
6744
6745
6750
25425
25428
25399
25408
25421
25659
25665
25398
25410
25659
25664
6750
6751
25644
25428
25474
25478
25487
25510
6753
6754
25663
28025
25477
25666
25684
25462
25465
25488
6757
25649
25673
25779
6757
25627
25728
25709
6761
25739
25801
6762
6767
6768
25506
25838
40514
6765
25797
6763
6764
25570
25741
25810
25821
6767
25757
25507
25637
25644
25740
25643
40516
40516
6770
25499
25581
25858
6771
25499
25851
25564
25586
40518
25641
25759
40514
6774
6798
7257
7262
6775
25864
40528
25903
25904
25910
7262
25837
25494
25569
40515
6779
6781
6783
25962
26032
6781
6782
25882
25951
6785
25875
6784
6785
6786
26036
6811
6810
26029
6789
25919
25936
6789
6790
25902
25938
6791
25883
25874
25906
26020
26026
26039
10715
38610
38630
25996
26023
26040
26041
25968
27363
27370
27413
6853
26108
40539
40551
6798
40519
25861
40523
25582
25856
25857
25867
26128
26137
6802
25543
25865
26140
6814
25862
6804
6806
6808
6805
6807
26171
26418
6810
26427
26135
26148
6811
26149
6810
26035
26189
26198
6811
26188
26124
26138
26202
26221
26783
26786
6817
25890
26201
6817
7067
26206
26222
6817
26787
27562
25549
26218
26226
6820
6826
25178
25537
25540
26231
6822
6823
26079
25170
26089
6824
26095
6825
25174
26102
26247
25179
26090
26094
26158
26160
26162
26163
26107
26126
26175
26177
6830
6833
6835
6865
26309
26325
26377
26822
6835
26160
26176
26172
26300
26318
26325
26816
40535
26164
26172
6841
26295
26316
6838
26294
26678
6841
6842
6840
26672
26692
26698
28860
26240
26252
26264
26691
6855
26292
26293
26296
26290
26296
26297
6848
26297
26626
6860
6862
6863
6848
6849
6856
6851
6866
6850
6861
6851
6859
26349
6868
26638
6858
6862
6864
6865
6877
6888
40550
6855
6856
26302
6866
26321
6857
6858
26304
6860
6861
6863
6861
26367
6870
26310
26369
6874
26292
6868
6869
26360
26640
6870
6875
6871
26356
26660
26358
26372
6875
6876
6961
6878
6882
26174
26104
26214
26243
26315
6875
6963
40548
26373
6960
26354
26375
26324
26325
26811
6880
6881
6916
6881
26169
26186
26195
6891
6917
26366
26013
6964
26182
40530
26161
26186
40534
6886
6889
26179
6889
6907
26416
26151
26426
6889
6890
6896
26370
26371
40530
6895
26180
26170
26379
26400
6896
6899
6903
6897
6903
6904
6899
6900
6907
6896
6903
26368
6907
6898
6901
6899
6906
6906
6915
6902
6904
6906
40553
26364
26178
26368
26378
26379
6914
6909
6912
10623
6911
26413
6911
26054
26424
26061
6915
10624
6914
26381
26390
26401
6915
26432
26392
6917
6919
40564
6922
6933
6927
6929
7055
6923
6958
7063
7053
7055
7056
6922
6933
26004
26556
26404
40559
6928
6929
6933
6925
6926
6931
26546
26547
26558
6927
26006
6929
26002
6930
6959
26559
6930
26525
26558
10614
26445
26547
26161
26313
40539
26555
6936
6938
27338
6938
7195
10255
27346
6940
6944
6969
23409
23414
23439
6939
10612
6941
7196
10600
6941
6944
6949
6947
6948
6945
6946
26492
27343
6945
26490
26492
26518
6946
26485
6947
7194
26487
27340
7163
7192
6949
26498
38097
6950
26546
6952
26499
26522
6970
26500
26548
38062
26546
26548
26562
7082
7083
7155
27149
6956
6968
26355
26654
6956
26527
26536
26562
6957
26549
6967
6968
6970
6959
6964
26812
6960
6962
6961
6964
6963
26653
26525
26538
26760
26661
26809
26182
26528
26537
26658
26669
6967
6970
26510
26577
6993
26532
6991
26570
7047
23411
26574
6994
26575
26615
26641
6974
26284
26689
6975
26284
26287
26697
6975
6978
6979
6977
6979
6989
6978
6990
6984
40574
6982
6983
6987
6983
6988
26602
6984
7010
6990
6990
7020
7047
22636
23403
26712
26715
27025
7121
26701
27038
6998
26701
6990
26613
40575
6993
6994
26667
6993
6997
26535
26666
6996
26617
26665
26614
26665
26696
40575
6997
26578
26618
7004
26707
26620
26714
27067
7002
7004
7124
26586
7001
7006
7074
26710
7003
7004
26528
7003
7084
26512
7073
26530
26708
26804
26813
26814
26830
26669
26719
26819
26668
26686
26705
26724
7009
7014
7022
7035
26739
7011
7020
7121
7012
26672
7014
7015
26674
26682
26690
28837
7029
7016
27019
7034
7035
26713
26717
27021
27034
7104
26725
27036
27037
7122
26702
26721
27021
26674
26690
7028
26735
28847
7028
7029
26740
7030
26676
26682
26683
7029
26672
26698
26337
26675
26691
26693
7027
7028
28850
7029
26698
26294
26676
26678
7041
28887
28980
29006
28876
28955
35668
7034
7039
27037
7036
26700
7036
7042
26743
7038
7042
28871
26738
28876
7044
7104
7553
7557
28970
28980
28981
29009
35673
7044
28875
28978
7045
7046
29016
7108
28979
23408
23433
7051
26736
26745
26848
26229
26331
26336
26824
26334
26761
40595
40598
26727
40598
26759
40584
40585
40592
7062
7204
26486
23403
23427
23449
7064
7203
7062
7065
26780
7058
26776
26835
7059
26836
27604
27579
27582
27591
26784
26806
26823
26831
7062
26838
27582
27586
26833
7064
26208
26800
7065
26213
26820
27588
7070
26228
26822
26212
26223
26788
26802
26825
26860
40600
7079
22408
22446
22606
26204
26224
26821
26815
26841
40601
40602
26813
26825
40598
7074
7085
26493
26753
26915
7462
26777
26853
7456
7468
26782
7462
7467
26876
27614
7081
7174
26942
26963
22355
22435
22460
7081
7088
26905
26962
7087
7171
7084
7157
27150
7086
7090
7169
7085
7116
7086
26916
26494
26919
7088
7090
26943
7089
26890
26879
26908
26920
26921
26946
7441
7444
28359
28362
7094
7095
7097
7097
7098
40608
7102
40609
7099
26956
7099
7102
26970
7100
7101
40611
26959
7101
26965
26894
40606
7106
27000
27027
7108
27020
7113
7115
26948
26986
7108
40619
7108
26720
26742
26865
7110
7114
7115
27009
27143
26926
27011
40618
26935
26977
40613
40616
26985
27007
26948
27142
26989
26997
7125
26928
27141
26712
27016
27021
27025
7120
7123
27017
7120
27042
27071
7122
27019
27022
27072
7126
27041
7125
26709
27048
26711
27050
27023
27033
27051
7128
7129
27057
7130
7141
27047
27091
7138
27063
7132
7136
27088
7162
10321
7134
7135
7141
7139
10318
7136
7142
10320
7140
26588
27158
38090
7139
7141
26581
38035
38142
27158
38141
40572
7142
27094
27096
7145
7150
27110
7146
7148
7151
7146
7154
7147
7156
7178
7151
27116
7152
7176
7183
7154
27085
27136
7156
27098
7157
7159
7168
7159
27139
7158
26506
26583
27052
27093
7165
27097
7161
27082
27119
7162
27114
27089
27159
26501
26509
27187
7186
27100
27164
27171
7168
7179
27174
7167
26910
27286
27319
26490
26496
27291
7169
26513
7171
26495
7171
26491
26901
26906
7180
7176
7178
27213
7175
27222
27230
7178
7180
27211
7176
27202
27172
7180
7276
26899
27287
7179
7180
27175
7182
27113
37507
7183
7184
27117
27177
27301
37512
7186
10305
27162
27188
27120
27178
27460
27475
27480
27493
7208
27459
27478
27535
7190
7243
27531
27252
27263
7250
27253
27476
7194
7196
27184
7198
27259
27422
37439
7197
27297
7196
7198
37430
27183
7198
27260
27344
27347
7201
26011
26014
27589
7204
7205
27350
27578
7202
25969
27370
25967
27367
27593
7204
26007
26010
27349
27578
27585
27589
26194
26209
26211
26213
7209
7239
27418
25977
39947
7210
7215
7212
40080
7212
7220
27380
27331
7225
27342
27355
27423
7215
7217
7218
7220
27428
7217
7219
37312
37311
7220
7221
7221
37385
27406
7222
7223
7224
27398
37386
27388
27404
10256
27401
27424
25988
27459
27466
40144
27358
27467
27545
40231
25945
27367
27375
27377
7230
7241
27417
7231
7233
7234
27479
7240
7241
7239
25989
7240
7243
27475
27478
27545
39866
7250
27460
27476
27480
25980
27469
27543
27556
22447
22466
22533
22606
27419
27491
27270
27420
7261
13114
37071
37140
27278
39798
7246
27659
27695
27443
27451
27454
27451
27657
7248
7250
27463
7249
27701
38922
7250
27250
38834
7252
7256
27530
7254
7255
7254
27465
27472
27481
27453
27472
27533
27450
27546
7260
25820
25904
7259
7465
27568
27868
7262
27567
7262
25835
27893
10391
12823
37108
26839
26881
27600
27627
7267
7268
26877
28375
27318
27324
27328
38834
26913
27322
27637
38966
7268
27677
27683
27607
27826
7274
7275
27256
7273
27242
27650
27237
27240
27242
7273
26972
27647
7275
26954
27215
26973
27243
26907
27214
27231
7290
7320
37105
7279
7281
27760
27742
28462
27739
28462
28463
28474
7283
27762
28468
25828
27852
27860
27866
7284
27938
28076
7471
27862
28475
7289
7292
25802
7292
7295
25834
27895
7289
27883
27889
7289
25825
25918
10189
37087
37116
7292
7293
7295
25803
7298
7299
7295
7296
7307
7298
7302
27967
27971
28058
38635
7333
25755
25804
7302
7303
27941
7332
7337
27973
38635
7307
38618
7305
27969
7306
27969
28058
27937
38622
7333
28063
7340
27942
7309
27658
27776
7311
27656
27521
27892
39146
7312
27436
7313
27908
7314
7317
7317
27776
27433
27884
27908
27431
27455
27884
27872
27811
27912
38740
38742
7321
7351
8447
7342
37086
7323
7327
7327
7328
27979
7328
7325
7356
7329
7330
7327
8426
28012
7329
7331
7331
28110
38429
27973
27974
7337
27981
28051
7334
38618
25748
27976
28063
7336
7338
25681
27852
7340
27936
28054
27977
28073
7340
25753
25829
25751
27976
28049
28055
38560
28012
28019
32735
10188
37099
37107
7345
28034
28113
32700
7346
8453
28118
29293
28096
28099
28128
7363
28148
28341
7349
7350
28161
7355
28151
28162
7353
28175
7351
7352
7352
8455
7356
7354
7355
8451
8455
28158
28152
28120
28176
7358
28184
28332
7359
7360
7361
28213
7361
7362
28153
28166
28198
28136
29344
29368
7366
28228
28243
7366
29046
29073
28245
7368
7369
28224
7371
28322
28229
28252
28257
7371
7383
28252
7372
28269
28336
7375
7379
7398
7375
7377
28261
7376
7383
28268
7380
28249
28260
7380
7395
7381
7385
28249
28237
28254
29050
28258
28270
7385
7387
28958
28959
7387
28254
29049
7402
7403
7389
7391
7407
28276
28281
28282
7391
7392
7431
7427
28276
28309
7397
7400
7401
37824
37826
37839
37859
7398
7401
7402
7397
7398
28277
7410
28283
7400
7413
28422
7403
28424
28429
7405
7408
7424
7406
7421
7407
7409
7428
28282
7409
7411
28273
7411
7413
28284
7412
7413
7423
28430
7423
7549
7555
7556
7418
7422
28355
7418
7422
7558
7418
7424
7555
7463
36009
37842
37858
7421
7435
28355
7424
7429
28351
7424
7448
7426
7427
7430
7433
7435
7428
7431
7429
7449
7435
28356
27727
27728
7434
27720
7433
7446
27717
7447
7452
27744
28303
28359
7440
7445
40605
7444
7447
26896
28367
7440
7442
28367
40605
26889
28352
28363
40604
7446
28351
28355
40607
28358
28366
7445
26897
27675
28372
26896
28359
27730
7447
27718
28367
7450
28364
28432
7454
28357
28427
7556
28360
28403
26864
26868
26888
28365
7453
7454
28304
27743
28463
37715
28376
28428
28378
28384
28464
28497
7457
7458
37540
7459
28565
7469
28498
37502
26757
28541
28868
7461
7464
7466
26785
7462
27613
7468
7554
7577
35952
7465
27561
27601
27819
28520
7468
28514
7469
26875
28500
7469
28496
7471
27837
27853
28465
28047
28478
7473
7497
28082
37164
7475
28039
28077
7476
7477
7610
25447
7476
28035
28099
7477
28094
7485
7496
7482
7490
28217
28607
28101
28133
28221
28341
28139
28335
28346
38007
7482
7483
28221
29345
7492
29348
7486
28098
28100
7500
28083
28449
36810
7486
7491
7504
7492
28452
7505
28081
28587
38413
7493
28286
28598
36796
28105
28453
28493
28590
7492
7493
28608
7492
7494
7608
28220
28486
7506
28609
28616
7502
7503
7509
27841
7497
7499
7504
7502
36810
7501
28446
28587
28590
7503
7507
25448
7502
7510
28581
28443
28455
36778
25466
7511
25459
7506
36816
28082
28582
36810
7507
28648
28618
28650
7510
7519
28576
7510
7511
28651
28653
7514
28772
29039
7514
7515
28761
7516
28694
28760
28700
29034
28761
28777
28783
7520
7521
25227
7521
28564
28660
7523
28659
25230
7523
25232
25249
25251
25231
28809
7525
25234
25536
25192
25198
25223
7528
28801
28840
7528
7529
28854
28790
7531
40475
25183
25219
40479
25253
28844
7533
7535
7540
7534
28789
28926
28988
7540
28968
28789
28792
28801
28878
28987
28991
36263
28875
28954
28969
36263
28952
28954
28990
36263
28818
28928
28990
36215
28988
36140
36215
7546
7548
7552
7545
27003
35894
7546
26981
7547
28998
35770
7549
7555
7550
28998
29000
28975
28985
28999
7558
26975
28976
28979
7577
7691
35944
7558
7559
28406
28971
35935
7559
26994
28354
7561
7571
7578
7563
7585
7563
7586
29117
7569
28712
28713
28717
7566
7567
28712
7571
28721
7569
7570
29052
29055
29124
7571
29121
7572
29055
7601
29119
29121
29122
7574
7576
29175
29147
7581
29144
7578
29181
7724
36552
7587
7602
7582
7585
7588
7581
7582
29844
7588
29237
7583
7584
29090
7586
29091
7586
7587
29129
7588
29233
7590
7593
31083
7591
7592
29138
29149
7705
8046
8037
29146
7600
29253
35288
35323
28232
29121
29128
35262
7598
7604
29243
35151
7598
28623
35144
36508
7606
29253
29178
29196
35070
36459
29246
29249
35556
7602
28707
35262
29207
29232
7629
7677
29256
29380
8034
29277
29309
29214
29230
29284
29778
29266
29305
31056
7608
28615
28624
29269
7611
29270
28621
29305
29313
29314
7611
25450
29295
7612
25347
7613
29271
29294
25349
29300
29314
7615
7616
29401
7622
8403
8397
32631
7618
7619
29437
29397
29399
29420
7621
29465
29456
29459
29465
7622
29399
29406
29463
7624
29097
29105
29449
7625
29535
7626
29433
7627
7628
29445
29538
29433
29438
29445
7630
29104
29443
7631
7676
29102
29444
29541
7636
7637
7643
7634
7649
29513
7637
29455
7637
7638
8405
8391
8399
8402
29454
29261
29323
29343
29360
29272
29357
29468
32652
29326
29357
29487
34729
7647
8390
32467
7647
7649
8392
7645
7647
7649
7648
29504
7648
29512
32474
32463
29516
7654
29506
29592
7652
7654
29529
7653
29574
29543
29569
29596
29503
29592
29626
7657
8368
29634
29643
7661
29644
32367
7659
7660
8107
32426
29336
32424
34785
7666
7668
29331
7673
29482
32359
7663
7664
7668
32362
7667
29668
32368
7665
29656
32374
8101
8110
8138
7668
7672
8108
7668
7674
29681
7828
7829
32361
32363
29665
29666
31130
34436
7672
25538
29318
29678
8109
29683
7674
7681
29703
29337
29687
7676
7680
29555
29557
7677
29755
7678
29275
7680
29264
29280
7680
29272
29341
29555
7682
29338
29483
29706
29282
29340
29556
29551
29555
29557
29558
29721
29873
29965
30021
7693
29820
29859
29862
29663
29666
29688
29718
29662
29663
29664
29799
7690
29729
29770
34459
7690
7883
31133
34453
7835
29816
7712
35944
35945
7694
7850
7863
7694
29809
29807
7859
7860
30601
7847
29739
29767
29862
7700
29849
29850
7699
29810
34062
7700
7702
7701
7703
29151
7703
7704
7705
8050
31109
8051
29156
7708
7710
7711
7710
7735
29567
7709
7718
7715
7723
7716
7714
7784
37836
37840
29863
34301
7715
29890
29572
7718
7721
7737
7723
7736
7726
7737
29909
7721
29897
29898
7722
29932
29954
29891
29904
7784
36553
37848
29905
29915
30451
30543
7727
7735
7730
7733
7729
29602
30022
30027
7730
7732
7731
29570
29576
7733
30027
29919
7736
29577
29878
29920
7736
29575
7737
29908
30001
30010
30013
33546
29923
30009
30016
30031
29917
30015
33546
33690
20831
32284
32299
29981
29983
29992
33104
29986
32913
33129
7746
8273
30076
7746
7748
29990
30041
7748
30000
30043
8332
29622
29990
33129
8272
32289
32992
33030
32217
32282
32292
32293
8276
8314
33030
7754
7756
29943
30044
33635
7756
29948
30181
30057
7761
30081
30114
7759
7760
30049
30056
30119
30040
30118
30033
30074
7764
7768
32665
7766
7771
30235
30329
30334
30233
30234
30240
7768
7769
30210
30225
32555
32605
30240
7771
30225
7772
30263
32390
32569
7772
7786
30242
7774
7779
30253
7782
30267
7776
7777
7778
7794
7799
7779
30256
30247
30255
30256
7780
7781
7785
7795
7783
7785
7786
36530
37830
7796
30264
7788
7853
8021
7789
7803
7790
7791
7797
7858
7818
7795
7813
34594
34684
34761
34768
7795
7798
7799
7796
7798
7819
7799
7855
30255
30276
7815
30293
7802
7803
7804
7805
7818
7818
8025
7816
8024
7808
7817
7809
34668
34685
34813
7815
7817
7811
7867
34728
34752
7811
7813
7819
30237
30242
30289
7818
7819
7819
8022
30237
30278
30294
7817
8020
7821
30341
30384
7822
7823
7982
30379
30233
30285
30151
30155
30231
30315
7827
7828
8233
30474
7827
7834
30403
30782
8236
32378
7829
30477
29660
32375
7831
8239
30478
30486
8230
28802
29650
29640
29726
30454
30489
28946
30428
30488
30475
30485
31911
7836
7837
29723
7868
7880
30542
7848
7869
29817
7839
7841
7849
7843
7850
7842
7843
30570
7845
29901
29894
29896
7871
29893
29899
29901
7846
7847
29737
7851
29749
29902
7848
7849
7851
7870
7850
29862
7864
29730
30548
7853
7857
7874
7858
8023
7856
7858
30568
7858
30277
30574
7857
30587
30628
7861
7865
7863
29819
30608
7862
7863
7871
30576
7864
7870
7871
7866
30589
30566
30588
7913
34738
34762
7869
30498
30605
7870
30606
30499
30571
7873
7874
30630
7878
8014
8026
30617
7876
7878
31023
7877
30659
30668
31005
30618
7882
7885
29670
30549
7883
8067
30481
7884
30407
30493
30692
7883
29702
29731
30650
29727
30512
32144
7886
8069
30409
8072
25800
30674
30674
30676
30678
30723
30676
30727
30732
30828
7893
30763
31841
30740
30751
30759
31297
7892
7893
30751
7897
31769
31297
7896
7897
7898
7898
31753
31767
7903
7905
30756
31771
8207
7900
7901
7902
7904
7906
7907
30832
7903
30746
7905
30757
7905
31698
31684
7907
31691
30824
7910
7919
30929
7910
7955
7961
7911
7914
30912
7914
7917
30920
7967
34747
34755
7915
7916
7962
7949
7970
7974
30919
7919
7921
7939
7922
7963
7922
27729
31649
31692
7931
7932
30927
30964
8181
31642
31655
7926
7931
31685
7926
8191
8201
7929
31685
31687
31690
8201
8204
31689
7930
7958
7960
8196
7932
7964
31693
31700
7937
30965
30999
7936
7937
31658
21460
30368
31631
32131
21451
31629
30354
7943
7952
7956
7941
7963
7964
7942
7943
7952
7944
7961
7948
7954
7944
7957
7946
7950
7952
7953
30959
7951
7964
30966
31654
7949
7953
7962
7975
7951
7959
7960
31655
7976
7955
7962
7961
7962
7957
7959
7958
7960
7964
7960
7963
30963
7966
7968
7973
30982
34765
34795
34820
7969
30987
7976
30957
7973
7974
7975
30935
30937
30979
30988
30928
30948
30964
30967
30936
7976
30967
30960
7980
7992
30975
7980
7981
7982
7980
30322
30972
30286
30300
30305
30300
30369
7986
7992
8005
7986
7989
7990
30993
8011
8018
8095
20674
20746
7989
7991
8010
7990
31022
8008
31010
8012
30990
26552
29836
30365
30973
7998
8002
8009
8003
8004
8010
7997
7998
8002
7999
8004
8001
8000
8001
8005
30287
30304
8003
8006
8011
8011
8012
8008
8028
8015
8028
31011
8010
31026
8017
8027
8011
30302
30305
8014
8019
31029
8026
31007
8016
8027
8019
8024
8020
8027
30292
20682
20689
20755
8021
8024
30295
8023
8025
8025
30279
30290
8026
30280
8025
30281
8028
31028
8031
25284
25302
8031
29184
29185
25899
29186
28765
29186
29197
31066
29182
29217
29227
36274
8035
8036
29179
29313
31052
31343
29219
29283
31340
31090
31092
31344
8039
8040
29215
29785
29790
31174
31195
8049
29158
29212
8045
31077
31089
8043
8044
8050
8045
31099
8046
31081
31101
8051
31095
8048
8049
8051
29160
29773
31107
31181
31091
31184
8051
31110
8055
30639
31242
8056
30644
30691
8055
8056
31145
8058
8061
8059
31119
31231
8059
31146
31243
8060
31128
31155
8065
30684
31158
8064
29815
30611
8064
8065
30610
31105
31148
25809
30648
30687
30729
30650
30680
31135
25686
30648
30651
30674
8072
29672
30708
8071
31139
31166
31237
8072
8102
31240
31131
8074
8075
31282
8076
30739
8078
31271
8077
8081
8078
8080
8079
8083
8088
8093
8081
8083
31235
31298
8083
8086
31129
8099
8085
8087
8090
8091
8092
8087
8088
31115
8092
19495
19643
20690
40021
8091
31125
8115
8124
8097
8097
8099
31283
8097
31251
31280
8096
19643
20660
8098
8113
31202
31264
31207
31300
8101
8103
8104
8140
29657
31211
30714
30734
31212
31203
31265
31301
8147
29658
31304
8136
8142
8419
31320
8111
8112
8114
25554
8108
8141
31317
8109
8110
8111
25554
8111
8139
31201
31324
31331
31423
8115
31208
31427
29296
31214
31331
8128
31190
25577
25604
29297
31319
25630
31469
31481
31471
40502
25693
31465
31481
8121
25699
31493
32705
29297
31359
31426
8123
8125
31044
8124
31035
8127
8128
8126
31395
8127
31414
31417
31040
31418
8130
25731
27982
31511
32736
8132
8134
8439
31501
31594
31441
31499
31500
31520
8135
8175
8177
8438
8144
29303
31490
19129
19506
20613
8139
8140
8145
8141
8143
8149
31266
8142
32408
8144
32413
8144
31260
31261
31454
8149
32391
32396
8148
8150
8158
30785
8148
8149
8159
30790
32397
8169
8160
31539
31542
8152
31278
31281
8153
8155
8154
8156
8171
8172
30777
31556
8157
31552
31557
31568
8159
8160
30771
8170
31306
31554
31575
8162
8163
8168
8168
31446
31447
8164
8166
8167
31562
8166
8171
31288
31254
8172
31578
31262
8170
31267
31571
31286
31576
8172
31279
31577
8174
24208
31583
8175
8357
8351
31595
24158
24208
24337
8350
8351
32407
8352
8359
24214
31536
24208
31593
31880
20682
20727
20730
20731
31646
31661
8185
8189
8190
8184
31607
31647
8185
8195
8187
8192
8193
8195
8190
8192
8192
8205
8209
8196
31661
8191
8196
8211
8194
31620
8206
31616
31613
31657
8202
8203
8216
8202
8206
8220
8200
8207
31703
8203
8204
8211
31688
8209
31758
8205
8209
8211
8209
8210
31697
31754
8210
8211
31650
31702
31652
31782
8214
8216
31759
8214
8218
8223
8215
8219
31724
8220
31747
8218
8247
8250
31709
8220
31720
31783
31734
31750
31797
31825
8223
31738
31760
8251
31749
8225
8226
31975
8227
32303
31971
32314
8229
32002
8229
32000
32317
22041
8240
8369
28763
30939
31777
31816
31829
23201
31891
31899
31902
8234
8236
8239
8235
8241
8370
8240
8372
31906
8237
30813
8241
31962
32384
23389
23428
30807
31910
8240
22530
31908
8361
23180
23450
31960
31981
31989
23030
23228
31795
31923
8247
22769
31858
32005
8248
8255
31994
8248
8250
8263
8250
8251
31858
21693
22769
31858
31725
31679
32005
20656
20668
39874
31706
31707
31715
8256
8257
31707
8257
31726
32029
8259
8261
32028
8262
8356
19619
20510
32020
31723
32022
31717
8309
19637
20436
31706
31725
31726
22928
31672
31675
32026
8268
8269
8312
8269
22230
32044
8268
32037
32152
32052
8307
8275
8280
32195
8272
8273
8275
8274
8276
8274
30088
30089
32289
8277
8279
8310
8278
8279
32195
32201
32203
8295
30075
32193
8283
8290
32121
8287
8288
8289
8289
30121
8288
8290
8291
8288
8291
32214
8291
8303
8308
8289
32211
32122
30084
32193
32222
32227
8322
21163
32078
32212
8295
8296
8316
8297
8310
8297
8304
32203
32216
8299
8316
8320
8323
8301
8304
8301
8305
8306
8303
8305
32199
8308
32215
8305
8307
8312
22245
8312
32230
8313
8354
20441
8321
21028
21049
32070
32223
32229
32224
8317
19602
19620
8321
32243
33049
8316
8323
32250
8321
19590
19593
20487
32247
32284
32299
29979
32274
32282
32078
21163
21049
22269
22331
32248
32284
8329
20830
32254
32275
32935
8329
8330
8333
8330
29610
29986
32273
32275
29979
32254
32279
29988
29990
33088
29608
29613
32443
32469
32479
32484
28825
29975
29991
29997
8338
32500
32515
8338
32309
32501
8342
8340
8347
8359
32355
8343
8344
8342
8343
32347
32310
32353
32319
8359
32316
8346
8366
32553
32664
32328
32352
32518
8348
32357
8349
8352
8350
8357
32346
8357
32412
24337
31537
31532
31538
32321
32337
8356
19633
20445
20330
31532
32322
32323
20263
20474
31537
20363
20367
39981
8364
8361
20330
23144
32323
8371
32385
8364
32330
32356
32399
8364
24214
32320
32386
32334
8366
8367
32445
32556
32332
32373
29479
32360
32454
8369
29627
32372
8372
32440
8371
8372
32369
32324
32371
8373
31909
32327
32449
8376
8377
32459
8376
8384
32471
8381
8378
32462
8383
32542
8381
8382
8384
8382
8385
8386
32263
8383
32492
32493
8385
32258
32453
32241
32258
32503
8389
8390
32526
19918
20012
32585
8391
19918
8392
32480
8392
8406
29494
8401
8409
20088
32610
8411
32592
32616
29373
32609
32636
32651
8411
19980
32595
32598
8398
8403
32632
8400
8405
8401
8405
8406
8401
32618
8403
8405
29467
29470
8407
8454
29382
29471
20088
29496
8408
29498
34694
29372
29490
32634
8410
20104
32593
29365
32618
32622
20143
32579
8415
8448
28141
8414
8415
32603
28143
32623
32606
8417
8420
29332
32653
32561
32568
32594
8454
19898
29384
32638
32409
32683
35019
32431
32647
32670
8424
8425
28111
32701
8425
27995
32699
32721
8458
8539
18009
8428
27956
32710
27993
28016
27948
28012
28018
27954
28014
32734
32740
27957
32685
32738
8445
32655
32671
32686
8431
8434
8439
8433
31504
8435
32730
32773
31506
32727
8435
8436
8437
8437
8438
32767
8439
32681
31517
8443
19632
32774
8443
32615
32766
32758
32765
32774
8463
8445
19617
27957
27960
8461
32768
28014
32734
32745
32757
8449
8455
28018
8450
8459
28155
8451
27950
8451
8463
19632
27948
27950
8456
27962
28157
29372
32629
27958
8457
8462
32636
8461
32654
32656
8539
20386
8460
8463
32607
8462
32612
32613
8462
27960
27961
19676
8467
8469
8481
8466
8485
32852
8467
8526
8468
8489
8501
8474
10085
10096
8471
8472
8481
8475
8493
8473
8479
8474
8480
8481
8517
8476
8503
8477
8479
8478
8498
8479
8480
8515
36817
8502
8483
8484
8491
8488
8489
8487
32784
8488
8489
32861
8487
8488
8549
33011
8505
8491
8494
32788
8505
32787
8493
8494
8501
8502
8503
8495
8497
32788
8497
8503
8506
8513
8499
8503
8514
8500
8520
32819
8502
8504
8519
8502
8505
8505
8523
32827
8509
8513
8514
8508
8509
8511
8513
32796
8512
8512
8901
8906
33613
8906
18419
8514
32789
32820
8517
8520
36818
8517
8518
10035
10092
8519
8519
8522
32810
8520
32823
9711
10928
33630
8523
9699
32859
32829
32862
9648
9695
32842
32865
8527
8528
32854
10087
10096
10097
32867
36674
10017
10098
8532
8538
9662
8532
8533
32885
32876
32878
32885
8534
8536
8546
8535
8537
8538
8553
8537
32901
32917
9657
20290
8542
8544
8547
8542
8547
8548
8543
8545
32856
8549
32850
8546
32889
8548
32886
33015
8556
32901
32864
33007
8554
8555
32906
32919
8612
20286
39987
39988
8557
9653
9689
33014
9650
32915
32917
8556
32901
32917
32902
32915
32917
9652
33010
9641
9685
33017
8559
8561
8569
8562
33521
8561
8562
33550
33386
33551
32983
32996
33397
35425
33027
33031
33039
8566
8567
8582
8766
33039
8568
8768
8569
8585
8584
8772
8571
8577
32790
8574
8586
8573
8574
8575
8577
33523
8580
8576
33507
8578
33508
33523
32786
32793
32794
8581
8582
33033
8581
8587
19358
8583
8585
33042
8585
33504
8585
32999
33522
19358
19375
19431
33504
33507
33524
8594
19375
33044
8595
32783
32792
8598
19358
19375
33034
8592
8593
8595
8597
32925
8597
33020
8595
8596
32926
33036
32897
32791
33000
33034
19321
32953
32978
33516
8601
8604
8630
8602
33056
8603
8607
8605
8614
8619
8634
8606
33058
8617
8620
33056
33058
33063
8609
8610
8618
8611
35068
8611
8613
8617
20279
20337
20345
8615
8616
8615
8617
8619
8619
33093
8620
35060
8636
33077
33083
8622
8624
8646
8623
8627
8633
33120
8648
8653
33106
8638
8657
8735
8739
8628
8630
33325
8628
8633
33108
8631
8631
8634
33107
8634
33333
8639
8633
8638
8733
33335
33336
8636
8636
8637
33079
33338
33101
8638
33080
33102
33105
33107
33108
33109
8641
33112
33169
8643
33179
8643
8648
8653
33146
33137
8645
8647
8692
33251
33121
33122
33189
8648
33121
33124
8648
8655
33142
8653
33097
33106
33109
8659
19908
39954
33091
33131
35017
33097
33131
33145
33146
8655
8656
33143
34949
8657
33253
35028
35029
35034
33103
35028
9403
17025
39426
19875
39747
39776
15440
17074
8662
17065
33185
8663
33178
8665
33157
8672
19908
39955
17061
8680
33214
8668
8669
8681
33217
33226
33227
8671
8679
8671
8676
33226
19334
39950
8677
8898
19844
19887
8675
8845
17002
8683
8697
8847
33201
19335
19830
19888
8679
8683
8698
8684
8681
8682
33227
8684
8684
8699
17052
8686
8687
33223
8688
17041
17054
8688
33111
8689
8690
33172
17039
33168
8706
9405
17023
17028
8693
8704
33180
33144
33190
34968
9406
15451
33191
34966
8702
8709
17027
33192
8697
17033
17034
17058
8698
8846
8699
33202
17033
33205
8708
17044
19033
33230
8810
33200
33245
33278
8704
8705
18959
8704
33249
33258
34612
34611
8711
19053
33254
18959
34623
34640
33110
33212
33281
8710
8711
33232
8710
8711
33126
17042
33224
33250
8715
33377
33388
8714
8715
8723
8716
33307
8774
33390
8717
33390
8718
8720
8719
33381
8721
8783
33302
33307
33316
8786
33316
8723
8732
8757
8731
8762
33285
33331
8727
8728
33322
8888
19823
39935
8729
33271
8729
8732
33272
8731
8745
33277
33309
8732
8743
33340
8735
33262
33337
8744
8746
8752
8753
8740
33263
8737
33366
34514
34523
8740
33256
33359
8740
8751
8754
33362
8740
9495
33081
8745
8746
33261
33363
8743
8752
8761
8787
8745
8746
8751
8755
33353
33373
33341
8785
33396
34237
34487
33395
33397
33398
35427
8750
8755
8760
32945
34448
34490
8753
8754
8755
8763
33342
33345
33082
34446
34486
8757
8759
33323
8762
33347
8759
33031
33054
8765
8763
19130
33404
8762
8763
33389
8774
33067
8765
8767
33388
8775
8776
8767
8768
33040
8769
8770
8772
8770
33391
33380
32998
33002
33397
33399
33392
33406
33041
33069
33074
33075
8775
33407
33388
33393
33031
33040
33047
8778
8782
33385
8783
33435
33420
33421
33435
8781
8782
33427
33539
33555
33542
8788
33382
8785
9271
33434
33443
33372
33409
8788
33431
33460
33373
33375
34488
33394
33437
8791
8792
8804
8791
8801
8891
8890
8794
8805
8794
8884
8889
8800
8797
8802
34211
8801
8803
33439
8798
8805
8799
34212
8800
34204
8805
9283
8804
9274
8803
34219
8804
8805
8808
8813
8814
8808
8811
33304
8809
8812
8839
33199
33318
33480
8814
33317
8816
33315
8838
33203
33209
8817
8818
8819
8826
8840
33457
8821
8830
8820
8825
8823
33430
8826
8833
8822
8823
8827
8841
8824
8827
33473
8826
33415
33438
8842
8830
8832
8834
8831
8837
8838
8833
8841
8832
8839
8833
8840
8835
8837
8836
8841
8837
33498
8839
33489
8840
33492
8842
33469
33494
8844
18771
33210
8847
8848
8847
8848
16775
8847
33204
34630
16737
16759
8852
8860
8862
8851
8852
9180
39458
8853
8854
8856
9206
18876
34102
34114
34119
34129
9185
9200
9180
9184
39456
39458
16237
16746
39444
39445
8860
16743
18593
8862
18872
18902
18593
18876
16198
39445
39448
39461
16237
39459
8868
33527
33571
33576
33581
33518
33536
33597
8869
8894
33679
8872
8873
33813
8873
8874
33807
8892
9025
8887
33588
33826
8876
8879
8882
8885
8878
8879
8890
8884
9011
8880
8881
8883
8882
8887
9003
8892
9009
8889
8890
34242
19863
39933
39939
8892
9002
8898
19850
9018
9277
8891
34239
9012
9003
33544
33600
33601
8903
18512
33685
8896
33687
33688
8903
8905
8899
8901
8906
19822
19889
8900
33528
8905
8918
8910
33511
33525
33528
33511
32794
32799
33508
33510
8908
18347
8908
8913
8916
8917
8918
8911
10054
8911
8918
33614
8912
8926
8914
8918
8914
8919
8928
19767
19787
19834
39675
8917
33652
33621
33670
8920
8928
33654
8921
33647
8922
8927
8923
38842
33649
38846
8925
10051
10053
8927
8928
8928
8929
10058
38848
10059
33622
33650
8941
33712
33729
8953
33726
33731
8934
8935
8937
8934
8938
33658
8945
8936
8942
8945
8946
8938
8939
8954
8940
33822
8941
8942
8943
8943
8946
10868
8947
8953
33632
39029
33653
8947
10869
10854
33656
33698
33720
33723
8968
19841
20295
39953
10935
33722
33722
33724
33725
33675
33677
33691
33725
33633
18142
33640
33681
8957
9060
9093
8957
8958
8965
33839
8963
33845
8962
8976
33701
33700
33701
33703
8964
8975
9100
8964
8965
8965
33704
33711
9094
9097
8969
33716
8969
9119
24742
8972
19770
20195
8970
8971
8976
8974
9116
8997
19813
19839
24747
39051
39104
8975
9117
8976
8980
33702
8979
10929
33728
33727
39049
39082
39084
8983
9714
8981
9106
33736
9105
39081
39082
8983
8986
9703
8985
9715
18266
18279
33608
33609
8986
8991
33735
8990
33605
8989
18093
33735
33741
8989
18093
33783
33881
8991
9107
8994
9705
33610
9109
33871
8993
9708
32977
33778
8995
35362
35431
9707
33784
33873
8996
9004
33779
9005
9047
9048
9056
19834
39902
18573
33560
33587
33601
9000
33582
35420
35428
34245
35419
35430
32986
33596
33602
9003
9020
33600
34247
9005
33780
35419
33792
34243
9007
9008
9013
9015
9018
9010
9032
9010
9011
9012
9011
9018
9020
9026
9014
9029
9015
9016
17600
9030
34188
17506
33802
34185
34205
33798
9020
9031
33785
33793
33795
9023
9028
9042
9027
9030
9076
9024
9032
9025
9043
9026
9038
9031
9032
9028
33856
9029
9030
9032
33797
9040
33794
9034
9035
9037
9036
9043
9042
33859
9039
33816
9039
33848
9040
9043
33831
33830
9041
33860
33788
33852
33877
9043
33857
9078
9289
34205
9075
9079
33789
33799
9050
9279
9291
9358
9048
35400
35405
9049
33878
9050
33801
33883
33911
35402
9052
9055
9057
9053
9054
33977
33970
33861
33916
19785
19787
39903
9058
9101
9059
9060
33836
33855
33861
9102
33855
9062
9099
33853
33868
33754
33885
33914
9570
33760
33907
33971
9069
33893
33902
9066
9069
9073
9077
33901
9070
9071
33842
9070
33854
33920
9070
9072
9073
9074
9076
9074
9077
9298
9076
9079
33858
33862
9078
34206
9079
33921
33922
9246
9342
9382
19270
9082
33930
34359
9085
33933
9084
33899
33942
9086
33903
9086
9328
9324
9088
9090
9096
9089
9095
9096
9110
9091
9092
9101
33961
9093
9094
9097
9102
9097
9100
33957
33960
9100
9098
9099
9108
33783
9102
33755
9111
9102
33977
9110
33764
33974
33979
9105
9110
9128
33984
9106
9713
9107
9111
9108
9109
9111
33756
9716
33765
9111
9113
9117
9129
9115
39126
9115
9118
39127
9116
9117
9119
39083
9119
39125
39080
9121
9126
39121
9124
9125
9123
10981
25043
9124
34003
10986
9126
34001
9127
9128
9129
9130
33986
9130
39129
25031
39073
9132
9133
9135
9134
34070
9215
34058
9136
9141
9137
34056
9137
9142
9138
9139
34046
9140
9142
9171
9173
9142
34072
34085
9144
34012
34303
9320
34016
9146
9147
34717
9152
34031
9148
9150
9151
34695
34015
34016
34031
9151
34022
34035
9153
34718
9319
34029
34722
9157
9163
9164
9156
9162
34565
34666
9161
9163
9164
9394
34576
9159
9160
9165
9177
16234
9161
9163
9166
16269
9166
9168
34724
9165
16239
9175
16274
9168
9241
34581
34720
9176
34580
9170
9172
9174
34050
9175
9238
34059
9173
34083
34086
9173
9177
9174
9217
34057
9176
9177
9242
16240
16241
34067
34068
34096
9181
9183
34068
9182
9185
9182
9196
9185
9184
34080
39457
39462
9207
33483
33494
33498
34133
33497
34131
34134
34142
9189
9194
9264
9190
9208
9192
9256
9192
9193
34222
9193
9205
9199
9226
9197
9199
9202
9197
9207
34090
9198
9201
9208
9208
34147
9201
9203
9207
9204
34095
34096
9204
9206
34136
9205
9208
34135
34112
34137
9210
9211
9229
9224
34074
9212
34069
9213
9215
9216
9227
34069
34070
34075
9217
34071
9239
9244
9247
9244
34087
9219
9222
9230
9220
9229
9221
9227
9230
9235
9251
9223
9225
9224
9226
9229
34144
9230
9231
9259
9228
34150
9229
9247
9231
9264
34157
9255
9259
34152
9233
9236
34115
34121
9237
17043
34169
34030
34167
34304
34725
9248
34153
34171
9237
33470
34145
9270
34176
9239
9242
9244
9249
34024
9241
9249
34122
34165
9242
34118
9243
9245
16242
34120
9245
34088
34139
9431
9464
19264
9248
34151
9249
34154
34167
9372
34539
34540
34730
9255
34306
9253
9254
9267
9266
34195
9255
34193
9257
9264
34225
9260
9262
9259
9263
9267
9267
9261
34213
9265
34224
9263
9265
9264
9266
9267
9268
34158
34196
34218
9386
33442
34168
34499
33446
34190
34541
33450
34234
34236
17682
34187
34201
34208
9274
9275
9283
34173
33440
34240
9281
9288
34241
9296
33790
34182
9278
9288
34250
17483
33798
34256
9287
33802
33805
9285
17682
34176
34190
9286
34200
34251
9286
9362
34174
34201
9288
34204
33449
34200
34249
34501
34201
34202
34283
9287
34191
9361
34244
34189
9290
9291
9306
9291
33909
34263
9359
33917
34263
34273
34274
9294
9296
9304
9307
9333
9296
34288
34302
34308
9299
33796
9300
34179
34206
9305
34183
34186
34192
33796
34181
34186
34199
9305
17345
9306
34182
9334
34182
34193
9309
34266
9332
34308
9309
9353
34170
34264
9363
34177
9311
34319
34327
34333
9312
34293
9318
9320
9339
34322
34324
9339
34321
34733
34340
34736
34745
34746
9318
9319
34739
9318
34325
34327
9320
34279
34310
9322
9323
9333
9324
9330
33898
9324
9325
9328
9329
9331
9327
34337
34351
9328
9329
34362
34329
9334
33897
34261
9332
34338
9333
34267
9334
34269
9337
9338
34372
9337
9418
9442
9346
9441
34733
34386
9341
9344
9345
9346
34387
19241
19385
19391
9344
9423
35168
9347
9423
9427
9429
9429
34373
17241
34387
34402
17241
34385
34427
9382
19245
19253
19385
17296
34325
34327
34740
9352
34549
34734
34743
9356
34435
34552
9364
34270
34282
9355
9356
34332
34438
9357
9366
34433
9379
34330
9367
34259
34365
9359
9361
35404
9360
9363
9365
34265
35408
9362
34478
9363
9375
9364
9365
9377
9367
34271
9367
9380
9381
35322
9387
16822
17075
34534
9372
34164
34280
34540
9372
34535
34544
34562
9373
9376
34164
34277
34737
9374
9388
34202
9375
34174
34480
9377
34482
9377
9379
34286
9380
9380
9383
34472
34543
9380
34531
9383
34416
35324
19250
19260
34554
35327
9497
34467
34556
35317
34593
34599
34607
34615
9390
34534
34616
17188
34539
34566
34164
34541
34542
16814
33360
33368
34532
33354
33468
34117
33471
34115
34117
34124
16842
33239
33244
33357
9397
9398
9399
15680
9396
9399
9400
9396
9400
34645
34646
9397
9404
15694
34629
34638
34627
34569
34639
9404
18999
34621
34629
18990
33244
34613
34632
9405
34621
34890
34648
34889
9406
34623
34894
34969
9409
9411
18999
34639
34622
34634
34635
34640
34627
34635
34638
19053
33244
33255
34614
34618
34634
34641
9413
9416
9428
9417
9437
9415
9416
34829
9417
9456
9434
9438
9424
9429
9443
9421
9422
9514
9425
9524
34841
9423
9426
9423
9432
35166
9427
9428
9426
9434
9427
9434
9444
9430
9432
34428
34759
19381
19391
20019
9433
35172
9522
34760
34998
34837
9436
9437
34777
9439
9442
9444
34774
34773
34774
34794
9440
9441
34709
34789
9442
34742
9443
9444
34764
34763
9447
15543
9447
9450
34801
15545
9450
15552
15588
15567
15568
15670
9452
15568
15575
15584
15598
15589
34844
15569
15542
15568
34678
15513
15554
34829
34844
34851
11263
15562
15563
15566
9461
15500
34867
15436
15459
34915
34934
34827
34834
34836
9463
34869
9463
34804
34846
15485
9486
19250
19386
9466
15503
34897
34802
34806
15501
16718
34858
34932
16919
34664
34761
34819
9471
9472
34921
33152
33153
33164
15430
33152
33134
34933
9474
9476
34912
9475
9483
9490
35016
9477
34938
34918
35036
9489
34948
34950
35030
9482
9485
34983
9482
9483
35120
35105
35111
35120
34981
9490
34991
9485
9501
35106
9487
39763
39764
39799
9519
9525
9489
34520
34996
35115
9490
34990
35117
35063
35078
35525
35063
35096
35108
9495
34522
35031
35032
33085
33100
35023
35069
33086
34528
34454
35072
35122
35481
9614
34460
34557
34452
34518
34551
34997
34451
34452
34460
34558
35087
35088
35092
9502
9508
35121
9504
35088
19391
20004
20022
39750
9508
35133
35091
35138
9510
16280
35094
35145
9508
9523
35006
35137
9515
9510
34461
35007
35129
34451
35143
9513
9521
9524
9516
9521
9523
9516
9518
9521
9522
9524
9517
9523
9525
9517
9525
9520
34850
9520
9525
34984
34987
34812
34999
35003
34842
9527
9528
9529
9530
9558
35146
35162
35163
34403
35192
9531
35146
9557
35147
9533
9535
35867
9534
9543
9587
35214
9536
35875
9538
9539
9538
9552
35621
9544
35880
9540
9543
9544
9541
9548
9542
9543
35187
35195
9588
9553
35300
9554
9624
9635
9547
9548
9551
9549
35183
9553
35196
9555
9558
9551
9552
9634
9554
9553
9632
9559
9555
9556
9557
9621
9558
35209
35199
9636
35197
35301
9561
9562
34441
9563
34394
9568
34388
9564
9566
9568
35256
9566
9567
34396
9567
35240
35253
34346
17267
34407
34430
34432
9577
33762
33915
9574
9581
9741
35230
9573
9574
33766
33954
9578
9579
33763
33752
33953
9576
9596
9597
33938
9577
33925
9578
35281
9579
33940
35290
35291
9581
9727
35341
35785
35234
35294
9583
9584
9587
35186
35191
35203
9585
35215
9586
35243
35203
35241
9588
35220
35191
35307
9590
9591
34366
34408
9598
34356
35331
34410
35250
35298
9595
9596
9598
34272
9594
9595
33912
35406
9596
33918
35367
34273
35413
9597
35293
35297
35296
35325
32962
32966
35464
35493
35360
35363
35364
35750
9604
9605
32965
35748
9605
9686
32950
35744
9604
9645
35368
35439
32959
35360
16122
32962
9610
15866
35517
35526
15835
35054
35498
9609
35528
35082
35101
15872
35476
35523
35477
35486
35525
35515
35518
35528
35061
35072
35075
35480
9616
35328
35335
16175
35193
35201
35208
16405
34458
35446
9619
9620
9624
9682
9890
19796
39758
9627
35516
9621
35095
9624
34420
9623
9626
35442
35487
16378
34418
35099
9639
9637
34420
35148
35198
9638
35148
35350
35086
35104
35529
34417
35312
35313
35315
9630
9633
9634
9631
35570
9632
35541
35626
9634
9636
9635
35520
9635
9639
9637
35545
9638
9639
35351
35524
35531
9641
9646
32916
35581
9642
32918
35353
35448
35451
9645
15989
35391
35540
15982
35444
35534
35535
16122
35539
9650
9653
35579
9648
9653
9688
35592
9651
35687
9651
9652
9653
33016
9652
9663
32870
32884
32890
9655
9661
35557
9659
9662
9657
35572
35577
9662
9663
9659
9661
9668
9660
9669
32878
35566
32888
32891
35580
9670
35665
35671
9669
9670
32874
9671
9672
9679
9679
9683
35613
35635
9669
9671
9672
32893
9671
35632
35635
9674
9960
9967
9968
9813
35648
9676
9967
9969
35649
9680
35650
9678
9680
9681
35613
35651
9681
35681
9966
35680
9922
39659
39817
35596
35628
35645
9735
9970
32845
35646
9686
9689
9690
9690
35759
9691
35373
35723
35751
9689
9700
35601
9694
9691
35451
16018
35605
9697
9698
9706
35761
9694
32834
35742
35764
9700
35760
9696
9699
9700
10029
10030
32814
9709
32813
35714
32808
32812
32813
32807
35742
35708
9704
9706
35754
9704
9706
35727
9704
9705
33750
9707
35755
35752
9708
33758
35369
35747
9710
9717
32809
9711
9723
9882
32811
9721
9744
25030
39076
9716
9742
39075
9715
9719
10930
9716
33770
33773
9723
9732
9736
9719
9720
9723
9722
9724
9724
9728
9730
9722
9725
9844
10927
36279
36277
9725
15608
9740
9846
9727
15522
35732
35779
9746
35379
15365
35724
35735
9742
15627
33769
33773
9734
9737
35725
9738
35773
35795
35911
9736
9737
35711
9734
9738
9845
9877
9737
9738
9975
35659
35703
9873
35702
35716
35899
15446
33753
33765
33773
9744
9752
15627
9745
9746
33771
9744
33985
9746
15446
33771
35380
33982
9750
15594
33751
15522
9749
9753
35781
35794
9749
9761
35844
9750
9751
9753
33751
33981
35827
9753
33988
35797
15594
9755
9762
35826
9758
9767
9757
35827
35828
35844
35813
35835
35836
9759
9768
9760
35227
33992
35834
9786
35774
35813
9788
35224
35223
35817
35835
35845
33953
35828
35830
35839
9766
9767
9792
36198
36250
9768
9791
36213
36214
9781
9783
9792
9771
9776
9790
9809
35903
18163
18168
19864
39757
9774
9778
9789
9775
9776
9777
9779
9789
9778
9783
9785
35872
9780
9781
9782
9790
36237
36253
9784
9785
9788
9787
35876
9787
9788
35776
35771
35782
9791
35895
9792
35775
36254
9794
9795
35641
9796
35619
9797
35866
35631
35874
35644
35878
35621
35631
35854
35884
9847
14384
35795
36246
9804
9944
9971
9802
9803
9820
9807
9811
9805
9807
9805
9808
9954
9808
9809
9810
9810
9813
9810
35907
9812
9816
35920
9951
35904
35906
9968
35905
9978
35897
35905
35906
9818
9819
9820
9820
9952
35921
9818
35953
36476
9956
35917
35968
9955
9822
35988
35990
9823
9835
9829
35984
9825
9830
36021
9826
9827
9833
9835
9828
36023
9829
36018
9835
14898
9831
36028
9832
9833
9834
9837
35944
9834
9836
35946
9836
35947
35996
35945
36001
36029
9839
10469
36043
9840
36058
9841
38390
10996
36061
36004
36110
36123
36344
35802
36240
36246
36251
9846
9864
25035
9846
9874
35796
35805
14498
35801
36259
9850
10947
36251
36301
9850
35800
36211
36270
10948
36268
9853
9856
9860
9859
36346
36353
36365
9854
36353
36452
36334
36354
36454
9861
9863
10950
36304
9859
9860
36309
9858
9860
9866
9860
36328
36329
9861
36307
9893
36365
9872
36277
36283
36284
10944
36281
36305
9875
10946
36283
10944
10946
25037
36302
9869
36285
36310
9877
9881
35902
36299
9869
9870
9879
9871
36311
9871
9876
36322
9872
36284
9873
9875
9876
9877
9875
9877
36312
36303
9979
35697
36314
36602
36619
36621
9880
9982
36313
9973
36605
9977
9980
36300
10932
36286
36321
36284
36286
36291
36323
9887
9888
36359
36374
9889
10140
10900
39008
9887
9891
36335
36350
36339
36367
9889
36332
36387
36983
18146
19828
19864
9892
36405
36431
36374
36390
36408
10925
36336
36366
9895
9896
36391
36401
9896
36360
36362
36005
36081
9898
36404
36455
35949
36416
36453
9910
36413
36456
36507
10041
36432
36584
36781
9903
9904
9915
9905
9920
9921
37018
9905
9921
9909
9932
37034
37033
37039
37069
9909
36570
37039
9938
10145
36446
36591
9936
37035
9918
36414
36442
9912
10365
36511
9913
9914
9915
9926
9916
10196
9921
9925
9920
9921
10025
18562
19851
39934
9923
36490
36509
9920
10195
37014
19897
39660
39897
9937
36447
37016
9926
9931
36499
9926
9932
9937
36512
9928
9929
9934
36474
36500
9930
9931
9934
36580
36581
9932
9936
9937
36509
36512
36514
13744
9938
13683
36582
36593
9938
36583
9938
9940
10006
36578
9942
36635
9942
36649
36693
9943
36579
36700
9947
9954
9972
9946
9947
9997
9949
9953
9948
9949
9950
36470
9954
9956
9952
9984
36603
9955
36612
9999
36475
9955
9956
36479
9959
9960
9967
19796
19861
39758
39933
9961
9962
9964
9963
9965
9966
35688
9964
9995
9971
36632
36644
36652
9969
35683
9969
9971
9987
9970
9988
35685
9972
9986
10008
9981
9982
9990
9992
35686
35705
36653
9976
9988
35704
9977
9978
35897
9980
9983
9984
9987
9980
9982
35706
9982
9985
10004
36608
9984
9985
36621
9986
10007
36618
9987
10009
9988
36647
9990
9993
36589
9994
10010
9993
9994
10028
36736
9994
10005
32847
36732
35698
9996
10008
36652
9997
9998
9999
10008
10000
10001
10002
10007
36636
36645
36652
10002
10006
10003
10006
10013
36577
10007
10010
10011
10010
10012
36656
36636
10009
10009
36654
10011
10013
36590
10013
36650
36692
36595
10015
37045
37049
36687
36725
10017
10019
10023
10099
36676
10019
10022
36722
10020
10021
10089
10101
36724
10024
36694
10024
36667
36689
18163
39711
39757
10027
10029
10030
35600
10028
10031
35695
36317
36740
32843
36758
32817
35710
32815
35696
36324
10033
32847
35707
36738
32844
36673
36760
10100
13607
36733
36755
10036
10102
36819
32816
32818
36742
36751
36755
36759
36762
10039
36765
36783
13583
36319
36865
10041
36737
36771
10042
36433
36596
36753
37055
36427
36430
36767
36774
36769
36807
36851
36858
10046
10048
10070
10833
36840
10048
10832
38843
10060
10051
10054
10056
10052
10056
10073
10053
10058
10053
10060
38849
10055
10058
10056
10057
36817
36827
36880
10059
36827
38854
10072
38844
10075
36863
10063
10065
10066
36871
10065
10067
10079
10066
10068
10068
10069
10073
10070
10081
10072
10082
10086
10220
18237
10073
36870
36861
10077
10083
10132
10083
10130
36873
10078
10128
10136
10078
10079
10080
10081
10083
10081
36849
10082
36800
36847
10090
10091
10095
10090
10095
10096
10156
18534
10088
10098
10089
10090
10099
10101
10101
36876
10093
10096
10102
10094
10097
32863
10102
10103
13596
36864
10098
32869
10099
36733
10101
36749
36875
36866
13596
36742
36750
10105
10107
10109
10111
36884
10107
10153
37094
10113
37096
37101
37111
37111
37276
36893
36895
36897
10113
36885
36893
36888
36896
36929
10114
10119
10123
10164
36951
10118
10122
10126
10118
10120
10167
10118
10119
36909
10123
36894
10121
10152
10122
36727
10133
10165
36908
10125
10126
36900
10128
10131
10133
36898
10134
10136
36903
10132
10136
10130
10131
10135
10132
36776
10132
10135
36728
36833
36852
36729
36850
10148
36730
36770
36911
10139
36890
36918
10797
36922
10793
36984
38779
36905
36978
36992
37003
10143
10147
36965
37011
10148
10166
36913
10145
37035
37064
37065
36449
37065
36434
37055
37061
37065
10148
36429
36435
37061
10150
10153
10167
10154
10155
10152
10154
37067
10167
37060
10164
37004
10160
10157
37113
10179
18220
10158
10162
10159
37114
10162
37023
10161
10163
10162
10163
37047
37050
10165
37006
10166
10167
37021
37062
10171
10197
10382
10371
10395
37567
10172
10183
37580
10172
37563
10173
10174
10389
10185
37129
10177
10178
37466
10177
10224
10277
10180
37488
10201
18222
18229
10181
37090
10185
10183
37481
10184
10185
37075
37162
37572
37088
10187
10191
10359
10190
10360
37085
37106
37118
10190
10194
10196
10197
37087
37071
37085
37088
37129
10391
37106
37107
37120
10195
37116
10196
36491
10368
10383
37140
36977
37025
37026
37125
10455
36950
37174
10411
12722
37074
37258
18274
39665
39668
10203
36892
37284
10204
10213
37185
37204
37265
37266
37271
37341
10208
10217
10275
10208
37223
37229
10247
10216
37338
37339
37341
10211
10215
12511
10213
10214
10214
37202
37243
10215
37215
10217
12545
37283
37271
37343
37349
10219
37224
10223
37280
37285
10275
12511
37341
18551
10225
37139
37271
37331
10223
10224
37080
12655
37091
37267
12622
37265
37296
18221
18551
18592
10239
37305
10230
10234
37305
37314
18221
18537
18587
39668
27430
37429
10233
37306
37314
37318
17854
17855
17856
39724
37301
37316
10237
10241
10240
37345
10248
37316
10244
18704
18711
39723
10240
37306
37324
37345
37346
10245
10247
37327
10245
10248
37367
10272
18623
39717
10246
37225
37369
37241
37347
37346
37366
10258
10724
37149
37238
10255
10256
25995
27341
10253
10256
10262
27426
27396
27398
38628
38639
25997
38628
38632
10257
10723
26456
38637
10613
37398
25997
26000
26470
38638
10259
10704
37150
37249
37359
38669
10704
10709
10751
38160
10262
37352
37395
38632
27425
37402
10598
10599
10611
37461
10265
10296
37468
10267
10268
10267
10271
10295
10269
10270
37490
10270
10271
37418
37523
40336
17915
18631
39715
10274
10277
37337
10276
37472
37332
37338
37330
37484
37334
37467
10279
10281
10282
37470
37479
10281
10285
10298
10299
10284
10286
10285
10286
37575
10287
37579
37534
10394
37482
37494
10290
10291
10293
10293
37505
37539
10292
37510
10292
10294
10295
10298
10296
10299
10296
37551
10297
10299
37495
37546
10299
37548
10301
10302
27123
10306
37635
10303
37518
37529
37531
10305
27115
27161
37627
27121
37519
27106
37644
10311
10316
37647
10314
10326
10327
10333
10311
10312
10314
10312
10318
10327
10313
10320
10321
37639
10315
10316
10319
10323
17770
17942
39643
10320
37675
10322
37787
10321
37670
10329
37642
37791
17759
17763
17941
10325
10333
38028
10327
38039
10329
37688
37676
10329
10332
10421
37693
37626
10331
10332
38045
10332
37623
37628
10419
37697
10335
10336
10343
10339
10345
10337
10340
10341
37709
37718
10339
10340
10342
37691
10341
10509
10503
10508
10344
10346
10347
37716
37721
10346
37698
10347
10416
37789
10498
36032
36030
36052
37720
37831
35937
36521
36530
36558
10355
37723
37754
36517
36523
37744
37752
10355
10356
10357
10356
10357
37724
35941
37722
35942
37720
37724
37725
37832
10360
10362
10385
10361
10368
10363
10365
10363
10386
10364
36503
37747
10368
36515
10367
10368
36492
36513
10380
36488
36510
10374
10382
40160
37563
37569
40163
40156
40158
10373
40156
40157
40160
10375
37751
10375
10386
37750
10378
10393
10394
37576
40163
37567
37574
40164
10405
37072
37073
37093
10384
10385
37748
37573
37576
40158
10383
40159
10385
13114
10392
13119
36487
10386
37736
10420
37586
37625
37664
10392
10396
37745
37105
37129
37140
37108
37124
37126
37259
37116
37119
37072
37810
12986
37127
37565
37579
10396
37571
37665
10403
37814
36520
37758
37760
37761
10402
12459
37754
10400
10401
10425
37770
10403
37806
37816
10417
37726
37808
12405
37733
37744
37769
10412
10454
36494
37130
10409
37815
37866
10407
10408
10411
37178
10457
10458
10460
10411
37863
37864
10411
10412
37074
10446
10465
37811
37875
10458
37821
10414
10428
17849
17950
17936
17945
17973
10428
17660
17760
17764
10422
10515
37700
10424
10427
10518
10419
10434
10517
10580
10420
10421
10423
10426
10422
37694
10423
37792
10425
37797
10425
10429
10515
10426
10436
37589
10519
10522
37813
17937
17950
10438
10512
10519
10435
10466
37879
37893
10433
10577
40106
10434
10573
10580
10581
10573
10605
37590
10436
10437
10438
10519
37878
10438
37600
10438
10512
37897
37154
37172
37904
38469
10447
10450
10452
37132
10904
36381
36395
36396
10443
10457
10460
37903
10444
14003
10446
10448
10464
10446
10451
10458
37818
10460
14120
36379
36394
10450
36379
36393
10907
13941
36380
36386
10451
36420
10454
36421
10453
10455
36957
10454
10456
37255
10458
10456
14120
10457
37175
37173
10523
10579
16689
17270
37876
10463
10464
36382
37855
10464
10682
37906
10683
36086
36377
10465
10466
37853
10477
37898
10470
10487
10494
10469
10470
38381
36047
38391
10538
10521
12131
12164
36052
10477
37894
37898
37900
10478
10526
10539
36088
10476
10478
12188
36067
10476
10522
12131
37852
10477
37846
10520
36091
37894
10480
10482
10499
10481
36016
10484
36035
10483
10500
10484
10485
36039
10487
36040
10496
10528
10529
10531
10495
36048
10524
12195
36033
36046
10490
10498
10499
10491
10510
10493
37919
10493
10494
37928
10500
10495
10542
10500
10501
12164
36012
36036
10501
10527
12083
12195
12161
36034
10500
12161
10530
36046
10503
10504
10506
10509
37699
10505
10510
10584
37922
10507
10509
10510
36031
36034
37684
37691
37699
10525
37920
10602
16677
16687
10517
10532
10517
10528
10588
37703
10515
10518
10525
37717
37701
10523
10565
16685
17272
37695
10521
37719
10520
10522
10529
10522
12164
17274
17277
12140
36011
36049
36012
37705
10527
10530
10540
10530
10531
10532
37939
10532
37900
10543
36036
37938
37895
12131
12350
36052
37850
37931
37933
37942
10536
10537
10546
10538
37942
38382
38385
38393
10542
38382
10540
10541
38423
10541
10543
10553
37902
10543
37937
37940
10545
10549
37934
10546
10668
10663
37944
10551
10667
37886
38271
10552
37936
37939
37941
10560
10567
37945
10553
10663
10667
38426
10552
10553
37901
10564
37888
37941
10555
37927
37975
10556
37976
10557
37947
10558
10560
10559
37971
10561
38267
10561
10567
10563
10568
10639
38263
10564
10570
10590
10589
38268
16686
17277
10567
38267
38268
38275
10664
10570
10575
38059
10575
10576
38063
38285
10571
10572
10580
10587
38046
10575
10581
37887
10574
10577
10595
37609
38265
10577
10596
10581
16490
39393
39395
16506
17282
39395
37916
10583
10585
37954
10584
37685
37704
37923
37924
37989
37921
37924
37926
10588
10590
37958
37696
37950
10590
37936
37946
37987
10592
10593
26592
37952
38025
37999
38011
10596
10608
38104
10596
37610
38061
38064
10600
27182
27185
37406
10601
10609
37425
10610
27197
37543
37400
38106
37396
37415
40153
10666
16490
39509
10606
10611
37592
37601
10605
10607
10608
37594
37617
10609
37152
38168
37593
38156
38158
37611
38109
10611
37397
10611
37613
37615
10613
10614
37410
25998
37401
26442
38096
10616
10618
38307
10617
10633
10620
10623
10624
40393
10654
26451
26465
26057
38226
26387
26395
40393
38303
38306
38308
10624
26062
26385
10627
10630
38305
10627
38208
38235
10628
10633
38236
10649
26395
38313
38319
10632
38214
10635
10654
26463
38237
26388
38215
38233
38316
26387
26388
26395
26064
38231
38315
10637
38190
38295
38480
38196
38216
38311
10639
37977
38290
38292
37973
38076
10642
10650
38368
10643
10644
38369
10644
10645
10655
38363
10647
10646
10650
10648
26396
10648
10653
10649
10653
26395
10651
26352
38370
26363
26383
26389
26396
10655
38315
10656
38304
38319
38328
10658
10661
10665
10662
38395
10660
10662
10664
10665
38278
10665
38415
10668
10668
38385
10668
38275
16582
38279
38428
10670
10671
10672
10674
38410
10679
38417
10673
10676
10681
10885
10675
38561
10676
10887
10888
10678
10997
38379
10679
10680
10681
38419
10681
10995
10889
10683
10684
10907
10905
36092
10689
36093
37907
10686
10687
10892
10690
10891
10688
10898
36114
10693
10998
38439
10908
38436
38452
10693
10890
10893
10692
38438
38573
38577
10693
10889
38433
10889
38272
38421
38453
38517
10697
38229
38530
10697
10703
38239
38738
38197
38219
38232
38600
10701
38641
38646
10705
10876
10945
16423
10702
40319
10703
38604
38528
38603
10748
38670
10876
16421
16429
10707
10714
10720
38169
10709
38161
38200
10754
38601
38602
38650
38193
38675
10712
25999
37403
40352
10716
26455
38191
38201
10713
10714
37411
26448
38119
38202
10721
38195
38620
38634
10717
10722
26466
10722
38598
38607
10720
37361
37389
38674
37383
38628
38629
38632
10721
38677
10722
40351
40350
26000
26466
40350
10747
37179
37250
10726
10735
10802
10728
10729
10728
10798
37191
37218
10739
37219
10733
10734
10735
10734
10736
38790
10733
10736
10742
10745
38787
10740
10803
38748
10738
10743
38732
10739
10745
10740
38711
10745
38696
10742
10743
10744
10745
38756
38712
38720
38758
37169
38470
38691
10748
10749
38727
10751
38653
37168
37179
37181
10751
10752
37148
37168
10753
10753
38485
38490
10754
38192
38651
38719
10756
10760
10764
10757
10772
38718
38739
40323
10845
16407
16552
39490
38529
38712
38713
10762
38585
38737
38738
40320
38536
38548
38751
38753
38754
10765
10772
38569
38936
10773
38556
38580
38554
38571
38582
40404
38459
38808
38990
38994
10771
38460
38741
38948
38457
38795
38808
38990
10772
38739
38759
38754
38454
38515
10779
10849
10850
10776
10779
10780
10846
38910
10778
10779
10788
10781
38776
10781
38915
38770
10826
38873
38875
10852
38870
38897
38898
10818
36855
38811
10819
10840
38880
10787
38814
38825
10788
38875
38777
38898
10790
10791
36381
36966
10793
36968
38797
10792
36949
38688
13895
38705
10901
38791
10795
10808
38785
10800
10802
10797
10799
37199
36936
37188
10800
10802
37198
10800
10809
10807
36954
37200
38706
10803
38700
38788
10806
10808
38821
10806
10815
36924
10809
36937
36941
38803
10809
38786
36940
10816
10817
10818
10812
36838
36923
10813
10814
10816
36843
10815
10817
36942
38822
10853
38832
38826
10823
10825
10834
36802
36978
36979
36991
36845
36926
36979
38833
10824
38888
40335
10830
10840
10842
36856
36858
10831
10834
36853
36855
38874
38878
38897
38902
10829
10830
10832
10831
10833
38856
36853
10833
38853
36857
10852
38877
38891
10839
10840
10841
10838
10841
10843
10844
10847
10847
38859
38858
38880
36846
36854
40335
10849
38873
10848
10871
16594
16613
10850
38876
10866
10850
10850
38901
36839
36853
36856
38871
38876
38901
38871
10870
38847
39030
10856
36785
38879
38882
36320
36820
39031
10860
10865
10871
10859
10860
10868
10863
10864
10861
10862
10867
10871
38894
10868
10873
10943
10867
39063
10866
10869
10871
10872
39045
10869
10870
10872
39035
38860
38890
10943
24737
39065
10875
10877
10886
10884
16428
10878
10882
10879
10881
10882
10890
10887
38563
10886
10888
10889
10890
10888
10890
10888
38576
10892
10893
38927
10899
10903
10894
38456
38462
38928
10896
10897
10902
36376
10903
10911
40428
10898
10906
36113
10899
10910
10903
10909
10901
36389
38979
36395
38987
36355
36369
36397
38929
36384
36388
36394
10906
10907
36392
10910
36398
10908
10910
38447
10910
38457
38984
10913
10914
39021
38979
39007
39022
40428
10919
10920
10918
36356
36358
10916
10920
39002
40432
10917
10964
10920
10967
10922
38920
10921
10969
36101
10972
36112
36370
10923
10971
36368
10925
10965
36285
36290
36291
36342
36290
36343
10929
10931
33739
39024
10930
36292
39077
10929
10932
39036
10930
10931
39084
39086
36289
39028
10934
10937
33730
10939
40375
33724
33822
10938
10943
33729
33740
10938
39064
10943
33718
24740
24748
40377
24733
40382
39051
40380
10951
36293
16582
39507
25036
36294
25032
25033
25037
10949
25033
36189
10950
36165
36269
10951
10963
10974
25038
10953
10958
10959
10977
10959
10960
39133
16485
16582
39506
39515
10957
10960
39135
39102
10989
39134
11001
16755
16768
10963
10970
36125
36364
10974
36166
10967
10971
39100
10971
10973
10967
10968
10977
10969
10969
36169
39158
10972
10971
10972
36371
36127
10974
36278
39110
10975
10976
25041
39107
10977
10988
36168
39109
10979
10983
39116
10980
10985
10986
39119
10985
10986
33987
10983
10984
36184
10987
10985
36187
39137
10989
36171
10989
36162
39131
39136
10991
10994
10997
10992
39163
10995
39162
10994
10996
38389
39142
10997
10998
36062
38398
38399
36095
36115
11010
11049
11012
39174
16192
16232
39444
11003
11013
11014
11005
11011
11288
11005
11007
11014
39322
11006
11048
11063
11025
11015
11029
11011
11046
11050
11283
11011
11341
11286
11013
11015
11015
39319
11020
11041
11885
11891
11020
11026
11066
11021
11028
11877
11878
11881
11840
11881
11043
11844
39173
39174
11024
11026
11060
11025
11067
11027
11064
11880
39173
39176
11840
11876
11892
11846
39173
39174
11032
11033
11036
11037
11042
11044
11044
11045
11034
11128
11035
11038
11041
11069
11045
11143
11038
11039
11039
11040
11041
11043
11844
11068
11044
11049
11049
11065
11046
11049
11050
11048
11050
11134
11050
11070
11058
11069
11131
11053
11054
11060
11061
11062
11056
11061
11057
11061
11145
11057
11058
11130
11066
11062
11063
11067
11066
11067
11137
11064
11070
11065
11067
11068
11070
11068
11069
11146
11144
11074
11148
11074
11077
11077
11079
11082
11096
11097
11076
11077
11123
11078
11135
11082
11084
11080
11105
11085
11216
11095
11208
11216
11220
11086
16232
16755
16758
34100
11086
11164
11086
11199
11091
11094
11100
11091
11100
11101
11091
11093
11098
11096
11098
11099
11093
11094
11105
11096
11183
11103
11105
11197
11097
11103
11105
11101
11102
11107
11174
11104
11181
11103
11155
11176
11165
11172
11195
11111
14212
14217
11111
11115
11667
11113
11115
11117
14085
11158
13896
14089
14109
11117
11120
14126
14218
11114
11139
11257
11118
14087
39331
11160
11120
11117
11118
14017
39327
11141
14017
14089
14243
14214
11124
11125
11147
11124
11132
11138
11125
11135
11147
11129
11126
11127
11128
11129
11131
11143
11146
11130
11131
11145
11146
11148
11138
11256
14242
11139
11143
11144
11143
11166
11140
11155
11271
11667
11144
11145
11145
11167
11157
11572
39330
11158
14233
11196
16226
16229
16748
11146
11148
11168
11152
11156
11274
11163
11226
11258
11265
11384
13973
13981
11206
11267
11292
11215
11252
11268
14233
14235
11157
11165
11161
11163
11219
11163
11160
11638
11161
11162
11167
11285
11589
11572
11164
11211
11293
11218
11166
11217
11168
11208
11167
11168
11257
11271
11173
11174
11177
11173
11175
16524
11177
11178
11179
11179
11181
11191
11178
11176
11181
11176
11227
11180
11181
16529
16532
11224
11191
11197
11229
11184
11185
11194
11184
11195
11197
11186
11187
11189
11188
11200
11192
11193
11189
11202
11190
11192
11214
11195
11228
11222
11194
11225
11195
16773
16776
39452
11220
11199
11201
11209
11216
11217
11202
11216
11220
11202
11203
11214
11204
11212
11214
11255
11206
11210
11211
11294
11215
11219
11232
15560
15591
15615
11217
11218
11210
11212
11213
11217
11219
11213
11215
11230
11237
11219
11231
11221
11229
11230
11231
11225
11230
11241
11226
11254
11275
16539
11228
16533
16563
11228
16561
11227
11231
11229
16534
11229
11239
11253
15570
15574
15630
11234
11245
11248
11236
11238
11238
11250
11255
11250
11251
11252
11253
11255
11240
11241
11253
11255
11241
11245
11247
11243
11244
11249
11250
11252
11252
11254
11266
11247
11248
11249
11399
16545
16543
16562
11251
11251
11254
16540
14240
11271
11572
11274
11275
11260
11262
11390
16541
11270
13563
13972
13981
13984
39178
13968
13973
13976
15573
15590
15598
11387
13977
39178
11388
11392
39179
11268
11392
13976
11268
39181
11387
13972
14077
39342
11272
13565
13968
13566
14082
16531
16547
17442
14086
39181
13976
16546
11277
11282
11319
11281
11298
11318
11499
13977
11300
11325
11513
11516
11281
11301
13924
14010
13980
39326
11288
11295
13989
11284
11286
11287
11285
11289
11290
11293
11288
11335
11293
11343
11289
11292
15574
15591
15595
15619
11294
13975
11294
11338
11322
11331
13978
11299
11301
11303
13992
11298
11317
12561
11301
11302
11303
13394
13403
11302
11303
11806
13928
11310
11323
11514
11305
11312
11707
11710
11306
11798
11307
11312
11308
11317
11313
11324
11316
11329
11803
11317
11326
11812
11312
11314
11315
11314
11320
11327
11316
11321
11714
11800
11322
11325
11353
11322
11323
11324
11324
11327
11332
11327
11329
11355
11339
11325
11326
11326
11328
11329
11342
11329
11370
11334
11336
11343
11335
11338
11339
11339
11341
11342
11340
11342
11344
11340
11341
11341
11343
11337
11340
11338
11372
11343
11371
11344
11357
11358
11346
11347
11348
11350
11368
11367
11369
11349
11351
11367
11503
11351
11356
11362
11364
11366
11510
39185
11370
11371
39184
11355
11356
11368
11357
11370
11357
11358
11371
11372
11360
11387
39186
11363
11365
39184
11369
11370
39185
11363
11372
11503
11499
39182
11503
39183
11500
11504
39182
11369
11372
11376
11388
13443
39179
11377
11378
11470
11386
13437
13443
13444
11393
11501
39186
11380
11381
11379
13442
11395
11439
13444
11381
11391
11393
11394
11395
11390
11396
11403
11384
11385
11396
11386
11396
11450
11388
11395
39179
11393
11391
11392
11402
11401
13973
11393
13973
11433
11440
11444
11444
11399
11402
39193
11402
11403
11433
39192
16643
16645
11418
16645
16655
39193
11402
11403
16647
16651
16640
16654
16655
16660
16620
16632
16639
16640
16618
16632
16618
39190
16652
39187
39188
11419
16653
39191
11413
11422
11430
11412
11431
11451
11414
16621
11414
17485
11415
11416
39187
11420
17471
11434
14580
15083
39360
16651
39192
11435
17476
11421
16661
16653
16671
17478
11449
17486
11440
11442
11451
11425
11427
11441
11437
11445
11427
11437
11449
11428
11429
11442
11430
11431
11431
11449
11451
11433
11435
11452
39191
11450
11519
14592
11448
11449
11445
11446
11447
13523
11447
11446
11448
11450
11443
11444
11446
11452
11442
11443
11445
11450
13533
11448
11452
39189
11454
11456
11458
11455
11465
11487
11457
11460
11465
11469
11459
11471
11461
11467
11461
11469
11463
11463
11469
11470
11464
11467
11504
11466
13431
13438
13447
11468
11471
11511
11502
13438
11475
14565
14580
14632
39364
11474
11483
11560
11566
11480
11488
11486
11487
11482
13429
13430
13449
11482
11486
13429
11485
11492
11486
11497
11565
11491
13411
11487
11488
11488
11493
39197
11518
11512
11564
39195
39197
11569
11570
11571
11494
11497
13393
11493
11805
11494
11515
11507
13398
11570
11802
13404
11497
11564
13402
39197
11574
39194
11505
11516
39183
11502
13427
39182
11504
13446
11511
11514
11517
13988
11507
11514
13396
13450
11515
13449
11509
11510
11513
11513
11515
11511
11512
11515
11518
11516
11516
13427
13434
13450
13447
13451
14515
39356
11521
11529
11536
11529
11523
11524
11535
11526
11735
11534
11744
11527
11529
11535
11527
11528
11530
11715
11747
11537
11716
11537
11701
11533
11534
11717
11536
11540
11541
11543
11543
11547
11548
11547
11655
11544
11586
11592
11620
11627
11649
11654
11544
11545
11569
11548
13173
11547
11653
11790
13169
11727
13164
11550
11552
11562
11551
11563
11553
11584
11554
11554
11558
11559
11558
11573
11582
14561
14568
39356
39357
11561
11573
39195
39196
11571
11593
11563
11566
11598
11570
11571
11574
39197
11567
11568
11569
11570
11809
11587
11589
11596
39195
11577
11580
11597
11594
11595
11597
11578
11580
11579
11594
11581
11614
11609
11625
11582
11583
11584
11596
11584
11598
11586
11590
11598
11587
11592
11593
11598
11591
11592
11631
13175
11638
11604
11593
11595
11628
11596
11596
11597
13144
11600
11616
11629
11603
11620
11602
11603
11616
11617
11632
11626
11626
11628
11632
11606
11609
11623
11607
11608
11612
11622
11622
11623
11612
11625
11615
11622
11624
11624
11630
12203
11613
11617
11618
11617
11625
11632
11618
11629
11618
11621
11623
11624
13126
11626
11627
11627
11631
13167
11629
11631
11628
11631
11630
11635
11679
22880
22882
11636
11692
24373
22881
24359
24375
11637
11640
13090
22845
11743
39330
11681
22884
24365
24381
11644
11684
13103
13090
24384
11649
11651
11669
12203
13089
13126
13132
11650
11682
13109
12206
13100
13170
39285
11652
11690
12156
12165
11653
11654
13176
39284
11650
11654
11670
11654
11655
39280
11655
12133
12159
12204
39283
11655
12159
11657
11662
11668
11659
11670
11659
11660
11662
11685
11661
11663
11694
12148
11665
11664
11666
11666
12129
11666
11668
14085
11669
11670
12138
11693
11672
11674
11675
11683
11685
11675
11681
11686
11678
11694
11683
11680
11688
22885
24382
11686
11687
24366
11686
11689
22845
22872
24384
11687
22885
24366
24366
24368
11684
11690
11693
11692
11691
11692
11693
11694
11689
12113
11690
11691
12119
12145
12147
24382
24368
12149
12150
11696
11702
11705
11704
11706
11698
11703
11715
11699
11716
11700
11704
11701
11714
11716
11717
11703
11713
11704
11709
11749
11709
11710
11710
11712
11714
11712
11717
11731
11797
11711
11711
11722
11714
11813
11740
11748
11749
11716
11748
11750
11727
11728
11729
11720
11722
11723
11724
11730
11778
11727
11745
11769
11731
11751
11724
11762
11772
11928
11726
11730
11765
11789
11728
11768
11791
11728
11792
11730
11731
11810
11817
11752
11733
11735
11738
11734
11736
11744
11745
11744
11747
11739
11774
11739
11741
11757
11739
11742
11742
11746
11746
11755
11747
11787
13983
11750
11752
11773
11749
11748
11750
11751
11752
11752
11775
11754
11756
11758
11755
11761
11757
11775
11757
11771
11774
11759
11760
11761
11763
11763
11771
11762
11772
11775
11770
11765
11766
11772
11768
11772
11767
11770
11770
12060
12142
11769
12136
11773
12139
12151
11774
11775
12134
11778
11781
11783
11781
11823
11828
11829
11929
11784
11830
11955
12547
11782
11784
11831
11847
11782
11783
11864
11934
11902
11956
11793
12199
12600
12601
11827
12590
12598
14087
11789
11817
11819
11820
11791
12049
11792
12157
12577
11792
12162
12580
12170
12207
11803
11804
11807
11796
11797
11807
11808
11811
11810
11813
11799
11800
11813
11810
11815
12563
11812
12564
11806
11814
12562
13397
11808
11809
11814
11812
11813
11805
11806
11809
11814
11812
11809
12550
11811
12553
13391
11817
11828
12549
11819
11824
11827
12609
11829
11819
11829
11830
11957
12040
11827
12552
12584
11822
11824
11830
12524
11825
11831
11825
11828
11831
11826
12529
12556
11827
12558
11829
11831
11879
13682
39304
11836
11837
11850
11835
11837
11842
11882
11893
11839
11870
11838
11839
11894
11905
11884
11842
11843
11861
39171
11843
11882
11885
11847
11886
39172
11848
39172
11868
11903
39171
39174
11850
11852
11859
11861
11870
11852
11855
11860
11853
11854
11857
11867
11870
11862
11865
11857
11858
11862
11858
11867
11860
11861
11865
11869
11863
11864
11866
11867
11868
11866
11869
11869
11870
39171
11874
11890
12012
39246
11890
12491
39242
11883
11888
12506
39254
11875
11877
11876
12490
11907
11880
39175
11980
39306
11881
39176
11885
11884
11892
12525
12530
11891
11891
11904
39177
39242
11888
12482
12515
12051
12546
12539
12542
39251
12482
12490
11906
39177
11894
11899
11906
11900
11905
11897
12484
12485
11897
11901
11913
11898
11899
11907
11900
11901
11914
11903
11959
12492
11904
11905
11906
12491
11949
11907
12493
11912
11940
11994
11911
11913
12475
11912
11914
11936
11912
11993
11914
12466
11960
11917
11919
11930
11919
11922
11931
11918
11937
11921
11963
11920
11921
11924
11932
11926
11927
11924
11925
11927
11925
11932
11931
11934
11928
11929
11933
11934
11958
11931
11964
11933
11965
11966
11936
11938
11948
11940
11960
11938
11963
11964
11939
11940
11941
11996
11953
11979
11946
11950
11955
11945
11950
11961
11959
11960
11961
12494
11954
11962
12415
11947
11957
12041
11951
11965
12042
11949
11964
11959
11960
11954
11952
11953
12028
11954
11977
12025
11963
12303
11956
11957
11959
11966
11958
11965
11966
11962
12476
11991
11995
11965
11966
11969
11970
11979
11971
11972
12001
11971
11978
11971
11975
11976
12016
11974
11976
11982
11992
12008
12009
11976
11988
11979
11997
12037
12010
12030
11998
13678
13759
11985
12368
12376
11983
11988
11992
11984
12377
11985
11987
11993
11990
11991
11993
12469
11988
11994
11998
11992
11997
12032
12379
12362
12368
12378
11995
12378
12371
11994
11996
11996
11997
11998
11998
12039
12297
23737
23741
12003
12015
24055
12002
12010
12016
12003
24057
12010
12007
24043
24046
12006
12007
12013
24058
12016
12009
12014
12016
12017
12011
12015
12017
12038
12018
12538
12014
12349
23733
12082
23742
12033
23738
14268
39175
39242
12182
22876
12022
12057
24018
12115
23867
39198
12178
12290
12122
23869
23873
12034
23966
24018
24022
12028
12035
12037
12031
12035
12052
12298
12034
12038
12066
12087
12029
12054
12036
12067
12036
12037
12038
12032
12039
12304
12033
12037
12038
12039
12039
12064
12065
12305
12061
12041
12049
12050
12042
12048
12045
12059
12051
12506
14263
39249
12046
12048
12055
12306
12047
12068
12163
12175
12049
12069
12050
12173
12171
12604
14258
39245
12064
12065
12062
12069
12158
12169
12059
12065
12067
12059
12063
12065
12057
12117
12122
12174
12064
12063
12167
12174
12068
12062
12069
12105
12066
12067
12103
12106
12132
12163
12169
12066
12098
12068
12069
12071
12075
12080
12073
23925
12073
12075
12084
12074
12084
40273
12078
12077
12078
12091
12079
12099
12079
12081
12107
23936
12082
12084
12086
12087
12161
12195
36036
24011
24014
24023
39200
23964
24022
40273
12108
24022
12089
12100
12104
12090
12093
12095
12101
12096
12099
12107
12100
12104
12112
12097
23921
12095
12097
12102
12105
12097
12107
12103
12108
12118
12102
12108
12101
12125
12143
12103
12105
23929
12106
12124
12152
23938
12109
12110
23937
24035
12118
23873
23939
12121
12144
12146
12154
12119
12153
23930
12119
12120
12183
12116
23873
24034
12123
23867
39200
23866
24023
39200
12118
12122
12124
12124
12144
23874
23932
12122
12168
23869
12183
23866
23874
12154
12126
12130
12141
12143
12128
12130
12141
12129
12134
12138
12148
12148
12188
12135
12142
12152
12137
12138
12139
12139
12151
12136
12137
12160
12139
12142
12146
12172
12149
12161
36016
36032
12151
12151
12152
12153
12145
12153
12147
12150
12147
12156
12149
12150
12150
12154
12154
12165
12166
12202
12168
12172
12159
12162
12208
12160
12169
12173
12172
12162
12172
12173
12167
12175
36012
12168
12167
12176
12209
12174
12174
12171
12175
12197
12173
12175
12177
12181
12187
12178
12279
12292
39209
12181
12187
12189
12193
12182
12294
39209
39202
23745
39200
23869
39205
23829
23850
23855
39212
22881
23839
23840
23858
12189
12192
12210
12194
12215
12195
36033
12191
12194
23833
23850
39210
12193
23834
12236
23863
39203
39210
12216
12293
12207
12209
12212
12207
12208
12209
12200
12205
12229
12200
12207
12592
12623
12624
12205
12621
13171
12204
12209
39285
13092
39280
12208
39286
12206
12591
12211
12215
12237
12212
12226
12213
12215
12273
12274
12296
12265
12289
23826
23835
12216
12253
39218
12220
12223
12225
12220
12225
12230
12232
12223
12224
12225
12221
12249
12222
12998
12223
13252
12690
13257
12229
12233
12275
12228
12610
12619
12698
12922
12230
12638
12232
12233
12233
12244
12271
12921
12699
13000
12252
12254
12288
12301
23822
12236
12240
12249
12237
12242
12252
12253
12241
23827
23830
23835
12245
12255
12256
12269
12250
23827
12245
12246
12253
23829
23850
12244
12251
12264
12918
12252
39221
12265
12247
12248
12981
12251
12255
12964
12250
12251
12250
12252
12965
39219
12280
12285
12308
12260
12264
12266
12876
12258
12259
12264
12927
12267
12330
12929
12260
12881
12911
12268
12963
12350
12375
36030
36052
12266
12328
12880
23705
23823
23829
23835
39219
12269
23835
39222
12270
23702
12272
12329
39215
12876
12877
12881
39216
39222
12280
12285
39216
12275
12287
12923
12286
12412
12935
12275
12295
12453
12453
12606
12594
12293
12294
23750
23833
12278
12285
12289
39220
12283
23746
12288
12292
12293
12333
39215
12284
12302
23730
40258
23689
23712
23727
23734
12285
40259
12290
12291
24010
12287
12295
39215
12295
39221
23822
39217
23823
23826
12292
12311
23746
23749
24028
12294
39217
23749
12296
23822
39218
12302
12304
12320
12299
12304
12305
12300
12311
12306
39234
12308
12311
39233
12310
12311
12305
12309
12416
12420
12306
12309
12438
12596
39231
39236
12310
12399
12440
12318
40257
12313
12314
12354
12319
12374
12339
12363
12345
12349
23732
23743
12318
12399
12401
12435
12318
12355
12401
40263
12320
12356
12407
12345
12421
12322
12324
12326
12327
12332
12331
12408
23706
23707
12332
12396
12328
12330
12851
12872
12327
12852
23090
23716
12333
23720
12330
12333
12400
12855
12332
12397
12402
12340
12346
12354
12346
12347
23701
12340
23683
23696
12340
12341
12342
12341
12343
12351
12341
12352
12354
12348
12353
12348
12349
12348
12353
23687
12352
12355
12356
12355
12356
12406
12351
36011
36076
12352
12369
12380
23696
12356
23688
12358
12359
12374
12359
12364
12360
12373
12473
12362
12365
12368
12463
12464
12366
12374
12380
12365
12366
12477
12367
12370
12376
12376
12370
12371
12380
12377
12377
12379
12379
12417
12420
12436
12423
12429
12478
12434
36027
36032
12377
12379
12436
12417
12386
12392
12394
12384
12388
12389
12788
12853
12941
12385
12844
12387
12396
12387
12388
12392
12395
12931
12941
39271
12391
12393
39227
12395
12403
12394
12410
12441
12395
12398
12857
12398
12406
12408
12403
12409
12402
12402
12409
12411
12406
12408
12408
12407
12410
12409
12410
12413
39270
12487
36528
12407
12424
12856
12442
12412
12413
12596
12427
12936
12932
39231
12427
12437
12608
12612
12416
12426
12436
12420
12431
12421
12434
12428
12430
12454
39232
12425
12426
39225
12421
12435
12431
12435
39236
12429
12434
12436
12434
12435
12449
12605
39229
39224
39235
12453
12596
12430
39227
12455
39224
12507
39230
12440
39235
12606
39234
12459
37727
37734
37754
12438
12615
12605
39228
12448
12600
12608
12448
39234
12442
12455
39227
12449
39231
13951
13952
13966
14288
12613
12614
12824
14291
12821
12827
12833
13945
14290
14300
39265
14286
12607
12455
39236
12517
13943
13948
39264
12826
12833
39255
39258
13943
12608
12832
12930
39232
39224
12457
12458
12498
12497
12461
12462
36520
37761
12461
12472
12477
12465
12499
12464
12465
12469
12477
12478
12475
12475
12486
12495
12468
12476
12500
12470
12478
39225
12475
12476
12471
12501
12472
12473
12477
12478
12479
12501
12515
12496
12481
12497
12483
12484
12490
12482
12483
12488
12498
12485
12493
12486
12499
12495
12499
36516
37753
14258
39246
12511
12641
37332
12493
12492
12493
12494
12548
12495
12496
12496
12500
12498
12501
12499
12501
12539
12518
12512
14285
39238
39241
39243
12509
39247
12519
12521
12522
12512
12522
12535
12525
14268
12522
12523
39229
39251
12545
12514
14283
39238
39239
12540
12546
39245
12535
12539
12527
14294
39241
39257
12831
12521
12813
12826
39258
39230
14286
39250
39256
12529
12530
12532
12532
39242
12531
12534
14258
12537
12540
39252
12529
12533
12541
12597
13947
12533
12547
12538
39246
12543
12542
39253
12536
14263
14267
12546
39251
12538
14257
14261
14290
39248
12548
39241
39244
13963
39253
12547
12544
13958
13961
12622
37265
39252
12548
12552
12556
12563
12553
12562
12576
12552
12553
12572
12582
12558
12563
12555
12557
13934
13954
12559
12560
13955
12558
12560
12558
12574
12560
12561
12564
13929
12564
13932
12564
12566
12576
13191
13920
12567
12574
13917
12568
12573
12665
12575
13189
12571
12576
13190
12575
12579
13155
13156
12589
13192
12574
12576
12583
12574
12586
12664
12587
12580
12591
13165
12592
12624
12636
12639
12587
12589
13168
12581
12584
12582
12588
12583
12584
12586
12589
12590
12586
12590
12629
12639
12587
12632
12589
13174
12592
12592
13179
12594
12610
12637
12640
12608
12611
12597
12607
12602
12609
12599
12601
12609
12602
12617
12601
12616
12604
12603
12614
12615
12607
12609
39235
23822
39233
12611
12613
12612
12924
12613
12925
12614
12615
39228
12617
12623
12640
12626
12640
12628
12630
12633
12644
12625
12633
12637
12632
12634
12635
12624
12634
12636
12655
37295
12624
12638
12638
12685
12691
12627
12629
12629
12630
12631
12642
12700
12639
12633
12635
12648
12688
12636
12639
12694
12697
13178
12638
12640
12655
12666
12644
12646
12648
12646
12672
12679
12646
12667
12648
12657
12670
12648
12653
12678
12695
12662
13296
12663
39309
39311
12652
12653
12654
12657
13194
12656
12657
13212
13305
37267
12677
12682
13872
12659
12664
39263
12660
12664
12667
14293
12663
13861
39312
12673
12682
39312
13870
12665
12670
13935
37337
37340
12670
12672
12671
12684
13922
12671
12684
13918
13935
13918
13926
39311
13882
13948
12684
13365
13872
12676
12683
13936
39309
12720
12730
12764
12781
12679
13871
13882
12678
12750
13871
12679
12779
39267
12687
12723
12753
12769
12683
13847
39309
13871
13872
12776
13923
12691
12698
12699
12687
12698
12700
12692
13004
12695
12697
12700
12692
12991
13279
13280
12694
12699
13258
12694
12700
12695
12723
12695
12696
13287
12697
12697
13260
13002
13001
12702
12713
12777
12704
12729
12797
12808
12820
12705
12708
12759
12797
12764
12778
12825
12831
12730
12822
12829
12887
12819
12889
12710
12711
12883
12729
12892
12712
12715
12713
12714
12720
12729
12718
12727
12719
13008
12717
12719
13021
12725
12727
12727
13033
12726
12773
12780
12782
39266
12731
37177
37255
12724
12779
12725
12780
12753
12728
12777
12782
12764
12778
39266
12891
12781
12888
12746
37077
37261
12733
12735
12736
12744
12735
12737
12739
13856
12738
13855
12740
12741
12741
12742
12748
13849
13202
13213
12747
12750
13210
12745
12750
12780
13845
12804
37269
37292
12748
13854
13215
13348
12750
13845
13852
13854
12754
12771
12775
12754
12757
12768
12781
13032
12755
12756
12760
12758
12761
12758
12777
12759
12762
12777
12766
12775
12762
12766
12767
12811
12765
12770
12778
39261
39268
12767
12774
12774
12778
12815
12771
12782
12781
39268
12772
12776
12773
12774
12775
12776
13844
14395
39266
12780
39267
12791
12795
12816
12785
12793
12795
12795
12907
12913
12791
12792
12807
12788
12789
12792
12858
12861
12801
12858
12794
12796
12861
12942
12820
12793
12860
12854
12858
12926
12939
12944
39269
12811
12819
12799
12802
12800
12805
12801
12812
12807
12838
12814
12805
12808
12809
37123
37139
37290
12807
13314
37077
37133
37258
12820
12815
12818
12837
12815
12813
12814
12814
12836
12834
12819
12820
12835
12878
12986
13031
37075
12830
12822
12828
12828
12829
13119
37122
37128
12832
12833
12943
12829
12834
12832
12836
14291
12916
12933
12830
12834
12835
39261
12938
14291
12837
12838
12940
12837
12838
39255
12926
37121
37130
37255
37270
12841
12845
12853
12842
12844
12843
12847
12850
12852
12857
39271
12846
12860
12847
12848
12849
12905
12914
12850
12906
12851
12869
12852
12855
12857
12861
39271
12930
12939
39272
12856
12944
12857
39269
12859
12931
12941
12861
12915
12865
12873
22997
12864
12865
12866
12868
22994
12874
12867
12870
12908
12871
23063
12871
12872
12874
12881
12910
12880
12881
12875
22992
12875
12877
12879
12880
12879
12973
37071
37089
37262
22996
23000
23068
12885
12886
12892
12884
12892
13009
12885
13014
12890
12889
12909
12888
12889
12917
12891
13034
12891
12897
13025
12892
12894
12896
12899
12895
12896
12901
12902
12897
12909
12920
12899
12901
12910
12912
12902
12907
12909
12903
12904
12908
12914
12905
12907
12914
12915
12908
12914
12945
12913
12910
12946
12911
12912
12948
12919
12957
12915
12934
12942
12917
12922
12950
12952
13035
12921
12928
12967
12920
12949
12974
12947
13026
12923
13003
12924
13005
12924
12951
12937
12936
12937
12943
12938
12940
12928
12929
12948
12949
12951
12935
12944
12932
12938
39272
12936
12939
12940
12943
12950
12940
12942
12946
12936
12951
12950
12951
12943
39270
12945
12945
12948
12947
12952
12949
12952
12949
12952
13015
39275
12959
12961
12971
12959
12971
12973
12969
12970
12971
12960
12963
12974
12970
12972
12984
12960
12961
39276
13017
13029
13030
13063
12964
12973
12965
12985
12967
13007
12994
13012
13024
13039
12974
13006
13028
13030
39277
12970
39277
12973
12990
12993
12976
12983
22955
12979
12978
12979
12987
13086
22962
22946
12981
12989
12990
12982
12985
13076
22961
12984
12988
12990
12988
12990
37073
37127
13087
13081
22953
22959
12992
13004
13038
12999
13001
13259
13006
13027
13037
12995
13029
12996
12997
13082
12998
13007
12999
13024
13079
12999
13000
13251
13001
13003
13002
13004
13005
13005
13006
13020
13036
13007
13009
13013
13033
13014
13034
13011
13016
13033
13012
13022
13017
39273
13014
13018
13025
39276
13018
39273
13019
13025
39279
13032
13036
13038
13022
13032
13033
13023
13024
13038
13038
13026
13027
13035
13036
13037
39275
13078
13217
37073
37254
13034
13035
13036
13039
39278
39278
13047
13042
13044
13051
13058
13059
13044
13045
13058
13050
13046
13047
13050
13057
13048
13049
13055
13057
13051
13052
13072
13053
13055
13054
13059
13056
13059
22749
13057
13065
13069
13077
13062
13064
13080
13063
13077
13078
13080
13065
13066
13071
13068
13083
13068
13071
13072
13084
13070
13071
13275
13073
13079
13247
13073
13075
13074
13082
13085
13084
13085
13081
13085
13086
13079
13081
13082
13082
13087
13087
13084
13086
13087
13093
13100
13132
13182
13092
13093
13142
13103
13177
13092
13104
13105
13177
13135
13095
13099
13172
13177
13096
13104
13106
13107
13098
13108
13102
13108
13101
13106
13171
39281
13170
13172
13106
13107
13109
13177
13107
13142
13131
13135
39280
39283
13111
13117
13120
13121
13233
13118
13120
13123
13115
13116
13123
13119
37127
13118
13223
13122
13118
13216
37072
13125
13125
13138
13239
13221
13250
13234
13250
13256
13136
13127
13180
13128
13133
13137
13145
13227
13314
37159
37455
13136
13139
13135
13139
13180
39282
13134
13142
13136
13142
13138
13138
13153
13143
13140
13160
13182
39285
13153
13158
13160
13145
13149
13151
13153
13157
13155
13157
13160
13181
13148
13149
13150
13163
13198
13470
13152
13154
13195
13154
13157
13153
13163
13184
13156
13162
13193
13199
13183
13159
13161
13231
13162
13197
13162
13163
13196
13232
13237
13169
13173
13174
13169
13174
13179
13173
13175
13183
13175
13176
13180
13174
13178
13181
13176
13178
13182
13175
39282
13179
39281
13183
13182
13183
13192
13193
13195
13189
13194
13197
13187
13188
13196
13299
13194
13303
13366
13198
13400
13471
13191
13199
13191
13192
13405
13362
13193
13199
13368
13198
13406
13197
13198
13199
13205
13243
13351
13225
13335
13349
13351
13206
13213
13215
13208
13244
13290
13219
13224
13244
13208
13357
13207
13209
13208
13262
13215
13346
13347
13212
13213
13215
13212
13245
13284
13214
13288
13242
13295
13349
13223
13228
13233
13283
37153
37156
13237
13241
13220
13222
13221
13235
13223
13234
13223
13226
13229
13243
13240
13242
13243
13228
13229
13236
37076
37153
13230
13240
13232
13238
13239
13237
13242
13239
13238
13239
13244
13245
13270
37447
37448
37493
13241
13245
13245
13244
13247
13275
13281
13291
13248
13251
13249
13252
13253
13254
13261
13285
13252
13259
13257
13261
13291
13255
13257
13256
13260
13258
13259
13260
13281
13289
13263
13288
13290
13266
13271
13265
13268
13276
13267
13271
13286
13288
13274
13277
13277
13278
13270
13272
13285
13284
13290
13273
13273
13274
13290
13282
13277
13282
13278
13286
13279
13280
13286
13281
13287
13289
13291
13314
37258
37465
13287
13288
13289
13291
13289
13293
13644
13645
14069
14047
39317
13317
13640
13790
13858
13299
13305
13358
13298
13305
13371
13301
13304
13370
13329
13333
13300
13303
13302
13353
13476
13302
13331
13388
13367
13414
13305
13369
13329
13331
13332
13312
13322
13323
13310
13318
13327
13310
13313
13318
13316
13327
13328
13840
13311
13340
13345
13342
13319
37449
13350
36406
37008
37017
13317
13318
13326
13330
13320
13322
13321
13330
13323
13324
13377
13360
13325
13330
13372
13326
13331
13374
13332
13866
13356
13329
13332
13860
13359
13646
13354
13864
13348
13358
13359
13337
13338
13352
13336
13337
13352
13353
13351
13343
13344
13340
13341
13355
13345
13356
13343
13347
13344
13345
13360
13357
13345
13347
13349
13357
13348
13355
13358
13361
36976
37011
13357
13360
13354
13358
13359
13360
13356
13359
13379
13426
36965
13368
13409
13919
13364
13408
13938
13997
13370
13937
13368
13371
13923
13368
13369
13407
13369
13370
13401
13371
13371
13374
13377
14072
13374
13378
13381
13388
14071
13497
13507
13520
13377
13378
13520
39299
13383
39297
13445
36971
37030
13381
13388
13390
14002
13387
14051
13482
39287
13387
13497
13529
39290
39292
39297
13419
13487
39292
13387
13389
13541
14053
13420
13390
13452
13996
13422
14005
13397
13398
13404
13394
13395
13410
13999
13398
13402
13412
13396
13403
13408
13425
14014
13398
13410
13403
13921
13402
13406
13418
13406
13407
13424
13407
13408
13415
13404
13933
13405
13406
13409
13409
13925
13939
13423
13428
13412
13416
13430
13418
13423
13417
13418
13485
13415
13420
13480
13424
13425
13417
39287
13482
13424
39289
13422
13464
13422
13433
13452
13454
13425
13425
13454
13472
36969
37032
37136
13443
13446
13436
13450
13454
13431
13451
13433
13454
13441
13457
13543
39288
13436
13443
13991
13445
36950
36957
37012
13453
14012
13453
13527
13442
13446
13441
13535
13444
13527
13533
13535
13442
13444
36964
37032
13447
13451
13528
36776
36808
36844
13450
13451
13453
13518
14013
36775
36802
36803
36807
13459
13465
13526
13486
13487
13517
39289
13460
13461
13481
13462
13483
13468
13473
13483
13484
13466
39297
13477
13480
39298
13478
39291
13469
13474
13474
13475
13471
13473
13484
13472
13476
13480
13485
13474
13476
39298
13480
13526
39292
39296
39298
39291
39295
39296
13482
13483
13485
13485
13531
13532
13542
13500
13542
13490
13511
13611
13491
13579
13659
39301
13520
39295
13498
13507
14048
13611
39300
13495
13512
13610
39302
13611
13498
13539
13581
13498
13519
14056
13502
13506
13517
13505
13511
13502
13514
13515
13508
13504
13506
13514
13521
13506
39301
13509
13515
13517
13532
13514
13516
13524
13550
13609
13561
36773
36803
36874
13516
13546
13544
13545
13547
13522
13615
13618
13540
13548
13580
13533
13534
13546
13536
13546
13548
13527
13538
13541
13544
13561
36770
36805
13541
13547
39290
13543
39287
13535
13544
13534
13546
13537
13535
13537
13548
13558
13538
13539
13540
13545
13545
13548
13547
39290
13547
13551
13557
13571
13553
13558
13601
13575
13578
13582
13554
13600
13601
17519
13554
13555
17402
13556
13557
13564
39612
13558
13575
13560
13571
14044
13563
13565
36774
36775
13567
13569
17453
13569
13569
13570
13571
14032
16526
14040
17407
17446
14042
14600
17404
39375
13571
14717
17409
13577
13579
13666
13674
13575
13582
13594
13602
13583
36731
36734
36755
13580
13578
13581
13684
13623
13663
13687
13693
13581
13622
13581
13619
17397
39370
13607
36756
13595
13601
13587
13588
13595
13588
13592
13625
13593
17521
13590
13592
13597
13591
17522
13597
13598
17377
13593
17510
13599
13602
13626
13600
13607
36733
13614
13620
13599
17379
17523
13624
13686
17517
13602
17524
13604
13606
13609
13605
13614
13614
13616
13617
13625
36859
13625
13626
13610
13616
13613
13621
13620
13623
13619
13622
13626
13624
13625
13637
39301
13623
39302
13624
13626
13628
13630
13643
13629
13651
13642
13643
13631
13673
13632
13635
13633
13634
13637
13664
13636
13638
13638
13639
13637
13641
13665
13641
13640
13643
13794
13645
13646
13646
13644
13672
13774
13645
13660
13646
13654
13671
13673
13649
13654
13655
13650
13669
13670
13671
13671
13672
13673
13654
13658
13661
13655
13669
17393
13656
13658
13668
13662
13663
13668
13662
13660
13665
13666
13665
13672
13662
13664
13666
17392
13665
13673
13685
13669
13670
17385
39303
17382
17383
13675
13680
13681
13684
13685
13696
13680
13681
13685
14726
14730
14737
14752
13680
13758
39304
13755
14113
14794
13681
13766
13771
39305
13685
13756
39308
13741
13744
13806
13694
13750
13687
14046
17380
13696
17394
13689
14726
14730
13691
14731
14022
14114
14736
13695
14715
13754
13757
13772
14736
14041
14716
39370
13696
13756
14716
14026
14037
17404
39308
13712
14727
14729
39304
13700
13701
13714
13702
13706
13713
13702
13713
13731
13702
13704
13704
13706
13705
14722
13708
13711
13714
14722
13709
13710
13712
13713
14728
14729
14751
13715
14735
13715
13715
13717
13720
13721
13722
13725
13719
13724
13725
13723
13733
13726
14360
13730
14434
13731
13732
13733
13801
13726
13821
13915
14428
14430
13734
13916
39344
14349
14367
39346
39347
13731
13738
13739
13749
13782
13902
13915
14366
14360
14436
14437
13745
13746
14141
14431
13740
13749
13752
39315
13739
13745
39349
13749
13764
13742
13916
39313
13816
13853
36472
13743
13769
13874
13773
13904
13911
36474
36565
13762
13747
13770
14100
13802
14431
14430
14435
39347
39344
13771
14073
14734
13767
13769
14061
14068
13763
13764
13769
13754
14023
14064
14736
13768
14094
13772
14140
14114
14734
13759
13761
13765
13766
13772
13763
13764
13765
13762
13765
13764
13770
13766
13771
13768
13773
14092
13770
14095
13773
13773
14049
14137
13775
13791
13794
13777
13778
13780
13785
13857
13783
13785
13780
13789
13787
13789
13790
13787
13782
13783
13784
13792
13865
13791
13785
13786
13792
13839
13828
13791
13865
13869
39314
13794
13794
13869
13800
39316
13873
39313
13859
13862
13877
13797
13803
13807
13798
13808
13810
13819
13803
13814
13821
14358
13890
14426
13804
13817
13821
13807
13817
13818
36514
36562
36563
13819
13809
13810
13811
13820
13812
13814
13850
13813
13820
13814
13815
13902
13915
14400
36468
36481
36563
14399
14383
14397
14428
13823
13824
13829
13825
13834
13830
13835
13826
13827
13829
13832
13828
13840
13842
13857
13855
13855
13856
13833
13835
13837
13840
13849
13834
13838
13857
13846
13837
13846
13850
13838
13839
13842
13857
13841
13848
13851
13868
13851
13876
13844
13846
13856
13845
13847
13856
13850
13852
13852
13854
13854
13855
13851
13878
39310
36466
36554
13863
13869
39317
14070
39317
13861
13864
13868
13868
13874
13881
14059
13866
13883
13866
13867
39315
39316
13880
13881
13883
13876
13873
13875
39310
13918
13877
13883
13877
13879
13879
13880
13878
39316
39313
13883
13881
13922
14057
13918
13936
13960
39318
39320
39325
36468
36554
36555
36564
13891
13910
13889
13907
14105
13900
13907
39323
14099
39323
13893
13913
14096
13898
39322
13896
13897
13910
13894
14102
14155
13897
14124
14334
14098
36381
36385
13897
14103
14123
13910
14314
13985
39324
13909
39318
39325
13902
13903
13916
13914
13908
14322
13911
13916
13906
13908
13911
13907
13909
13912
13909
13912
13913
14093
14336
14368
14305
14362
14391
14358
13920
13934
13935
13920
13923
13939
13932
13932
13933
13939
13931
13937
13937
13927
13928
13930
13933
13938
13939
13935
13951
13966
13931
13957
13929
13933
13932
13934
13931
13938
13998
13967
14295
39311
13938
13945
13950
39259
39264
36378
36384
36392
13946
13959
13962
39247
13950
14293
13947
13954
14288
13964
14292
13963
39265
13958
13963
14293
14295
13950
13963
14288
39265
13957
13967
13953
14297
13957
13960
13955
13967
13956
13958
13960
13961
39320
13967
13961
14297
14309
13962
13965
14289
39262
14296
14300
39263
13981
13974
13985
13990
13982
13984
14001
14009
13979
13980
14008
14011
39342
13985
39343
13978
13990
39181
13978
13988
13989
13986
13987
13986
13989
13984
13987
14086
13986
39324
39341
13993
14015
13990
13994
14012
14015
13993
13999
14010
14011
14015
14001
14015
39178
13996
14004
14013
14005
14013
13998
14006
14014
14007
14010
14012
14014
14004
14009
14065
14074
14009
14011
14005
14006
14054
14120
36379
36386
14009
14014
14052
14008
14058
14060
14010
14011
14013
14022
14036
14075
14115
14152
39337
14019
14021
14024
14020
14025
14081
14083
14033
14078
14023
14038
14025
14091
14025
14028
14063
14043
14114
14716
14028
14041
14044
14033
14038
14030
14031
14034
14033
14036
14088
14032
14039
16520
14040
14045
14045
14596
14597
14610
14717
17409
39373
14038
14597
14042
14715
39376
14043
14040
14610
39371
14043
39372
14712
39374
14609
14045
39372
14716
39370
39376
14049
14069
14070
14056
14069
14072
14068
14073
14057
14061
14053
14054
14071
14054
14057
14058
14055
14056
14074
14065
14066
14066
14059
14074
14061
14070
14068
14063
14066
14073
14064
14067
14068
14073
14067
14074
14072
14071
14072
14080
14091
14110
14079
16525
39180
14086
39181
14082
14083
14088
16535
39329
39333
14088
39328
39340
14091
14108
39340
39329
39340
39341
14143
39327
39334
39330
39330
39332
14123
39337
14104
14106
14108
39338
14107
14093
14095
14105
14096
14105
14095
14097
14107
14100
14100
14102
14107
14138
14148
14120
36383
14105
14106
14108
14142
14102
14122
14147
14156
14103
14106
14109
14109
14108
14122
14115
14117
14151
14116
14615
14616
14629
14119
14598
14611
14629
14605
14731
14731
14598
14118
14119
39351
14119
14149
39334
14131
14145
14802
14123
14125
14247
39337
14124
14157
14340
14238
14335
14130
14215
39352
14136
39351
39353
14129
14130
14153
14131
14144
14162
14136
14132
39350
14133
14559
14160
14192
14559
14562
39359
39361
14554
14613
39363
39365
39350
39352
14138
14139
14140
14148
14151
14141
14463
14146
14151
14142
14415
14147
14148
14144
14149
14150
14145
14154
14146
14149
14465
14796
14150
14163
14150
14151
14153
14159
14161
14162
14199
14162
14163
14164
14156
14157
14432
14161
14163
14161
14180
14174
14179
14183
14198
14178
14194
14234
14162
14164
14197
39337
14416
14414
14466
14167
14169
14170
14170
14331
14342
14355
14168
14172
14173
14174
14175
14425
14171
14354
14441
14173
14331
14177
14178
14179
14179
14410
14273
36240
36258
36298
14178
14244
14341
14180
14409
14332
14439
14182
14184
14195
14183
14193
14195
14198
14185
14186
14187
14196
14188
14190
14191
14549
14200
14564
14220
14544
14564
14566
14193
14222
14192
14196
14197
14566
14226
14198
14199
14245
14196
14198
14199
14216
14202
14220
14223
14202
14203
14249
14204
14205
14207
14206
14219
14209
14250
14207
14213
14214
14210
14211
14217
14241
14212
14213
14214
14217
14218
14216
14218
14219
14220
14248
14246
14235
14220
14544
14222
14227
14249
14223
14226
14248
14249
14225
14227
14229
14226
14231
14245
14228
14232
14250
14230
14236
14231
14238
14244
14236
14239
14240
14243
14243
14244
14245
14246
14248
14237
14239
14242
14244
14247
14241
14242
14246
14250
14247
14247
14248
14250
14252
14253
14264
14267
14284
14254
14256
14255
14267
14257
14259
14265
14274
14262
14262
14265
14265
14266
14307
14316
14263
14266
14268
14266
14318
14269
14274
14284
14270
14280
14272
14277
14272
14275
14281
14276
14384
14398
35902
14280
14308
14276
14283
14279
14278
14328
14279
14343
14320
14344
14283
14284
14283
14319
14324
39238
14323
14294
14321
14390
39256
14292
14385
14401
39263
14296
14392
14294
14301
14294
39259
39263
39262
14312
14300
39265
14306
14325
14394
14402
14392
14395
14397
14326
14315
14321
14326
14303
14316
14346
14304
14314
14313
14316
14322
14325
14339
14320
14321
14325
14308
14316
14318
14323
14345
14313
14315
14326
14311
14314
14337
14313
14322
39325
14322
14325
14326
14347
14317
39248
14318
14319
39249
14323
14323
14324
14324
14348
14324
14474
36241
36245
36256
14342
14343
14344
14330
14333
14344
14331
14342
14341
14340
14341
14370
14335
14346
14336
14340
14347
14340
14341
14337
14338
14339
14347
14339
14359
14369
14348
14348
14357
14345
14346
14348
14347
14352
14420
14366
14368
14426
14352
14361
39347
14353
14354
14356
14355
14444
14357
14370
14357
14361
14359
14428
39344
14369
14370
14428
14434
14362
14388
14366
14369
14367
14437
14438
14365
14427
14438
39348
14434
14437
39347
14435
14369
14426
14442
14374
14376
14393
14373
14374
14381
14393
14399
14379
14376
14388
14394
14380
14378
14379
14396
14386
14387
14380
14389
14382
14396
14383
14397
14399
35896
35911
14392
14395
14401
14395
14389
14401
14391
14393
14390
14401
14402
14394
14400
14402
14402
14400
14429
35904
35906
14400
14405
14413
14470
14405
14411
14469
14406
14407
14445
14408
14422
14410
14413
14410
14414
14440
14443
14412
14419
14427
14460
14455
14416
14467
14416
14446
14468
14433
14418
14421
14445
14419
14438
14427
14445
14421
14444
39346
14423
14424
14443
14445
14424
14441
14425
14441
14443
39345
14446
14474
35896
35903
14436
39348
39349
14433
14439
14440
14446
39349
14436
39346
14440
14442
14443
14444
14444
39345
39348
14448
14458
14459
14457
14464
14450
14453
14461
14451
14452
14456
14469
14453
14470
14454
14455
14462
14467
14470
14457
14458
14461
14459
14460
14468
14469
14486
14800
14466
14787
14464
14465
14468
14797
14466
14803
14467
14468
14470
14472
14481
14485
14473
14478
14477
14481
36247
36253
14482
14533
14534
14480
14482
14510
14480
14511
14479
14480
14483
14521
14768
14483
14486
14485
14798
14799
14805
14798
14488
14490
14496
14489
14503
14491
14569
14584
14491
14499
39367
14493
14496
14503
14495
14504
14495
14496
14497
14535
14499
14525
36247
36249
36255
14504
14550
14526
14551
14513
14517
39358
39366
14504
14548
14555
39359
14608
35974
36243
36273
14508
14511
14522
14510
14512
14512
14522
14535
14511
14533
14521
14533
14534
14806
14526
14528
14883
14558
14568
39368
14518
14614
14792
39366
14525
39359
14519
14528
14627
14530
14531
14530
14531
14532
14773
14532
14805
14524
14556
14557
35992
14526
14527
39358
15171
14529
14532
14529
14884
14531
14793
14769
14534
14789
14551
39358
14537
14540
14555
14538
14548
14540
14543
14542
14548
14549
14541
14563
14543
14564
14545
14560
39354
14560
14547
14558
14560
39355
14564
14566
14569
14586
39358
14561
39361
39363
14579
14632
39363
14561
14615
39356
39364
39367
14606
14618
14567
35991
14563
14562
39350
39351
14566
39354
39368
14569
14584
14586
14604
35927
35986
39355
39367
14571
14573
14576
14572
14583
14578
14585
14574
14583
14575
14584
14577
14587
14577
14578
15068
15084
14631
39360
39362
14587
39368
14582
15077
39360
14585
15078
14584
14586
15101
14632
15086
14591
14647
16330
14646
14951
16351
16353
14595
14645
14661
39483
14594
14638
14595
14630
16344
14595
16339
16345
16343
16366
14599
14611
14598
14609
14605
14607
14621
14607
14622
14602
14603
14624
14605
17404
14605
14619
14804
14606
36248
36260
14698
36232
14610
14618
14654
14774
17404
39375
39375
14626
14620
14648
14649
14655
14614
14615
14633
14616
14627
14625
14619
14790
14624
14627
14628
14654
14660
14624
14629
14621
14625
14655
14622
14626
14623
14624
14628
14635
14626
14657
14629
14642
14641
14645
14647
14637
14875
39362
39360
14642
14648
39365
14635
14639
14649
14641
14649
14638
14644
14882
14989
14647
14895
14646
14647
14640
14643
14644
14893
14642
14896
14888
14644
14646
14953
14646
14648
14649
14655
14657
14661
14669
16480
16491
16494
39479
14653
14657
16536
14658
16527
14739
35992
14664
14659
16530
16601
14658
14659
14661
14719
35980
16363
14667
14958
14961
16497
14664
14665
14670
14667
14669
14667
14674
14675
14670
14690
16503
14678
14958
16504
14671
14672
14671
16513
14672
16514
14947
16359
14679
17435
17457
14675
14678
14690
14676
14679
14677
14679
14685
14686
14681
14690
14685
14687
14688
14682
14689
14683
14686
14684
14687
14688
14689
17456
14687
14701
39605
17439
17451
17455
14692
14695
14700
14693
14718
14694
17328
14695
14696
14699
14697
14817
14699
14815
35800
36243
36248
14701
14701
14714
17420
14704
14713
14715
14705
14713
17429
14713
14718
14706
14708
14711
17430
14710
17403
39374
14715
17374
39376
14710
14711
17513
39373
17399
17403
39376
14714
39374
14718
17427
17407
39372
17410
14739
36178
14722
14735
14751
39381
14724
14746
14763
14767
14762
14726
14733
14782
39382
14732
14733
14799
39381
39306
14729
14735
39306
14737
14749
14737
17386
39307
14735
39306
14784
14736
39303
14763
14767
14785
39380
35977
36193
14743
14746
14747
14745
14746
14749
14747
14750
14779
14744
14750
14745
14786
17366
17375
39603
14752
14767
14767
14785
17364
14754
14756
14783
14755
14761
14758
14760
14757
14764
14758
14776
14759
14777
14781
14779
14781
14786
39379
14786
14768
14775
14766
14778
14779
14785
17362
14769
14773
14775
14771
14780
14772
14773
14777
14780
14784
14788
35989
36149
14776
14777
14780
14781
14837
14786
14844
14784
14785
39378
39380
14800
14801
14803
35978
36152
36276
14798
14805
14806
14792
14802
14804
14793
14799
14804
14793
14806
14805
14795
14796
14804
14797
14799
14802
14803
14800
14803
14800
14802
14806
14810
14824
14946
17297
39595
14810
14817
14832
14811
14935
14815
17170
14814
17289
17333
17336
17171
17205
17419
39610
14816
14817
17170
17414
39606
17338
14832
14840
14825
14929
39385
14825
14830
14846
14822
14828
14878
14823
14880
39387
14886
39386
14829
14832
14833
14829
14833
14872
14838
14898
35984
35997
14878
39388
14889
14868
14889
14929
14890
14931
39384
14845
14842
17290
14843
14863
14837
17342
14840
14844
17341
14839
14844
36070
36071
36139
14843
14845
14846
14862
14865
17286
17332
14845
14874
17343
14857
14846
17340
14869
14848
14851
14854
14853
14871
14924
14851
14858
14859
14852
14858
14864
14852
14853
14872
14855
14870
14856
14859
14857
14866
14863
14869
14861
14860
14861
14863
14873
14864
14865
14873
14865
14873
14874
14867
14870
14868
14871
14929
14869
14872
14874
14871
14930
14874
14883
14888
14895
14884
14885
14887
14878
14879
14891
14879
14880
14984
14892
14892
14894
14895
14892
14893
14895
14884
14894
14888
14886
14894
15177
14891
14896
14896
14925
14929
14930
14893
14896
15174
14902
14906
15199
14916
36128
14900
14901
39388
14901
14986
14907
14903
14905
14904
15216
14906
15134
14907
15292
14911
15153
15279
15001
15012
15013
14992
14997
15006
15009
15223
15299
15812
15011
14918
14919
14927
14917
14927
14928
14915
14917
15214
14928
15191
14965
35985
35996
14918
14922
14920
14924
14921
14924
14923
14931
14923
14932
14930
14928
39384
39385
14931
15206
15207
39384
14930
15189
14938
14944
39404
14935
14936
39397
14946
39396
14937
14945
14987
14946
15805
14945
15807
14940
15313
15816
14946
17240
17292
17246
17248
17255
17240
17253
17255
17291
17244
17250
39391
39401
17246
39404
14988
39399
16359
16492
16497
14954
14964
14950
14953
14954
14955
14960
14952
14953
39478
14954
14961
14995
14964
39394
16505
39390
39394
14958
14959
14963
16505
14960
14961
14963
16506
17265
17282
39394
17265
39394
17266
35997
35998
36000
15180
35233
35829
35830
14968
14972
14973
14979
15022
15023
16076
16083
14982
14983
39474
14974
14975
14976
14993
14976
15024
14979
14983
14982
14983
14981
14982
14977
14994
14978
14998
15025
14981
15018
39477
16077
16085
16087
16381
39475
14986
14999
15000
14989
14995
14999
14987
14997
14988
14999
14991
14992
14990
15003
15000
15003
14993
14995
14993
14994
14998
15006
14996
14998
15007
15005
15004
15005
15010
39405
15009
15305
39406
15007
15007
39405
15008
39405
15013
39405
15011
15013
15012
15117
39406
16080
16381
16387
15017
15045
16076
15019
15025
15852
15018
15019
16322
15025
39472
15050
16318
15021
15022
15854
15043
16079
15024
39473
16084
16386
15025
15857
15047
15183
35814
15063
39409
15121
15915
15921
39412
15922
39408
39409
15031
15034
39408
15032
15035
15033
15063
15048
15909
15037
15916
15036
15038
15040
15048
15038
15042
15039
15042
15044
15041
15044
15048
15050
15043
15045
15855
15045
15050
15051
15916
15922
39408
15132
35219
35224
15851
15912
15920
39412
15858
15912
15920
15926
15053
15055
15066
15111
15056
15066
15088
15056
15057
15070
15058
15059
15067
15073
15060
15062
15064
15067
15064
15065
15913
15909
15913
15909
39408
15079
16313
15066
15087
15085
15071
15084
15086
15070
15071
15072
15073
15088
15080
15073
15074
15085
15075
15081
15076
16329
15085
16342
15078
15083
16346
15084
15087
15085
15087
16348
15081
15086
15082
16340
16347
15086
16335
15088
15088
15091
15092
15103
15130
15133
15138
15116
15142
15093
15096
15105
15138
15095
15098
15100
15104
15105
15181
15101
15102
15099
15118
15121
15099
15101
15102
15104
15136
15105
15103
15123
15137
15156
15107
15113
15904
15108
15115
15115
15927
15110
15113
15116
15120
15928
15913
39410
15113
15114
15144
15115
15128
15123
15143
15118
15119
15122
15121
15136
15136
15146
15123
15915
15123
15141
15929
15125
15139
15159
15127
15131
15131
15133
15144
15128
15139
15141
15144
15130
15131
15147
15158
15135
15180
35219
15142
15140
15146
15160
15180
35222
35843
15145
15138
15145
15157
15142
15140
15141
15146
15143
15144
15145
15146
15148
15158
15159
15149
15152
15151
15163
15151
15186
15208
15169
15159
15215
15155
15160
15201
15155
15178
15182
15186
15156
15157
15182
15158
15160
15185
15160
15167
15173
15176
15163
15164
15166
15169
15185
15167
15170
15166
15172
15185
15168
15175
15176
15175
15186
15172
15173
15173
15174
15184
15184
15177
15181
15179
15177
15178
15179
39386
15186
35237
15182
15184
15185
35812
35843
15190
15195
15209
15209
15272
15190
15212
15214
15214
15205
15207
15214
15193
15194
15198
15200
15258
15195
39418
15196
15197
15205
15198
15215
15200
15201
15206
15203
15208
15215
15218
34008
35804
36259
15255
15208
15207
15210
15212
15215
39418
15274
15213
15255
15266
15283
15274
15287
39417
15285
15288
15294
15219
15249
15947
36205
36219
36257
15306
15307
15892
15295
15306
15251
15535
15884
15948
15254
15289
15374
15880
15285
15288
15305
34004
34010
36223
36225
15226
15231
15237
15227
15230
15242
15245
15229
15230
15252
15233
15253
15273
15233
15232
15239
15239
15252
15245
15237
15250
15539
15246
15247
15250
15237
15238
15242
15528
15246
15244
15245
15253
15372
15248
15253
15254
15881
15244
15380
15536
15254
15381
15247
15249
15249
15252
15892
15251
15520
15254
15534
15258
15274
15257
15273
39416
15267
15271
39418
15262
15263
15277
15261
15263
15275
15276
15277
15265
15267
15275
15269
15270
15275
15268
15269
15304
15278
15271
15276
15301
39417
15272
39416
39415
15276
15278
15278
15292
15305
15819
15290
15291
15303
15333
15284
15303
15301
15302
15303
15294
15297
15304
15817
15818
15292
15297
15287
15292
15300
15297
15301
39406
39414
15881
15291
15310
15813
15300
15298
15307
15952
15295
39413
15298
15886
15302
15299
15882
39414
15301
15881
15306
15892
15815
15942
15316
15814
17298
15310
15318
15336
17322
15316
15808
15312
15317
15797
15318
15789
17118
15314
15820
17288
15315
15782
15317
17159
17295
17318
17323
15753
15320
15323
39424
15321
15324
15332
17325
15323
15324
15329
15331
15326
15327
15341
17325
17312
39572
39574
17299
39576
15330
39421
15337
39420
17325
15358
39424
15334
15336
15337
15335
15370
15338
15338
39575
17304
15341
15356
15363
39421
15355
15358
15359
17325
39575
15347
15363
39425
15346
15348
15367
15345
15346
15350
15355
15368
15347
15354
15353
15356
15369
39425
15355
15353
15354
15361
15361
15366
15373
15366
15362
15369
15368
15377
15397
15360
15360
15392
39423
15362
39425
15364
39424
15522
15608
33768
15389
15368
39422
39419
39420
15380
15382
15385
15373
15381
15383
15384
15389
15378
15381
15726
15376
15390
15392
15377
15386
15395
15389
15392
15379
15383
15390
15717
15381
15382
15506
15727
15384
15392
39423
15387
15391
15387
15388
15394
15389
15390
15391
15697
15681
15725
15448
17025
17071
17078
15395
15396
15423
15397
15403
15401
15684
39428
15399
15425
15417
15442
17095
15403
17076
17026
17077
17094
39568
15404
39571
15449
17004
17038
17078
15404
39568
15409
15411
15416
15410
15414
15420
15408
15410
15477
15420
15422
15413
15424
15464
15412
15415
15416
15471
15415
15421
15415
15468
15417
15418
15425
15419
15423
34904
15422
15474
15421
15424
15423
15425
15425
15427
15431
15437
15429
15473
15429
15431
15433
15430
15441
15460
15439
15437
15439
15459
15434
15435
15435
15441
33154
15440
34884
34924
34934
34915
34925
15440
15443
15455
33161
15459
34891
39567
15455
15459
39565
15457
15460
34928
34934
34881
34882
34888
34896
33767
33774
34881
34885
34886
34894
33162
39564
17080
17102
39564
15679
15692
34883
39430
15452
15456
34885
15454
33159
33183
17076
17095
39569
33158
33162
15457
33158
15457
33159
34962
34934
15694
34883
34892
39429
15473
15475
15463
15504
15463
15464
15480
15467
15468
15477
15476
34928
34929
34945
15472
34858
34871
34932
15468
15469
15471
15471
34871
15476
16624
16718
34929
15474
15474
15497
34915
34936
15477
34921
34927
34928
16642
34943
15505
15479
15500
15504
15482
15484
15482
15504
15505
15483
15496
15505
15483
15488
15486
15489
15486
15498
15500
15487
15495
15498
15489
15493
15490
15493
15495
15494
15495
15503
15497
15501
15502
34858
15496
15496
15497
15557
15505
15499
34828
15501
15503
34825
15502
15503
15504
34939
15508
15540
15721
15509
15511
15576
15511
15529
15514
15559
15537
15624
15720
15728
15514
15514
15620
15722
15723
15570
15573
15584
15687
15516
15518
15525
15527
15571
15521
15525
15539
15519
15572
15521
15612
15533
15534
15539
15533
15594
15606
15933
15953
15607
15933
15526
15527
15528
15529
15536
15539
15532
15540
15943
15946
15948
15949
15946
39431
15538
15560
15561
39431
15535
15536
15537
15943
15540
15538
15540
15615
39433
15567
15569
15567
15579
34783
15545
15564
15566
15545
15546
15551
15552
15547
15555
15548
15572
15549
15553
15550
15558
15561
15572
15944
15552
15553
15563
15584
15602
15603
15556
15564
15557
15571
15564
15565
15570
15573
15622
15576
15591
15595
15576
15622
15571
15622
15589
34803
15588
15566
15590
34797
34778
15676
15582
15599
15572
15583
15623
15577
15583
15628
15590
15580
15601
15674
15580
15581
34667
15582
15589
15668
15586
34663
15588
15584
15601
15586
15587
15595
15628
15587
34659
15589
15622
15620
15605
15606
15613
15596
15602
15613
15627
15628
15597
15631
15602
15653
15628
15614
15601
15623
15646
15651
15609
15955
16001
15609
15658
15611
15937
15956
39434
15627
33770
15933
15633
15658
16004
15613
15614
15944
15954
39431
15656
15630
15953
15624
15625
15617
15618
15624
15625
15629
15992
15621
15626
15620
15621
15624
15626
15626
15629
15630
15957
15630
15647
15633
15653
15656
15636
15648
15655
15663
15635
15979
15981
16005
15636
15637
15639
15638
16005
15641
15643
15657
32842
35675
35687
15645
15991
35686
35689
35700
36648
15644
15655
15654
15652
15654
15647
15649
15651
15656
16002
15651
15653
15664
15650
15988
16300
15654
15655
16301
15653
15996
15658
32843
35600
35707
15980
15660
15661
15672
15670
15678
34780
15665
34702
15663
15665
15673
15664
15667
15673
15674
15666
15669
34691
15669
16282
15674
15677
16268
34703
15672
15676
15675
15678
34698
34784
15673
15676
15676
15677
34669
16275
34677
34708
34780
15681
15687
15693
15694
15682
15697
15689
15698
15724
15795
32845
35677
35703
15685
15697
39430
15695
15695
39429
15689
15690
15689
15691
15693
15710
15691
34883
15694
34882
34888
15696
15698
15701
15710
15722
15713
15714
15729
15708
15709
15715
15722
15723
15741
15707
15709
15740
16297
15705
15707
15712
15706
15735
15713
15714
15712
16294
15711
15712
15738
15711
15713
15733
15724
15729
15717
15719
15896
15725
15726
15719
15724
15729
15887
15728
15894
15895
15723
15727
15728
15728
15725
15727
15727
15893
15734
15732
15736
15769
15898
15739
15764
15865
15733
15767
15772
15734
15735
15741
15897
15740
15766
15739
15826
15888
15755
15865
15868
16179
15740
15741
15871
15883
15868
15899
15743
15748
15783
15744
15745
15749
15752
15751
15788
15794
15801
39538
39540
15774
16901
16911
39531
15749
39537
15750
15752
16903
15752
15753
15799
15802
15763
15765
15766
15763
15764
15766
15757
15775
16102
16116
15758
15776
15762
15764
15760
15762
16128
16178
15763
16136
15762
16111
16129
15767
15780
16141
16206
15767
15781
15772
15773
15778
15772
15778
15779
15773
15780
16202
16913
15774
15775
15780
16159
15781
15784
16906
16913
15776
39531
15779
15781
15804
15827
16844
15839
15829
15838
15781
15796
15797
15822
15788
15842
39539
15786
16143
16913
15790
16719
16846
39535
15787
39537
16897
16902
39533
15802
15823
15797
15799
15801
15792
39529
15796
15843
39529
16900
39536
15797
15801
16844
16892
15841
16903
35678
35686
35705
15804
35592
35599
35687
35694
15802
39538
15872
35071
35476
35479
15821
15835
15861
15901
16844
39529
15806
15807
15816
15814
15819
15816
15825
15813
15814
15821
15810
15817
15846
15812
15817
15812
15824
15845
15846
15815
15818
15819
15820
15819
15845
15820
15818
15823
15822
15822
15823
15847
15844
15832
15836
15845
15847
15832
15833
15838
16719
16721
15834
15837
16900
15830
15838
15839
16900
39530
39531
15833
15839
15842
15837
15846
15836
15843
15872
15838
15840
15842
16143
39530
16897
39542
15844
15847
16912
15846
15847
15850
15856
15930
15854
15856
15924
15851
15857
15852
15857
15858
15915
15918
15921
15928
15855
15857
15858
15926
15925
15912
15860
15867
15867
16174
15866
35477
15863
15875
16180
15864
16181
15874
15867
15877
35517
15879
16165
15870
15994
16007
15871
15885
15879
15902
15889
15890
15917
15959
15875
15876
16006
15878
15990
15877
15891
15879
15900
15879
16008
16170
15884
15893
15892
15883
15890
15888
15900
15894
15950
15895
15902
15958
15888
15896
15896
15897
15898
15898
15891
15951
15999
15891
15900
15894
15896
15895
15899
15898
15899
15902
15902
35054
35486
15907
15923
15927
15908
15927
15928
15906
15907
15908
15910
15962
15976
15911
15912
15914
15928
39412
15922
15977
39410
15926
15970
15923
15925
15974
15922
39411
15923
15929
15930
15921
15930
15929
15925
15926
15972
15930
15929
15932
15938
15955
15941
16010
15956
15944
15953
15954
15937
15940
39434
35053
35075
35102
15938
15939
15940
15941
15945
15945
15947
15952
39431
39433
39433
15959
39434
15948
15950
15956
15957
16011
15952
15958
15958
15959
16000
15959
15957
39432
15956
16003
39433
16009
15961
15964
16013
15976
16012
15964
15976
15977
15965
15966
15986
15965
15968
15967
15971
15971
15975
15969
15977
15970
15975
15972
15977
16014
15973
15974
15975
15998
15976
16015
15979
15984
16001
16004
16001
16002
16004
15983
15985
15989
35349
35553
15987
15991
15985
16013
15986
16013
16014
15997
15995
15996
16002
16018
35375
15997
16006
16008
16005
16002
16007
16011
15995
15996
16008
15995
16007
16008
16298
16014
16006
16014
16015
16000
16006
16015
16009
16010
16003
16010
16011
16005
16009
16011
16012
16013
16015
16019
35352
35353
35501
35539
35349
35451
16022
16026
39443
16025
16032
16035
39442
39439
16027
16032
39442
16033
39437
16044
16168
16173
16051
16031
16182
16183
16030
16031
16047
16044
16173
16046
16181
16182
16034
16038
16040
16166
16168
16037
16038
16042
16043
16039
16040
16041
16090
16073
16089
16043
16059
16069
16048
16049
16046
16051
16081
16082
16047
16051
16049
16065
16050
16051
16053
16054
16057
16055
16058
16055
16070
16056
16071
16072
16060
16061
16066
16067
16060
16069
16073
16073
16070
16092
16063
16068
16072
16066
16068
16065
16068
16086
16069
16091
16067
16069
16071
16446
16465
16454
16075
16089
16092
16392
16089
16091
16092
16079
39472
16088
16099
16100
16084
16090
16393
16083
39473
16099
16087
16090
16091
16083
16087
39476
16087
16394
16086
16100
16468
16091
16455
16096
16107
39476
16090
16467
16094
16102
16123
39536
16105
16106
16096
16102
16106
16103
16098
16105
16110
16698
16101
16105
16460
16101
16107
16103
16104
16104
16461
16108
16117
16119
16448
16107
16116
16117
16123
16119
16121
16463
16113
16119
16123
16115
16116
16160
16113
16114
16121
16863
16845
39528
16827
16861
39527
16117
16118
16163
16119
16162
16121
16153
35353
35451
16845
16140
16156
16128
16130
16189
35148
35338
35340
16130
16134
16200
16129
16136
16142
16131
16140
16201
16133
16138
16188
16139
16140
16136
16137
16137
16138
16208
16223
16141
16191
16139
39450
16145
16161
16211
16156
16160
16161
16911
39539
16147
16850
16855
16154
16156
16212
16154
16213
16803
16719
16909
39549
16157
16210
16803
16905
16801
16807
39522
39524
16152
16156
16162
16153
16155
16162
39527
16155
16808
16158
16159
16163
16827
39527
16161
16163
16162
16163
16214
16176
16177
16305
16170
16179
16288
16169
16180
16252
35194
35202
35337
16171
16170
16299
16180
16172
16177
16173
16178
16183
16179
16181
16182
16189
35312
35355
16178
16179
16307
16183
16181
16183
16194
16197
39466
16196
16236
16248
16187
16197
16201
16194
16190
16191
16201
16195
35198
16244
16200
39457
39465
16235
16245
34081
34084
34099
35310
35314
35348
16197
16200
16232
16773
39445
16252
16424
34410
35355
16201
16205
16206
16971
16205
16217
16787
16961
16210
16905
16971
17007
16207
16207
16211
16222
16211
16212
16228
16907
16948
16969
17020
16213
16214
16214
16213
16214
16783
16219
16220
16225
16217
16218
16221
16222
16227
16219
16764
16748
16221
16225
16222
16228
16226
16228
39452
16750
16754
39449
16226
16747
16772
17007
16774
16248
16239
16755
34110
16753
16757
39453
16235
16245
34082
16239
16241
39467
16749
16768
39466
16243
34091
34131
39456
34111
16241
16242
34104
34089
34094
34105
34108
34142
39455
16746
16776
34079
39464
16749
34084
39467
34084
34089
39463
16768
16250
16251
16253
16255
16263
34063
35298
35348
16260
34043
16263
16264
34048
16256
16257
16260
16306
16262
16266
16306
16262
16267
16277
16302
16260
16261
16271
16262
16270
16303
16265
16267
16283
16266
16267
16292
16301
16273
16275
16282
16270
16273
16274
16271
16277
34047
34064
16282
34699
34703
34704
16277
16276
34065
16281
34699
16279
16281
34724
16283
16444
34419
35139
35149
34060
34726
34727
16378
16405
35139
34668
34727
16283
34066
34061
34697
34705
34727
16295
16300
16302
16287
16294
16303
16304
16305
16297
16299
16305
16290
16293
16306
16291
16299
16292
16298
16301
16304
16307
16296
16297
16297
16298
16302
16303
16300
16307
16301
16306
16307
16309
16314
16315
16310
16320
16316
16328
16320
16328
16334
16336
16313
16318
16331
16319
16349
16316
16321
16319
16320
16317
16321
16323
16319
16322
16322
16357
16362
16365
16333
16327
16332
39470
16332
16333
39468
16341
16341
16337
16342
16347
16343
16344
16346
16343
16349
16371
16340
16344
16346
16349
16347
16339
16370
39468
16345
16360
16345
16347
39469
16348
16367
16345
16348
16349
16492
16497
16498
16505
16353
39480
39482
16361
16364
16480
39479
16355
16366
16358
16364
16369
16356
16366
16357
16361
16362
16371
16370
16603
39486
16363
16614
16367
16370
39481
16362
16365
16614
39483
16365
16368
16367
16371
16369
16371
16370
39470
16374
16376
16391
16374
16393
16375
16389
16377
16384
16389
16404
16405
34418
16385
16388
16390
16389
16390
16383
16394
16385
16387
16392
16450
16456
16391
16457
16386
16394
16419
16390
16410
16392
16393
16394
16396
16397
16398
16401
39514
16402
16417
16399
16402
16400
16401
16403
16409
16411
16403
16404
16410
16427
35340
16407
16410
16481
16409
16413
16584
16596
16411
16420
39490
16488
16500
16501
16572
16571
39504
16416
16425
16434
16475
16416
16429
16447
16427
16429
16447
16419
16428
16452
16420
16471
16427
16428
16429
39506
39514
16451
16453
16470
16475
16425
39511
34408
35202
35315
16451
16485
16488
16508
39502
16469
16483
16431
16436
16441
16432
16439
16441
16474
16434
16437
16440
16438
16445
16446
16437
16443
16438
16442
16447
16445
16473
16442
16446
34561
35313
35329
16466
16458
16472
16461
16463
16468
16459
16460
16461
16456
16457
16471
16715
16459
16470
16471
16460
16462
16714
16455
16463
16465
16467
16468
16467
16468
16469
16474
16465
16466
16474
16470
16461
16464
16473
16720
16464
16466
16467
16473
16471
16472
16474
16475
16475
16507
34809
34848
16478
16484
16482
16483
16692
16694
16481
16482
16483
16552
17271
39392
39393
16572
17281
16491
17266
17271
16624
16718
34849
34874
16594
39508
16577
16578
16587
17282
39390
16498
39478
16499
16503
16503
16511
16589
16498
16617
16496
16595
16613
16580
16612
39504
39478
16589
16615
16617
39507
16510
39390
39509
16578
16608
39499
16504
16505
16510
17273
39391
16588
34808
34877
39513
16511
16693
16575
16662
16591
16608
39503
39508
16514
16515
16521
16522
16536
16516
16518
16517
16520
16523
16531
17445
16519
16536
16520
16535
16526
16523
16528
16528
16530
16542
16525
16532
16534
16535
16538
16531
16535
16529
16530
16536
16566
16574
16530
16532
16548
16533
16534
16557
16544
16542
16568
16648
16665
16544
16546
16548
16540
16544
16546
16543
16545
16546
16547
16644
16548
16570
16545
16564
16567
16656
16548
16657
16629
39497
16571
16596
39492
16585
16593
39492
16581
39489
16587
16635
39498
16558
16561
39489
16590
39487
39494
16563
16566
16567
16563
16592
16571
16580
16585
16595
16562
39494
39495
39499
16562
16563
16564
16567
16569
16568
16591
16608
16668
16570
16576
16570
16569
16570
16649
39499
16582
39509
16581
39493
16576
16589
16615
16589
16591
39508
16591
16592
39502
16586
34804
34846
34874
16583
39504
16607
39491
39496
16609
16587
16633
39488
16624
34872
34898
39487
16607
39491
39505
16609
39496
16603
16610
16613
16600
16601
16604
16606
16611
16603
16610
16604
16605
16605
16614
16615
39485
16606
16616
39485
16607
16616
16611
16611
16613
39484
39505
16616
39484
39484
39505
39193
16622
16640
16622
16625
16641
39187
39189
16637
16630
16637
16638
34879
16626
16630
16631
16632
16628
16630
16635
16631
39494
16658
16655
16634
16638
39488
16660
16667
39488
34848
34872
34876
34989
39188
16652
39188
39190
16742
34866
34941
16645
16647
16656
16647
16656
16657
16658
16651
17443
16651
16649
16657
16674
16656
16659
16657
17442
17443
17458
16661
16654
16661
16672
16658
16659
16660
16669
39187
16664
16668
16697
16670
16671
16678
16665
17447
16668
16674
16667
16668
16673
16669
16670
16672
16674
16673
16672
17459
17450
16690
16695
17458
16676
16678
16682
16683
16696
17272
17280
39512
16695
16696
16689
17279
16691
16693
16690
39512
16683
16684
16686
16688
39512
16686
16688
17224
16693
39509
39510
17272
16703
17281
39510
16696
16697
17460
16694
17265
17282
16697
17276
17277
16697
39510
17452
16710
16714
39528
16846
16851
16852
16706
16707
16720
16857
16717
39517
39520
16715
39521
17231
39520
16716
39521
16851
16863
39528
16709
16711
16852
16857
16711
16846
16712
16715
17252
39516
16715
16720
39518
16860
39518
34859
39532
39521
39532
39541
16724
16726
16734
16725
16735
16741
16727
16736
16726
16731
16727
16728
16732
16737
16733
16738
16739
16732
16733
16732
16737
16735
16736
16769
16780
16779
16741
16741
16760
16789
16742
34925
34926
34859
34861
16744
16761
39460
16751
18666
39454
16751
16758
16767
34101
16752
16772
16774
16783
16755
34100
39450
16781
18801
16768
34099
39444
39446
39448
16764
16772
16782
39451
39459
34106
39453
16775
16779
16781
16769
16770
16779
16780
16781
39447
16763
16775
16784
17009
16764
16766
16778
16771
16782
16784
39551
16767
16775
34636
16778
16781
16780
16771
16784
16789
16777
16791
16782
34100
39451
16783
39452
39445
39449
16782
34100
39451
16780
17008
16786
16789
17003
16790
16908
16957
16970
16971
17007
16907
16969
16973
39557
16790
16791
39552
16793
16794
16805
16806
16797
16833
16796
16797
16798
16799
16802
16799
16941
16800
16801
16805
16959
16824
16960
16807
16808
16842
33351
33356
34619
16819
39522
17021
39522
39527
16854
16855
16944
39532
16812
16813
16816
33239
33361
33368
34946
16825
16823
16843
16822
33361
34533
16825
16832
16817
16833
16818
16820
16819
16828
16831
16833
16821
16828
16829
34585
34616
16824
16847
16831
16833
16862
16832
16853
16845
16858
16832
16851
16853
16862
16859
39523
16835
16841
16848
16849
16856
16837
16856
16840
16850
16850
16856
16857
16840
16847
16855
16843
33239
33259
16847
16862
39540
39535
39528
16849
16862
16860
16857
16859
16863
16858
16861
39525
39534
16861
39523
16882
16882
16927
39546
16867
16885
16888
16883
16931
39548
16869
16872
16885
16871
16884
16874
16877
16884
16872
16874
16878
16886
16894
16895
16878
16876
16886
16894
16877
16952
39547
16886
16892
16918
16882
16915
16921
39544
39543
39546
39548
16920
16888
16918
39548
16887
16888
16895
17149
16915
16923
17119
16891
16892
16918
16893
16895
17152
16893
16894
17150
16904
16906
17006
39533
16904
16973
17008
17010
16998
34599
34758
34766
16912
16906
39534
39541
17005
17015
39537
39538
16907
39542
17021
39526
17006
16972
16974
39552
16961
39553
16971
17006
17015
39533
39530
39540
39529
39530
39533
16916
16927
16932
16920
16996
16965
16923
34600
34754
34766
16997
16929
16985
16995
17117
16931
39544
16998
34660
34756
34817
16930
39546
16962
39544
16950
16966
39545
39543
16990
16934
16946
16955
16936
16949
16936
16938
16956
16937
16942
16943
16939
16942
16940
16941
16956
16957
16959
16960
16960
16944
16946
16947
16958
16958
16959
16960
39524
16952
16948
16952
16954
16958
16951
16955
16952
16953
16955
16953
16956
16954
16963
16957
16967
16959
39525
16970
39554
16966
16968
16973
16964
16966
16967
16965
17022
16966
16992
16969
16972
16992
16995
16999
16972
17015
39555
17005
17010
39555
16976
16977
16990
16981
16983
16989
16994
16979
16984
17087
16980
16982
16981
17099
16996
16996
16997
16989
17093
16985
16997
16995
16997
16988
16989
17001
17047
16993
16995
16999
16993
17100
39561
16991
16996
16992
16994
17000
17097
17000
34592
34651
17001
39550
17001
17014
17017
17009
17019
17058
17008
17010
17019
17026
17073
39561
39550
39557
39526
39551
17009
39556
17017
17047
17048
17038
17047
17048
17050
17016
17019
17022
17016
17017
17022
39557
17018
39558
17051
17053
17021
39525
39526
39552
39556
17025
17028
17045
17035
17057
39549
17032
17100
17102
17028
17055
33193
33184
34574
34673
34758
34767
17036
17041
17052
17046
17078
39562
17044
17052
17056
17060
34622
17046
17060
17037
17049
17039
17059
17059
39562
17040
17054
17055
17059
33188
17054
17044
17054
17055
17188
34540
34541
17056
17055
17056
39562
39560
39561
17051
17057
17050
17051
17053
17053
17058
34640
17058
17060
17080
39562
17065
17066
17074
17072
17080
17082
17067
17072
17101
17065
17068
17072
17079
17068
17069
17068
17089
17070
17074
17098
39569
34906
39566
17078
39560
39571
39570
17178
34533
34535
17095
39568
17098
17102
39569
17080
33194
39564
17085
17088
17101
17092
17101
17102
17084
17085
17090
17091
17096
17086
17087
17096
17097
17099
17092
17099
17090
17098
17101
17091
17098
17093
17099
17100
17096
17097
39567
17100
17104
17111
17121
17105
17112
17106
17119
17121
17122
39579
39581
17111
17127
39588
17110
17111
17115
17124
17127
17119
39588
17114
17115
17121
17116
17123
17116
17124
17119
17120
39587
17120
17128
17129
17122
17123
17128
17128
17308
17130
39586
17129
39587
39585
39588
17132
17133
17134
17139
17149
17148
17149
17138
17156
17136
17143
39592
17156
17162
17140
17144
39580
39583
17139
17141
39584
17141
17142
17143
17143
17144
39593
17151
17153
17159
39593
17155
17168
17234
17245
17154
17157
17291
17292
17156
17158
17150
17152
17158
17152
39582
17153
17245
17287
17159
17164
17295
17162
17233
39590
17164
39591
17245
17287
17168
17259
17287
17291
17245
39592
17206
39597
39601
17294
39593
17166
17261
39590
17204
17205
17286
17332
17334
39598
17256
17262
17191
17421
17422
17496
17203
17418
17203
17257
39611
17420
39604
39605
39606
17175
17177
17184
17175
17189
17185
17187
17179
17182
17181
17182
34542
34544
34545
17200
17201
17192
17194
17196
17192
17196
17202
17196
17197
17202
17185
17193
17186
17195
17204
39589
17189
17204
34116
34534
17198
17205
17419
17415
39604
39608
17193
17195
17197
17206
17206
39597
17424
17426
17199
17200
17201
17422
17500
17202
39609
17205
39610
17208
17212
17226
17210
17235
17210
17212
17217
17211
17220
17235
17214
17214
17215
17218
17236
17216
17221
17236
17237
17218
17220
17219
17221
17222
17229
17230
17223
17229
17224
17230
17229
17232
17232
17233
17235
17233
17236
17228
17231
17232
17242
17234
17238
17256
17231
17238
17274
17234
17237
17238
17244
17260
39402
39396
17247
17256
17263
17283
17251
17256
17259
17252
34441
35171
17251
17260
17269
39403
17254
17273
39403
17254
17255
17254
17260
39396
39403
17284
17259
17258
17261
39591
17262
17291
17262
39590
17278
17270
17283
17284
17268
17275
17276
17268
17271
34423
34425
34429
17269
17273
17278
17284
17284
17275
17283
17278
17277
17283
39502
17289
17290
17298
17343
17292
17295
17298
17326
17297
17336
17297
17321
17333
17324
34342
34381
34746
39594
17319
17300
17302
17311
17302
39573
17311
17308
17320
17314
39575
17308
17309
17310
34741
34744
34745
17314
39578
17312
39572
34384
34733
34742
39578
17323
17316
17320
17317
17326
17319
17322
39576
17324
17326
17321
17324
17326
17323
39574
17324
17330
17342
17431
17338
17341
17428
17335
17337
39598
17331
17378
17432
17332
17335
17342
39596
17340
17343
39599
17337
17343
39594
17411
17416
17339
17340
17412
17414
39599
17341
17342
17346
17348
17349
33790
17347
17352
17511
17357
17350
17359
17351
17353
17354
17360
17353
17525
17354
17527
17356
17357
17395
17433
17514
17358
17359
17417
17360
17425
17365
17367
17369
17364
39602
17366
17378
17384
17391
17370
17382
17370
17377
17382
17376
17390
17371
17376
17377
17376
17390
17395
17374
17379
17380
17386
17391
17379
17389
17396
17380
17394
17385
17386
17394
39307
17383
17392
17393
17387
17393
17392
17393
39603
17395
17396
17394
39602
17398
17409
39373
17513
17524
17528
17405
17503
17401
17405
17454
17461
17409
17448
39612
17448
17490
17528
17423
39374
17438
17408
17476
17493
39614
39371
17436
17478
39613
17427
17428
17429
17416
17417
17424
17416
17428
39607
17430
17432
17433
17418
39607
17425
17433
17526
17432
17425
17433
39600
39611
17422
39609
17427
39606
39604
39605
17426
17427
17430
39604
17425
39608
39608
39610
17431
17430
17431
17432
17445
17447
17455
17445
17455
17457
17472
17474
17504
17461
17490
17492
17518
17446
17454
17456
17440
17451
17456
17454
17477
17487
17461
17477
17491
17494
17445
17453
17444
17450
17453
39615
17453
17457
17458
17460
17490
39612
34182
34206
17458
17459
17455
17460
17459
17460
17487
39615
17457
39613
17503
17463
17467
17484
17465
17481
17473
17479
17466
17467
17468
17469
17486
17479
17482
17480
17485
17471
17472
17480
17478
17485
17473
17477
17487
17484
17505
17478
17486
17480
17482
17484
17506
33791
34189
17493
17486
39613
17502
17530
17498
17501
17505
17495
17499
17494
17502
17505
17504
17505
17497
17504
17496
17503
17500
17515
17498
17499
17500
17500
17516
17529
33802
34191
17508
17517
17530
17509
17521
17516
17527
17521
17522
17525
17514
17522
17525
17513
17514
17523
17529
17526
17516
17526
17529
17530
17519
17521
17528
17529
17530
17524
17528
34199
34205
17523
17524
17527
17527
17532
17545
17713
17533
17536
17535
17553
17536
17537
17540
17540
17577
17546
17538
17568
17541
17546
17555
17564
17560
17565
17663
17543
17559
39616
17544
17567
17559
17585
39617
17546
17709
17557
17685
17693
17556
17721
39644
17550
17551
17552
17558
17721
17558
17562
17553
17694
17562
17706
17559
17575
39616
39618
17568
17708
17943
17698
17580
17611
17571
17564
17568
17577
17569
17586
17608
17563
17577
17565
17664
39620
39619
17568
17585
17642
17660
17772
17586
17627
17572
17574
17576
17574
17913
17573
17906
17582
17922
17575
17581
17581
17582
17579
17582
17583
17584
17914
39618
17585
17631
39617
17585
17921
17628
39622
17588
17590
17604
17604
24615
24616
17592
17606
17592
17593
17593
17595
17596
17601
17594
17599
17601
17596
17599
17598
17602
17605
17609
17626
17604
17605
17612
33791
34181
34188
17603
17605
22220
17607
24629
17607
24632
17623
17609
17624
17624
17626
17628
17631
17641
39624
17658
39620
17620
17626
17627
17614
17618
17633
22187
17622
17632
18763
33447
34173
34190
34200
17618
17625
17629
17636
17629
17636
17662
17621
17622
17622
17627
17634
17639
17622
17623
17623
17625
17626
17630
17630
22186
17631
39622
17630
39624
17639
18759
39623
39627
21062
39627
39628
17639
39623
17682
34184
34196
34203
21055
39628
17641
17646
39624
17647
17648
17673
17674
39624
17643
17644
17646
17873
17642
17648
17643
17661
17650
17872
17645
17652
17671
39626
39625
39626
17653
17654
17666
17659
39620
17651
17653
39638
17652
17661
17746
17652
17748
21033
17654
17654
17656
17659
17758
17774
17944
17657
17714
39638
17763
39635
39642
17659
17759
17763
17661
17661
17764
17665
17667
17669
17664
17667
17710
17673
17716
17671
17674
17671
17674
21000
17668
17670
22158
17670
20999
21055
17672
21006
21016
21710
22156
17674
17714
17717
21014
21017
22157
17677
17681
22102
40068
17687
17679
17683
17687
17693
17683
17707
17728
17731
34197
17698
17688
17692
39632
17768
17694
17708
17720
17689
17689
17703
20929
17690
20930
17691
20993
17692
17735
21009
17718
21008
17698
17703
17706
17721
17697
17699
17711
17706
17713
17715
17720
17713
17720
17700
17701
17702
17705
17711
17740
17719
17750
39632
17760
17849
17948
20792
17707
17743
17716
17729
17719
17710
17712
17713
17715
22159
17712
22152
17716
39637
17716
39637
17718
22160
39637
17742
39631
17720
39635
17733
22093
22097
17724
17736
22103
17725
17727
17726
17738
17730
17743
17728
17731
17729
17731
17742
17743
17739
17740
22101
17734
40067
40068
17741
22090
22098
40066
40069
17742
22089
22162
17737
17741
17738
22166
17739
22178
17743
17744
22103
17744
22161
22177
17746
17747
20779
20785
17748
17760
17748
20925
20927
17776
17882
33972
35281
35285
17767
39642
17752
17753
17761
17755
17771
17754
17774
17769
17771
17756
17757
17766
17820
17766
39636
17939
39633
17764
17772
17770
17942
39636
39639
17767
17773
17776
20926
39635
17772
17769
17815
17831
17947
17773
39636
39643
17943
17949
17789
17776
17948
17804
17937
17775
20931
17942
17814
17948
20905
39643
17785
17978
18003
17790
17795
17798
17780
17783
17784
17783
17787
17786
17798
17785
17954
17957
17789
17785
17788
17997
18001
20409
17792
18003
39649
17789
17971
17832
17793
18006
39647
17840
17994
20397
20410
18007
39647
17795
17797
17826
17984
18005
39647
17796
17800
17821
17816
39647
17799
20412
17800
20406
17813
17802
17803
17816
17803
17805
17804
17815
17820
17806
17810
17808
17820
17808
17810
17818
17809
17819
20921
20947
17811
17812
17821
17813
17818
17821
17825
17815
17820
20904
17827
17821
17826
17819
17828
20916
17819
17823
17824
17829
20913
17827
17828
20915
17837
20402
17826
17828
20407
17827
17834
20404
17834
17837
17842
17851
18316
18317
18319
17832
17834
17850
17833
17838
17838
39648
39649
17984
17841
17845
17967
18316
17837
17840
17841
17984
17859
17961
17970
17848
33934
33952
35275
18005
20402
17994
39648
17850
17859
20794
17844
17847
17858
17851
17856
17851
17859
17968
17852
17853
17862
20793
17852
17855
33944
33950
35284
17945
20780
17945
17972
17858
17875
39723
17923
17950
17946
39715
39717
18400
39723
17888
17964
17858
17859
17860
20790
20791
17870
17871
17873
17874
17875
20795
17875
18960
40040
18738
18952
17870
17875
18622
17868
17871
40038
17868
20786
20787
21034
17873
18949
40034
17874
18751
40035
17873
17874
20788
17879
17880
17884
18326
17881
17887
17965
17879
17881
17974
18313
18234
17883
33937
33969
35284
17884
17887
17890
17886
17888
17900
17902
17891
17899
17969
33936
33937
35283
35286
17891
17904
18324
18377
17894
17895
17896
17895
17898
17904
17908
18630
17901
17897
17903
17898
18700
18409
17901
17902
17904
17902
18626
39724
17910
17904
18628
39719
17906
17907
17911
17913
17922
17908
17909
17910
18631
17910
17918
39715
17912
17918
17913
17951
17921
17921
17922
18623
18625
18628
39725
18399
18633
18702
18707
17989
18063
33874
33881
17931
33825
33830
33835
33869
18626
18697
18702
17923
18632
17938
39717
17925
17935
17939
17940
17932
17935
17940
17930
17932
17953
17929
17935
17975
17936
17962
17931
17976
17946
17951
17933
17934
17951
17937
17940
17939
17944
17946
17950
17951
39633
39640
39633
17949
39644
17947
17966
17948
39639
17954
17956
17975
17955
17975
17976
17957
17971
17956
17963
17958
17959
17986
17959
17974
17988
17970
17985
17986
18328
17967
17970
17972
17971
17973
17975
17965
17976
17966
17968
17969
17969
17974
17973
17976
17968
18320
17972
18327
17971
17973
18314
17981
17995
18021
39645
17979
17985
17986
17981
17982
17982
18329
18348
17983
17988
18333
18348
18349
39648
20400
39646
17988
17989
18093
33825
33828
18315
33717
33824
18063
33829
33860
33877
17999
18003
18007
18002
18280
18331
17995
17998
18287
20408
17997
17998
39651
18025
20409
20398
20408
18006
20398
18031
20410
18281
18286
20400
18363
39645
39650
20407
20412
18007
18012
18013
18026
20333
39988
20356
20359
20369
20429
18012
18014
20370
20371
18014
18023
18016
20305
20365
20368
39986
18017
18032
20418
18029
18277
18343
18362
18028
18029
18030
18363
18069
18278
18281
18286
18287
18349
18363
18023
18024
18351
18026
18032
18025
18032
18030
18031
18027
18037
18038
39652
18031
18285
18285
18288
18351
39651
20422
20419
18034
18035
18038
18066
18038
18295
39654
18036
18067
18294
18083
18292
20373
18038
20332
39991
18040
18055
18172
18046
18185
18042
18044
18251
18046
18261
18045
18046
18049
18045
18048
18047
18051
18059
18051
18262
18055
18059
18074
18066
18069
18072
18278
18073
18053
18056
18062
18054
18088
18055
18056
18173
18074
18058
18061
18062
18059
18074
18073
18062
18068
18087
18068
18069
33870
33876
18071
18081
18089
18131
18066
18068
18084
18067
18071
18086
18073
33710
33776
33864
33880
18171
18187
18073
18184
18186
18076
18079
18080
18077
18118
18088
18119
18079
18108
20218
20355
18082
18087
18088
18089
18112
18084
20362
18085
18086
20364
18086
18087
18089
20186
20220
18089
18088
18095
18101
18115
18092
18094
18098
18113
18130
20180
18236
18096
18097
18097
18132
18099
18113
18103
18105
18104
18105
18111
18110
18104
18110
18111
18104
18126
18107
18108
18109
18116
18117
18117
18118
18110
18118
18119
18114
18119
18129
18114
20179
18117
20219
18116
20213
18119
18135
18136
19881
19895
18122
18123
18127
18125
18132
18128
18151
18127
19884
20174
18126
18128
18129
18132
19892
18188
18130
18131
18132
20181
18174
20190
18138
18139
19881
18135
18138
18140
19880
19892
18140
18144
18147
18147
18148
19896
18141
18143
18144
33724
33822
18189
18178
18148
18149
39655
19856
19878
19899
18148
18180
19852
18153
33742
33818
33825
18175
19895
18155
18156
18170
18215
18155
18167
18168
18169
19868
18157
19866
18158
19856
18161
18162
18166
18572
18584
39711
18572
39707
39706
18165
19878
19347
39656
39711
19296
39713
39713
18168
18215
33696
33744
18174
18187
19835
18173
18185
18188
18186
18187
18188
19894
18188
18189
19893
18181
18183
18185
18257
18179
18180
18181
18180
18181
18189
18182
18267
19829
19727
18213
18183
18184
18268
18184
18260
18186
18189
18187
18200
18204
18205
18213
18193
18195
18197
18200
18208
18197
18201
18256
18196
18203
18202
18203
18199
18201
18210
18212
18209
18245
18202
18214
18204
18205
18206
18207
18213
18211
18214
18209
18252
18250
18256
18258
18212
18258
18214
18263
33709
33776
18427
18559
18301
18548
39668
39677
18220
18229
18382
18536
39696
18383
18582
18224
18237
39665
18224
18225
18232
18233
18264
39665
18227
18254
18352
18232
18353
18230
18232
18233
18233
18384
18231
18234
18387
18346
18427
18545
18246
33776
33864
18592
18307
18309
19731
19733
39663
39667
39669
39682
18265
18271
18310
18356
18306
18355
18390
18339
18340
18388
18389
18562
19877
39656
39711
18245
18247
18251
18252
18256
33721
33741
33747
18248
18253
18250
18256
18253
18254
18255
18255
18261
18262
18261
18263
18259
18264
18354
18264
18260
18261
18263
18263
18262
18359
18262
18276
18265
18274
18279
33725
33828
18268
18291
19900
18276
18282
18299
18575
18574
19852
39660
39897
18273
39664
18300
19730
19737
39674
18276
18357
39664
18310
39668
18516
18530
19422
19871
18290
18345
18349
18363
18289
39654
18318
33735
18287
18334
18289
18290
18297
18285
18362
19736
18296
18344
18358
39662
19746
39653
39651
18289
18293
39654
18343
18360
18361
18297
19729
19826
18294
19833
20342
18295
18297
19747
18295
19836
19744
18297
18300
19737
18312
18392
18483
18555
18574
39662
39672
18579
39666
39682
18304
18469
18490
19774
18312
18489
18490
18491
18305
18312
18306
18308
18307
19733
18312
18391
19722
39671
18311
19734
39666
18385
39666
19731
39669
39682
18314
18326
18329
18315
18327
18328
18329
18320
18322
18321
18325
33734
33743
18322
18323
18327
18328
18323
18341
18330
18365
18325
18326
18364
18327
18366
18330
18350
18345
39650
18333
18334
18349
18337
18342
18352
18337
18342
18343
18337
18338
18348
18338
18346
18353
18353
18340
18346
18364
18355
18356
18355
18364
18365
18359
18360
18355
18358
18362
18350
18365
18366
18419
18446
33528
18350
18366
39652
18353
18354
18356
18359
18357
18358
18361
18361
18360
18361
18365
18366
18413
18538
18542
18561
18395
18527
18550
18553
18393
18554
39690
18371
18382
18387
18374
18376
18398
33531
33532
33534
33535
18374
18383
18550
18395
18377
18380
18410
18411
18389
18412
18380
18392
18417
18393
18553
18558
18390
18483
18520
18543
18552
18383
18384
18414
18385
18387
18386
18388
18391
18524
39666
18388
18389
18390
18391
18392
18543
18396
18403
18404
18553
18398
18403
18424
18519
18563
18408
18411
18412
18411
18412
18697
39716
39718
18633
18702
18402
18416
18710
18415
39719
18407
18429
18691
18679
18691
18710
18407
18408
18411
18699
18409
18706
39722
18412
18417
39721
18517
18549
18554
18524
18550
18676
18710
39720
18699
18700
18527
18677
18691
18699
18701
18710
32796
32797
18421
18438
18445
18422
18423
18439
18525
18424
18425
18429
18430
18459
18683
18428
18430
18479
18698
18528
18561
18429
18519
18556
18430
18684
18432
18436
18514
18458
18506
18434
18435
18502
18510
18523
18436
18437
18438
18439
18531
18439
18461
18529
18441
18444
18457
18443
18448
18443
18445
18449
18444
18458
18459
18461
18493
33533
33617
18449
18452
18455
18449
18450
18451
18456
18455
18459
18678
18692
18475
39808
39815
39832
18468
19808
39835
18690
18457
39835
18461
18486
18460
18461
18480
18481
18464
18466
18471
20757
18471
18473
18707
18713
18967
19691
18467
39807
39829
39831
18469
19432
20761
18488
39826
39830
18685
19427
19439
18471
18488
18482
19419
39806
39838
18473
18484
18695
18709
18478
18689
18712
19439
39824
18485
39825
39831
19267
19476
39791
39792
18481
18486
19871
39687
18483
18484
18488
18480
18484
18533
18481
18530
39687
19484
39810
39825
18491
39826
19395
19416
39828
18487
39837
18506
19418
19419
18495
18494
19731
39683
18494
18495
18495
39681
18589
19336
19344
32800
32825
33532
19725
19867
39807
18497
18498
19374
19379
18498
18499
19425
18501
18503
18501
18502
18504
18507
18510
18514
18504
39805
18514
39804
39806
18514
39804
18508
18511
18509
18510
18511
19361
19414
39685
19368
19379
33511
33533
33534
19415
39810
39841
19394
19424
19437
19442
18523
18560
39685
18518
18538
18521
18526
18556
39691
18533
18542
39691
18522
18531
18523
18564
18531
18543
18544
18526
18529
18563
18554
18543
18556
18544
18548
18530
18531
18533
18565
19361
19378
19414
39691
18577
18584
18591
39694
18551
18582
39692
18582
39677
18539
18564
18571
39695
18547
18569
39678
39694
18590
39696
18552
19422
18552
18579
18561
18590
32982
33583
33584
35429
18579
39697
18561
39690
18558
39679
18556
18563
18587
39663
18570
18581
39684
39703
18559
39690
18564
19422
39684
39667
39691
18571
18581
19423
39684
18570
39694
39695
39703
18580
19361
39704
18580
39698
39701
39701
18591
39697
39703
33544
33579
33580
19900
19877
39663
39667
18577
39678
39692
18582
19730
19872
39661
39672
39679
39705
39656
39704
18586
39706
19877
39707
19343
19362
19363
19368
19423
39683
39695
19877
39665
18666
18902
18595
18596
18613
18597
18598
18605
18612
18607
18615
18603
18605
18603
18607
18608
18601
18602
18604
18602
18609
18605
18604
18606
18609
18617
18616
18616
18617
18610
18611
18612
18614
18617
39707
18613
19298
18614
18615
18616
18621
18792
18793
18620
18621
18630
18632
18772
18627
18704
39714
39731
18632
18734
18629
18784
18796
39730
18693
39718
39719
18693
39724
18628
18786
18630
18727
18788
39734
18631
18632
18694
18714
18636
18637
18670
18637
18638
18640
18640
18644
18656
18641
18993
18640
18641
18642
18643
18643
18645
18648
18645
18655
18647
18664
18992
18993
19005
18648
18686
18723
18649
18979
18730
18983
18997
18651
18654
18670
18657
18659
18656
18659
18660
18654
18658
18733
18655
18670
18721
18664
18670
18756
18870
18858
18661
18664
18667
18868
18894
18669
18719
18741
18867
18668
18669
18732
18950
18671
18789
18856
18858
18801
34142
18668
18669
18895
18671
18731
19005
18673
18675
18680
18687
18771
33482
33483
33496
18676
18679
18687
18698
18709
39721
18681
18683
18692
18682
18682
18688
18682
18683
18684
18691
18701
18689
18690
18692
18688
18689
18716
18728
18690
18696
18692
18697
39722
18722
18970
18973
18707
18712
39716
18703
18712
18716
39721
18701
18709
18706
18706
39719
18703
39716
39720
18734
18787
18722
18784
18787
39731
39722
18713
18715
18716
18725
18735
39716
18714
18787
39725
18713
18966
18722
39726
18722
18729
18975
18735
18732
18949
18719
18949
39734
18727
18732
18729
18730
18968
18723
18731
18733
18725
18730
18951
18954
19066
18729
39730
18790
18794
39734
18733
18756
18735
18795
39727
18784
18731
18732
39730
39714
39733
18795
18741
18765
40073
18738
18740
18748
21087
21076
21089
39627
40070
40071
40074
21084
21089
40071
18744
18869
18743
18746
18764
18804
18752
21068
18749
18750
18746
18747
18749
18747
18802
18952
18751
21088
18862
18952
40073
40075
18760
39627
40074
18780
18824
18860
39735
18755
18761
18799
18758
18810
18789
39739
18780
18789
18860
18871
18819
39735
18760
18763
18800
18764
18765
18762
18797
18763
18828
18823
18766
18826
18766
18791
18780
18871
18768
18773
18786
18770
39728
18798
18859
39740
18798
18870
39739
18801
18902
18792
39733
18774
18793
18775
18777
18781
18783
18782
18797
18778
18798
18781
39738
18856
18873
39741
18799
18785
18800
18792
18790
18794
39733
18793
39729
39732
18790
18796
39739
18867
18791
18800
39741
18793
39714
39720
39726
39728
39732
18799
18800
39738
39737
18857
18803
18804
18843
18806
18845
18805
18829
18806
21061
22198
24687
18818
18855
18875
18809
18810
18820
18812
18814
18819
18828
18813
18814
18818
18818
18819
18847
18825
18816
18841
24637
40362
24664
24685
24854
18822
24691
24842
40366
18824
18821
18828
18822
18825
18827
22193
18826
18827
18828
18826
18863
24842
18829
18829
22206
18846
18833
18836
18865
18878
18834
18837
24647
18833
18837
18877
18835
18835
24690
18836
18844
18847
18846
18863
18864
18866
18840
18843
18866
18844
18845
24666
40364
24647
24662
24679
24690
18845
18846
24686
24688
24691
18864
40365
24856
40364
18850
18855
18877
18852
18854
18854
18858
18899
18853
18865
18865
18886
18900
18856
18864
18875
18874
34101
34102
34130
18868
18870
18863
18874
18862
18866
18893
18869
18871
18875
18877
18878
18878
18868
18869
18897
18871
18876
33498
18874
39740
18875
34112
18878
18880
18882
18885
18881
18899
18884
18894
18886
18890
18884
18885
18904
18916
18887
18890
18900
18888
18891
18889
18920
18892
18910
18891
18892
18896
18896
18897
18900
18895
18897
18898
18917
18898
18899
18919
18900
18903
18905
18911
18914
18996
18905
18916
18920
18906
18907
18920
18908
18911
18909
18918
18910
18924
18919
18920
18912
18913
19009
18918
19008
18916
19006
18917
18929
19004
18917
18919
18927
18925
18925
18933
18939
18924
18928
18945
18927
18928
19143
18925
18927
18929
18927
18929
19030
19140
19147
19168
18931
18947
20705
21095
18933
18962
19149
19145
21098
21100
21102
18946
18964
18935
18941
18943
18947
19146
21102
18937
18940
18945
18938
18943
18939
18942
18945
18946
18943
19152
18942
18947
21078
18944
18946
18947
18958
19148
19150
18951
18955
20718
21088
39629
18961
18963
20700
40037
18955
21088
39629
18971
40032
18957
18958
20705
20708
20718
18958
18963
18964
18990
19053
40033
40036
18962
19056
18964
20720
18964
18969
18970
18974
18967
18973
18975
18976
20771
18971
18975
18980
18970
18972
40033
18973
18972
18985
20750
40032
18975
20745
20769
18977
18980
18986
18978
19440
19451
18979
18982
19435
18982
18983
18983
18985
18984
19059
19433
19448
18984
19000
19002
19049
18986
19057
20738
20749
18988
18994
19055
18998
19051
18991
18994
34613
34623
18992
19006
18997
18998
18995
19001
19014
19006
19015
19032
19000
19005
34632
34647
19002
19069
19040
19045
19055
19054
19068
19004
19005
19064
19006
19031
19009
19012
19029
19009
19030
39744
19032
19094
19102
19024
39744
19013
19016
19014
19015
19015
19027
19032
19017
19018
19026
19027
19041
19019
19097
19025
19026
19091
19098
19022
19025
19094
19102
19026
19070
19103
19030
19061
19074
19095
19088
39746
39745
19047
19028
19045
19062
19068
19070
19088
19097
39744
19031
19032
19062
19053
33246
34640
19039
19453
19038
19042
19037
19043
19445
19038
19461
19039
19458
19041
19044
19045
19047
19043
19055
19044
19046
19054
19047
19444
19456
19049
19050
19462
19054
19457
19051
19054
19055
19444
19064
19066
19073
19066
19067
19069
19059
19060
19070
19100
19067
19068
19075
19099
20733
19062
19070
19072
19064
19109
33038
33048
33051
19069
32947
33047
33055
33070
19076
20721
20740
19069
19074
19089
19101
19155
19073
19074
19075
19076
20720
19153
19105
20734
20719
20722
19078
19084
19090
19090
20604
19080
19081
19084
19096
19136
19082
19083
19086
19110
19132
19085
19086
39743
19098
19109
33040
33047
33406
19097
19095
19092
39745
20609
39742
19108
39743
39746
19095
39745
39744
20602
20604
20621
39745
39743
19100
19105
19505
19103
19104
19105
20606
19103
19498
19104
19454
19507
20619
20620
39742
19132
19137
19508
33043
33050
19132
19526
39854
19112
19500
39859
19521
39856
19114
19501
19517
39857
19516
19527
39856
19501
39858
19135
19120
19128
19120
19133
19122
19125
19522
19614
39871
39870
19123
19518
19124
19522
19136
19518
19518
19526
39853
19501
19523
20668
20752
39874
19652
20614
20656
19254
32947
32998
19134
20669
40024
19136
39872
19510
39874
19137
20621
20656
19139
19141
19144
19144
21191
21198
19143
19149
19153
19142
19173
19143
19155
19147
19154
20617
19146
19151
21194
19150
19152
19148
19172
19150
19152
19150
19156
19154
19156
20717
19165
19155
19156
19155
20605
20720
19158
19161
19167
19160
19228
19160
19162
19177
19163
19164
19171
19166
19180
19164
19166
19170
19169
19172
19186
19170
19171
19208
19171
19172
19226
19173
19183
21201
19173
19173
19175
19177
19202
19176
19203
21229
40093
19180
19209
21190
21210
21233
21262
21188
21207
21229
19183
40092
19182
19186
19224
19184
21104
24996
19184
19186
21189
40091
24989
24995
25001
19229
19189
19192
24896
19193
24980
19191
24956
19191
19198
19201
19197
19194
19198
24909
24982
19195
19196
19202
19231
19216
24999
19201
21206
40466
19203
24888
24890
24896
40440
40452
24997
40090
19203
19210
40090
19205
19206
19211
19228
19231
19207
19214
19208
19215
19226
19228
19210
19228
19229
19230
19231
19212
19216
19213
19217
19220
19225
24905
19215
19217
19219
19225
19231
19218
19219
19220
19221
19222
40443
19222
19226
19223
19224
19227
19229
19230
19227
40450
19229
19230
24953
24998
19255
19259
19268
19238
19240
19268
19235
19237
19244
19236
19238
19244
19260
19252
19253
19239
19242
19252
19242
19246
19243
19251
19248
19248
19249
19253
19493
39779
19247
19266
19248
19249
19270
19263
19567
19252
19385
19269
32945
33041
19256
19257
19563
19265
19279
19260
19566
19268
19429
19763
19772
39787
19388
19478
19763
39801
19561
39763
39779
19265
19270
19386
19268
19270
19342
19384
39800
32944
32991
33048
19275
19281
19539
19536
19538
19544
19274
19278
19585
19276
19544
19276
19277
19294
19279
19290
19586
19994
19280
19281
19542
20007
19545
19286
19290
19293
19285
19286
19294
19285
19978
19989
19995
19288
19287
19288
19291
19989
19291
19292
19959
19294
20014
19293
19293
20003
19995
19302
19307
19865
19828
39757
19304
19319
19865
19311
19316
19317
19300
19314
19316
19307
19308
19308
19314
19315
19303
19316
19323
19305
19309
19322
19310
19313
19309
19310
19320
19320
19312
19314
19315
19324
19315
19326
19318
19324
19325
19329
19339
19322
19806
19345
19358
33524
19326
19339
39756
19325
19370
19326
19364
19337
19340
19869
39755
19795
39751
19339
19869
39755
19382
19759
19824
19853
19745
19999
20035
39783
20016
20020
39920
39922
20022
39769
20025
39943
39945
19891
19899
39941
19341
19344
39771
19344
19346
19348
19947
20019
39749
19806
19760
19825
19775
39820
39821
19765
39688
39828
19346
19371
39814
19376
32997
33000
33046
19362
19376
19825
19854
19391
20021
19350
19352
19357
19351
19365
19354
19369
19353
19354
19356
19374
19355
19373
19374
19360
19368
19360
19360
19363
19362
19370
19369
19370
19371
19370
19367
19369
19373
19371
19377
39768
39813
19869
19373
19387
19377
39813
19380
19378
39820
19762
39814
19423
19424
39811
39813
19431
19447
32783
39778
39799
39915
39894
39895
39932
19824
19872
19897
39669
19430
39780
39802
19493
19564
19773
19488
19762
39801
20022
39750
39769
19685
19693
19695
19697
19765
39787
39800
39849
39773
39890
39894
39908
19396
19400
19417
19395
19424
39809
19420
39772
19401
39803
19403
19406
19475
19399
19400
19402
19402
19406
19404
19405
19482
39840
19407
19404
19479
19482
39827
39845
19430
19415
19409
39803
39806
19426
19446
19473
19485
39795
19429
19488
39658
39688
19421
19854
39933
19728
19785
39817
39899
39685
39809
19430
39780
19437
39831
39888
19426
39803
19871
39685
39809
39686
39804
39772
39810
39811
19825
19843
39689
39680
39820
39686
39805
39687
39829
39837
19568
39791
39794
39800
19765
39818
19476
32790
32953
20758
39830
39833
19434
19440
19464
19440
20751
20773
19451
19808
39824
19720
19824
39676
39894
39793
39807
19491
19708
39795
39796
39824
39826
39834
19447
19525
32956
33022
19871
39680
39807
19455
19465
19445
19456
19461
19712
39792
39832
19525
33006
19454
19457
19464
19454
19460
19497
19460
19464
19473
19491
19691
39834
19453
19462
39846
19458
19462
19456
19487
19457
19462
19461
39845
19479
19481
19482
19682
19486
19499
19483
19473
19485
19486
39790
39842
19471
19487
39790
19470
19479
19571
19468
19469
19570
19470
19477
19477
19529
19471
19682
39808
39834
39842
39844
39842
19486
19524
19546
39794
19479
19481
19562
19481
39841
19487
39763
39779
39802
19483
19682
39827
39791
39827
39790
39845
39840
39841
39843
39791
39794
19487
39780
39801
19709
39812
39852
39893
19720
19725
19731
19824
19494
20777
20775
20776
39892
39893
20022
19499
19511
19708
19503
20660
20680
19505
19511
20746
19499
19500
19507
19500
19507
19508
19687
39859
19520
19510
19673
19684
40024
20684
20756
40029
19506
20598
20668
20752
19507
19652
20593
19509
39854
39859
39873
19703
20764
19513
19515
19573
19514
19519
19532
19547
19516
19517
19529
19519
19526
19520
19523
19534
19529
19569
19696
32955
33009
39854
19530
39859
19773
39862
39863
19572
19687
19692
19696
19532
19536
19541
19543
19547
19534
19535
19588
19547
39867
19538
19547
19539
19617
19676
27961
32771
19574
19544
19545
19565
19687
19695
19782
19543
19545
19545
19583
39863
19556
39868
19587
19686
19687
19696
19549
19560
19566
19551
19552
19552
19554
19557
19555
19563
19559
19559
19560
19562
19555
19573
19556
19573
39865
19558
19570
19559
19571
19561
19567
19568
19568
19571
19564
19566
19567
39865
19683
19686
19782
19567
19569
19572
39865
19571
19572
19573
19577
19587
19588
19576
19578
19584
19580
19584
19578
19585
19579
19580
19586
19669
19584
19588
19674
19583
19586
19678
20013
19587
19589
19586
19587
19589
19679
19694
20444
40006
40011
19592
19620
20319
20436
19594
40009
19663
20469
40002
19595
19597
19600
19605
19597
19605
19607
19635
19634
20266
20437
20471
39996
20462
39968
20459
40009
19633
20263
20485
20847
20447
40002
19604
19606
19608
19605
19609
20452
19607
19611
19636
19610
19613
19610
19788
19675
19613
19625
20442
20447
20454
39880
19614
19616
19677
19616
19673
19677
39875
19639
19640
19738
28005
19622
20510
40016
40019
19630
20474
40016
40006
40009
19622
19626
19627
19623
20535
19625
19628
20546
19629
19636
19634
20486
19628
20533
19636
19630
19637
19653
19647
20542
19657
20475
20476
20528
19676
19761
20451
20487
19635
20436
19636
19637
19666
19639
19646
19649
19640
40025
19651
19653
19644
19645
19659
19662
19644
19645
19700
40026
19651
39879
19661
19647
20540
20652
19653
19654
20639
40020
40021
40031
20669
40025
20674
20677
20682
20736
19653
39878
19659
20474
20653
19658
20451
20859
20438
20440
20482
20483
20478
20509
40014
19661
20754
19661
20445
20658
20661
20742
20754
20747
20034
20449
39879
20303
20444
19668
19671
19755
19779
19986
20018
20040
20453
20441
20452
39878
19671
19755
19815
39880
19698
39875
39879
19674
19675
19678
19680
19776
20033
20450
19777
39877
19673
19674
19677
39871
19697
19679
19677
39876
27950
19679
19681
19693
19776
20038
39880
19689
20008
39877
39790
19686
39850
39861
19695
19697
19705
19689
19693
39862
19707
20005
39782
39788
39862
19777
39788
39784
39785
39787
39850
39824
39833
19695
39867
19694
39863
39867
39864
19698
19701
19779
19700
19702
19714
19771
19701
19704
19705
19781
19704
19706
19706
19710
39760
19710
40027
19710
19711
19709
20760
39794
39795
39849
19782
39760
39760
39762
40023
19782
39760
39848
39795
39796
39851
19716
19718
19724
19715
19716
19783
19716
19717
19758
39887
19749
39886
39816
39852
39888
39893
19735
39823
19722
19724
39891
19735
39823
19870
39773
39812
39847
19750
19786
19774
19867
19728
19879
39817
39897
19852
19859
19879
19837
39898
19900
39661
39672
19741
39905
19735
19741
19751
39676
39662
39671
39662
39664
39670
39671
19737
19740
19746
19747
19752
27957
28007
19740
19749
20426
39674
19751
39674
20274
20279
20353
39987
19767
20431
39910
39912
19747
19748
20424
19766
19790
39928
19747
20427
19840
20342
39905
19750
20339
19751
19832
39904
28011
28014
32741
20105
20107
20149
19756
20036
20038
39928
19784
20449
20298
39880
39927
19764
19766
19812
19874
19784
20449
39881
19775
39821
39896
39657
39765
39770
28003
28005
32774
39658
39768
39778
39799
19950
20024
39937
39822
19814
39919
19831
20326
19816
20313
39929
39936
19841
19874
20000
39937
19785
19841
19855
19781
19783
39762
19799
39786
39818
39861
39864
39823
39892
19867
39793
20040
20453
19779
20010
19797
39914
19781
39750
39777
39778
39848
19784
19786
20338
39900
39890
39909
39900
39911
20452
20453
39876
19790
19812
19838
19945
19812
20023
19792
19928
19934
19935
39940
39956
19890
39935
39944
19803
19845
39753
19888
19899
19861
19873
39937
19916
19936
19954
39940
39770
19861
39933
39957
20008
20023
39782
39788
19924
20021
39943
39954
19865
39753
19998
19849
19908
19938
39776
39759
19875
19924
39754
20310
20312
20318
39978
20306
20310
39979
19840
20328
20428
20431
20024
39930
39975
39976
19923
20295
39775
19838
39926
39927
20039
39775
39928
20326
39675
39926
39929
20293
39676
39899
39911
19933
39948
19888
19889
19948
39748
19822
19883
19911
19887
39923
39939
39756
19829
19836
19837
19835
19858
19894
20198
19878
39660
19835
19879
19855
19858
20196
20428
39884
39984
20431
39904
39912
19836
19839
39902
39906
39930
19836
39661
39903
19945
39925
20192
20194
20366
20424
19948
19860
19901
19917
32601
19845
19886
39923
39941
19848
39747
19847
19862
19863
19866
39939
39938
19890
39944
39957
19889
19912
39942
19897
39667
39655
19857
19897
39934
19864
39758
19888
39817
19866
19902
39659
39712
19859
19879
19891
19893
29365
29374
32637
39748
19868
19876
19868
19868
39793
39765
39851
39852
39889
39676
39898
39712
39932
20295
39673
39752
39938
39655
19881
19885
19896
19884
19885
20176
19887
20176
20199
19892
20193
19886
19887
39951
39942
39948
19896
39655
19895
19894
19895
20191
39941
29371
32609
32640
19902
19917
32612
32613
39916
39939
19904
20156
20165
19905
19906
19925
19926
19911
19952
19933
19934
39957
19950
39919
39949
39956
19923
19946
39949
39953
20197
39951
19937
19951
19914
20154
19919
19940
20138
20153
20154
19925
19953
29373
32614
20088
32590
19920
20062
20147
19921
19942
19922
20107
20150
19923
20167
39775
19949
39751
39917
19926
19954
20152
20153
19932
19940
19953
19929
19932
19930
19941
19931
19940
19941
19965
19969
19953
19938
19941
39950
19936
19951
19937
19952
19942
19963
19999
19942
19949
19945
20009
39789
39914
20019
20026
39782
20010
19954
20164
39952
20026
39918
39946
39953
39919
39949
39946
39955
39942
39948
19954
39951
39940
19956
19965
19968
19960
19964
19958
19966
19968
19967
19968
19967
19990
20016
19961
19966
19962
19964
19963
19988
19969
39921
19965
19969
19996
39922
39924
19976
19983
19993
19972
19973
19981
19992
19993
19974
19976
19977
19982
19977
19982
19994
19979
19978
19979
19983
20011
32593
32614
19982
19991
19984
19989
19996
19987
19988
19993
19987
19991
20001
19992
20032
19996
20027
19990
19996
20017
19992
19995
20028
20015
20011
20104
32570
32586
20004
39777
39954
39919
39921
39673
39900
39931
20018
20027
20028
20003
20026
20014
20016
20021
20009
39785
39915
20007
39782
20013
20014
20013
20018
20010
39784
39788
32531
32588
32592
32610
20028
20015
20017
20028
20017
20027
39783
39915
20023
20026
39918
39751
39783
39781
39914
39918
39922
39920
20035
20103
20308
20087
20102
20105
20309
20033
20037
20112
20037
20040
20113
20457
39964
20441
20442
20445
20038
20040
20038
20041
20314
20109
20041
20107
39969
20308
20314
20043
20046
20047
20050
20061
20045
20054
20059
20049
20063
20049
20055
20048
20050
20056
20058
20061
20058
20052
20054
20059
20053
20064
20056
20057
20055
20056
20071
20114
20084
20060
20063
20064
20115
20101
20115
20119
20110
20091
20137
39960
20067
20083
39962
20146
39962
20072
39959
39961
20076
20087
39958
20071
20082
20083
20084
20120
20075
20145
20074
20076
20079
20087
20076
20086
20146
20137
20154
20080
20093
20111
20082
20146
20082
20093
20118
20120
20084
20116
20148
20105
20104
20090
20100
20114
20091
20092
20110
20114
20098
20109
20099
20111
20095
20096
20099
20097
20106
20097
20098
20112
20100
20118
20118
20103
20108
20111
20307
20309
20113
39966
29497
20111
20307
20308
20110
20113
20112
20113
20115
39965
20120
20116
20119
20120
32547
32586
32590
32608
20309
39958
20122
20132
20134
20123
20124
20132
20133
20125
20127
20129
20130
20129
20135
20244
20134
20135
20129
20227
20246
20131
20133
20227
20228
20229
20148
20155
20229
20141
20248
20140
20142
20169
20138
20142
20140
20148
20151
20151
20155
20238
20153
32577
32578
32608
20292
29982
32478
32483
20146
20150
20154
20155
20150
20237
20170
20159
20153
20166
20168
20252
20158
20165
20166
20158
20160
20161
20169
20161
20169
20236
20162
20203
20162
20204
20167
20189
20327
39971
20167
20168
20205
20201
20202
20168
20169
20170
20170
39974
20185
20250
20255
39971
20175
20178
20202
20174
20178
20180
20181
20193
20176
20193
20199
32444
32469
32470
32472
20203
20180
20182
20184
20181
20190
20183
20204
20185
20204
20250
20185
20187
20214
20189
20187
20190
20192
20188
20216
20189
20192
39976
20205
20191
20193
20198
20194
20195
20198
20196
20200
20198
20199
20199
20200
20201
20205
39952
20202
20205
20203
20204
20210
20217
20258
20209
20210
20376
20210
20257
20211
20377
20218
20213
20239
20218
20219
20216
20219
20259
20292
20886
32444
32481
20220
20305
20234
20352
20375
20220
20365
20222
20225
20234
20224
20317
20224
20225
20226
20233
20241
20227
20228
20253
20251
20232
20233
20234
20260
20378
39977
20261
20318
20311
20262
20238
20248
20254
39973
20238
20250
39974
20252
20261
39974
20252
20249
20257
20259
20241
20245
20258
20253
20262
20243
20247
20257
20244
20245
20246
20248
20246
20253
20248
20249
20254
20254
20252
20261
39973
39973
20255
20259
39972
20261
20312
39971
39972
20258
20262
20260
20262
39972
20440
40018
20265
20267
20273
39997
39998
20499
39997
20268
20276
20289
20489
20302
20489
39998
20272
20276
20283
20291
20272
20283
20343
20834
20273
20480
20277
20287
20284
20285
20288
20284
20289
20285
39987
20325
20337
20363
20281
20331
20333
39987
20363
39982
20283
20286
20291
20345
20291
20286
20288
20296
20289
20300
20429
29989
32484
39894
39908
39931
20336
20433
20434
39994
39901
20300
20306
20331
20324
20387
20403
20433
20299
20316
20454
20322
20341
39929
20346
20472
40012
20448
20469
20472
20488
40012
20306
20321
20331
39982
20378
39980
20317
39965
40007
39966
39966
20311
20317
20318
40005
20327
39977
20322
39969
39978
39964
39967
20318
39969
40008
20322
20455
39967
39977
20481
20439
39968
20423
39884
39979
39979
20334
20416
20417
20860
20386
39993
20329
20433
39994
20341
39910
39975
39976
20339
20426
20363
20367
20374
20539
20578
20346
20372
20425
39991
39988
20854
39992
20343
20344
20416
20477
20387
20399
20390
39909
39910
39926
20431
39886
20417
20421
20432
39883
20348
39884
39902
39985
20345
20390
20346
20448
39885
20346
39930
39936
39975
39978
20456
39881
39882
20350
20351
20356
20360
20376
20352
20353
20368
20376
20356
20355
20358
20361
20362
20375
20484
20631
31534
31862
20360
20377
20360
20370
20362
20371
20364
20365
39986
20375
20372
20374
39985
20418
20425
20378
20370
39981
20371
39989
20424
20425
39985
39986
39991
20428
39984
20377
20377
39983
20380
20393
20839
20841
20381
20396
20385
20845
20384
20394
20396
20393
20395
20396
20385
20389
20386
20389
20405
39992
20389
20394
20403
20416
20392
20405
39992
20395
20414
20395
20818
20415
20401
20434
20409
20401
20405
39646
39649
20402
20404
20415
20435
20407
20414
20414
20407
20412
20415
20409
39645
20412
20420
20484
20501
32386
32401
20421
20432
39994
20415
20421
20419
20435
20422
20425
20422
20434
20435
39885
20427
20430
39982
39984
20427
20427
20434
39906
39930
39980
39886
20435
20486
20440
20485
20499
20458
20492
20475
20447
20449
20456
20446
20448
20469
20487
20488
40001
20451
20451
20456
39882
20450
39995
20452
39877
20455
20456
20461
39970
20459
20460
20490
20499
40013
40002
40004
40012
39970
40002
40003
40005
20464
20466
20471
20465
20468
20479
20527
20475
20528
20468
20471
20480
20479
39970
20488
40006
40010
39968
20511
20520
20654
40015
40015
20482
20519
20520
40018
20480
20866
39995
20512
20520
20828
20865
39996
20486
20492
40014
20492
20510
40019
31541
31880
20487
39995
20510
20499
40000
40011
20494
20497
20494
20496
20559
20495
20511
20536
20498
20502
20502
20512
20560
20577
20503
20523
20561
20539
20555
32402
20526
20662
20507
20508
20517
20506
20509
20512
20507
20513
20514
20509
20528
40016
20529
20521
20529
20517
20524
20516
20521
20524
20522
20525
20880
20527
20519
20525
20526
20850
20527
20848
20526
20522
20523
21154
20526
20529
20525
20871
20528
20531
20534
20548
20538
20550
20538
20546
20534
20535
20546
20535
20544
20544
20562
20564
20549
20550
20552
20541
20555
32385
20542
20543
20545
20553
20544
20546
20558
20558
20564
20651
20548
20551
20559
20550
20562
20551
20591
20553
20554
20553
20601
20558
20557
20566
20563
32383
20561
20581
20626
20642
20579
20595
20599
20560
20562
20561
20583
20663
20564
20578
20631
31546
20650
20566
20572
20577
20579
20583
20570
20572
20573
20569
20572
20574
20571
20582
20571
20575
20576
20579
20580
20577
20576
20580
21156
21180
20583
31540
31861
20581
20644
20583
20632
21161
20586
20590
20592
20586
20594
21261
20589
20588
20589
20591
20594
20595
20596
20596
20597
20595
20601
20597
20622
20598
20623
20636
21256
20645
20601
20598
20599
20600
20601
20627
20636
20645
20607
20622
20631
31527
31861
32333
20607
20609
20606
20617
20618
20619
20620
21243
20615
20616
20617
21195
20617
20620
20616
20646
21252
21257
20612
20613
20647
40022
20618
20619
20732
20614
20623
20619
20621
20618
20641
21243
21258
20711
20621
20623
21252
20648
20625
20638
20639
20695
20626
21160
20632
20642
20634
20642
20664
20638
21149
21160
21165
20630
20640
21149
21172
20633
20644
31822
20643
20644
20645
20646
21257
20636
20639
20655
20637
20639
20647
20683
20648
20638
20640
20706
20641
20646
20647
20645
21153
21160
21162
21162
20648
20648
20653
20654
20658
40015
20651
20654
20663
20652
20664
20653
20659
20661
20662
20659
20664
40031
20658
20662
20742
20864
40028
40027
40029
20747
40028
20663
20664
20670
20672
20684
20670
20743
40029
20670
20672
40050
20752
20676
20791
20806
40053
40049
20678
20688
20768
40051
20743
40029
20679
20685
20697
20857
20783
40041
20678
20688
40052
20744
20694
20729
20690
20747
40026
20731
20756
40020
40021
20741
20727
40021
40022
20754
40030
20687
20748
20801
20748
20804
40052
40030
40049
40052
20743
40050
20727
20732
40022
40028
20693
20900
21112
21145
20879
20900
20901
21125
20694
20695
20697
20698
20696
20698
20809
21111
20813
20903
20805
40020
20712
20713
20725
20784
20718
20719
20726
20702
20713
20718
20703
20705
20713
20714
21121
20709
20799
32299
20716
20707
20710
20728
20712
20714
20717
20719
20720
32273
20711
20715
20717
20735
20730
20808
20715
21118
20716
21173
20717
21100
20723
20722
20733
20739
20723
20734
20726
20735
20725
20726
20741
20726
20730
20728
20730
20735
20742
40020
40030
20736
20804
20734
20735
20734
20755
20756
40052
20741
20744
20750
20740
20749
20751
20740
20741
20755
20751
40031
20765
20745
20815
20750
20770
20755
20759
20754
20753
20813
20750
20772
20778
20806
20812
20924
40030
20761
20762
20771
20761
20773
20774
20764
20765
20778
20763
20764
20775
20776
20767
20769
20765
20766
20777
20768
20767
20775
20768
20770
20770
20771
20772
20772
20778
20777
20778
20776
20777
39816
20776
20785
20792
20909
20792
20793
20794
20797
20800
20814
40041
20783
20815
40040
20791
40039
20796
20803
40042
20786
20788
20788
20800
20800
20814
40038
20795
20807
20812
40053
20791
20793
20794
20920
20795
20922
40039
20816
40038
20909
20923
40048
20907
20914
20957
40046
20817
20830
40039
20807
20812
20858
20810
20814
20816
20808
20816
20805
20808
20809
20813
20923
40041
40049
20809
20811
20811
40048
21123
40044
20919
20816
40042
20831
20877
20839
20840
20842
20822
20839
20842
20821
20822
20833
20845
20824
20826
20832
20843
20825
20826
20838
20827
20828
20837
20838
20849
20834
20838
20877
32273
32257
32277
20843
20844
20889
20835
20836
20855
20841
20845
39993
20844
20867
20873
20841
20844
20863
20845
20843
20888
20858
20859
20860
20852
20859
20866
20850
20852
20865
20855
20865
20867
20851
20856
20857
20864
20864
40018
20856
20857
20861
20884
20855
20860
20862
20863
20867
20883
20858
20861
20864
20866
20862
20863
20867
20866
20881
20890
20896
20890
20892
20895
20873
20880
20883
20889
40057
20888
20884
20891
20894
20917
20876
20878
20897
20899
20886
32481
20879
20893
20894
20885
20902
20882
20890
20899
20902
20884
20903
20900
21147
32217
32292
40054
20889
40055
20892
20895
20912
20893
20952
20897
20948
20901
40047
20899
20974
40056
20903
20903
40045
20905
20915
20921
20920
20936
20910
20913
20934
20918
20932
40047
20909
20914
20920
20937
20928
20911
20917
20912
20916
20917
20951
20915
20922
20928
20936
20916
20921
40046
20928
21051
40048
20924
40044
40045
20922
20956
20937
20924
20937
20934
20927
21050
21052
20927
20929
20931
20928
20930
21053
20933
20955
20936
20958
20953
21054
20959
21044
20937
40046
21035
21048
21054
20960
20939
20944
20946
20945
20947
20942
20969
20978
20979
20942
20949
20954
20944
20944
20945
20969
20950
20947
20949
20956
20952
20953
20980
20958
20952
20981
20952
20956
20957
20957
20959
20955
20978
20958
20959
20960
20960
20960
20972
20962
20965
20986
20973
20976
20965
20977
20994
30004
31987
32096
32265
20968
20968
20969
20975
20973
20974
20976
20979
20981
20971
20974
20997
21159
20972
20992
20978
20980
20996
20980
20976
20981
20978
20979
20981
20983
20988
20989
20984
22078
20990
22083
22090
22103
40069
20988
20994
20996
20988
40065
40066
20990
20996
20991
20997
22100
20994
20997
22092
22075
22089
22102
40067
22088
22093
22106
20997
21005
21006
21010
21006
21010
21016
21003
21006
21014
21007
21009
31984
32076
32267
32269
21004
21008
21005
21007
21043
21027
21045
21032
21037
21009
21017
21015
40079
40082
21012
21031
21025
21709
21015
21711
22070
21016
21017
21017
22071
21716
21019
21021
21022
21117
21029
21032
21021
21022
21030
21091
21029
21133
32090
32226
32269
32294
21025
21030
40077
21031
21717
21060
21084
21090
40084
21032
21082
40079
21146
21163
32227
21031
21074
21032
21040
21042
21050
21039
21040
21052
21039
21051
21037
21044
21048
21038
21043
21046
21048
21046
21041
21045
21047
21043
21053
21045
21053
21054
21047
21047
32220
32230
21052
21053
21052
21054
21069
21066
21086
22208
40083
21084
21704
39630
21075
21082
40076
40081
21086
21703
21722
40078
21062
21066
21704
21063
21067
21068
21067
21068
21065
21093
21065
21092
40083
22200
21708
22207
22197
22205
21090
21704
21708
40082
21071
21078
21087
21079
21080
21073
21074
21092
21077
21079
21091
40076
21083
21084
21077
21078
21093
21079
21081
21091
21082
21083
21091
21087
21086
21700
21708
21714
21729
21090
21093
21093
40084
21095
21096
21097
21100
21102
21103
21108
21107
21177
21101
21175
21192
21106
21107
21170
21178
21104
21106
21189
21103
21104
21105
21106
21108
24986
21638
21108
21146
21230
30078
32213
21111
21118
21165
21112
21123
21125
21148
21158
40059
21115
21121
21179
21116
21117
21120
21122
21120
21164
21121
21168
21159
40062
40060
21122
21124
21124
21125
21126
21126
40061
21133
21164
21183
40058
21129
21276
21132
21133
21132
21279
21597
22053
21150
21176
40085
22053
22042
21151
21159
21136
21138
21143
21228
40087
21143
21216
21221
21139
40086
21143
21200
21176
21183
21300
40058
21181
21296
21300
40088
21182
21202
21278
40086
21167
21180
40086
21147
21148
21152
30089
32222
21154
21158
21165
40059
21162
21186
21182
21185
40060
40062
21154
21160
21154
21161
21158
21161
21161
21162
40085
21164
21179
21185
21230
40060
21169
21170
21171
21263
21298
21169
21173
21179
21186
21175
21177
21190
21223
21278
21174
21186
21203
21174
21178
21197
21178
21199
21277
21178
21179
21263
40085
21298
21299
21301
21186
40085
21185
21268
21298
40087
40088
21208
21214
21215
25002
21219
21229
21193
40097
21199
21202
21195
21198
21253
21193
21194
21199
21201
21233
21198
21201
21197
21258
21200
21203
21260
21199
21203
21201
21202
21262
21203
21205
21208
24992
21225
25000
21234
25001
24997
40090
21212
24984
40089
40091
21218
21223
21249
21212
21225
21226
21220
21215
21246
21236
21246
21216
21249
21221
21249
21222
21224
21239
21248
21632
40089
40097
21236
21627
21221
21226
21228
21251
40095
21228
21625
21231
21241
21641
21227
21228
21631
40093
32231
32285
21260
21262
25000
25001
40466
40097
24984
24998
40090
21246
21248
40096
21239
21240
21250
21239
21251
21241
21244
21245
21247
21317
21436
32149
21252
21245
21254
21259
21425
32178
32190
40096
21262
21261
21253
21261
21258
21256
21259
21257
21259
21260
21257
21261
21260
21299
21317
21325
32047
32161
21268
21269
21274
21301
21269
21273
21274
21271
21270
21272
21583
21275
21590
21275
21586
21580
21601
21291
21602
21279
21603
40088
21293
21299
21300
40087
21296
21600
21283
21292
21297
21288
21291
21294
21311
21312
21327
21285
21326
21285
21288
21289
21292
21289
21292
21293
21290
21293
21299
21327
21290
21301
21301
21302
21302
21305
21296
21300
21316
21328
21302
21322
21326
21328
21588
21311
21314
21319
21305
21311
21319
21327
21328
21308
21312
21326
21309
21313
22030
21310
21322
21323
22031
22023
22029
21313
21314
21323
21318
21321
22026
21320
21324
21328
32156
32180
21320
22036
22039
21591
22054
21324
22042
21322
21324
22055
40058
21425
32045
32146
21327
21333
21356
21772
21823
21331
21332
21598
21621
21332
22047
22049
21335
21335
21355
21336
21829
21833
21336
22057
21339
21348
21350
21340
21342
21981
21982
21343
21347
21341
21349
21343
21344
21349
21357
21345
21353
21399
21422
21350
21428
21352
21354
21356
21458
21348
21349
21606
21351
21354
21607
21410
21412
21827
21982
21985
21994
21355
21356
21605
21358
21593
21992
22040
21823
21827
21834
21360
21361
21367
21372
21397
21417
21365
21372
21363
21372
21381
21365
21383
21366
21368
23096
21366
21367
21371
21374
23099
23100
21370
21371
21374
21373
21395
21374
21380
21387
23344
23527
21377
21381
21382
21378
21382
23120
21378
21379
23094
21383
23110
21384
23109
23326
21383
21384
21871
23097
21396
21878
21421
21430
21462
21837
21387
21393
21864
23343
21395
21396
21389
21394
21461
21476
21397
21418
21429
21392
21393
21844
21523
21531
21766
21772
21461
21509
40132
21394
21395
21479
21397
21397
21872
21399
21404
21413
21415
21422
21401
21409
21423
21407
21406
21417
21404
21405
21409
21407
21408
21428
21407
21414
21409
21411
21412
21421
21456
21432
21444
21447
21422
21428
21414
21415
21426
21416
21985
21426
21427
21826
21418
21424
21429
21427
21429
21879
21430
21459
21428
21424
21432
32175
21430
21846
21430
21437
21448
21433
21457
21448
21450
21435
21551
21438
21441
32141
32188
32190
21438
21444
21439
21440
21445
21566
21544
21575
21443
21449
21549
21454
21512
21552
21446
21447
21455
21572
21456
21457
21449
21454
21464
21511
21452
31629
32166
30350
30354
30998
21454
21464
21528
21553
21513
21458
40103
21458
21459
21459
21464
21532
21463
30887
30893
30998
21462
21519
21463
40129
21464
21540
21466
21478
21486
21467
21472
21468
21470
21469
21471
21485
21487
21471
21486
21485
21473
21482
21474
21475
21482
21483
21483
21487
21477
21479
21481
21481
21510
21520
21481
21482
21480
23511
21484
21486
21498
21517
21485
23502
23504
21490
25104
25110
25113
21490
25025
25026
25113
21491
21492
21493
21494
21495
21495
25026
21497
21498
26443
30367
30695
30997
21518
25104
21514
21500
21503
21508
23496
21501
21522
23497
21502
21518
23506
21517
21520
23509
21504
21515
25075
21505
21508
21758
21507
21516
21525
21512
21514
25027
21515
25022
25044
21509
21516
21519
21511
21519
21520
21513
21519
21513
25028
21516
21517
21518
21521
25071
21526
21520
21522
21522
25021
25111
25112
21535
21836
40134
21535
21536
21770
21526
21767
25045
21528
40133
21539
25045
25052
25053
21539
21540
21847
21859
21538
21539
21614
21535
21538
21540
21836
21536
21614
25052
21536
21773
25046
25057
31633
32103
32107
40103
21550
40131
21797
21843
21543
21545
21551
21544
21546
21551
21556
21549
25017
21568
25029
21555
21560
21656
21578
21645
21650
21660
21551
21552
21553
25024
21553
25023
21577
21677
31866
31884
31885
21561
21646
21575
21576
21646
21663
21664
21643
21647
25020
21647
21657
21664
25013
21568
40099
21562
21564
21563
21565
40104
21565
21575
21566
21575
21569
21645
21662
21646
21657
21573
40100
40104
21573
21654
40100
40101
21620
21653
40102
21577
40103
21574
21652
21629
21649
21653
21577
21651
21663
21580
21587
21594
21588
21601
21591
21594
21606
21583
21584
21601
21586
21601
21585
21594
21586
21595
21602
21588
21591
21600
21599
21602
21613
21624
21599
21602
21603
21592
21597
21604
22037
21604
21605
21606
21596
21622
21607
21615
21600
21618
21604
21605
21623
21603
21635
21603
22043
21607
21607
21612
40102
21619
21639
21653
21666
21611
21613
21634
21622
21649
21653
21665
40101
21624
21642
40101
21622
21623
21617
21618
21621
21619
21637
21623
21624
21620
21667
21621
21623
21624
21630
21631
21632
21628
21640
21648
24989
25002
40465
21629
21633
21652
21634
21639
21635
21636
21635
21641
21638
24993
21634
21641
21642
21642
21637
21638
21639
21642
24987
21640
21682
24988
24995
21646
21662
21651
21656
40098
21652
25014
21657
25020
21652
21659
24971
40104
21655
21662
25014
24975
24976
24965
24981
21661
25029
24900
24949
40449
21660
24991
40446
40445
25014
40100
40098
40099
21666
21672
21674
21667
21682
21675
21681
21676
21688
21689
21670
24960
24962
21673
21687
21679
21686
24865
24978
21673
24967
21674
21675
21683
21683
21687
21720
21685
21702
23495
21688
21684
24940
24946
21681
21682
24947
24950
24958
21686
21689
23495
31893
31939
21733
24850
21733
21751
21721
21723
21723
21733
21692
21939
21951
21692
21747
22392
21699
21935
21741
31744
21697
21698
21699
21701
21734
21939
21697
21713
22168
21952
21715
21726
21732
21748
21718
40078
40081
21705
21719
21735
30809
31873
31885
21721
40077
40083
39628
21706
21709
21707
21711
22068
21710
21719
22169
21711
21717
21712
21716
21716
21713
21714
21715
21719
21715
21727
21718
21718
40078
40079
40170
21734
21756
21722
21723
21729
21735
21725
21728
21729
24846
21726
21731
21727
21732
21729
21735
21730
21733
24843
21731
21757
21753
22374
21734
21755
21735
22372
22378
22394
22414
21740
21746
21754
21742
21745
21746
21794
21749
21751
21752
21752
22390
21793
31865
21747
21750
21749
21754
21749
21750
21754
21769
22391
21748
22371
21755
22412
21756
21756
21757
21757
21755
21757
22369
21756
21759
21763
21767
21760
21768
25064
21761
21763
23471
21762
24837
21764
21782
21771
21769
24824
21767
21770
21848
40134
21843
21849
21773
21773
24817
25077
21770
21781
21773
21792
21838
21836
21849
21776
21779
21796
21776
21779
21780
21798
22420
22451
23356
40183
21799
23347
40135
40183
22362
23357
23446
40180
21782
21794
21797
21785
21792
21788
21789
21805
21789
21794
21796
21786
21798
21791
21792
21791
21798
21799
23352
21799
21802
21856
21790
22403
21796
21799
22363
21866
21841
31741
31884
31886
21828
21927
31978
31988
21798
21841
21848
31974
31977
31990
31991
21821
21842
21853
21803
40135
40137
21805
21808
40136
21805
21807
21810
22401
21857
21913
22538
40146
21816
22423
40139
22258
22423
40139
40148
21813
22407
22428
21812
21814
21917
21814
21933
21817
22429
40193
22123
40202
21816
21818
21936
21817
21821
21920
21953
21832
21962
21820
21922
21956
21831
21961
22009
21835
21923
21823
21829
21849
21851
21829
21830
21831
21835
21915
21826
21830
21852
21845
21986
21850
21994
22972
32014
32064
21833
21995
21832
21989
21833
21835
21834
21991
21996
21839
40131
21840
21846
21850
21841
21844
21848
21842
21851
21852
40129
40130
21847
21862
21847
40132
21846
21850
21852
21874
40130
40134
40130
21851
40130
21881
21862
40136
40138
21858
21884
23311
23318
21858
21866
23299
21860
21866
40137
21899
23301
40147
21864
23340
21860
21862
21865
21866
21886
23298
40138
40141
21886
23298
23304
40141
40143
21865
21880
21882
21873
21877
21881
21876
23298
23310
21870
21877
21871
21873
21878
23321
21878
21879
21880
21879
21879
21881
21882
21876
23145
23304
23329
23147
23327
21882
21884
21886
21886
22423
23302
40142
40143
21885
23316
23304
23311
40141
21888
21890
21895
21899
22534
21891
21892
21894
21893
21894
21895
23152
22536
22537
23136
21898
21927
21934
21974
21900
21916
23301
23303
21901
21901
21911
21918
22419
23301
21903
21904
21910
21905
21914
21905
21912
21911
21907
21908
21909
21909
21910
21917
21914
21915
21916
22425
23150
23301
21922
21922
21923
21919
21921
21923
23303
21920
22426
23303
21921
21923
21922
21957
21925
21966
22015
22072
21928
21930
21933
21993
21964
21930
21931
22164
21932
22170
21933
21944
21949
21965
31980
32002
21946
21951
21952
21951
21953
21969
21938
21959
21968
21939
21951
40169
22068
22169
22182
40165
22165
22182
22184
40165
21945
22167
22182
22183
22424
22427
22495
40197
21970
22125
40168
22156
22169
22180
22491
40191
40192
22416
22422
22427
22498
21952
22168
40166
40169
22125
22127
22116
22430
22492
22501
40191
21963
40192
21959
21960
21962
21960
21961
21966
22013
21957
21961
21964
21963
21965
21960
21968
22074
21968
21969
22048
21962
21969
21969
21970
21965
21966
21970
22066
21968
21970
22073
40167
21981
22011
21973
21981
21983
21985
21993
31990
21978
21979
21983
21979
21983
21984
21979
21984
21987
22018
21997
22001
22018
21982
21992
21995
21986
21994
21995
22003
22017
21989
22003
22009
22014
21995
21996
21991
21992
22014
22058
21992
21996
32010
21996
22004
22010
21999
22001
22007
22004
22006
22006
22008
22033
22017
22003
22007
22009
22017
22025
31974
31976
32008
32233
22016
22008
22015
22013
22011
22027
22014
22018
22019
22126
22175
30363
22015
22059
22050
22032
22020
22025
22033
22018
22521
22978
32021
22021
22028
22022
22084
22023
22024
22029
22030
22025
22030
22027
22029
22056
22106
22031
22060
22033
22094
22107
22104
22031
22061
22033
22052
22096
22036
22046
22051
22051
22052
22056
22105
22039
22046
22038
22043
22054
22044
22046
22053
22054
22056
22043
22055
22058
31974
31990
32002
22046
22053
22049
22045
22047
22049
22048
22051
22057
22059
22057
22058
22059
22060
22059
22060
22055
22061
22061
22058
22061
22064
22067
22099
22065
22067
22087
22067
22070
22068
22074
22072
22073
22074
22070
22072
22097
22165
22071
22173
22181
22108
22074
40165
22092
22079
22080
40064
22078
22079
22084
22083
40063
22085
22082
22090
22126
22855
32057
22098
22104
22104
22107
22094
22094
22095
22093
22105
22108
22100
22091
22101
40064
22099
22163
22100
40067
22099
22107
22097
22098
22105
22107
22108
22108
22102
22103
40068
22106
22106
22110
22119
22124
22111
40200
22112
22127
22124
22151
22114
22118
22120
22131
22488
22116
40193
40194
22483
40204
22119
22120
22119
22150
22477
22480
22481
22422
22481
22482
22497
22495
40202
22140
40190
40192
31976
32069
40196
40199
22130
22133
22135
22135
22136
22150
22131
22132
22147
22150
22145
22146
40171
22146
22148
22136
22137
22140
22148
22137
22138
22148
22149
22141
22144
22151
22155
22150
22151
22142
22149
22174
22143
22145
22146
22149
22147
22151
40196
22147
22486
22154
22159
22161
22154
22158
22180
22172
22174
22176
40166
22157
22158
22160
22183
22159
22160
22161
22185
22163
22177
22181
22179
22181
22165
22166
22184
22179
22178
22179
22172
22180
22174
40170
40170
22176
22184
40168
22172
22178
22185
22181
22182
22183
22180
31941
32058
32059
22178
22185
22185
22192
22195
22196
22197
22203
22206
22194
22199
22201
22199
24689
24852
40359
22191
22192
22194
22196
22201
22203
22206
24644
40357
24653
24654
22202
22207
22202
22198
22205
22206
40358
24841
24851
22205
22208
24852
22202
24658
24639
24657
40360
22207
22208
24851
22210
22212
22219
22215
22217
22216
22219
22221
22223
22327
22506
31958
31984
22224
22225
24627
22225
22217
22229
22218
22225
22227
22223
22222
22223
22231
22231
22234
22224
22232
22226
24622
22228
22232
22247
22228
22233
22242
22233
22234
22245
31952
32009
22232
22236
22237
22246
22239
22249
22238
22301
22247
22305
24630
22244
22248
22272
22307
40176
22278
22286
40174
22244
22247
40173
22248
22275
22279
40175
22246
22269
32078
22247
40173
22279
22315
22251
22324
22329
22332
22252
22273
22253
22255
22254
22703
22332
22716
22267
22700
22467
22699
22719
22360
22417
22457
22494
22457
22603
40183
22362
22363
22420
22262
22456
22262
22263
22468
22277
22264
22267
22265
22273
22266
22270
22271
22273
22329
22273
22717
22274
22288
22333
22458
31982
32224
22289
22274
22281
22326
22278
22285
22336
22720
22409
22282
22284
22383
22283
22284
22289
22312
22283
22288
22289
40174
22357
24573
22313
40175
40173
40172
22288
22399
22469
22348
22294
22304
22306
22292
22293
22294
22302
24569
22297
24580
22295
22296
22298
22304
22307
22298
22299
22310
22310
22311
22301
22303
22314
22305
22315
22303
22306
22306
22305
22308
22308
22310
22313
40176
22311
22312
24563
24564
22312
22313
22315
22315
22382
24575
22323
22328
22319
22330
22677
22319
22320
22324
22321
22667
22322
22670
22328
22324
22329
22326
22328
22344
24571
22329
22335
22331
31979
32234
22332
22662
30079
32212
22334
22336
22351
22364
22335
22647
22723
22336
22345
22718
22338
22340
22349
22350
22341
22342
22345
22365
22367
24567
22342
22346
24554
22642
24555
22343
40115
24554
24555
24557
22345
22679
24581
22648
22347
22349
22352
22352
22362
22351
22357
22400
22350
22459
22367
22368
22364
22365
22413
22402
22417
22615
40182
22359
22366
22711
22724
22418
22443
22450
22357
22365
22414
24566
22381
22411
22447
22721
23353
22444
22470
22709
22465
22471
40182
22363
22403
22618
22461
40183
22617
40181
22367
22444
22712
40189
22368
22650
40188
22379
22390
22412
22376
22412
22391
22397
22412
22382
24539
24574
22382
22385
22387
22379
22380
22384
22386
22406
24540
22410
22391
22415
40178
22382
22410
22406
22410
22384
22385
22383
22389
22414
22388
22386
22410
22387
24538
22389
22409
22400
40179
22391
22406
22393
22397
22401
22396
22407
22491
22406
22415
24529
22396
22404
22405
22404
22493
40178
22399
22404
22465
22471
22400
22409
22619
22403
22407
22451
22464
22470
40178
22492
22409
22618
22447
22470
22724
22611
22724
40184
22414
22415
40179
22421
22427
22603
23355
22453
22615
23355
22425
23310
22461
22464
22424
22449
22479
22498
40135
40147
23310
40143
22429
22495
40145
40198
22429
22457
40139
40194
22485
22492
40195
22440
22507
22539
22433
22434
22441
22435
22445
22592
22435
22443
22437
22441
22448
22438
22442
22439
22442
22448
22450
22441
22526
22531
22448
22617
22718
22446
22516
22593
22524
22609
22451
22450
22466
23355
22606
22603
22453
22455
22467
22463
22455
22463
22474
22468
22468
22469
22500
22618
22462
22469
40182
22461
22605
40188
22470
22615
22709
40180
22467
22468
22722
22490
22617
40181
22469
22501
22603
40148
22615
22618
22619
22474
22475
22478
22476
22482
22489
22490
22500
22476
22487
22477
22488
22497
22484
22487
22482
22489
22496
40203
40198
22494
22498
40194
22485
22500
22486
22488
40195
22488
22490
22499
22493
40193
22493
40191
22499
22501
40194
40200
40204
22499
23355
22501
22503
22508
22541
22504
22512
22505
22507
22513
22978
32071
32218
22526
22542
22509
22529
22517
22518
22511
22515
22516
22514
22518
22514
22522
22522
22554
22524
22526
22532
23160
23282
22519
22520
22525
22522
22557
30363
32071
22525
22552
22554
23288
22540
22553
23287
22528
22536
22541
22539
22532
22541
23131
23531
30427
22535
22539
23143
23290
22535
23307
23312
22536
22538
22540
22606
22537
23137
23154
23153
23305
22542
22542
23283
22542
22548
22551
22621
22548
22552
23295
22548
22550
22613
22903
22553
22608
22611
23284
22550
23267
23285
22906
23264
23270
40244
40245
22555
23408
22552
22554
22554
23291
22556
22602
23266
23267
23293
30816
31986
32087
22561
22562
22577
22560
22576
22579
22565
22575
22564
22566
22570
22591
22572
22574
22575
22788
22565
22579
22568
22569
22598
22568
22572
22575
22569
22585
22577
22578
22573
22574
22597
22634
22573
22600
22576
22787
22578
22579
22599
22584
22587
30404
30449
30753
31915
22585
22586
22595
22584
22590
22598
22586
22598
22600
22706
22592
22710
31915
31941
31954
32062
22590
22591
22598
22599
22593
22622
22596
22599
22600
22725
22597
22612
22616
22599
22600
22612
22613
22627
22635
22604
22608
22613
22624
40184
40180
40187
40205
22620
23356
23357
40180
22611
22621
22611
22622
22724
22616
22622
22711
22714
22616
22621
22621
22643
22649
22712
40189
22622
40188
40181
22721
23451
40185
22624
22625
22637
23403
22635
22644
22626
22628
23394
22633
22646
22628
22634
22635
22629
22633
22634
22631
22633
22645
22632
22634
22635
22653
22715
22694
23404
23452
22644
22646
23427
22639
22640
23435
22651
22669
24443
22646
22674
23429
23439
22650
22651
22649
22652
22653
22652
22653
22646
22653
22672
22648
22649
22678
22650
22680
22650
22676
24549
40186
22655
22673
24434
22666
22657
22661
22660
22666
30375
30445
30797
32086
22671
22673
22684
22667
22677
22662
22671
22677
22678
22664
22666
24418
22665
22670
22675
24432
22670
22677
22673
22674
24430
22674
22676
24426
22679
22672
22674
22678
22685
22676
22679
24605
22680
22680
22680
22683
22687
22690
22686
22690
22793
22684
22695
22685
22688
22696
22687
22812
22688
22811
22928
23752
32030
32074
22691
22697
22782
22693
22786
22806
22858
22694
22696
22794
22697
22805
22795
22700
22704
22719
22707
22709
22719
22703
22717
22705
22706
22713
22713
22715
22716
22705
22716
22705
22707
22710
22725
22708
22709
22710
22714
22714
22715
22715
22723
22725
22725
22723
22720
22722
22720
22723
22722
22722
23353
23356
22731
22738
22762
22728
22729
22731
22733
22739
22739
22757
22732
22735
22738
22732
22735
22736
22821
22736
22753
22825
22736
22755
22762
22939
22748
22835
22742
22745
22751
22742
22744
22838
22865
22744
23821
22745
22749
22752
22752
22746
22747
22753
22748
22749
22753
22763
22750
22752
22771
22836
22861
22861
22758
22765
22943
22756
22759
22757
22796
22762
22860
22759
22930
22773
22761
22766
22896
22768
22937
22763
22764
22771
22860
22861
40221
22766
22792
22768
22848
22868
40211
40221
22919
30809
22825
22834
22861
22867
22941
40222
22773
22775
22790
22792
22796
22775
22779
22796
22776
22777
22778
22783
22784
22780
22782
22780
22789
22781
22793
22814
22793
22795
22788
22795
22785
22787
22787
22790
22794
22807
22900
22788
22791
22798
22816
22899
22792
22794
22890
22897
22813
22795
22888
22799
22802
22803
22807
22814
22817
22800
22812
22829
22840
22802
22831
24393
22808
22810
22811
22805
22809
22810
24347
22806
22811
22807
22862
22813
22810
24404
22841
22847
24343
22812
22813
22814
22819
22816
22822
22835
22817
40212
22819
22837
22819
22822
22840
22840
22821
22824
22826
22825
22835
22826
22826
22827
22830
22825
22828
22828
24407
22832
22830
22831
22840
22831
24406
24391
24400
22867
22869
22870
40210
22835
22860
40212
22843
22867
22869
22862
22863
40210
22865
40222
22844
22866
23841
23852
24396
24404
24411
22843
22845
24409
22882
22871
23851
24335
24374
22847
22857
24342
40214
22862
22863
22871
23856
40210
23845
24325
24338
24353
24324
24325
24342
40214
22852
22877
24323
40214
22853
22864
23405
22894
22909
23852
23844
24323
40213
40215
22957
31674
32027
22869
22870
22873
40216
22858
22864
22859
22862
22864
22891
22892
40211
22870
24396
23401
22895
23851
22894
22901
23856
24408
22887
22898
23856
22871
24397
22880
22884
24374
22878
22882
24370
22883
24350
32048
32056
32057
32075
22883
23839
24324
40215
23845
23859
40216
24351
24380
24383
39198
24370
39199
22882
24375
24368
24373
39205
39207
22889
22890
22893
22888
22899
40211
22897
22899
22896
22917
22897
22900
22892
22893
22900
22894
23856
22908
22910
23841
40224
22897
22898
22901
22940
22900
22912
22931
22906
22913
22917
22906
22907
23396
22905
22906
22913
22915
23238
23417
22908
23419
22910
22917
22910
22911
22916
22912
22915
22916
23806
22914
22917
22914
22915
23809
23407
23415
22919
22932
22943
40220
22935
22938
22922
22929
22938
22938
22939
22926
22927
22927
22932
22932
22933
22949
40219
22949
22929
22957
32058
22930
22939
22943
22940
22942
40224
22934
22954
22949
22956
22936
22941
40225
22940
40220
40227
22941
40218
40226
22960
40227
40225
22971
22974
22987
22947
22955
22962
22948
22987
22950
22956
22963
22951
22954
22975
22987
22988
22953
22960
40223
22959
22961
22988
22959
22979
22962
32026
32057
22977
22984
40223
22989
23807
22962
40219
40225
22965
22966
22970
22969
22967
22969
22968
22971
22973
22985
22986
22971
22979
31976
32021
32233
22974
22982
22975
22977
22982
22984
22988
32061
32076
22987
22989
22981
22984
22983
22986
22983
22985
22989
22986
22991
22995
23054
22993
22997
22995
22996
22997
22994
23058
22997
23069
23032
23007
23071
23003
23005
23009
23001
23015
23805
23006
23007
23009
31779
31794
31888
31893
23015
23018
23022
23005
23018
23074
23008
23617
23019
23020
23065
23009
23073
23719
23014
23019
23053
23014
23016
23043
23014
23015
23022
23814
23017
23018
23051
23019
23017
23022
23048
23210
23023
23020
23023
23055
23030
23994
31922
32023
23045
23072
23028
23049
23026
23044
23051
23028
23033
23036
23029
23031
23035
23034
31918
23032
23038
23054
23055
23049
23050
23040
28944
31890
23037
23038
23037
23039
23052
23041
23593
31794
32023
23042
23046
23043
23047
23048
23053
23045
23054
23070
23051
23055
23047
23050
23048
23208
23051
23053
23055
23057
23062
23082
23059
23060
23059
23069
23070
23064
23067
23180
31906
31960
31966
23063
23087
23068
23069
23067
23070
23071
23072
23073
23067
23074
23071
23091
23071
23072
23074
23074
23088
23083
23085
23089
23077
23079
23080
23078
23632
23082
23088
23083
23648
23081
23082
23084
23086
23087
23084
23085
23090
23087
23090
23091
23091
23721
23645
23717
23722
23708
23093
23106
23098
23108
23101
23110
23121
23096
23098
23110
23097
23100
23109
23110
23101
23527
23568
23109
23568
23102
23108
23113
23104
23317
40239
23107
23203
23323
23562
23571
23107
23567
23108
23197
23330
23112
23116
23128
23114
23155
23119
23121
23332
23115
23118
23118
23120
23117
23119
23119
23126
23151
23121
23328
23331
23124
23125
23190
23163
23166
23181
23127
23181
23126
23207
23128
23324
23128
23134
23157
23156
23175
23224
23229
23146
23156
23157
23333
23135
23143
23154
23133
23148
23155
23139
23140
23139
23157
23158
23138
23154
23137
23140
23152
23153
23154
23140
23141
23142
23142
23143
23158
23292
23180
23195
31916
23146
23147
23294
23151
23322
23149
23150
23149
23152
23151
23152
23153
23155
23281
23157
23158
23278
23172
23160
23169
23172
23176
23178
23162
23170
23177
23176
23177
23164
23167
23174
23181
23198
23167
23168
23170
23169
23170
23168
23173
23176
23175
23178
23260
23268
23175
23181
23179
23258
23175
23206
23245
23179
23256
23286
23259
31968
23183
23184
23190
23186
23191
23185
23198
23188
23209
23187
23188
23189
23192
23193
23196
23204
23198
23207
23204
23207
23193
23194
23199
23201
31891
32323
23197
23202
23203
23204
23206
23200
23212
23202
31903
31959
40234
23225
23206
23207
23218
23223
23217
23209
23210
23246
23212
23217
23211
23215
23212
23214
23222
23221
23227
23368
23375
23215
23216
23643
23235
23227
23241
23376
23226
23261
23223
23224
23325
23226
23227
23262
23269
23230
23270
23285
23289
23222
23225
23226
23227
23225
23226
23277
23334
23335
23438
30789
31800
23249
23268
23277
23238
23243
23232
23239
23243
23240
23243
23236
23237
23253
23235
23237
23240
23241
23263
23238
23242
23244
23244
23241
23270
23244
23264
23255
23289
23813
23258
23260
23261
23251
23261
23263
23257
23270
23271
40246
23249
23268
23276
23286
23278
23280
23252
23254
23259
23252
23258
23253
23255
23263
23255
23256
40245
23259
23260
23269
23275
23279
23259
40247
23262
23264
40244
23264
23271
23275
23358
23371
23272
23359
23404
23272
40246
40247
23277
40244
23272
23428
30779
30789
31962
23275
23279
23300
23319
23369
23288
23295
23297
23279
23292
23294
23280
23297
23314
23292
23294
23306
23286
23287
23290
23290
23291
23313
23291
23293
23308
23295
40246
23287
23288
23291
23295
40245
23292
23297
23354
23315
23366
30784
30791
31818
40246
23310
23311
23362
40140
23311
23314
23360
23307
40146
40148
40145
23315
23306
23307
40146
23313
23315
23312
23309
23353
23354
23313
23350
23363
23313
23363
23315
23350
23318
23327
23329
23323
23330
23336
23319
23346
23320
23334
23335
23341
23377
23327
23328
23329
23328
23329
23333
23332
23335
23325
23332
23333
23334
23335
23327
23330
23337
23331
23331
23332
23334
23337
23341
23530
23344
23346
23339
23340
23342
23351
23373
23378
23343
23346
23346
23370
23345
23473
23344
23345
23516
23486
23352
23356
23361
23349
23351
23456
23352
23362
23354
23360
23358
23440
23357
23363
23359
23447
23359
23360
23455
23362
23362
23363
40142
23390
23524
23526
23573
23367
23371
23389
27798
30785
23374
23376
23369
23375
23377
23371
23377
23373
23377
23524
23373
23378
23379
23393
23378
23612
23619
23376
23569
23572
23392
23380
23382
23393
23382
23386
23387
23390
23393
23554
23383
23463
23468
23488
23388
23391
23480
23391
23460
23465
23387
23468
23775
23388
23391
30778
30779
23392
23484
23393
23487
23400
23406
23433
23398
23399
23439
23408
23417
23419
23405
23416
23418
23400
23418
23414
23418
24235
23401
23405
23406
23413
23451
23452
23433
23415
23419
23415
23417
23419
23410
23445
23411
23417
23412
23414
23416
23441
23449
23416
24826
40120
23457
24827
24839
40118
23425
23426
24833
40117
23434
23454
24831
23429
23432
23434
40285
23434
24439
40209
40120
40206
23435
23469
31829
23430
23448
23441
40209
23449
40187
40205
23448
23454
23439
24258
40208
23442
23443
23456
23440
23443
23453
31777
31829
31918
23455
23456
23448
23446
23444
23481
23454
24826
24839
23448
23447
23451
23456
23452
31899
31989
32233
23455
40185
23454
24442
24819
40277
23461
23465
23479
24196
23460
23468
24230
23465
23468
24203
24223
40280
23463
24247
40282
23489
24203
24229
24244
23490
24197
24202
24210
24221
24206
24242
24244
40279
30804
30946
31799
23485
23491
23503
23472
23477
23485
23474
23475
23474
23486
23487
23481
23476
23477
23481
23482
23478
23498
23513
23482
23490
23512
23484
23490
23494
23489
23489
40280
23484
23486
23500
23526
23487
23486
23488
23489
23490
23496
23503
23513
23499
23548
23590
23505
23512
23596
24191
23500
23512
31894
31921
23497
23513
23505
23506
23505
23512
23513
23500
23501
23517
23503
23502
23510
23504
23511
23511
23508
23509
24190
23507
23509
23508
23586
23510
23511
23597
23560
23618
40230
23566
40243
23525
23526
23530
23526
23529
23545
23522
23561
23562
23571
23529
23555
23563
23527
23570
23530
23575
23529
40240
40240
23567
40238
30813
31919
31969
23533
23537
23541
23538
23541
23539
23546
23600
23540
23591
24001
40248
23582
23624
23633
40250
23599
23676
23551
23587
23583
23587
40253
23547
23669
23553
23582
23666
23548
23554
40254
23548
23550
23555
23548
23555
23574
23582
23591
23677
23549
23583
23556
40254
23551
23552
23553
40253
23553
23577
40249
23578
23613
23576
23795
40252
23559
23560
23576
40243
23618
23640
23575
40236
40241
23566
23577
23566
23620
23627
23638
23647
23572
23618
23638
23643
23572
23575
40236
40233
23623
23574
23575
23578
23576
23578
23577
23628
23626
23580
23584
23588
23588
23599
23594
23596
24191
24192
40249
23589
23586
24192
23587
23590
23597
23596
23597
23599
24141
23594
23598
23597
23598
23606
23624
24143
24145
28929
28944
31961
24194
24196
23614
23709
30730
31961
23598
23600
23665
24147
23602
23604
23662
23605
23609
23604
23611
23678
23605
24107
23607
23667
24105
23608
23610
23609
23673
23728
23610
23685
23766
24115
23675
24098
23613
23619
23623
23626
23621
23751
31938
23631
23637
40228
40232
23627
23646
23649
40229
23637
23647
40228
40236
23620
23796
23622
31671
31676
31935
23789
23797
23626
23638
40248
23628
23636
40250
40251
23628
23646
23792
40230
23630
23644
23648
23635
23632
23648
23725
23634
23636
23641
23649
23724
23641
23644
23649
40229
23646
23714
40230
27369
31676
31680
31917
23643
40228
23715
23646
23713
23714
23724
23647
23645
23648
23723
23791
23652
23653
23657
23657
23658
23663
23663
23664
23664
23675
23658
23659
23670
23656
23658
23669
23668
23670
23660
23661
23672
23661
23678
23662
23673
23678
23676
23674
23674
23676
23677
23668
23669
23677
23673
23677
23679
23671
23676
23672
23672
23673
23690
23679
24140
23678
23679
24110
23682
23683
23697
23692
23698
23729
23691
23698
23693
23701
27800
30811
31819
31851
23699
23728
23736
23697
23701
23718
23693
23695
23740
23743
40263
23706
23735
40263
23692
23694
23711
23692
23693
23696
23699
23728
40262
23699
23704
23698
23704
23710
23727
23757
40256
23703
23705
23712
23712
23713
23740
23755
23708
23720
23707
23718
23716
23720
23721
23722
23751
31927
31937
23728
23734
23715
23729
40262
23719
23719
23725
23723
23724
23720
23722
23722
23723
23729
23729
23735
23721
23725
23725
23734
23732
23743
23755
40261
23756
40255
23731
23741
40261
23741
24012
24024
23733
23737
23738
23739
40262
40262
23755
23768
40260
23738
23741
23742
23755
24051
24059
23743
24026
24060
23745
23860
24029
23749
24017
23748
23754
23770
23848
24020
23750
23832
39220
23750
23836
31917
31675
31679
31935
23754
23756
40255
23763
23771
23761
23764
23781
23759
23761
23798
23762
23793
23762
23763
23790
23803
23762
23817
23773
23824
23765
23772
23801
23766
23785
23768
24080
23770
23800
24004
23769
24088
23772
24013
40260
23773
24021
23772
23773
24030
40256
23799
23775
23783
23796
23776
23795
23777
23779
24236
23784
23786
24237
23779
23780
23785
40248
23787
24003
23791
23795
40252
23791
23798
23801
23786
23788
23790
23784
23794
23794
23787
23801
23800
23800
24009
23794
23797
23792
23793
23797
23793
23799
23792
23798
23798
23796
23797
23800
23801
23811
23812
23814
23816
23817
23837
23825
31757
31796
31922
23812
23814
23819
23809
23818
23846
23808
23810
23831
23809
23811
23813
23812
23830
23813
23820
23815
23817
23820
23818
23842
23819
23820
23838
23840
23849
23863
23832
39220
23832
23837
23861
31738
31760
31831
23838
23828
23829
23831
23853
23831
23838
23862
23836
23855
39211
23840
23863
39210
23855
23864
23838
23843
39211
39214
23851
23853
23843
23844
23846
23861
23862
23848
24350
24352
23852
23862
23860
39214
40213
23860
23861
23851
23858
39212
23863
24323
23862
39212
31749
31760
31803
31825
39213
24324
24325
24348
40217
23859
39214
24335
40213
23864
23864
39213
31748
31797
31802
23873
23940
23868
23871
23872
24014
39204
23871
23874
23955
23872
24351
23951
24333
23933
23876
24461
23883
24241
24256
24478
24483
40287
24303
40270
40291
23880
23883
24327
23907
24253
40264
24033
24078
24091
40266
23965
24019
24027
24091
23965
23991
24076
24168
40295
24243
24261
40292
24065
24268
40295
23888
23895
23898
23889
23891
23898
24255
23892
23895
23906
23892
23897
23893
23909
23903
24341
40303
23899
23897
24474
24475
24481
23909
23899
23914
23905
23913
23942
23904
23905
23947
23916
24329
23911
24328
40308
40309
23906
23914
23908
23915
23958
23910
23912
24259
23917
23914
24262
24334
24357
40303
40304
23913
23952
23914
23956
24328
40308
40304
40306
40307
23923
23960
23973
31681
31682
31778
23921
23924
23928
23929
23938
23931
23953
23924
23926
23936
23934
23935
23936
23934
23961
23928
23931
23929
23930
23932
23939
23932
23933
23940
23957
23948
23937
23969
40274
23938
23938
23939
23940
23950
23943
23949
23961
23943
23947
23952
23944
23946
23960
23946
23953
23954
23947
23959
23969
23972
23981
23984
23998
23957
23962
23970
23955
23956
23968
23958
23992
23957
23960
23955
23959
23957
23958
23959
23971
40309
23961
23972
23968
23970
40275
23981
23997
24000
40271
23966
24026
24032
40264
40266
24024
24025
23968
24014
24092
40275
23971
23970
40276
23972
23993
40269
23999
31676
31721
31783
24064
24282
24303
23990
24151
24157
24318
24063
24254
40270
23989
24064
24260
40291
23979
23982
24065
24000
24075
23981
23983
24000
23999
23983
23986
23984
23998
23999
23986
23987
23998
24268
23988
23992
23996
40294
24070
24259
40294
24073
24165
40293
40267
40268
40294
23993
23998
23999
40268
27369
31796
31918
24015
24027
24032
24091
24268
40290
40294
24005
24071
40268
24002
24003
24006
24006
24106
24116
24009
24250
24009
24078
24239
24015
24092
40271
24008
24008
24087
24160
24251
24246
24090
24024
24025
24028
24017
24025
24094
24013
24024
24026
24030
24089
24094
24031
24077
24054
24144
31863
31877
24028
24029
24025
24034
24020
24021
24029
24030
24093
24035
24034
40275
24083
24092
24094
24030
24032
24081
40272
24083
24077
24087
40265
24035
40274
24037
24038
24056
24038
24044
24111
24040
24048
24056
24084
24042
24044
24047
24043
24057
24046
24057
24045
24049
24118
24049
24058
24048
24055
24052
24051
24052
24058
24058
24059
24104
24059
24060
24082
24095
24155
31534
24057
24060
24060
24067
24069
24167
24069
24074
24170
24151
24265
24066
24075
24067
24068
24074
24075
24166
24253
40267
24075
24076
24079
24074
24079
24085
24169
24169
24263
40295
24079
40295
24079
24085
24090
24093
24088
24090
24120
24084
24085
24083
24088
24095
24089
24095
24112
24086
24087
24114
24159
24117
24089
24093
24121
24093
40269
24119
24099
24108
24111
24098
24100
24101
24107
24110
24100
24102
24108
24102
24103
24118
24104
24107
24118
24119
24106
24110
24115
24113
24116
24115
24109
24113
24114
24113
24112
24118
24114
24119
24143
24117
24120
24117
24121
24121
24120
24121
24126
24129
24132
24124
24129
24130
24125
24139
24141
24142
24127
24175
24128
24180
24139
24146
24139
24133
24136
24148
24154
24156
24133
24156
24134
24135
24136
24143
24163
24142
24162
24164
24171
24184
24145
24146
24162
24194
24142
24143
24147
24146
24147
24155
24158
24147
24188
24149
24166
24161
24163
24151
24152
24157
24263
24153
24185
24154
24167
24186
31536
24163
24176
24183
24160
24161
24169
24165
24171
24170
24209
24171
24165
24182
24202
40293
24167
24170
24263
40265
40267
40292
24170
24173
24177
24185
24285
40300
24175
24177
24186
24176
24180
24184
24186
24178
24179
24307
24180
24212
24184
24289
24300
24320
24183
24184
24199
24185
40301
24186
24194
24196
24223
24226
24192
24194
24195
24195
24213
24225
24191
24216
25114
24196
24193
24195
25107
24206
24221
24261
24217
24218
24224
25080
24202
24212
40302
24213
24226
24228
24205
40277
40282
24209
24206
24210
24286
24299
24322
40278
40278
40279
40279
24287
24310
24317
24322
31537
24210
24219
24219
24217
24218
40280
24227
24287
24225
24227
31534
31541
24216
24218
25076
24220
24228
24827
40277
24228
24223
24225
25102
25108
24299
40278
24224
24319
25083
40410
24226
40277
40281
25135
24228
24317
24230
24246
24236
24234
24235
24466
40286
24235
24237
24238
24461
24478
24484
24240
24247
24240
24237
24250
24240
24239
24241
24250
24252
24252
24243
24244
24266
24245
24482
24247
24249
24251
40292
24250
24251
24295
24331
31877
24251
24252
40265
40266
24257
24259
24268
40290
24260
24262
24481
24479
40288
24478
40289
40283
40285
24262
24264
40293
24464
24265
24483
40287
24466
24482
40283
24289
24308
24314
24454
40317
24825
24833
40112
40117
24302
24834
40311
24825
40347
40418
24421
24456
24440
24552
24813
40311
24301
24834
24836
40411
24277
24278
24284
24279
24296
24279
24290
24280
24291
24297
24284
24320
24286
40296
24284
24290
24311
24307
24314
40300
24294
24300
24307
40302
24303
24318
40270
40299
24306
24310
24291
24293
24301
24313
24321
24836
24298
24301
24814
24302
24315
31860
40296
40297
24298
24453
24302
40310
40302
24321
24322
24302
40296
24306
25138
25139
24307
24310
24314
24309
40298
24320
24791
25123
24313
24320
24789
24317
24319
24322
40281
24321
24790
24405
31528
31871
40299
40300
25140
24321
25136
24335
24339
24344
24327
24332
40217
24328
24348
24333
40304
40309
24349
24354
40303
31814
31863
24333
24338
24360
40308
40216
24345
24347
31536
24350
40217
24462
24465
24346
24349
24480
24348
24349
24468
24343
24345
24344
24347
24349
24358
24485
24347
24484
40213
24355
24360
24353
24371
24383
24358
24360
24357
24358
24378
24356
24380
24357
24369
24360
24379
24384
39206
24362
24376
24388
24363
24364
24372
24401
24365
24372
24367
24380
24369
24376
24382
24378
24381
24371
24398
24379
39199
24373
24374
24410
24383
39201
24377
24378
24412
24379
24411
24381
39199
24384
39199
24386
24388
24402
24387
24392
24394
24399
24401
24412
24394
24395
24407
24391
24394
24399
24400
24407
24395
24403
24395
24404
24406
24397
24406
24398
24408
24410
24411
24401
24408
24409
24410
24403
24412
24404
24436
31530
31869
24407
24409
24410
24412
24431
24433
24452
24596
24416
24431
24433
24417
24418
24419
24419
24420
24431
24432
24432
24434
24428
24421
24422
24427
24429
24427
24447
40315
24425
24429
24430
24427
24451
24430
24432
24444
24429
24434
24434
24456
24445
31870
32333
24445
24467
24447
40314
40315
24441
24448
24455
24551
24838
40310
24443
24473
24459
24835
40410
24444
24556
24451
24452
24449
24447
24451
24471
24476
24451
24479
40318
40313
24453
24467
24550
40310
40316
24813
24833
24551
24800
24829
24838
24463
24516
24626
31602
24775
24822
40416
24469
24470
24477
24462
40288
24465
24484
31441
31601
31602
24474
24478
24481
24477
24485
40286
24474
24480
24484
24470
24485
24473
24472
24475
24476
24480
24485
24476
24479
24480
40314
40288
40312
24483
40289
40313
24488
24490
24711
24490
24492
24493
24528
24729
24490
24491
24506
24495
24527
24495
24496
24494
24730
24496
24498
24501
24497
24501
24542
24500
24812
40330
24541
24544
24718
40332
24704
24723
24811
24519
24503
24506
24521
24504
24508
24510
24521
24508
24513
24527
24527
24528
24508
24509
24511
24510
24512
24522
24512
24518
24515
24518
24519
24518
24531
24532
40334
24517
24520
24524
31501
31594
24522
24527
40334
24531
24525
24526
24548
31502
31584
24528
24528
24718
40332
24533
24539
24540
24557
24558
24559
24543
40332
24535
24578
40333
24537
24558
24821
24822
40113
40416
24538
24543
24731
24541
24543
24724
24731
24540
40346
40415
24539
24540
24570
24544
24724
40330
40331
40334
24723
40330
24553
24811
24816
24559
24601
40331
40344
24548
24626
24651
31442
24626
31584
24555
24556
24606
24556
24597
24809
24815
40316
40112
40119
24806
24838
24558
24568
40343
40347
40418
24582
24579
40333
24592
24593
24562
24565
24580
24563
24572
24564
24573
24575
24580
24576
24589
24567
24573
24574
24568
24581
24582
24607
24575
24577
24580
24574
24578
24582
24572
24573
24581
24593
24575
24577
24604
24578
24579
24582
24609
24610
24584
24587
24595
24586
24598
24586
24598
24599
24590
24588
24591
24590
24602
24593
24604
24603
24592
24594
24610
24595
24605
24596
24597
24598
24606
24608
24600
24608
24601
24603
24608
24609
24603
24604
24609
24606
24610
24607
24609
24610
40345
24612
24619
24632
24655
24614
24617
24615
24627
24616
24629
24632
24619
24620
24620
24623
24631
24636
24621
24623
24642
24627
24628
24630
24660
24645
24649
24660
24645
24653
24659
31589
24631
24629
24661
24632
24631
24659
24634
24637
24643
24636
24640
24643
24644
24652
24642
24655
24641
24657
24694
24855
24863
24689
24849
24855
24642
24649
24650
24854
24660
40362
24658
40356
24646
24650
40360
24856
40365
24651
31523
31586
24650
31443
31500
24655
24658
24654
24661
24658
40361
24661
24666
24692
24693
24678
24684
24660
24661
24676
24692
24693
24676
24677
24690
24666
24678
24854
24677
24681
24686
24901
25727
31496
31525
24687
24689
24853
24855
24670
24672
24677
24671
24681
24673
24682
24673
24674
24683
24675
24676
24683
24692
24680
24692
24680
24688
24691
24694
40366
24867
24684
24870
24684
40356
40362
40366
24688
24690
24694
40358
24694
40359
40365
24856
24713
24727
24893
24699
24709
24727
24891
40384
24705
24721
24701
24885
24887
24714
24721
24705
24707
24730
24704
24705
24721
24795
24723
24730
24707
24709
24710
24711
24762
24763
24872
24885
24715
24729
24729
24730
24722
24723
24724
40412
24880
40386
24720
24887
24728
24759
24769
24872
24889
24872
24889
24893
24726
24729
24755
24963
31495
31520
24722
24891
24725
24725
24726
24728
24891
24820
40333
24734
24738
33739
24747
39059
24744
24745
39024
24744
24749
39069
39079
24739
24740
24749
39053
24740
24741
24746
24741
24745
33731
24744
24746
39025
39065
33732
40376
33737
33738
39079
39095
39026
24746
39029
39035
24749
33705
39079
39068
40460
40464
24757
25048
40459
40468
24766
24768
40469
24754
24762
24872
24758
24759
25004
31498
31526
24761
25131
40470
24765
25074
40469
24760
25059
24766
24761
24785
25142
24792
24769
24773
24887
25059
40471
25047
40468
25059
24770
24771
40472
24769
24777
40385
40459
25050
40472
24776
24777
24793
24776
24777
25067
24835
40112
40119
24840
24779
24825
40115
40418
25069
25144
40469
24782
25121
25127
24784
24787
24792
24783
24784
24786
24791
24785
24792
25143
24787
24789
24788
24790
24794
40408
24790
24791
25141
25146
24793
24794
25145
24832
25147
24801
24805
24811
24798
24801
24810
24808
24810
24829
24799
24808
24800
24807
24808
40316
24802
24803
24807
24804
24805
24807
24814
24806
24814
40411
24815
40345
24812
24812
24816
24815
40318
24838
24829
40344
24824
24837
25082
24827
24837
40118
24831
24835
40346
40412
24824
25078
40118
24840
40407
40417
24837
40112
24839
24832
25081
40410
40345
40113
40415
24839
40117
24840
40408
40343
24835
40119
40408
40410
24846
24848
40363
24844
24846
24850
24845
24848
24849
24864
24851
24850
24852
24853
24849
24871
24852
24866
40360
24868
24858
24860
24861
24861
24862
24862
24869
24886
24910
24865
24906
24864
24870
24867
24868
24870
24868
24871
24871
24935
24868
24871
24927
24869
24870
24929
24901
25735
25737
32712
24875
24876
24878
24882
24911
24883
24915
24878
24879
24883
24880
24884
40386
24881
24882
24886
24884
24892
24918
24891
40384
40385
40386
24918
40384
24969
24974
24991
40446
24905
40450
40454
40456
24956
24999
24921
24933
24934
24955
40441
24912
24934
24937
24913
24994
25633
25714
24916
24917
24907
24915
24907
24968
40463
40443
24910
24914
24979
24961
40438
40457
24914
24918
24915
24918
24937
24957
40445
24931
24937
24917
24981
24951
40458
24922
24942
24922
24923
24924
24922
24928
24924
24925
24926
24935
24941
24948
24927
24928
24929
24935
24930
24930
24931
24934
24935
24937
24955
40442
24936
40442
40443
24942
24943
24953
24963
31515
31521
31525
24945
24946
24948
24942
24948
24957
40437
24944
24945
24947
25003
24948
24950
24954
24950
24990
24994
24954
40449
40457
24985
40448
24972
24983
40449
24977
40437
24967
24971
24972
24960
24961
24978
24962
24978
24979
24966
24967
31508
31525
24965
24966
24975
25056
24970
24975
25060
24976
40457
24980
40449
24981
40447
24976
40447
24978
24983
25050
40439
40460
24980
24990
24976
40454
24982
40445
24996
24998
25003
24987
24996
25003
24988
24989
24990
24991
25003
25001
25000
25002
40465
24995
40089
25000
24998
40467
40440
40450
40089
25005
25698
31493
25699
31519
31522
25015
25016
25025
25015
25017
25026
25010
25016
25116
25012
25016
25018
25019
25096
25012
25015
25029
25013
25018
25023
25029
25019
25062
25024
25049
25022
25027
25098
25028
25063
25024
25028
25053
25091
25027
25028
25035
33983
39091
33990
39085
39130
25035
35803
35806
25034
25038
36190
36222
39132
25036
25037
39093
25038
25041
25041
25042
39088
39106
25623
31485
31526
39139
39092
39128
39140
33987
34004
36220
25045
25063
25085
25057
25055
25057
25058
25054
25060
25062
25072
25051
25053
25062
40439
25056
40468
25056
25057
25063
25055
25060
25058
25060
25066
25070
40470
31469
31472
25063
25065
25075
25077
25075
25076
25068
25070
25077
25068
25069
25084
25078
25074
25079
25074
25085
25075
25085
25103
25074
25085
25117
25079
25083
25101
25134
25080
25115
25082
25082
25084
25081
25137
25082
25083
25083
25084
25089
25092
25105
25088
25104
25110
25105
25107
25090
25110
25093
25094
25093
25113
25116
25105
25106
25116
25095
25106
25097
25099
25097
25098
25116
25117
25111
25113
25100
25106
25124
25101
25108
25133
25115
25117
25107
25108
25114
25111
25115
25117
25112
25114
25115
25631
31466
31484
25112
25114
25119
25128
25125
25126
25215
25218
31404
31487
25127
25138
25146
25123
25128
25139
25140
25130
25132
25133
25130
25132
25127
25142
25143
25129
25132
25135
25131
25142
25144
25134
25135
25136
25137
25140
25140
25141
25144
25147
25139
25146
25146
25147
25143
25145
25145
25147
25160
25281
25328
25330
25152
25260
25329
25154
25213
25258
25162
40488
25212
25300
31432
31478
25155
25156
25392
25164
25314
25329
25163
25164
25202
25213
25326
40487
25260
25316
25223
25282
40483
40485
25384
25393
25391
40484
25378
25166
25173
26262
25197
25219
25168
25174
26274
25169
25173
25170
25176
25174
25179
25173
25175
25176
25176
25177
25216
26272
25197
25207
25216
25178
28842
25179
26268
26271
25182
25239
28844
40473
25183
25185
25252
25244
28844
40478
25193
25252
28833
28841
28845
28859
26276
40578
25196
25200
25238
25254
25191
25194
25198
25217
25190
25195
28841
28855
25198
25241
28820
40473
25241
28854
40475
25533
26267
28852
25198
28842
40474
25194
25219
26275
26269
28842
25252
40476
25204
25206
25204
25254
25216
25254
28842
40474
40478
40479
25218
31421
31425
31429
25206
25257
25280
25205
25211
25216
25207
25207
25208
25208
25213
25259
25262
25270
40491
25222
25277
25279
40492
25213
40487
31421
31433
31437
25222
25278
40486
40492
31264
31424
31427
25241
28852
28855
31417
31418
25254
25222
25225
25282
40485
25224
25226
25228
25233
25234
25229
40485
25226
25227
25230
25230
25231
25229
25516
28553
25234
28552
25232
28548
25233
25282
28549
28819
28544
25236
25237
28805
25247
28786
25240
25242
25257
40477
40478
25240
25253
28800
28803
28805
28853
25244
25245
25244
25255
40478
25247
25263
25256
25269
25308
40489
25248
25272
28770
25251
25271
40481
25300
31263
31424
31428
28806
28807
28855
28790
28803
25257
25259
25270
25261
40491
40482
25308
25263
40486
25262
25268
25263
25272
25265
25266
25272
25274
28665
25268
25274
25275
25280
25326
40491
25269
25274
25280
25273
25278
40486
25273
28673
28780
25314
25281
25311
40489
40492
25326
40484
40488
28668
25281
40488
25307
40481
25284
25286
29200
25306
29186
25287
29188
29201
25287
25332
25288
25290
28764
25337
31048
31050
31061
25321
28758
25292
25293
25304
25299
25303
25295
25297
25295
25302
25296
25299
25298
25318
25301
25335
31038
31434
31453
25304
25360
25306
31054
25305
31385
31398
25305
25353
31381
25334
25336
25310
25365
40480
25311
25312
25338
28666
25312
25366
28667
40489
28642
40499
25357
31050
31060
40497
25316
25317
25335
25330
25319
25320
25335
25336
25320
25322
25332
25325
25332
25323
25325
25325
40480
25327
25338
29198
29203
25363
29198
36347
25338
40480
40489
25363
25364
25334
28765
31067
36347
25336
25335
25363
31065
31067
25336
31067
31049
31061
40496
29203
28618
28628
28633
28647
25436
31389
31392
28620
28624
31056
36551
25348
25349
25352
29301
28626
28633
40493
25345
25443
28618
28628
25347
31045
36746
31382
31390
31393
25349
25451
31064
31318
31370
28621
25414
25445
25446
25704
25358
25415
25446
25452
31372
31374
25359
25360
31061
25355
25360
25364
25361
25365
25357
25358
25366
25367
28628
25367
25368
25361
25362
25430
31065
25368
25368
25369
31364
31063
25365
31063
25366
40497
25369
25444
25406
31048
31371
25371
25372
25373
25375
25385
25374
25381
25374
25377
25384
25376
40506
25379
25380
25379
25392
25390
25391
25392
25390
25390
25591
40505
25382
25386
25386
25387
25387
25388
25389
25392
25393
25386
25420
40510
25427
25393
25391
40504
25391
25393
40488
25395
25396
25401
25398
25441
25401
25403
25398
25409
25664
25652
25656
40501
25691
40501
40502
25419
25657
25667
40500
25404
25409
25406
25407
25409
25411
40503
25411
25415
25412
25442
25658
40502
25665
25414
31366
25415
25437
25429
25657
25415
25417
25423
40508
25418
25420
25419
25427
25441
25442
25427
40512
25425
25426
25462
25660
40500
25426
25431
25439
25475
25476
25440
25473
25441
25442
25473
25485
25665
25669
25436
31381
31386
25505
40507
25434
40511
40512
25486
25489
25493
25502
25437
25593
25607
40508
31391
25438
25442
25660
25505
40511
25476
25659
25444
25448
25451
25446
25452
25470
25705
25463
25448
25450
28040
25460
25450
25695
28038
32698
25451
25452
25701
25464
25538
29325
31325
25456
27838
27839
27842
25457
27840
28026
37164
25468
25679
27861
25467
25468
25687
25472
27835
27838
27844
25460
25461
27844
25463
25469
25463
25481
25470
25490
25470
25604
25675
29316
25469
25470
28041
25483
27841
37164
25679
25680
27845
28062
37183
27840
28042
25472
25479
25482
25481
27835
25476
25505
25498
40513
25480
25484
25510
25510
25487
25488
25680
25493
25500
25562
25480
25481
25490
25490
25484
25511
25513
27842
28586
37167
25493
25505
40513
25495
25504
25859
25510
25667
25490
27845
25495
25592
25502
25503
25504
25592
40511
25511
25570
25741
40513
25506
25509
25837
27859
25741
40515
25794
25859
25861
40523
25501
25680
25682
25511
25678
25679
25525
25509
40520
40521
25759
25563
25569
25585
25515
25527
25513
25520
28577
25514
25527
25518
25520
25525
25526
28534
25518
25522
28530
25523
28530
28533
28547
25521
25522
25524
25525
25521
28588
25523
25524
25549
28533
25527
25527
27850
28527
25529
25534
25537
25544
25530
26758
26779
25534
25535
25533
25537
26767
25536
25537
25536
26754
26215
28538
28545
28550
25554
29296
25553
25555
25612
26084
25544
25548
25545
26086
26216
26219
25543
25556
40542
25545
25583
26096
26215
26216
40542
26226
40543
40545
25548
25551
26093
26219
26094
26220
25552
26085
25556
26218
25552
26085
26093
25553
26218
31317
25576
25588
26220
26326
40546
25566
25579
25582
25560
25566
25567
25579
25564
25565
25586
25859
25564
25581
40517
25574
25575
25574
25568
25573
25578
25585
25584
25587
25572
25574
25580
25573
25580
25582
25586
25578
25588
25589
31320
31325
35027
40524
25589
40517
25584
25583
25588
25589
25587
40517
25851
25822
40522
40518
26088
25597
25599
25616
25596
25613
25617
40509
25605
40506
25595
25598
25609
26082
25599
25601
25597
25608
25605
25599
25600
25608
25609
25602
25615
25612
40509
40504
25629
29301
25616
25617
25614
25617
40509
25616
25613
25610
26077
25611
25612
26083
25613
25614
25614
25616
40509
40505
25622
25628
31465
25623
31367
31470
25621
25625
25733
25622
25626
31466
25706
31477
25625
25715
25628
25727
25627
25631
25632
25714
31476
31318
31319
31326
25693
25706
31462
25632
25653
25697
25697
25735
31522
25734
31470
31484
31522
25647
25651
25661
25638
25645
25647
25646
25806
25639
25806
25640
25739
25674
25773
25643
25742
25842
25742
25758
25807
25793
25646
25668
25646
25672
25672
25674
25649
25651
25674
25650
25673
25674
25676
25774
25654
25653
25654
25671
25673
25655
25656
25661
25657
25669
25662
25662
25672
25666
25670
40500
40503
25667
25676
25668
25672
25676
25671
25689
40501
25673
25689
31316
31326
31337
25776
25682
25752
27860
25682
27847
27855
27835
25685
25760
27857
28056
27917
30773
31293
31312
25685
25786
28027
25687
25782
25800
25809
30680
28043
28059
25696
31137
31141
31159
25690
28023
25691
25697
28032
25705
31471
25695
25705
28028
28046
31461
25698
25717
31495
32713
25699
25701
25809
31136
31138
31484
25703
32720
25700
25701
25702
31368
25704
25704
31373
31470
25717
31519
32697
25705
31475
25720
25771
27987
25709
25736
25769
25729
25788
25711
25775
25780
28044
25712
25737
28024
27994
27997
28045
25724
25725
25733
25728
25733
25716
25727
31513
25725
31513
32699
32721
25719
25720
25722
25724
25736
25721
25736
25731
25732
27996
25726
25731
25726
25731
31514
31521
25728
25726
25733
25729
25736
25737
31495
31515
32721
32747
25737
27998
32712
31496
31522
31526
28032
31519
25745
25758
25807
25744
25806
25744
25754
25789
25754
25798
25745
25762
25801
25781
25801
25746
25747
25749
25748
25755
25755
25756
25750
25764
25751
25767
25756
25778
25754
25760
25785
25756
25760
25798
25759
25805
27976
25758
25801
25790
25762
25763
25772
25764
25781
25764
25765
25767
25766
25770
25767
25777
25778
25769
25770
25772
25771
25788
25771
25777
25773
25774
25781
25776
25779
25780
25786
25787
25786
25789
25787
27984
25783
25790
25780
25788
25788
25789
25784
25785
25786
25784
25787
28061
25790
28057
25789
25790
27999
25795
25802
25827
25793
25795
25814
25815
40515
25796
25804
25807
25806
25805
25830
25828
25838
25842
40514
30650
31131
25803
25826
25804
25841
25805
25807
25814
25816
25821
31137
25821
25822
25812
25819
25816
25911
25816
25817
25827
25815
25821
25827
25844
25825
25912
25819
25822
25913
25824
25836
25905
25824
25825
25840
25908
25932
25839
40522
25826
25827
25843
25829
27876
25830
25834
25841
25842
26038
29208
31087
31088
25943
31047
31096
31348
25835
25837
25838
27881
25841
27865
25836
27869
25839
25840
27848
25839
25844
25843
27902
25843
25844
25844
25848
25850
25851
25850
25852
25853
25848
25849
25866
25852
25851
25856
25858
25860
25854
25863
25855
25858
25863
25864
25903
25865
26145
25866
25867
26146
25867
25887
25862
25864
25865
27571
25881
25880
26146
26130
26145
25877
25884
25885
25890
26205
25871
25872
25882
25872
25875
25887
25883
25956
25873
25874
25881
25883
25892
25878
25882
25877
25878
25885
26199
25887
25893
25963
26187
25885
25971
27573
40525
27571
27595
40528
25887
27595
25970
25964
27565
27573
27584
25893
25888
27567
40526
40528
25891
27569
40527
25892
25910
25931
40527
27571
40526
27565
27573
27598
25965
40525
27571
27595
25895
25903
25906
25897
25900
25898
25900
25911
25903
25913
25912
25933
25907
29227
31086
25901
25902
25925
25906
25924
25905
25909
25908
25913
25910
29185
29192
31093
25912
25928
25910
25927
25929
25912
25913
25917
25920
39797
25920
25921
25926
25920
27915
39339
39797
25918
25923
25932
27903
25921
25924
25946
25922
25923
25925
25933
25925
25929
25933
25944
39339
25929
25931
25929
25932
25933
27863
27871
27907
27516
27910
25935
25936
25939
27548
25938
25946
25938
25941
25973
25974
25941
27549
27538
27549
27554
25942
25958
25990
29182
29227
31351
25946
27523
25975
25986
27550
27517
25949
25952
25962
25949
25953
25992
25993
25951
25952
25957
25962
25970
25953
25954
25957
25958
25956
25957
25973
25964
25970
25973
25991
25967
25971
25972
27594
25961
25962
25968
26037
25963
25969
26197
25970
25971
25965
25974
25966
25971
25972
25974
27524
25969
25975
25969
25985
25975
27512
25974
25987
27468
27556
40144
27459
27471
39836
25979
25980
25982
25981
27553
27409
25984
27554
25983
27382
25984
25992
25990
25987
25993
27393
25987
27377
27544
25991
27472
27542
27555
27478
27491
27535
25991
27551
25992
25993
27390
25996
26008
27399
40349
25998
26003
40348
26470
38638
27396
40348
25999
26471
26461
40355
26461
40355
38626
38633
38637
38638
26004
26006
26007
26008
26009
27345
26005
26015
26006
26441
26459
27352
26017
27339
26018
27378
26459
26471
26474
26011
26213
40561
26014
40560
26016
26042
26043
27363
26193
26195
40564
26194
26196
26017
26475
40557
26019
27364
40560
26019
40561
26019
26472
26474
27372
26024
26031
26024
26031
26032
26023
26031
26040
26039
38626
26027
26026
26027
26028
26030
26036
26049
26437
26035
26036
26420
26039
26059
26060
26036
26037
26038
31058
31096
31351
26035
26043
26410
40563
26037
26043
31059
31086
38630
26042
27392
26042
26409
26458
26043
26050
26051
26065
26050
26065
26066
38634
26047
26048
26052
26050
26059
26049
26054
26055
26060
26052
26053
26056
38224
38225
38227
26055
26061
26402
26435
26057
26061
26062
38227
26065
26469
38225
38596
26060
26066
26411
26062
26063
26064
26393
26406
26477
38234
38594
26456
38631
26068
26070
26071
26095
26112
26136
26291
30492
30698
26072
26118
26074
26079
26073
26122
26081
26075
26076
26077
26078
26081
26082
26082
26083
26089
26091
26089
26095
26119
26121
26122
26082
26084
26091
26088
26093
26215
26088
26119
26219
26291
30303
31025
31030
26090
26092
26094
26092
26093
26109
26098
26217
40545
26099
26100
26116
26102
26109
26112
26101
26112
26103
26105
26102
26106
26245
26106
40533
26106
26315
26107
26173
40533
26110
26116
26161
40534
40538
26111
26248
26120
26175
40540
26120
26220
26249
26123
26114
26117
26126
26121
26122
26207
27131
29836
31018
26117
26123
26118
26122
26123
26120
26139
26123
26141
26156
26186
26234
26126
26129
26133
26141
26130
26134
26135
26130
26149
26177
26185
26134
26141
26145
26133
26148
26184
26134
26148
26149
26150
27053
31967
26147
26149
26200
26143
26144
26156
26141
26143
26175
26143
26144
26146
26147
26148
26155
26167
26216
26147
26191
26146
26192
26207
30924
31018
26153
26179
26439
26154
26157
26185
26154
26171
26184
26165
26167
26171
26159
26175
26163
26179
26159
26177
26185
26167
26183
26166
26168
26234
26173
26176
26168
26166
26378
40534
26169
26190
26429
26178
26183
26184
26180
26170
26183
26178
26433
26431
26181
40538
26177
26366
26371
40530
40532
26180
26180
26327
40532
26377
26811
26186
26185
26188
26197
26199
26198
26200
40556
40563
40565
26195
26210
40556
26192
26201
26202
26200
26210
26203
26204
26209
26196
27596
26203
26197
40565
26198
40565
26200
26205
26205
26206
26203
26206
26210
26209
26212
27584
26212
30297
31016
26209
26213
40564
40565
26212
27583
27590
26243
26245
40536
26226
40546
26229
26781
26794
40542
26220
26222
26225
40546
26223
40544
26224
26789
26227
26228
26234
26313
26326
26789
26793
26794
26229
26313
26236
26231
26270
26827
26235
26278
26322
26338
26808
40537
26235
26236
26314
40541
40540
26236
26824
26238
26239
26242
26240
26328
26258
26259
26273
26329
26242
26243
26312
26244
26323
26247
26263
26247
26248
26265
26279
26337
26338
26281
26280
40536
26326
40536
40540
26300
26323
40538
40551
26252
26253
26259
26255
26264
26254
26255
26257
26276
40581
40587
28845
28847
28850
40580
26260
26262
26259
26260
26263
26273
26261
26263
26274
26274
26275
26281
26265
26273
26273
26279
26267
26270
26277
26269
26277
26269
26271
26278
26275
26278
26279
26272
26280
26274
26281
26276
40579
40582
26282
26282
26281
26282
40537
26285
26288
26294
26285
26683
26287
26287
26290
26685
26289
26290
26295
26296
30275
31019
26297
26687
26295
26317
26695
26295
26662
26443
26473
30962
30981
26569
30354
30996
30999
26305
26309
26303
26311
26316
26303
26304
26321
26306
26306
26310
26307
26308
26307
26309
26311
26312
26310
40549
26328
26323
26328
26314
26326
40541
26320
26327
26317
26329
26321
40529
26324
26826
26828
26329
26338
26808
40529
26327
40533
40540
40547
40535
40539
40541
26808
26809
40548
40539
40538
26329
26348
30971
30991
30994
26333
26781
26823
26335
26816
26824
40535
26770
26825
40595
26759
40592
40594
26337
26827
40596
26795
26816
26822
26339
26339
26826
40535
38355
38356
38357
26345
26349
38362
26346
26651
38014
26344
37979
38020
26346
26347
26347
26636
38356
26552
30889
30973
26652
26351
26357
26639
38365
26573
26642
38015
26358
26363
38335
26358
26359
26363
26383
26356
26359
26550
26356
26361
26566
26360
26360
26361
38337
26360
26365
26565
26362
26572
26563
38070
38338
38339
26367
26368
40555
26375
26376
26391
26376
26379
26369
26372
26381
26370
26378
26373
40550
26378
40534
26373
26382
26375
26381
26394
26398
40555
40530
26394
26543
26811
26812
26381
26608
26801
30367
30944
26383
26391
40555
26391
26394
26398
26453
40554
26392
26393
40396
26397
40392
40552
40554
38309
38305
38317
26397
38334
40554
26392
26398
26412
26394
40552
26403
40394
26397
40553
38313
40552
26408
26410
26440
40562
26401
26404
26430
26412
26434
26406
26411
26436
26406
26407
26412
26405
26408
26407
26412
26444
26478
26454
26464
26460
40558
26410
26411
26476
26438
26457
26414
26424
26432
26415
26416
26423
26425
26426
26432
26418
26421
26425
26427
26431
26420
26422
26427
26437
26438
26422
26423
26437
26424
26435
26426
26439
26428
26429
26440
40556
26431
26433
26433
26434
26440
26439
26434
26439
26436
26436
26437
26438
26440
26445
26479
26557
26445
26447
26462
30944
31665
26453
26454
26544
26560
38117
38294
38297
38302
26448
38116
38124
26449
26480
26482
38203
38325
26451
26452
40392
26454
40394
26453
38314
40554
26567
26481
26463
26466
26482
26457
26469
26476
26478
26470
26472
26476
26475
26479
26464
26475
26476
26471
26480
26471
26479
26480
26465
26477
26478
26481
26481
26482
26469
26526
26551
30985
31660
27396
27399
38639
40349
26477
26472
26474
26608
30944
31649
26475
26478
26481
26482
26493
26521
26845
40602
26485
26486
26523
26487
26539
26487
26846
26492
26490
26492
26834
27320
26526
30888
30942
31656
26496
26495
26496
26847
26494
26531
26495
26844
26514
26517
26503
27181
27186
37619
26499
26501
26503
26500
26511
26519
38132
26520
27189
26503
37616
38101
38136
38098
26505
26507
26510
26582
26506
26512
26576
26512
26513
26515
26519
27154
26509
26515
26516
27173
26518
26520
26519
26541
26519
26520
26533
26534
26514
26516
26517
26540
26520
27166
26517
27168
26518
26542
26523
26531
26803
26533
26536
26539
26524
26539
26525
26818
26527
31669
26536
26538
26530
26535
26564
30962
30981
30988
26531
26534
26540
26535
26536
26541
26541
26542
26540
26541
26658
26657
26659
26829
26657
26663
26542
26542
26555
26565
26567
26556
26557
26567
26563
26565
38286
38336
26553
26553
26560
26549
26561
26562
26566
26559
26565
26566
30954
30983
31665
26564
30313
26554
38099
26561
38100
38123
26556
26559
26557
26560
26559
26562
26568
26563
38065
26566
29836
30359
38320
38123
38320
38324
30353
30355
30994
26572
26574
26575
26585
26588
38057
40569
26573
38079
26575
38080
38058
38140
26597
26582
26583
26586
26578
26582
26584
26586
26619
26588
26598
26599
40566
26598
26623
38036
40566
27157
38142
40570
26587
26587
27055
38036
38140
40571
27158
38048
38135
27049
27156
40571
38066
26590
26604
26605
26591
26593
26592
38023
38018
38041
26594
26596
26595
26624
26625
26644
38010
38000
38017
26598
26599
26616
38140
38012
38081
38048
38138
38149
40572
26603
26604
26612
26603
26613
26620
26606
26605
26624
26609
26611
26607
27065
26609
26610
26629
27729
27066
27077
26623
38042
26613
26624
26614
26617
26621
26616
26617
26625
26623
26625
26618
26619
26621
26622
27070
26621
27078
26706
26623
27076
38036
26625
26634
26638
26671
26628
26632
26650
26643
40573
26807
26892
30901
26631
26633
26643
26644
26647
38009
26633
26634
26651
26635
26636
26637
26637
26651
26652
26640
26652
26640
26642
26652
26664
26642
26644
26656
26647
26644
26649
26660
26664
26684
26655
26670
26687
26695
26651
38003
26649
26655
26688
26696
26665
26667
26671
26685
40573
26660
26661
26663
26660
26663
26667
26680
26684
26664
26665
40573
26658
26663
26666
26669
26804
26830
26684
26810
26671
26685
26687
26671
26667
26668
26669
26688
26681
26683
26697
26674
26678
26692
40583
26689
26676
26677
26679
26695
26693
26694
28837
26691
26680
26695
26826
26699
26828
26690
26696
40575
26683
26689
26687
26697
26688
26696
26730
26699
26692
26722
40590
40584
40596
26699
26728
40597
40574
28836
26817
26703
27019
27037
26714
26731
26704
27025
26744
27022
27036
26718
26731
26706
26707
26723
26707
26716
26708
26709
26710
26711
26713
26732
26930
26917
27034
26725
27012
26716
26721
26716
26721
26718
27037
40576
26725
26929
27030
27018
26724
26727
26732
26729
26749
27036
27068
26726
26730
27022
26724
26732
40576
26730
27020
26728
26750
28837
26728
26747
26730
26733
26748
26924
27038
26733
26925
27030
26735
26738
26739
26740
26741
26745
26747
26748
28867
28887
35673
35684
26743
35684
26740
26743
26746
26766
28848
28867
26749
28864
35691
26744
26749
26750
26761
26768
26750
26769
26748
26750
26749
26756
26768
26851
28872
26766
26768
28865
28869
26815
26819
40602
26762
26763
26767
26756
26758
26770
40595
26757
26772
28539
28873
26763
26767
26764
26769
26814
26818
26829
26768
26769
26764
26765
28827
28551
28554
26766
28851
28555
28824
28870
26769
40594
26772
26779
26800
26805
26814
26820
26778
26852
26813
26816
26817
40597
26778
26779
26797
26776
26777
26798
26799
40600
26782
26858
26782
26781
26818
26820
40601
26784
26856
26786
26796
26797
26794
26797
26786
26798
27563
26787
26788
27572
26789
26791
26796
26866
26892
30675
31787
26792
27566
27592
26793
26799
27591
26806
40599
26796
26805
26813
26823
40545
26798
26799
26831
26812
26821
30984
31659
31785
26815
26849
26818
26829
40602
26819
26829
26821
40599
26831
40599
26866
30815
30910
40551
26810
26811
26828
26830
26814
26850
26828
26830
40599
26822
26825
26827
40529
40593
40600
26834
26838
26913
27316
26838
26840
26846
26846
26847
26836
26837
26840
26838
26839
26839
26842
26859
26904
26841
40601
26842
26845
26843
26857
26844
26909
26918
26845
26847
26846
26902
26849
26851
26914
26850
26860
26857
26931
26852
26854
26856
26860
26858
26859
26885
26855
26861
28862
26856
26871
28396
26858
26859
26932
26860
26873
26862
26871
26933
26863
26865
28863
26870
28397
28405
26868
27005
27006
26934
40615
30940
26871
26872
26886
37459
26869
26872
28397
28409
37459
26996
27004
28399
28470
26883
26935
26881
26882
26885
26875
26878
28368
28370
26876
26878
26884
26885
26884
27632
28379
26886
37196
26880
26890
27625
26882
26891
27633
26884
27626
26883
26923
26886
26891
27606
26886
26888
26890
26894
26993
26891
28352
26897
26898
28369
26895
26898
30896
30906
26927
30365
30420
31018
26895
28353
26967
26968
28363
28386
27623
40604
27634
28390
26906
26907
26910
26912
27255
27622
27628
26902
26905
26906
26909
26913
26905
26907
26969
27630
26909
26913
38966
26908
26910
26912
26909
27638
27323
27620
27638
38760
38966
27251
27621
26924
26931
26933
26916
26930
26931
26919
26928
26928
26930
27029
26919
26920
26932
26921
26921
26923
26947
26928
26950
27032
27144
26932
26935
26925
26934
26929
26930
40612
40619
27010
30030
30924
27029
27039
26932
26934
26935
40616
26937
26939
26941
26938
26940
26943
26990
26998
26948
27007
26942
26944
26945
27128
26943
26944
26946
26945
27134
26947
27140
26949
26950
27145
26950
26977
26986
27152
26952
26957
26960
26960
26961
26958
26959
26972
26958
26973
27218
26956
26957
26964
26959
26965
26958
26970
27207
27212
26963
26964
26963
26967
26969
27217
26965
26967
26970
26972
27629
27651
26968
26971
27635
27216
27624
26971
27639
40603
26973
27631
26975
26976
26979
26981
26994
26980
26982
26986
40617
26980
26985
26999
27028
26983
26991
26981
27003
26983
26984
26991
26985
27007
27001
26997
27002
27008
27026
26997
27026
27039
40617
27001
40618
26992
26993
26998
26992
26993
27006
27004
27005
26996
27003
35935
40612
27004
40614
27009
27007
27001
27011
27002
27026
40619
40618
27028
27005
27006
40613
27014
27015
27014
27031
27024
29868
31729
27028
27013
27015
27020
27027
27023
27016
27017
27021
27033
27019
27038
27027
40576
27031
27033
29835
30313
30365
27027
40612
27032
27034
27036
40576
27032
27146
27039
27034
30296
30891
30899
31016
40617
27130
27135
27137
27042
27043
27051
27044
27073
27044
27138
27045
27046
27047
27101
27137
27058
27095
27049
27050
27079
27055
27069
27051
27054
27153
27054
27055
27099
30296
30873
31016
27147
27148
27075
27057
27060
27071
27058
27063
27073
27075
27060
27064
27072
27061
27062
27066
27063
27066
27074
27065
27067
27077
27078
27077
27068
27078
27072
27079
27070
27075
27079
27076
27078
27072
27073
27079
27075
27076
40570
27077
27081
27083
27124
27082
27087
27089
27122
27084
27085
27092
27101
27086
27098
27099
27101
27151
27088
27092
27089
27096
27160
27091
27092
27094
27094
27095
27097
27099
27155
27096
27099
27101
27167
27098
27100
27125
27118
27163
27104
27109
37499
27104
27105
27111
27123
27106
27114
27115
27123
27109
27111
27112
27109
27113
27116
27112
27116
27125
27119
27124
27117
37521
27115
27119
27121
27117
27120
27120
27122
27125
27122
27121
37513
27124
37520
27125
27127
27129
27142
27128
27132
27134
27145
27130
27143
27138
30980
31012
31025
27133
27135
27134
27139
27140
27136
27139
27151
27138
27151
27153
27149
27149
27152
27144
27147
27150
27143
27145
27146
27146
27152
27152
27153
27148
27150
27151
27153
27150
27156
27166
38138
27156
27163
27167
38149
27167
38148
38149
38131
27160
27161
37679
27163
27167
27162
37671
27164
27165
27164
27166
27166
27199
38143
27173
27174
27176
27227
27294
27298
27191
27225
40531
27173
27174
27178
27175
27177
27201
27175
27176
27295
27300
27178
27304
27190
37517
37524
37552
37556
27192
27195
27298
37432
27185
27186
27198
27183
27185
27192
27184
27192
27187
27303
37522
27189
27199
27189
27201
27190
27199
40149
27199
27201
27306
27200
27274
27283
37437
37510
37524
37551
37555
37517
37552
37624
40154
37511
37514
37522
30826
30858
30860
40151
40153
40154
37522
40149
40154
27293
27294
27311
27302
27203
27213
27232
27205
27210
27206
27207
27208
27208
27234
27207
27210
27212
27209
27215
27221
27213
27213
27214
27217
27217
27218
27216
27233
27218
27235
27217
27218
27220
27222
27234
27223
27224
27223
27234
27235
27230
27232
27228
27225
40531
27229
27301
27306
37549
27302
27306
27229
27244
27246
40490
40577
27233
27257
27305
27233
27234
27235
27258
27238
27240
27245
27239
27239
27252
27253
27241
27244
27256
27243
27248
27255
27256
27246
27258
27246
27272
27283
27640
30826
30858
30897
27255
27704
27250
27251
27279
27317
27253
27255
27257
27253
27264
30405
30711
30821
27258
27258
27275
27260
27261
27289
27299
27334
27282
27329
27427
27263
27269
27271
27264
27278
27272
27279
27266
27267
27273
27277
27292
27268
27269
27277
27281
27270
27278
27281
27272
27273
27283
27274
27292
27279
27283
27311
27279
27280
27308
27321
27309
27280
27282
27333
27282
27290
27296
27292
40336
27287
27291
27307
27295
27305
27289
27298
27309
37435
27290
27299
27308
27309
27295
27297
27294
27305
40577
27309
27300
40336
40451
27299
27303
27303
27307
27302
27304
40451
27303
27306
27311
27308
27326
27311
40451
40490
27496
27609
27627
38889
27320
27330
27336
27348
27316
27325
27327
27581
27325
27495
27499
38889
27320
27637
27318
27621
38834
27321
27636
27320
27323
27326
27326
27335
27323
27636
27637
27636
27487
27488
27497
27497
27637
27337
27336
27354
27489
27335
27480
27488
27332
27333
27334
27334
27336
27337
27469
27556
40080
27358
27429
27545
27335
39866
27337
27337
27353
27340
27346
27352
27349
27351
27352
27343
27349
27342
27345
27346
27347
27361
27344
27348
27347
27348
27351
27352
27347
27353
27350
27360
27362
27365
27373
27356
27359
27359
27360
27490
27358
27361
27411
27358
27359
27361
27477
27534
27557
27558
27360
27362
27379
27368
27374
27364
27414
27370
27372
27372
27373
27378
30801
30834
30865
30866
27370
27371
27371
27374
27376
31925
31936
27375
27585
27378
27374
27379
27379
27376
27485
27412
27492
27408
27410
27400
27415
27383
27402
27406
27382
27385
27389
27390
27409
27384
27388
27385
27409
27440
31695
31697
31704
27440
30902
31787
31788
27404
27406
27390
27391
27393
27392
27394
27399
27414
27410
27413
27395
27397
38624
38639
27401
27398
27404
27400
27414
27415
27406
27411
27407
27409
27469
27407
27411
27412
27467
27440
30830
31684
31776
27408
40161
27410
27412
27413
27415
27415
27414
27417
27418
37300
27419
27420
27419
27428
27429
27421
37321
27427
27430
27423
27427
37431
27424
27429
27426
27428
27426
37323
37442
37313
27429
37322
37315
37444
27432
27437
27616
27436
27454
27434
27872
27885
27911
39223
27441
27504
27612
27684
27616
27661
27454
27455
39146
27445
27905
39634
27863
27878
27913
27919
31805
27457
27663
39774
27446
27447
27455
27447
27448
30984
31773
31775
31785
27521
27911
27450
39074
27453
27449
27484
27451
27498
27697
27453
27518
27452
27454
27457
27662
27465
39074
27457
27526
27892
39146
27505
27461
27470
39836
27475
27463
39836
27462
27474
27463
27507
30940
30949
31930
27482
27484
27471
27472
40161
40231
27536
27543
27555
40161
27471
27481
27539
30943
31770
31806
27481
27483
27531
27537
27483
27486
40231
27479
39798
39947
39866
27484
27500
27506
27493
27542
27492
27509
27557
27490
27492
40231
27499
27508
38838
27489
27493
27490
27497
27492
27545
40080
27508
27495
27509
27515
27576
27577
27605
27620
27681
38912
27499
27503
27505
27506
27509
27501
27506
27507
27508
27528
27542
27503
27507
38838
38951
27504
27705
27505
27617
27527
27519
27508
27513
27525
39407
39501
27512
27515
27570
39501
27524
27552
27515
27528
27560
27522
27564
27868
39407
27525
27517
27524
27523
27524
27519
27526
27547
27527
27528
27870
27899
27916
39407
27870
39767
27569
39501
27541
27527
27618
27527
27559
27530
27538
27548
27533
27546
27537
39798
27533
27536
27538
27555
27543
27544
40161
39990
27553
39907
27587
30865
30907
27541
27546
27548
27547
27552
27558
27553
27550
27551
27547
27559
27549
27551
27552
27557
27554
27560
27554
27558
27560
27559
27560
27563
27568
27619
27567
27572
40526
27566
27572
27568
27569
27602
27597
40526
27572
27597
27568
27570
27580
27598
27594
27579
27580
27597
27603
29405
30905
27577
27580
27585
27579
27581
27581
27586
27599
27598
27586
27586
27588
27588
27590
27592
27590
27596
27593
30675
30806
30907
27591
27593
27596
27596
27592
27597
27594
27598
40525
27603
27604
27605
27604
27606
27609
27608
27613
27619
27603
27615
27619
27619
27613
27611
27618
27607
27614
27610
27821
27614
27820
27822
27610
27611
27612
27682
27617
38889
27617
27906
27614
27618
27916
39407
27908
39767
27618
27626
27627
27636
38760
27628
27710
38760
27634
27639
27649
27630
27631
27635
27633
27635
27638
27632
27633
38966
27630
27631
27631
27639
27652
27638
27634
27686
27634
27639
30406
30806
30883
27644
27670
27693
27646
27647
27648
27648
27689
27645
27646
27650
27712
27650
27651
27651
27652
27678
27688
27709
27652
27711
27654
27664
27665
27655
27778
27656
27657
27661
27777
27659
27662
27763
27771
27777
27690
27691
27774
27812
38744
39767
27662
27774
27663
27680
27805
27665
27668
27690
27671
27779
27667
27669
27673
27670
27689
27669
27690
27670
27713
27672
27673
27674
27780
27674
27679
27676
27679
27688
27677
27813
28374
27683
27685
27686
27687
27688
27689
27684
27685
27691
27682
27686
27687
27683
27684
27686
27715
27804
27900
27707
27708
27689
27691
27714
27693
27694
27699
27712
27713
27695
27696
27697
27714
27697
27700
27705
27699
27700
27703
27712
27701
27702
27703
27705
27706
38938
27704
27709
27710
27715
27707
27710
38912
27708
27711
27713
27715
27711
27712
27711
27714
27715
27722
27723
27726
27718
27722
27728
27730
28382
27720
27725
27727
27727
27747
27731
27786
27790
27728
27724
27790
27725
27746
27733
27730
27794
27728
30829
30906
28385
27791
27792
27734
27735
27746
27737
27746
27747
27737
38165
27736
27791
27755
28195
38093
27741
27744
28301
38184
27740
27742
27743
27745
27795
27806
27742
28196
27761
27744
27745
27747
27747
27814
27799
27751
27781
27789
27750
27751
27943
27752
27753
27920
27759
27793
27754
27757
27758
27759
27759
27761
27801
27757
27758
27944
27925
27760
27761
27762
27796
27775
27945
27769
27778
27766
27769
27781
27766
27776
27771
27947
27800
30769
31784
31819
27782
27784
27785
27785
31695
31788
31790
31792
27776
38698
27833
27834
27912
38757
27810
27867
27909
38734
27805
38742
27797
27809
27946
27778
38742
27779
27780
27811
27783
27816
27802
27921
27783
27787
27785
27818
27786
27788
27802
27787
27794
27789
27792
27793
27802
27794
27799
27799
27801
27793
27801
27815
27796
27799
27807
27797
27801
27802
27817
30796
31539
31914
27803
31849
27846
31771
31792
27811
27813
27912
27812
27900
27807
27808
27814
27815
27817
27809
27831
28474
27817
38740
27874
27901
27913
27816
27829
39774
27816
28393
28383
28394
27818
28391
27818
27818
27822
27919
28521
27821
27822
27825
27825
27830
27828
27824
27825
27829
27919
27825
27906
27916
27830
27834
28395
27874
27901
28466
28504
27830
28501
28503
27832
27913
27832
27833
28476
38757
27834
27901
28373
28392
27900
27845
27837
27839
27842
28578
27854
28090
27841
27856
28575
27844
27845
27844
37183
28050
28052
28062
28103
30756
31784
31786
27855
27860
27861
27859
27877
28513
27850
27856
28511
28525
27855
27859
30763
30768
30773
31297
27857
27875
27854
27880
28516
27856
27858
27859
27861
27858
27860
27861
28060
27873
27874
27880
27869
39369
27872
27911
38744
39767
27876
27904
27918
27875
27876
27877
27873
27897
27934
27893
27899
27881
27907
27892
39774
27897
27909
27911
27908
27875
27935
27878
27880
27881
27879
27881
27879
28523
27880
28509
27883
27887
27894
27889
27895
38986
27887
27896
27915
39074
39339
39223
39161
39208
39797
27903
39208
27891
30749
30750
27928
30754
30760
39369
27895
27896
27918
27897
27918
27914
30755
31313
27919
39369
27912
38757
27904
27907
27910
27905
27910
27907
27918
39208
39797
27916
39774
27913
38744
39634
27928
30750
38986
30762
31299
31310
27921
27929
27943
27946
27947
27923
27930
27941
27931
27933
27925
27926
27943
27944
27927
27937
27930
30731
30748
27930
27931
27947
27937
27940
27944
28053
27934
27942
27935
27939
27936
27938
27940
27942
27941
27940
27945
27946
27947
38734
28048
27942
27945
27946
28019
27951
27954
28003
32760
28018
28002
28003
27975
28007
28123
28124
28002
28019
32757
28005
32762
30773
30774
31312
27957
27960
28114
28121
28122
32771
28004
30414
30709
30819
27961
28117
28108
28117
28118
27964
27970
28000
27978
27992
27966
27970
27971
27979
28001
27970
27978
28049
28063
38618
38622
27972
27973
38635
27974
27975
27979
27980
28066
38560
27978
28055
28075
28049
27980
27991
28020
28053
38605
38622
27985
27996
28017
27984
27986
27992
27987
27999
27988
28021
27987
27988
27996
27989
27990
28000
28001
28022
28001
28013
28067
28000
28072
27995
28015
28068
27995
27997
27998
27998
27998
27999
28070
28074
28001
32734
32758
28079
30405
30476
32768
28009
32732
32745
28020
32771
28009
28010
28021
32757
28022
32735
28013
28020
32735
28020
28015
28022
32741
28016
28017
32739
32746
28021
32737
32771
28022
28025
28030
28044
28030
28044
28045
28027
28041
28039
28042
28043
28043
28044
28029
28038
28041
28030
28031
28046
28032
28037
28038
32697
28046
28034
28036
28045
28069
28035
28037
28039
28040
28039
28043
28064
28045
32696
28040
28042
28042
31519
28076
28084
28090
28053
28054
38384
28065
28087
28089
38429
28060
28090
38384
28089
28056
38605
28061
38605
28057
28060
28059
28061
28062
28065
28062
28071
28065
28069
28078
28071
28067
28073
28112
28068
28072
28070
28115
28070
28126
28074
28074
28075
28074
28075
28075
38384
38396
28078
28082
28104
28087
28095
28093
30413
30415
28085
28091
28457
36995
28082
28086
37167
28450
28581
38413
28086
28444
28087
28091
28095
28087
28103
28091
28125
38527
38384
28103
28127
28101
28107
28138
36994
30409
30482
30798
28097
28099
28100
28104
28116
28097
28119
29291
28100
29292
28100
28101
28102
28104
28129
28104
37051
37052
37183
28448
28450
28482
28110
28125
28180
38527
28127
28129
28169
28122
28156
28170
30598
30612
30646
30649
28120
28123
28113
28114
28115
28115
28124
28125
28126
28128
28117
28124
28126
28126
28127
28128
28122
28119
28129
28128
28129
28121
28177
28122
28123
28124
28127
28454
28456
37103
28134
28154
28178
28216
28181
28201
28445
36907
28137
28138
28140
28137
28147
37982
28218
28340
28347
38007
28221
28341
37943
28341
37982
28171
36974
28216
28333
28340
28218
28340
36834
28143
28144
28155
28145
28146
28151
28145
32639
28145
28152
28153
32641
28148
28154
32642
28157
32633
29374
32611
32633
32642
28157
32630
32633
32636
28152
28183
28158
28154
28179
28172
28158
32630
28157
28158
28182
28164
28173
28193
28162
28165
28175
28163
28175
28176
28175
28183
28164
28167
28165
28166
28179
28199
28168
28176
28173
28174
28170
28171
28180
28177
28182
28178
28181
28178
28179
28182
28203
28180
28181
28177
28180
28202
28183
28204
28183
28185
28198
28328
28189
28300
28187
28189
28190
28300
28323
38179
28316
28319
28334
38348
28192
28195
28203
28194
28334
28343
28193
28198
28199
28203
28300
28323
28196
38179
28201
38241
28201
28202
28329
28333
28199
28202
28325
28347
38274
38348
28204
28204
28204
28206
28210
32619
28207
29390
28208
28209
28331
29393
28210
28344
28211
28213
32628
28214
29375
32643
37949
28214
28345
28335
28346
28218
28220
28311
36987
28346
37982
28220
28231
37935
37935
28220
28290
28307
37766
37935
28223
28228
28255
29409
28224
29408
28225
28229
28226
28314
29400
28227
28238
28337
28235
29369
37899
29413
28255
28265
28256
28408
28437
30575
28235
28240
28612
29060
29122
29133
28604
29061
29070
29426
29070
29128
29133
29439
28236
28241
28605
29376
29414
28294
28732
29050
28241
28265
28288
28248
29065
28241
28263
28285
28242
28266
29421
35630
28245
28255
28257
28245
28246
29047
29067
28247
28251
28261
28287
28287
29047
28254
28253
29051
28252
28257
28258
28259
28260
28266
28467
30573
30579
28261
37844
29048
29049
29051
37844
28288
28290
37757
28271
30254
30507
30580
28266
37877
29065
28268
28269
28278
28270
28283
28270
28348
28280
29930
30525
30559
28273
28279
28281
28282
28284
28275
28276
28281
28278
28326
28310
28279
28283
28284
28279
28349
28426
37837
28433
28436
28431
28293
28602
37757
28291
28298
28600
28296
37877
28294
28297
28425
37822
28296
37766
28292
37757
37766
28294
28297
28298
28599
28725
28299
28298
28299
28485
28907
28338
37837
28306
37766
28460
28421
28899
28328
28303
28454
38274
28311
28454
28458
36987
28304
28309
28305
28440
28308
28435
28451
28307
28308
28312
28311
28339
28458
28461
28310
38346
28327
28439
28347
28425
28435
28438
28314
28320
28331
28322
28337
28316
28317
28332
28330
28334
28318
28344
28319
28320
28321
28322
28326
28336
28336
38165
28342
28343
38093
28329
38241
28327
28348
28350
38348
28330
28333
28332
28335
28344
28345
28340
28345
28348
28338
38007
28339
28349
28347
28350
28343
38346
28345
37949
28349
28350
28438
28362
40611
28353
28361
40603
40611
28360
28362
28365
28357
28359
28364
28364
28389
40605
40606
28364
28404
28362
28363
28365
28371
28409
28367
40607
28370
28380
37325
28371
28372
28390
28379
28390
28377
28386
28374
28385
28392
28395
28410
28375
28393
28379
28395
28389
37544
37715
28400
28409
37325
28380
28410
37364
28390
28395
28505
29929
30504
30560
28383
28385
28386
28391
28394
28472
28507
37598
28391
28416
28403
28404
28407
37673
28417
37392
37502
37702
28398
28416
28393
28393
28394
28414
28402
28470
37540
28470
37673
28400
28401
28404
28405
28406
35963
28416
37364
28407
37392
37544
28418
28874
37673
28406
28415
28409
28993
37673
29000
28415
37702
30560
30569
30578
28414
28464
28417
28484
28556
28889
28463
28464
28472
37715
28419
28441
28994
29003
28416
37715
28434
29004
28502
37598
28866
37540
37702
28420
28422
28441
28421
28424
28961
28425
28487
28424
28430
28425
28426
28429
37822
28429
28436
28438
28428
28432
28433
28440
28442
28436
28431
28432
28433
28436
28434
28439
28441
28442
28440
28491
28467
30257
30536
28439
28440
28492
28490
37544
28456
28458
28461
28446
28587
36907
37058
37103
28456
28480
28449
28646
36796
36816
28449
28453
28902
28639
28573
28584
28461
28477
28488
28483
28486
36816
28494
36778
28458
28483
28486
36987
28469
28459
36995
37058
38396
28461
28494
36778
28468
28469
28477
28476
28473
28478
28495
28475
28476
28506
30537
30562
28474
28475
28477
28480
37459
28472
28477
28479
28493
37669
28479
28499
28572
28476
28478
28480
28480
28590
28484
28492
28893
28895
28484
28584
28910
28582
37052
28489
28487
28494
28909
36796
28491
28492
28491
28493
28494
28490
28493
37669
28491
28492
28499
28506
28510
28498
28500
28515
28505
28506
28507
28502
28566
28507
28579
28501
28505
28503
28505
28507
28557
28504
28522
28506
28524
28514
28518
28537
28513
28516
28523
28516
28524
28526
28513
28516
28536
28513
28517
28520
28515
28520
28522
28535
28518
28519
28519
28531
28521
28522
28523
28524
28524
28527
28536
28583
28535
28536
28580
28534
28589
29937
30538
30559
30582
28537
28540
28560
28546
28592
28532
28536
28537
28533
28534
28534
28537
28569
28540
28545
28547
28541
28551
28555
28547
28570
28567
28571
28543
28548
28563
28812
28549
28555
28821
28549
28550
28553
28550
28554
28547
28553
28561
28549
28552
28554
28554
28555
28553
28568
28557
28558
28574
28566
28591
28562
28567
28888
28562
28564
28594
28901
28565
28569
28570
28568
28570
28595
28563
28890
28567
28568
28568
28585
28566
28571
28569
28571
28593
28571
28573
28578
28579
28590
38413
28584
28591
28594
28577
28578
28583
28581
28585
28588
28588
28589
28586
28580
28591
28583
28593
28586
28587
37052
28589
28594
28594
28595
38413
28592
28592
28593
28595
28595
28600
28654
28686
28896
28599
28613
28682
28724
28600
28610
28640
28602
28681
28602
28737
29108
30470
30547
28614
28606
28611
28627
29268
29415
29424
35556
28606
28611
28612
28607
29347
28608
28612
28609
28610
28630
28636
28614
28635
35527
35623
28614
28614
28637
35361
28616
28624
28627
28630
28634
28633
28649
36551
40493
36746
28622
28708
29202
40493
28623
36508
40493
31045
31052
28623
28698
35066
28632
28634
28627
28632
28637
35503
31060
36287
36616
28630
31060
28635
28636
28655
28656
28636
28632
28698
28699
28705
35323
28644
36551
36746
28636
28637
28683
28639
28652
28654
28897
28646
28651
28646
28654
28655
28642
28644
28674
28643
28669
28645
28671
28647
28649
28647
28653
28648
28650
28650
28655
28656
28680
28653
28652
28653
28657
28658
28687
28656
28688
28658
28660
28911
28672
28690
28660
28677
28813
28903
28675
28680
28684
28690
28674
28750
28766
29202
28676
28685
28754
28784
28676
28677
28778
28810
28667
28673
28757
28667
28669
28759
28668
28670
28673
28671
28674
28671
28677
28672
28675
28677
28782
28675
28676
28684
28690
28729
28736
28915
28680
28683
28697
28699
28688
28682
28686
28734
28683
28716
28688
28685
28729
28704
28730
28687
28736
28688
28690
28696
28747
29723
30542
28692
28694
28702
28693
28700
28702
28727
28700
28767
28702
28706
28752
28714
29725
29731
28699
28704
28728
28706
28708
28708
28701
28704
28726
28735
28708
28752
28753
28766
28753
28707
28723
35181
28707
35100
28722
28710
28713
28719
28711
28717
28719
28720
29029
28721
29056
29069
28715
29719
30411
28737
29726
30412
28720
28724
28728
28718
28721
28727
29058
28726
28731
28722
28723
28727
28728
35182
28725
35190
29066
29417
28727
28728
28730
28912
28735
29028
28734
28735
29030
28733
28898
28900
28734
29033
28736
29035
28908
28747
30552
28743
28744
28751
28743
28751
28752
28742
28755
28764
28742
28764
29193
29204
28744
28760
28745
28746
28748
28760
28761
28788
29108
30544
28755
28781
28759
29203
36375
40494
28759
28766
36375
29170
29195
28767
28754
28767
28766
28787
28756
28757
28758
28759
28762
28764
40494
28767
28781
28782
28787
28785
28802
30464
36347
40495
28769
28793
28936
28774
28775
28779
28780
28786
28772
28775
28937
28777
28938
28923
28930
28936
28779
28786
28777
28779
28781
28783
28783
28782
28784
28814
28782
28798
28788
28788
28787
28933
28791
29991
32447
28808
28788
28804
28940
28795
28801
29999
30463
31944
28794
28796
28797
28808
28941
28920
28923
28796
28803
28797
28805
28807
28808
28815
28806
28819
28822
28823
28806
28822
40473
28804
28825
31947
28817
28826
28808
28807
28811
28811
28812
28813
28813
28814
28916
28815
28823
28829
28891
28913
28815
28939
28942
28828
28881
28934
28935
28818
28826
28856
28831
28879
28820
28821
28822
28853
28824
28829
28826
28828
28829
28827
28886
29969
30466
28828
28857
28861
28882
28885
28831
28838
28847
28849
28856
28834
28845
28850
40578
40586
28858
40586
28858
28860
40583
40591
28850
28860
40589
28839
28840
28843
28854
28854
28856
28843
28845
40475
28852
28859
40580
28848
28849
28851
28857
28883
28857
40580
28861
28856
28861
28859
28861
28860
40578
28863
28872
28874
28864
29006
28869
28887
28869
28870
28872
28868
28874
28997
28869
28880
28873
29007
28873
28884
28876
29010
29016
28873
29002
28967
28989
35684
28955
36140
28978
28987
29014
28882
28883
36173
28883
28884
35673
28882
28892
36051
28885
28886
28886
29009
28886
28894
35691
28889
28890
29011
28893
29005
28891
28904
28894
28917
28894
28906
28987
28918
29012
29013
28909
28910
28918
28897
28907
28908
28902
28911
28900
28960
28964
28900
28907
28919
28908
28903
28904
28910
28909
28910
28911
28913
28917
28918
28906
28914
28916
28943
28917
28965
28909
28915
28915
28914
28915
28916
28916
28917
28963
29037
28966
28960
28961
28966
28923
28925
28940
28924
28925
28931
29970
30466
31942
33187
28941
28927
28928
29038
28926
28927
28940
28934
36185
28952
30880
31940
31955
28931
28937
29026
28938
29026
29036
29039
28938
28939
29036
28935
28940
28942
28943
28937
28941
28938
28942
28943
28942
29040
31801
31924
28947
28957
28969
28962
31911
31919
28948
28950
28949
29018
28951
28954
28952
29041
29043
28958
28968
28961
28966
28992
28995
28958
28959
28960
28961
28964
29059
30426
31929
28964
28965
29044
29042
28966
28991
28973
28988
36173
28983
28992
28972
28985
35853
35894
28976
35811
28975
28983
28982
28983
28999
29015
28999
28984
29000
29004
35976
28981
35668
29016
35691
28986
35976
28986
29014
28984
28986
28996
28994
35853
36051
36185
36140
36215
28992
36263
28996
29002
29006
35976
29003
29004
28996
29003
29012
29014
29001
29002
29007
35770
35963
29004
29005
37702
29006
29012
29011
29012
29009
29011
29010
35811
29013
29013
29014
29031
29032
29033
29024
29031
29041
29020
29022
29032
29021
29024
29023
29025
29023
29029
29034
29041
29026
29039
29038
29059
29063
30808
30874
29035
29036
29037
29030
29032
29033
29035
29042
29042
29035
29039
29040
29040
29044
29040
29043
29043
29044
29044
29046
29054
29057
29067
29079
29054
29067
29049
29053
37835
29058
29053
29069
29057
29056
29122
29060
29069
29076
29066
29069
30362
31913
29078
35182
29421
29424
35630
29065
29078
29131
35630
30804
30821
31929
30510
30545
30562
33403
29067
29078
30299
30514
30530
32139
29131
29426
29072
29075
29077
29073
29074
29079
29418
29425
29430
29076
29134
29079
29125
29111
29446
29417
29131
29081
29083
29087
29082
29085
29094
29756
29084
29829
29086
29088
29829
29884
33821
29090
29838
29094
29098
29107
29089
29098
29091
29109
29091
29854
29106
29093
29097
29107
29094
29105
29110
29108
30497
30546
30557
29098
29100
29107
29099
29109
29100
29116
29113
29126
29127
29129
29250
29104
29105
29110
29106
29110
29127
29761
29136
29448
29544
29109
29132
32144
29135
29765
29114
29134
29451
29113
29115
29135
29116
29135
29116
29118
29118
29119
29434
29119
29121
29129
29123
29290
29961
30444
29124
29124
29134
29125
29133
29134
29128
29136
29248
29132
29136
29249
29132
30262
30438
30458
29133
29135
29450
29138
29139
29145
29146
29162
29142
29164
29142
29147
29176
29142
29143
29153
29144
29161
29147
29235
29146
29180
29213
29183
29155
29161
29840
29152
29156
29162
29151
29152
29155
29156
29849
29153
29161
29162
29155
29849
29856
29160
29158
29159
29162
29216
29160
29791
29161
29239
29240
29774
29164
29165
29173
29176
29180
29166
29174
29180
29205
29168
29169
29172
29171
29181
29170
29174
29171
29206
35119
29173
29175
29176
29189
29181
29183
29183
30470
30509
30552
30696
29194
29196
35066
29226
35151
35174
29223
29222
29224
35174
29199
29190
29200
29191
29200
29189
29193
29201
29190
29200
29201
29205
29206
29191
29205
29225
29227
31344
29201
29204
29202
36280
36375
29204
29206
36459
31066
36274
29204
36459
40494
36282
40499
29211
29221
29222
29225
35070
29222
29228
35100
29220
31096
31334
29210
29214
29218
29229
29211
29216
29238
29218
29221
29215
29216
31070
29216
29223
31344
29215
29219
31341
29221
29225
35070
29228
35174
31348
35174
31047
31094
31352
29223
35119
29225
29226
31053
36274
35144
36620
29234
35151
29230
29234
29238
29231
29257
29239
29241
29793
29233
29234
29254
29237
29251
29244
29237
29238
29240
29252
29258
29760
29842
29845
29240
29240
29841
29841
29842
29847
29243
29257
29276
29288
29244
29253
29254
29257
29256
29258
29274
29281
29253
29255
29262
29290
30459
30515
29249
29250
29256
35288
29251
29252
29252
29254
29258
35288
29256
29260
29289
29258
29262
29273
29415
35556
29262
29363
29380
29263
29265
29306
29267
29315
29320
29358
29272
29355
29360
29267
29334
29363
29267
29269
29306
29273
29269
29273
29349
29270
29271
29350
29315
29352
29326
29359
29275
29281
29287
29280
29754
29277
29284
29288
29283
29311
29283
29307
29680
31339
29280
29289
29323
29360
29282
29288
29289
29285
29286
29284
29779
29322
29339
29679
29690
29709
29782
29754
29760
29802
29289
30429
29292
29293
32714
29295
29346
29361
32648
29295
29362
32703
32706
31193
31316
29301
32707
29312
29328
29405
29743
32715
32717
32718
35052
29301
29317
32704
32705
32707
32716
32723
31320
31323
31324
32649
32683
32723
35019
29306
29309
29315
29310
29311
29321
29318
29327
29329
29331
29311
29313
29313
29316
31342
29323
29464
29563
30886
29315
29317
29317
29325
29324
29321
29325
29324
29325
29327
34838
29334
29342
29352
29322
29677
29323
29329
29358
32708
29341
29343
29336
29356
29330
30448
30905
29339
29343
29442
30903
31933
29336
29337
32433
32561
34729
29335
29353
32609
34694
29359
34570
29371
32660
34570
32427
29338
29339
29340
29485
29340
29341
29478
32650
32659
32660
29356
29345
29361
29366
29346
29348
29361
29362
29348
29349
29370
29350
29350
29359
29352
29381
29405
30700
30873
29362
29354
32651
32660
32653
32659
34729
29363
29380
32652
29358
34729
29492
34694
32659
29378
29363
32658
32650
29383
32652
34570
34694
29372
32629
29368
29370
29371
29368
29369
29375
37943
32640
29376
29410
29376
29378
29377
32634
32568
32634
32630
32639
29407
32646
29385
29378
29387
34570
29388
29380
29386
29427
29440
30511
30512
30692
29383
29384
29469
29386
29387
29387
29404
29388
29411
29422
29473
32652
29388
29416
29390
29391
29401
29393
29402
29395
29396
29393
29395
29400
29407
29413
29425
29429
29408
29397
29399
29429
29409
29413
29419
29429
29406
29408
29410
29402
29406
29403
32644
29404
29407
32645
29411
29412
29464
29412
29410
29409
29419
29411
29423
29428
29472
29418
29421
29422
29424
29416
29427
29422
29427
35190
35630
29425
29426
29421
29423
29428
29429
29453
29423
29428
35623
29431
29447
29441
29452
29431
29435
29446
29447
29453
29433
29435
29446
29449
29449
29450
29451
29436
29437
29438
29453
29466
29475
29447
29450
29451
29441
29443
29477
29447
29452
30422
30448
30843
29444
29448
29445
29476
29458
29451
29449
29450
29453
29474
29455
29459
29467
29460
29514
29457
29475
29458
29461
29475
29476
29460
29461
29520
29468
29476
29511
29465
29470
29472
30435
30518
29466
29474
29475
29470
29499
29473
29488
29471
29472
29473
29471
29493
29474
29477
29477
29477
29484
29485
29487
32556
32559
32563
29484
29489
29517
29633
29483
29484
29554
29630
29483
29635
32572
29485
29551
32565
29495
29629
32475
32566
29491
32571
29492
29493
29521
29491
29495
29522
29497
29498
32562
29492
32573
29498
29498
29499
29495
29496
29518
32567
29497
29499
32570
29523
29501
29505
29507
29502
29504
29503
29512
29506
29519
29512
29516
29506
29534
29546
29508
29513
29510
29547
29858
30062
30439
30539
29520
29524
29520
29521
29539
29515
29514
29516
29520
29523
29517
29519
29632
29518
29522
29548
29522
29523
29545
29565
29522
29523
29537
29539
29547
29526
29528
29542
29527
29531
29533
29535
29540
29544
29531
29543
29546
29532
29537
29547
29532
29534
29537
29538
29546
29547
29538
29544
29539
29541
29558
29541
29548
29542
29559
29544
29543
29553
29546
29548
29552
29549
29551
29552
29558
29827
29829
29884
29554
29553
29561
29559
29562
29646
29711
29557
29707
29710
29757
29559
29759
29561
29565
29580
29637
29562
29651
29578
29869
29858
30439
30530
29911
29921
30028
29619
29631
29567
29571
29576
29572
29575
29570
29574
29604
29571
29574
29578
29576
29590
29572
29879
29577
29579
29601
29922
29598
29576
29577
29874
29580
29870
29580
29883
29967
29603
29585
29587
29591
29911
30017
29585
29593
30028
29586
29624
33546
29601
30015
30022
29588
29596
29589
29604
29602
30022
29601
29604
30022
29593
29597
29597
29618
30509
30513
30543
29762
30388
30422
32086
29597
29598
29620
29603
29604
29600
29912
29940
30027
29985
30017
33514
29603
29625
29611
29612
29626
29618
29981
29987
33062
30496
30511
30700
31912
29609
29610
29613
29610
29617
29980
29612
29617
29615
29614
32483
29615
32468
32482
29617
29618
33062
29620
29621
29625
29626
29625
29626
29623
29638
32478
32278
32913
32992
29624
29974
29992
29625
29981
32440
32441
32454
29637
29638
29642
29972
29633
29636
32473
29633
29635
29654
29632
29637
29638
29633
32476
29635
29647
32441
29636
32442
32559
29652
32479
29640
29714
29720
29976
29649
29977
29651
29716
29881
29973
29652
29653
29978
29644
29647
29650
29648
29715
29648
29649
29650
30472
29651
29654
29713
29653
29654
29704
32365
29695
30473
29969
29652
29654
29975
32443
29659
29676
30480
30710
29657
29675
32388
29658
29669
30716
30786
29660
29671
30484
29661
32376
29667
29671
29675
29781
34485
34530
29664
29693
29686
34355
29671
29717
30479
29701
29717
29668
29696
32366
29675
29682
29674
29675
31217
29672
29676
34436
29676
29673
34335
29674
29676
30717
30715
31213
29678
29679
29680
29683
29685
29687
29691
29685
29796
29682
29683
29687
29684
29693
29684
29686
31204
31191
31192
31194
31216
29694
29700
29701
34530
29702
29725
31130
34459
29691
29708
29800
29694
29797
31132
31140
34335
34495
29694
29718
29705
29704
29714
29717
29704
29717
29718
29698
29699
29714
29722
29712
29716
29744
29700
29701
29724
29708
29784
31130
34436
34453
29705
29706
29715
29715
29708
29718
29707
29711
29710
29711
29709
29710
29712
29712
29713
29763
29715
29716
29716
29724
29725
31130
29721
29722
29726
29728
30553
29724
29728
29729
29730
29753
29729
30552
30413
30547
30556
29748
29877
29745
29750
30544
30481
30549
30408
30410
30411
30491
29735
29742
34026
29746
29756
29864
33745
29736
29775
29737
29742
29749
29767
29767
29776
29777
29853
29776
29817
29820
29811
29818
29825
29865
29752
29776
29822
29837
29861
30439
30700
30903
29866
29872
29877
29750
29753
29777
29757
29759
29866
29827
29830
29848
29750
29753
34126
29750
34275
29753
29772
29787
34123
29810
29820
34062
29755
29798
29757
29765
29765
33821
29763
29853
33733
34098
34166
29864
29871
29761
29846
29765
29855
29835
29868
30361
29801
29866
29872
29873
29877
34298
29830
29865
34017
34166
29775
29818
29850
29852
34062
29884
29777
29804
29824
29774
29795
29837
29851
29777
29789
29853
29774
29803
29822
29805
34026
34077
29824
29779
29785
29793
29796
29802
29781
29790
29803
31180
29792
29799
29798
29800
29801
29787
29788
29801
34260
29787
29792
29800
29790
29791
29790
29796
29799
31197
29789
29794
29802
29860
29795
29804
29793
29805
29804
34530
29794
29795
29847
29805
29797
29799
29800
29801
29802
29804
29805
29807
29814
29819
29809
29819
29809
29810
29812
29820
31113
29818
33832
29814
31103
31102
31103
31109
29815
29823
31111
29817
29824
31108
29821
29850
29823
29823
30613
31114
29824
31112
30607
29832
29833
29829
29831
29838
29848
29833
29838
29848
29832
29855
33715
33821
29848
29865
29834
29839
29856
30323
30817
30980
29852
29853
29854
29840
29844
29841
29856
29845
29845
29846
29867
29845
29854
29855
29860
29851
29860
29857
29857
29852
29857
34098
29855
29857
30312
30319
29862
34077
33715
29867
34166
29871
29879
34301
34098
34260
29914
30062
29870
29871
29881
29879
29883
29872
29881
29880
29882
29878
29879
29883
29876
29900
34298
29878
29880
29903
34126
29880
29915
29882
29883
29966
29929
30506
30521
29887
29895
30506
29898
29938
30419
30894
30997
31933
29892
29897
29904
29891
29899
29900
29903
29904
29895
29899
29894
29895
29896
29901
30558
30577
29898
29904
29936
29902
29903
29902
30550
29905
29937
30554
29925
30320
30321
30323
29919
29952
30003
29909
29920
29958
29919
29939
29924
29985
30001
33575
29985
29940
30015
33690
30003
30007
33514
30029
30395
30539
30021
30468
30416
30421
30510
32529
29922
29963
33358
30016
33374
33422
33428
29940
29922
30468
29924
30005
33088
30015
29951
32887
33669
29988
30013
30327
30392
30701
29928
30248
30258
29928
29935
30254
29934
30558
30416
30562
30580
29933
29935
29959
29933
29936
29956
29934
29938
29947
29937
29938
29960
30538
29949
29952
29958
30003
29942
29943
30007
29944
29950
29948
30009
29945
29959
29946
29948
29947
29953
30178
29959
30525
29953
29950
29954
29952
29957
30001
30452
30002
30020
30179
29956
29958
29958
29960
30451
33422
29959
29960
30016
33374
33690
30535
30436
30510
33403
30026
33187
33411
29967
29968
33411
29971
30463
30464
29966
29976
33405
29967
29973
29972
29974
29984
33546
29975
29977
30014
31943
33218
30462
31943
29974
29978
29976
29978
29993
29978
29977
30461
32287
32301
29983
29986
33062
29987
29983
29989
29992
32961
29993
30010
33170
33554
32941
30005
30000
33123
30018
32295
32278
30018
32450
29993
29997
29996
30019
32281
32296
29996
30006
30080
30441
30078
32283
30018
31942
30093
30425
30465
32785
30462
32290
32293
30046
33575
33690
30003
30007
30016
32277
32282
30013
30019
32904
33218
30009
32217
32288
32295
32301
33635
33104
33150
30291
30424
30701
32196
30069
30072
30077
32688
33104
30019
31942
32291
30027
32290
30469
30031
30182
33692
30024
33405
30071
30072
30082
30085
30509
30543
30553
30236
30260
30423
30532
30460
30461
33405
30030
32115
32196
30390
32006
30093
33714
30535
33428
33714
30034
30040
30090
30035
30039
30037
30041
30037
30042
30044
30043
30044
30046
32761
33669
30040
30050
30058
30043
30077
30050
30055
30060
30046
30060
30161
30386
30399
30438
32688
30053
30056
30192
30049
30053
30054
30056
30058
30054
30058
30052
30053
30196
30055
30057
30055
30063
30060
30061
30091
30065
30141
30251
30443
30066
30070
30185
30197
30422
30903
30068
30142
30193
30073
30141
30433
32785
30442
32092
30070
30091
32761
30070
30083
30093
30183
30070
30071
30091
30078
30080
30085
30083
30143
30090
30091
30083
30145
30418
30076
30081
30090
30081
30088
32222
30077
30088
30090
30089
32229
32231
32234
32775
32904
30082
30092
30157
32785
32070
32208
32220
30087
32775
30087
30092
32213
32232
30092
30440
30089
30158
32887
30095
30098
30100
30101
30115
30098
30115
30116
30099
30100
30117
30109
30107
30108
30136
30125
30146
30103
30104
30106
30105
30107
30110
30118
30108
30119
30107
30109
30117
30111
30112
30114
30112
30116
30113
30116
30129
32207
30118
30147
30127
30132
30119
30148
30121
30122
30127
30126
32127
30123
32113
30125
32135
32113
32119
32120
30127
30164
30128
30129
32208
30129
30163
32070
32123
30160
30137
30138
30229
30132
30137
30226
30136
30148
30140
30144
30315
30328
30135
30136
30137
30138
30146
30146
30165
30151
30156
30231
30343
30229
32635
30161
30458
30143
30148
30230
30145
30159
30329
32504
32665
30156
30343
30149
30148
30166
30167
30164
30165
30167
30162
30364
32133
32235
30165
30229
30164
30371
31046
32135
30155
30165
30371
30162
30378
32134
32238
31057
31838
30159
30376
30158
30159
30166
30163
30377
30166
30163
30164
30167
30239
30376
30347
32237
31046
30167
30170
30171
30174
30174
30176
30250
30171
30265
30201
30173
30174
30187
30175
30177
30178
30180
30180
30259
30181
30200
30179
30180
30181
30182
30185
30183
30260
30184
30185
30260
30269
30423
30199
30188
30194
30219
30188
30200
30201
30189
30190
30191
30196
30200
30192
30224
30193
30196
30197
30198
30201
30232
30201
30202
30228
30270
30197
30199
30230
30344
30346
30200
30202
30269
30346
30207
30216
30222
30207
30216
30217
30206
30208
30209
30222
30338
30208
30212
30210
32555
30213
30391
30394
32154
32551
30213
30217
30215
30215
30217
30218
30232
30220
30219
30220
30224
30232
30221
30222
30224
30228
30344
30346
32605
30344
32569
32665
30229
30230
30338
30343
30346
30503
30508
30232
32605
30343
31494
31533
30243
30298
30235
30308
30240
30242
30416
30526
32517
30309
30336
30261
30394
30533
32253
30241
30251
30377
30243
30251
30393
32077
32430
30337
30339
30246
30248
30249
30246
30247
30256
30252
30519
30254
30507
30250
30252
30259
30271
30440
30253
30256
30272
30259
30266
30268
30519
30522
30580
30507
30521
30538
30273
30273
30269
30423
30508
30421
30432
30264
30270
30533
30267
30268
30267
30270
30271
30268
30522
30527
30272
30272
30270
30272
30273
30526
30275
30279
30307
32006
30281
30698
30277
30278
30523
30280
30500
30279
32336
30280
30281
30494
30284
30285
30293
30284
30294
30304
30286
30298
30300
30287
30304
30305
30289
30293
30308
30308
30309
30295
30307
30309
30298
30309
30424
30295
30304
30306
30294
30295
30492
30881
30904
30909
30995
30308
30421
30510
30389
30302
30303
30420
31025
30305
30306
30306
30307
31027
30390
30311
30314
30889
30322
30374
30432
30447
30820
30892
30326
30349
30330
31494
30326
30400
31664
32130
30374
30379
31745
30327
30335
30342
30383
30422
30437
30321
30369
30380
30365
30389
30380
30973
30392
30400
30328
30329
30335
31397
31632
32125
30374
30398
30341
30384
30330
30334
30373
31838
30332
30333
30360
31780
30373
31662
30396
32102
32125
30337
30341
30373
32196
32336
32551
30339
30341
30344
32555
30701
32240
30371
32128
32135
30384
31745
30375
30450
30540
31901
30370
30385
31055
30399
30520
30529
32219
30355
30357
32130
30356
30358
32166
31633
32104
32166
30381
32098
32158
30354
30356
30889
30961
30357
31479
31479
32108
32131
30892
30981
30995
31397
31664
30392
30395
31480
30448
30855
32085
30880
31941
30385
32077
32098
30890
30948
30962
30988
30815
31659
30401
30887
31901
30379
30380
31641
31686
32091
31057
30955
32094
32142
30383
30380
32093
30377
31533
30382
32114
32149
30384
30397
30445
31628
30385
31046
31100
31780
31868
32158
30917
31480
32067
30391
30523
30524
32336
30797
30843
32079
30420
30424
30420
30424
32276
32517
31868
32067
32080
32092
30533
32517
31728
32219
31100
31628
32158
30401
30402
32131
31664
31745
31480
31569
30402
32116
30797
32079
30817
32130
30804
30813
31911
31913
31955
30415
31929
30675
30897
30947
30481
30482
30685
30413
30491
30549
30812
30819
30412
30490
30547
30412
30479
30489
30482
30707
30711
30803
30435
30532
31728
32219
32240
32551
30423
30508
30892
30909
31729
32276
30433
30471
30528
30428
30435
30886
31908
31948
30457
30453
30528
30513
30541
33403
30450
30859
31901
31927
30438
32172
30458
30540
30818
32068
32109
30556
30444
30471
30886
32085
30520
30496
30443
32081
30442
30443
31949
30453
31951
32775
30528
32060
32067
31965
31966
32024
32072
30917
32092
32085
30450
30855
30730
30468
33422
32805
33150
33235
30467
33218
30455
30461
30696
30456
30487
31947
30457
30459
30490
30459
30467
30515
30509
30696
30466
32291
32298
30464
31945
31908
32805
32904
33312
31947
31943
33358
32905
33123
33150
30497
32529
33714
30473
30477
30478
30479
30489
30475
30477
30478
30485
30488
30483
30485
30491
30484
30486
30484
30483
30484
30491
30542
30549
30485
30709
30487
30488
30489
30490
30490
30697
31031
30502
30542
32144
30501
30631
30699
30511
30514
30531
32139
31970
32139
30513
33403
30499
30502
30590
30517
30572
30501
30536
30575
30531
30592
30516
30593
30529
32253
32456
30521
30578
30551
30579
30581
30582
30538
30558
30519
32253
30699
30514
30518
30555
30545
30547
30556
30517
30537
30546
30557
30573
30530
30556
30578
32154
32253
30526
30527
30527
30536
31970
32139
32276
30535
33692
30580
32517
33312
31494
32504
30536
30537
32529
33692
32390
30753
31954
32093
32535
30559
30545
31970
32172
30677
31631
30559
30562
30582
30554
30548
30553
30546
32144
30550
30557
30551
30554
30555
30557
30553
30555
30582
30563
30564
30567
30569
30564
30570
30565
30566
30576
30576
30596
30568
30586
30574
30595
30574
30571
30577
30572
30576
30573
30591
30579
30575
30594
30581
30581
30585
30603
30625
30585
30586
30588
30587
30595
30596
30595
30629
30589
30596
30614
30615
30591
30593
30609
30594
30596
30593
30594
30632
30626
30595
30599
30610
30682
30627
30647
30665
30602
30634
30602
30603
30614
30604
30608
30615
30604
30614
30633
30611
30606
30609
30612
30608
30613
30608
30611
30613
30615
30627
30611
30649
30613
30646
30615
30621
30624
30630
30628
30630
30631
30622
30630
30623
30669
30703
30621
30634
30670
30622
30664
30673
30625
30628
30629
30633
30627
30632
30693
30633
30629
30632
30632
30702
30634
30683
30636
30638
30672
30655
30728
30847
30720
30721
31248
30641
30721
30642
30644
31228
30641
30661
30703
30642
30644
30664
30666
30687
30703
30687
30664
30665
30682
30683
30671
31135
30651
30694
30678
30681
30682
30684
30690
30680
30685
30667
30702
30656
30662
30853
30657
30672
30846
30672
30679
30848
30658
30846
30660
30661
30660
30662
30663
30704
30672
30688
30668
30667
30668
30704
30689
30683
30681
30688
30697
30697
30704
30673
30683
31135
31137
31141
30812
30822
30871
30730
31938
32068
30679
30724
30681
30875
31135
30689
30691
31137
30706
30798
30711
30810
30821
30869
30691
30703
30704
30691
31133
31140
31141
30693
30706
30694
30702
30706
30887
30961
30996
30705
30699
31912
30702
31967
31728
30878
30881
30879
30712
30799
30814
30714
30717
30819
30710
30783
30717
30792
30712
30907
30950
30831
31635
31681
31778
30715
30737
30716
30717
30735
30787
30719
30725
31247
30720
31225
30722
30728
31229
30725
30838
30724
30727
31249
30728
30729
30726
30727
30838
30850
31241
30838
31244
31246
31915
30732
30733
31239
30736
30754
30734
31236
31308
30737
31295
30737
30788
31305
30737
30799
30814
30741
30743
30745
30747
30766
30775
30741
30742
30746
30751
30825
30851
30745
30749
30870
30757
30835
30795
31272
31298
30795
31293
31313
30827
30755
30756
30825
30826
30834
30851
30801
30866
30758
30757
30833
30774
30760
30769
31784
30794
30801
30762
30763
30773
30764
31848
30777
31832
30771
30777
31555
31852
31292
31313
31278
31281
31287
30769
30772
31850
30794
30771
30776
30784
31846
31307
30776
30794
31293
31272
31282
30793
31309
31299
30780
30790
32377
30796
32382
30781
30782
32380
30786
30792
32381
30783
30807
30792
30803
30785
30793
30790
30787
30790
30788
30792
30793
30800
31678
31920
30802
31819
31910
30802
30802
31296
31308
31546
31920
31901
30812
30800
30801
30802
30803
30810
30807
31950
31958
31964
32535
30865
30883
30810
31799
31913
31930
31737
31740
31910
30836
31777
31830
30822
30946
30819
30822
30877
30894
31948
31964
32090
30841
32079
32063
32093
32133
30841
30961
30997
30874
30950
30824
30826
30923
30925
30832
30884
30832
30835
30863
30866
30870
30857
30866
30867
30830
30884
31694
31694
31805
31635
31938
30835
30835
31776
31786
30865
31806
31761
31792
31804
30840
30860
30863
30870
30862
30845
30849
30961
32079
30852
30918
30859
31933
30847
30849
30862
30849
30861
30861
30848
30862
30861
30872
30862
30863
30867
30860
30870
30856
30885
30895
30856
30861
30876
30860
30859
31913
30864
30871
30883
30864
30885
31934
30867
30867
30872
30891
30933
31012
31017
30907
30943
30875
30875
30876
30879
30905
30878
30878
30885
30940
31659
31934
30881
30881
31889
32024
30905
30910
30947
30906
31776
30908
32085
30985
31648
31649
30994
30948
30983
30989
31024
30997
31630
31781
30910
31933
30908
30926
30898
30930
30938
30908
30938
30900
30901
30935
30904
30908
30926
30933
30981
30995
30940
31696
31785
31729
30947
31016
30930
30910
30995
30912
30914
30915
30920
30929
30914
30923
30929
30916
30921
30931
30932
32067
32086
30926
30932
30920
30934
30936
30921
30934
30931
30933
30934
30925
31729
31967
30930
30938
30938
30928
30929
30930
30936
30937
30932
30935
30937
30937
30943
30945
30949
30954
30983
30986
30991
30944
30984
31816
31696
31788
31790
31932
31962
30969
31696
31931
30953
30957
30986
30953
30965
31645
30958
30965
30999
31632
31641
30958
31642
31645
31666
30960
30989
30959
30960
30966
30967
30983
30964
30966
30967
30969
31660
31666
31055
31686
32113
32135
30985
31649
30976
30977
30986
30972
30976
30973
30975
30975
30977
30978
30990
30991
30987
30990
30993
30982
30988
30992
30990
30992
30987
30993
31666
30989
30989
30999
30993
31012
30998
31665
31781
31001
31003
31020
31021
31022
31003
31004
31013
31009
31006
31023
31013
31023
31031
31008
31029
31019
31023
31029
31009
31011
31010
31022
31026
31028
31029
31015
31014
31020
31024
31017
31022
31030
31021
31024
31025
31030
31031
31021
31031
31027
31028
31028
31030
31033
31036
31097
31041
31088
31036
31044
31376
31039
31040
31044
31039
31038
31041
31399
31042
31398
31075
31043
31333
31042
31059
31330
31347
31388
31396
31056
36655
31055
31070
31341
31050
31062
31059
31068
31398
36617
31058
31062
31064
36527
31064
36655
31351
36651
40498
31059
31086
40496
32123
36508
31100
32102
31068
31350
36617
31065
31068
31357
31065
40497
31338
36274
40495
40496
31400
31071
31078
31349
31094
31344
31087
31088
31073
31076
31079
31078
31097
31075
31076
31084
31097
31334
31084
31079
31081
31089
31082
31080
31081
31082
31095
31083
31090
31095
31085
31089
31177
31351
31093
31349
31097
31186
31094
31349
31094
31095
31185
31093
31349
31350
31099
31102
31162
31101
31110
31533
31106
31151
31104
31111
31113
31105
31156
31111
31161
31107
31142
31182
31110
31112
31112
31114
31134
31110
31113
31114
31113
31143
31120
31125
31129
31117
31121
31125
31123
31175
31119
31120
31126
31127
31128
31121
31122
31123
31128
31124
31128
31157
31171
31169
31127
31129
31170
31245
31167
31136
31140
31173
34355
34485
31134
34495
31142
31143
31139
31140
31139
31160
31234
31172
31143
31163
31178
31165
31145
31152
31153
31146
31158
31155
31160
31148
31152
31156
31158
31161
31150
31152
31162
31151
31154
31162
31163
31154
31155
31157
31157
31161
31162
31164
31159
31160
31165
31164
31165
31164
31165
31168
31170
31172
31206
31169
31170
31219
31171
31172
31179
31176
31198
31171
31187
31173
31188
31218
31180
31184
31196
31176
31177
31187
31187
31199
31186
31335
31179
31182
31183
31187
31188
31181
31183
31182
31184
31186
31188
34485
31185
31186
31352
31189
31196
31199
31200
31198
31209
31355
31192
31193
31354
31194
31197
31215
31356
31197
31221
31196
31197
31345
31353
31199
31220
31336
31218
31220
31221
31204
31211
31214
31203
31207
31208
31210
31211
31216
31217
31213
31216
31218
34355
31212
31218
31219
31210
31219
31209
31214
31215
31220
31212
31303
31217
31213
31217
31215
31221
31221
31220
31223
31225
31227
31232
31238
31238
31239
31247
31247
31248
31232
31235
31245
31230
31248
31229
31242
31246
31246
31248
31233
31242
31233
31243
31245
31233
31237
31243
31244
31236
31238
31239
31240
31240
31245
31241
31249
31247
31249
31243
31246
31249
31251
31256
31404
31264
31284
31253
31254
31290
31255
31259
31262
31274
31256
31291
31411
31259
31322
31322
31329
31332
31428
31262
31428
31263
31266
31424
31423
31424
31478
31268
31268
31450
31265
31266
31285
31267
31268
31289
31451
31276
31282
31271
31275
31280
31282
31283
31287
31314
31277
31278
31288
31288
31289
31290
31276
31291
31277
31290
31279
31286
31288
31283
31284
31299
31310
31314
31285
31291
31289
31302
31289
31315
31311
31315
31291
31294
31312
31296
31310
31303
31305
31308
31309
31311
31300
31308
31311
31303
31314
31302
31303
31304
31314
31315
31305
31306
31309
31307
31315
31309
31311
31313
31328
31346
31320
31325
31326
31358
31323
31431
31331
31419
31423
31427
31324
31432
31478
34854
31328
31329
31332
31429
31486
31330
31331
31434
31467
31369
31419
31410
31487
31334
31347
31355
31335
31336
31352
31353
31355
31338
31342
31346
31343
31350
31340
31342
31354
31343
31348
31345
31348
31343
31353
31354
31347
31356
31350
31353
31356
31356
31363
31370
31371
31369
31370
31436
31368
31372
31430
31361
31363
31393
31369
31421
31433
31389
31394
31369
31387
31366
31371
31386
31366
31367
31373
31373
31435
31372
31373
31374
31374
31374
31377
31378
31395
31383
31396
31399
31405
31407
31420
31384
31384
31385
31389
31391
31390
31391
31407
31384
31399
31390
31401
31388
31393
31400
31396
31400
31394
31425
31396
31420
31422
31401
31401
31401
31409
31412
31413
31404
31412
31416
31411
31406
31413
31407
31415
31425
31409
31415
31486
31410
31411
31487
31416
31414
31417
31420
31474
31417
31419
31427
31421
31425
31479
32108
31478
31430
31431
31497
31487
31437
31474
31435
31436
31432
31436
31489
31435
31436
31437
31482
31477
31477
31439
31443
31449
31483
31500
31509
31516
31518
32691
31492
32682
31443
31448
31445
31446
31449
31446
31448
31447
31451
31579
31559
31488
31451
31453
31454
31572
31453
31456
31491
31499
31482
31455
31492
31580
31597
32414
31482
31483
31485
31458
31459
31462
31460
31467
31460
31461
31488
31463
31464
31483
31473
31475
31466
31476
31472
31473
31469
31471
31484
31481
31486
31475
31486
31496
31485
32130
32132
31488
31488
31498
31490
31491
31497
31492
32689
31498
31499
31499
31497
32720
31569
32692
31526
31498
31523
31502
31517
31586
31506
31510
31511
31506
31518
31585
31517
31524
31601
32681
32743
31508
31509
31512
31512
31513
31510
31514
31514
32728
31516
31525
31521
31521
32712
31520
31523
31585
31585
32691
32690
31585
32690
32744
31822
31864
31860
31864
31882
31809
31814
31822
31862
31877
31570
31573
31574
32394
32320
32322
31569
32333
31574
31600
31880
32403
31541
32320
32334
32339
31542
31874
31916
31920
32386
31543
31544
31544
31546
32398
31573
31810
31818
31855
31857
31914
32383
31549
31553
31845
31553
31557
31551
31552
31844
31845
31856
31556
31853
31556
31557
31555
31557
31556
31847
31559
31560
31604
31579
31589
31562
31563
31564
31568
31578
31578
31579
31564
31565
31567
31566
31591
31567
31605
31581
31575
31577
32132
31571
31580
32393
31572
31576
31579
31580
31575
31581
31581
31599
31576
31577
31578
31603
31809
31583
31592
31594
31593
31595
31587
32691
31588
31592
31591
31604
31603
31604
31592
31593
31605
31604
31605
31600
31595
31598
31597
31598
31602
32410
31602
31603
31600
32411
31600
31603
31605
32682
32693
31607
31611
31612
31613
31663
31609
31611
31643
31623
31636
31612
31617
31618
31619
31613
31620
31615
31617
31618
31616
31638
31620
31653
31620
31619
31626
31634
32100
32111
32178
31624
32107
32165
31636
31668
32106
31627
31636
31626
31627
32171
31636
31638
32183
32116
32132
32103
32185
31631
31635
32100
31634
32091
32129
32110
32109
31638
31651
31667
31681
31682
31643
31644
31646
31642
31644
31645
32124
32134
31663
31668
31658
31660
31647
31661
31663
31654
31656
31699
31652
31656
31657
31667
31668
31669
31653
31667
31663
31667
31655
31666
31657
31701
31661
31660
31670
31838
32102
31780
31670
31670
32185
31673
31778
31938
31673
31675
31730
32186
31739
31895
32004
31727
31925
31680
31747
31783
31928
31962
31963
31968
31732
31925
31791
31936
31782
31731
32184
31687
31698
31703
31697
31698
31688
31700
32119
32128
31689
31689
31702
31703
31691
31700
31694
31698
31693
31694
31699
31699
31700
31754
31928
31774
31703
31701
31702
31775
31704
31775
31789
31706
31708
31713
31717
31726
31709
31724
31724
31725
31711
31713
31718
31712
31714
31716
31719
31714
31715
31716
31717
31723
31720
31731
31722
31723
32182
31721
31724
31731
31732
31730
31731
32174
31730
31732
31727
31730
31732
32196
31743
31797
31825
31748
31761
31772
31742
31812
31882
31737
31742
31831
31738
31740
31858
31865
31994
31939
32005
31865
32004
32007
31873
31755
31760
31884
31885
31751
31759
31825
31758
31759
31756
31764
31759
31936
31752
31772
31752
31758
31753
31754
31768
31758
31802
31831
31826
31827
31828
31820
31824
31826
31793
31826
31764
31766
31839
31765
31766
31767
31828
31769
31836
31772
31768
31771
31772
31792
31771
31842
31786
31787
31788
31774
31789
31791
31917
31805
31787
31804
32177
31795
31921
31959
32116
32185
31783
31789
31806
31805
31806
31928
31791
31804
31928
31796
31803
31804
31889
31890
31890
31963
31803
31799
31829
31924
31931
31801
31817
31820
31830
31932
31955
31827
31936
31812
31813
31827
31813
31828
31856
31810
31822
31824
31883
31872
31823
31878
31821
31872
31819
31910
31881
31914
31920
31846
31851
31879
31923
31823
31860
31864
31827
31831
31830
31840
31855
31833
31848
31852
31834
31843
31835
31841
31836
31837
31839
31842
31839
31844
31840
31855
31856
31842
31848
31849
31844
31853
31853
31854
31850
31852
31852
31853
31857
31850
31850
31851
31855
31856
31857
31870
31876
32320
32333
31874
31876
31863
31880
31992
31887
31896
31871
31873
31885
32116
32132
31871
31875
31882
31881
31898
31887
31897
32322
31881
31883
31894
31883
31896
31896
32007
31897
31997
31889
31899
32069
32024
31965
31900
31960
31895
31939
32005
32074
31895
32004
31921
31923
32074
31898
31903
31921
31959
32008
31905
32315
32325
31903
32001
32318
32322
31949
31950
31951
32066
31907
31960
31981
31908
31909
31909
31983
32326
31945
31929
31967
32006
31940
31959
31968
31937
31924
31923
31939
31937
31935
31951
32082
32084
32092
31934
31931
31934
31937
31965
32072
32030
31941
31961
33170
31947
31945
32293
32448
32226
31964
32066
32090
32294
31966
31969
32083
32297
32082
32083
31978
32064
32267
32011
32053
32065
32075
32063
32071
32072
31982
32061
32089
32218
32225
32274
32286
32300
31964
32071
32030
31965
31968
32087
32072
32115
31975
31981
32260
32249
32252
32266
31975
31999
32261
32000
32003
32010
32031
32266
31982
32218
32235
31988
31999
31983
32157
32096
32265
32286
32294
32225
32226
32282
32293
31989
32021
32269
32242
32266
32267
31999
32262
32087
31998
32031
31993
31994
31998
32019
32027
31996
31998
32007
31997
32000
32001
32007
32003
32001
32008
32003
32233
32069
32115
32069
32061
32064
32065
32013
32014
32059
32061
32089
32013
32016
32031
32034
32073
32017
32054
32055
32018
32019
32018
32020
32028
32027
32031
32022
32028
32076
32025
32026
32030
32074
32087
32046
32051
32029
32029
32029
32038
32041
32054
32034
32038
32043
32054
32073
32039
32040
32052
32037
32039
32049
32052
32053
32043
32041
32043
32044
32050
32050
32051
32055
32052
32065
32046
32047
32056
32051
32056
32049
32053
32058
32059
32050
32055
32156
32055
32075
32058
32095
32080
32093
32098
32063
32068
32095
32218
32076
32073
32298
32088
32232
32075
32080
32081
32268
32082
32083
32221
32535
32234
32095
32105
32095
32148
32125
32158
32104
32126
32129
32226
32269
32101
32141
32142
32133
32100
32107
32111
32165
32177
32110
32187
32117
32106
32108
32109
32149
32178
32107
32185
32129
32111
32126
32187
32118
32120
32159
32127
32134
32141
32142
32336
32125
32128
32124
32160
32124
32121
32122
32127
32155
32228
32127
32223
32142
32160
32137
32143
32151
32155
32147
32162
32179
32141
32160
32188
32145
32159
32179
32180
32188
32168
32176
32149
32156
32157
32163
32189
32190
32152
32156
32236
32179
32188
32189
32172
32219
32159
32239
32236
32238
32160
32162
32180
32164
32187
32165
32170
32183
32170
32181
32169
32176
32173
32183
32184
32276
32181
32182
32182
32184
32186
32178
32186
32189
32184
32186
32190
32192
32194
32206
32193
32207
32195
32195
32200
32198
32204
32214
32199
32202
32215
32216
32201
32205
32202
32203
32216
32205
32209
32206
32210
32208
32210
32211
32210
32211
32214
32231
32286
32222
32232
32215
32220
32227
32301
32227
32229
32234
32235
32228
32237
32230
32236
32294
32298
32230
32239
32232
32300
32237
32239
32238
32239
32430
32504
32255
32246
32250
32279
32280
32248
32251
32255
32247
32250
32280
32268
32274
32249
32252
32259
32262
32272
32256
32257
32284
32258
32277
32261
32261
32265
32262
32266
32264
32492
32499
32496
32498
32503
32503
32268
32286
32285
32287
32960
33049
32278
32281
32961
33123
32273
32275
32301
32287
32941
32292
32289
32287
33049
32289
32960
32285
32296
32297
32300
32290
32295
32960
32291
32296
32452
32961
32960
32298
32300
32304
32313
32487
32305
32314
32317
32305
32307
32311
32308
32312
32316
32308
32309
32319
32310
32505
32319
32340
32312
32317
32339
32314
32497
32315
32318
32338
32319
32331
32318
32321
32338
32339
32337
32327
32335
32337
32326
32337
32338
32327
32498
32507
32329
32332
32508
32330
32340
32354
32334
32335
32334
32339
32340
32335
32509
32370
32510
32506
32348
32581
32751
32348
32349
32523
32344
32349
32357
32345
32350
32346
32351
32357
32358
32349
32353
32355
32350
32351
32756
32354
32519
32666
32354
32521
32356
32356
32357
32674
32668
32674
32776
32364
32367
32368
32364
32372
32373
32363
32365
32366
32368
32389
32421
32369
32379
32428
32563
32366
32367
32368
32372
32371
32372
32371
32373
32429
32387
32434
32388
32389
32406
32376
32378
32379
32381
32388
32380
32382
32395
32380
32384
32387
32389
32381
32388
32383
32384
32404
32385
32387
32400
32405
32392
32430
32456
32396
32397
32406
32405
32406
32437
32394
32396
32416
32398
32403
32397
32404
32406
32415
32398
32404
32400
32418
32436
32401
32419
32402
32403
32404
32405
32417
32435
32412
32668
32679
32413
32415
32425
32413
32432
32684
32411
32414
32693
32412
32417
32419
32414
32416
32416
32439
32417
32419
32436
32438
32667
32438
32424
32431
32432
34750
32426
32428
32437
32423
32428
32554
32663
32427
32433
32564
32426
32427
32426
32432
32439
32433
32434
32434
32435
32436
32551
32433
32672
32676
32677
32436
32437
32439
32439
32669
32447
32449
32442
32443
32454
32485
32450
32452
32484
32446
32454
32537
32455
32502
32543
32448
32450
32449
32452
32455
32484
32469
32476
32477
32479
32453
32455
32472
32499
32504
32569
32458
32465
32470
32459
32461
32462
32471
32462
32464
32549
32464
32465
32550
32466
32467
32474
32466
32468
32477
32467
32480
32482
32483
32485
32471
32481
32472
32544
32475
32476
32485
32476
32477
32480
32541
32482
32479
32482
32546
32548
32488
32489
32496
32488
32497
32505
32495
32490
32492
32491
32493
32494
32524
32493
32545
32495
32500
32501
32497
32510
32507
32510
32502
32507
32501
32516
32505
32509
32538
32506
32508
32510
32509
32509
32522
32513
32514
32578
32514
32515
32523
32536
32552
32576
32516
32521
32522
32539
32519
32522
32574
32521
32589
32522
32538
32539
32547
32523
32591
32534
32539
32545
32527
32532
32533
32532
32546
32590
32530
32585
32531
32574
32577
32586
32552
32616
32577
32583
32549
32534
32542
32536
32539
32552
32540
32543
32548
32543
32545
32541
32547
32557
32546
32548
32545
32550
32544
32548
32550
32549
32558
32550
32608
32556
32560
32574
32560
32563
32564
32635
32557
32558
32566
32574
32586
32566
32572
32583
32661
32564
32571
32568
32570
32573
32572
32565
32571
32572
32567
32570
32573
32588
32605
32573
32576
32580
32581
32578
32591
32589
32579
32582
32582
32763
32591
32752
32598
32587
32594
32593
32595
32599
32610
32590
32616
32594
32662
32678
32594
32614
32591
32675
32595
32600
32596
32597
32602
32598
32604
32764
32600
32602
32601
32622
32603
32637
32603
32606
32606
32615
32607
32612
32615
32616
32634
32638
32640
32646
32780
32630
32636
32777
32779
32625
32626
32631
32620
32632
32626
32628
32644
32622
32625
32623
32625
32627
32637
32637
32639
32627
32628
32641
32627
32643
32632
32638
32632
32644
32640
32665
32645
32641
32642
32643
32646
32645
32646
32653
32655
34782
32656
32657
32658
32709
32718
32723
32658
32719
32653
32654
32655
32656
35052
32657
32702
32715
32660
32724
32662
32663
32664
32670
32678
32672
32677
32666
32677
32674
32675
32669
32674
32677
32669
32680
32676
32671
32672
32695
32772
32676
32681
32687
32742
32770
32678
32778
32694
32769
32680
32681
32693
32687
32694
32689
32690
32684
32689
32693
32694
32686
32711
32749
32695
32709
32695
32781
32761
32905
32722
32692
32713
32748
32695
32697
32699
32700
32698
32705
32706
32701
32701
32714
32710
32710
32714
32715
32706
32716
32725
32707
32708
32716
32720
32714
35027
32724
34838
32711
32718
32711
32713
32721
32722
32717
32725
32719
32725
35052
32724
32725
32722
32723
34782
32727
32729
32731
32730
32743
32736
32743
32747
32730
32733
32740
32732
32736
32737
32745
32734
32745
32757
32737
32739
32741
32746
32749
32746
32747
32742
32762
32746
32744
32749
32744
32748
32748
32749
32751
32753
32759
32752
32756
32763
32778
32754
32758
32755
32760
32756
32767
32776
32763
32765
32773
32887
32770
32773
32764
32777
32779
32766
32774
32779
32770
32773
32772
32780
32772
32777
32778
32781
32781
32785
32778
32781
32780
32780
32786
32787
32788
32789
32790
32792
32787
32792
33023
32790
32798
32831
32802
32832
33000
33001
33038
33006
32796
33523
32797
32801
32955
32968
32969
32800
33525
32802
32953
33513
33512
33525
33534
32802
33513
32956
32958
32963
32836
32808
32811
33638
36821
32806
32808
32812
32821
32887
32905
32810
32822
36814
32810
32812
32814
33636
32811
32813
32815
32816
36326
35743
32817
32816
32817
32817
36325
32818
36327
36829
32820
32823
32839
32840
33623
32822
32838
33616
32823
32824
32824
33615
36813
32837
32841
33624
32830
32835
32952
35766
32829
32831
32839
35742
35743
35764
35765
32834
35742
32831
32834
33008
32832
32836
32840
32837
32838
33625
35758
33012
32836
32980
33024
32841
32841
32979
32839
35765
32840
32841
32843
32846
36738
36675
36735
36750
35689
35690
32868
36675
36750
32848
36736
36734
36744
36762
32850
32851
32855
32856
32864
32852
32854
32861
32869
32855
32857
32867
32867
32869
32856
32858
32858
32860
32882
32870
32883
32862
32863
32865
32867
32868
36669
32862
32864
32866
32868
32869
32866
32868
32870
32870
33013
32872
32873
35669
36678
35666
35667
32874
32877
32893
35669
32877
32879
36665
32877
32880
32888
32893
32881
36670
32881
32889
32882
32883
36671
32884
32889
32890
35679
32886
32888
32889
32890
32891
32891
32892
32893
35603
35692
32899
32908
32896
32897
32907
32899
32931
32940
33021
32943
32957
32966
35505
32907
32921
32902
32903
32911
32908
32909
32905
32907
32919
32921
32911
35504
32921
32936
35488
35506
32912
32915
32920
32935
32941
32920
35479
35583
32916
32918
32920
32922
35495
32922
33025
35500
32939
32923
33018
35495
35505
35506
32925
32926
32934
32926
32940
33037
32930
32932
33072
32930
32930
32936
33064
32939
32932
32939
32940
32934
32934
33035
33071
32990
32937
32939
32943
32948
35502
32940
32943
32951
33045
32961
32945
32946
34449
35457
32949
32964
32993
35467
35466
32948
33074
33087
33041
33067
32949
33075
32967
32991
32952
32968
33019
32956
32957
33022
32955
33009
33024
32969
32975
32978
33003
33024
33001
32963
33026
32989
32995
33001
32965
35433
35469
32965
32968
32966
32968
32967
32995
35468
32981
32967
35463
32981
33004
32971
32977
33598
35756
32973
32981
35757
32974
32975
32981
35426
32979
32980
35745
32977
32987
35424
32988
33003
32979
33532
33535
33591
33590
33004
33517
32980
33004
33548
33586
33587
32985
33548
35434
33521
33537
33552
33597
32988
32994
33537
33588
33595
33600
32988
33599
35432
33518
32995
33003
33046
32992
33030
33051
33075
32995
32996
33048
32996
32997
33046
33002
32999
33515
33065
33404
33043
33050
33043
33038
33048
33050
33046
33024
33011
33015
33020
33020
33023
33011
33013
33015
33009
33012
33023
33019
33015
33016
33025
33023
33013
33014
33016
33016
33017
33018
33019
33025
33026
33026
33021
33022
33025
33026
33029
33032
33029
33035
33076
33036
33049
33055
33033
33044
33034
33042
33044
33037
33073
33037
33044
33045
33045
33040
33042
33074
33043
33051
33065
33406
33070
33053
33061
33349
33054
33076
33055
33324
33076
33060
33339
33062
33088
33129
33064
33066
33061
33063
33071
33061
33332
33072
33069
33072
33393
33399
33068
33074
33078
33343
33348
33084
33346
33350
33070
33075
33073
33072
33073
33076
33083
35076
35489
33083
33084
33087
33080
33083
33084
33081
33085
33082
33086
33084
34447
33086
35077
34455
34450
35492
33092
33098
35024
33091
33092
33094
33097
35018
33098
33095
33099
33101
33095
33096
33107
33097
33109
33099
33100
33102
35033
33102
33107
33105
33105
33106
35035
33123
33108
33108
33113
33128
33282
33114
33128
33173
33117
33124
33181
33114
33116
33115
33118
33196
33119
33287
33118
33124
33119
33120
33121
33122
33124
33127
33248
33126
33173
33189
33192
33127
33128
33260
33274
33229
33131
33132
33145
33141
33133
33135
33134
33139
33140
33163
33138
33164
33137
33138
33145
33146
33165
33151
33140
33141
33148
34930
33143
35034
33143
33144
33146
33147
33147
33166
33148
34963
33160
34967
33175
33176
33179
33170
33155
33164
33165
33161
33163
33154
33156
33157
33161
33156
33176
33157
33186
33159
33161
33160
33163
33166
33195
33198
33164
33166
33197
33182
33169
33171
33174
33172
33177
33188
33179
33181
33187
33172
33196
33173
33196
33175
33177
33178
33186
33197
33185
33185
33186
33197
33189
33190
33192
33189
33196
33183
33190
33197
33191
33198
33191
33193
33198
33194
33195
33235
33193
33194
33191
33193
33195
33198
33200
33209
33490
33208
33233
33202
33209
33234
33204
33228
33209
33210
33500
33207
33210
33227
33228
33230
33207
33208
33236
33499
33488
34631
33231
33246
33496
33212
33213
33222
33229
33270
33215
33216
33216
33222
33227
33219
33288
33217
33220
33312
33220
33225
33221
33225
33226
33223
33224
33229
33229
33232
33275
33305
33234
33231
33234
33231
33232
33233
33283
33234
33289
33312
33237
33246
34634
33241
34614
34618
33240
33241
33245
33485
34612
33355
33369
33459
33243
33487
33244
33357
34618
34632
33367
34578
34587
33265
34614
34614
33354
33367
34584
34585
33251
33260
33262
33251
33252
33258
33254
33260
33280
33253
33253
33256
34954
33263
33255
33258
33259
33265
33263
33364
33259
33265
33351
33370
33259
33284
33264
33286
33352
33263
33264
33290
33344
33279
33267
33268
33271
33269
33281
33271
33285
33273
33288
33281
33283
33288
33272
33276
33277
33276
33293
33282
33284
33287
33288
33289
33306
33295
33286
33308
33279
33289
33311
33280
33286
33283
33284
33282
33287
33289
33290
33287
33290
33290
33292
33293
33296
33297
33305
33295
33306
33295
33296
33307
33308
33299
33298
33300
33305
33317
33300
33302
33301
33304
33313
33303
33313
33316
33315
33317
33306
33311
33309
33309
33311
33314
33314
33315
33318
33456
33318
33315
33316
33455
33318
33320
33326
33329
33322
33331
33326
33328
33334
33326
33340
33324
33334
33347
33348
33349
33327
33333
33336
33328
33329
33332
33330
33331
33336
33344
33339
33349
33338
33339
33349
33336
33337
33338
33344
33345
33350
33350
33341
33347
33344
33345
33343
33345
33346
33346
33348
33350
33348
33369
33370
33363
33364
33370
33362
33363
34496
33355
34616
33356
33367
33369
34610
34572
34617
33374
33411
33362
33364
33366
34494
34610
34619
34607
34608
33365
33371
33370
33366
34464
34505
34619
34617
34516
34619
33376
33373
33376
34497
33375
33444
34504
33463
33401
33461
33453
34503
33378
33390
33379
33391
33381
33384
33383
33391
33392
33382
33390
33385
33394
33384
33386
33385
33387
33387
33392
33408
33556
33391
33401
33404
33407
33400
33400
33407
33402
33410
33396
33404
34498
33398
33409
33553
33549
35420
33400
33406
33408
33402
33409
33407
33410
33411
33410
33557
33547
33559
33414
33415
33416
33414
33419
33423
33417
33416
33438
33421
33420
33425
33419
33424
33425
33427
33431
33428
33429
33430
33432
33426
33538
33545
33561
33435
33561
33441
33438
33462
33437
33465
33433
33545
33434
33560
34233
33452
33558
33437
33437
33558
33559
33561
33458
33440
33441
33476
33445
33450
33452
33466
33446
33448
33472
33444
33450
33452
33451
33464
33447
34173
34220
33447
33475
33449
33449
33451
34489
33450
33454
34484
33467
33454
33459
33463
33464
33477
33456
33460
33463
33457
33481
33458
33491
33462
33465
33478
33486
33461
33465
33463
33464
33466
33474
33467
33467
33467
33479
33471
33472
33478
33473
33493
33495
33471
33475
34228
33484
33475
33477
33474
34216
33479
33501
34230
33479
34221
34232
33478
33479
33503
33481
33485
33490
33486
33491
33488
34129
34130
33489
33498
33502
33503
34124
33486
33487
33503
33499
34125
33496
33499
33492
33500
33499
33500
33492
33501
33493
33495
33501
33495
34133
33502
33500
34112
34113
34136
33503
34141
34231
33505
33522
33506
33507
33510
33519
33508
33531
33510
33512
33520
33528
33527
33523
33531
33526
33522
33524
33537
33517
33524
33531
33518
33535
33537
33520
33521
33543
33522
33554
33635
33534
33572
33536
33591
33585
33592
33533
33619
33536
33572
33539
33540
33555
33561
33545
33580
33551
33555
33565
33550
33555
33556
33572
33585
33597
33577
33560
33549
33558
33559
33552
33553
33553
33587
33551
33556
33552
33586
33557
33575
33557
33559
33560
33564
33568
33578
33567
33568
33569
33565
33589
33579
33580
33569
33570
33578
33573
33581
33571
33570
33577
33589
33592
33574
33577
33581
33669
33592
33580
33586
33584
33587
33601
33595
33596
33599
33594
35428
33589
33593
33602
33598
33599
33775
33598
33607
33683
33777
33820
33595
33600
33786
33781
33606
34235
33609
33610
33611
33782
33606
33610
33620
35755
33609
33610
33643
33607
33611
33612
33626
33609
33634
33691
33684
33787
33684
33693
33694
33614
33617
33623
33621
33622
33616
33622
33623
33625
33627
33619
33624
33620
33625
33645
35754
33626
33686
33626
33637
33660
33689
33655
33624
33625
33694
33636
33645
33661
33629
33643
33630
33641
33631
33638
33632
33639
39027
33633
33657
33640
33641
33641
33642
33643
33669
33638
33643
33644
33645
33639
33662
36822
33642
33659
33734
33644
33682
33663
33695
33647
33648
33651
33649
33654
33649
33653
38864
33654
33655
38863
33652
33658
33654
33660
33656
33658
33660
33661
33657
38850
33659
33662
33659
33663
33663
33662
33663
38845
33665
33667
33668
33671
33678
33678
33679
33687
33688
33680
33688
33689
33672
33676
33673
33833
33678
33834
33675
33676
33677
33811
33833
33680
33681
33724
33685
33693
33681
33682
33691
33695
33684
33693
33834
33691
33686
33687
33689
33694
33688
33695
33714
33695
33706
33744
33720
33721
33723
33744
33730
33707
33723
33707
33716
33702
33704
33716
33747
33704
33708
33711
33738
39050
40377
33707
33708
33709
33710
33711
33850
33864
33729
33720
33744
33819
33804
34098
40378
33827
33869
33870
33746
33721
33723
33746
33722
33819
33748
33731
33734
33736
33739
33734
33739
33743
33740
33740
33746
33732
33740
33746
33804
34123
33743
33741
33747
39049
39095
40376
40381
33743
33748
33812
33819
33804
33821
33811
33828
33760
33761
33766
33976
33768
33770
33774
33769
33772
33766
33771
33772
33764
33769
33772
33755
33760
33872
33756
33761
33764
33765
33759
33884
33886
35366
33767
33875
35371
33762
33924
35372
33762
33764
33973
33763
33766
35387
33887
33774
35370
33774
35728
33980
33773
33772
33778
33781
33787
33825
33781
33787
33827
33779
33784
33780
33876
33785
33786
33786
33784
33787
33824
33863
33864
33874
33786
33870
33789
33794
33800
33799
33800
33798
33803
33793
33801
34255
33794
33795
33797
33798
34248
34192
33799
33803
34185
33801
33865
33805
33805
34185
34188
34260
34252
33807
33809
33814
33813
33826
33809
33811
33823
33833
33810
33811
33812
33817
33815
33831
33815
33817
33816
33830
33831
33818
33830
33823
33826
33827
33826
33834
33827
33828
33835
33879
33882
33869
33851
34017
33834
33848
33880
33837
33840
33854
33861
33839
33840
33846
33845
33855
33841
33842
33843
33854
33862
33847
33856
33845
33846
33849
33850
33847
33859
33849
33859
33850
33880
34062
34077
33857
33858
33882
33855
33861
33888
33858
33857
33862
33859
33862
33869
33870
33868
33879
33881
33866
33877
33883
33867
33883
33910
33884
33885
33913
33885
33888
33873
33881
33887
33885
33886
33887
33874
33875
33876
33886
33887
33878
33882
33883
33884
33880
33888
33888
33886
33891
33893
33905
33891
33900
33908
33895
33894
33896
33902
33902
33927
33897
33901
33896
33903
33898
33898
34257
33903
33900
33903
33943
33944
33902
33923
33907
33908
33916
33906
33908
33927
33916
33920
33914
33915
33919
33911
33917
33921
33911
33913
33922
33912
33917
33918
33914
33924
33916
33924
33925
33926
33924
33925
33925
33926
33945
33922
33927
33922
33923
33926
33927
34274
33931
33955
35280
35289
33930
33932
34368
33933
34360
33932
35275
33934
33935
33942
33935
33942
35276
35285
35839
33951
35272
33939
35258
35273
34357
34369
34370
35276
35281
35285
33943
33945
34262
34357
33943
33944
33945
33950
33948
35271
35837
33948
33949
35283
35818
33951
33964
35273
33967
35272
35284
33954
35823
33978
35285
35274
35275
35286
33957
33958
33962
33960
33962
33965
33966
33960
33965
34009
33974
33962
33977
33975
33964
33965
35820
33967
35838
33967
33968
33969
33969
33970
33972
33971
33975
33972
33976
33978
33974
33975
33976
34002
33977
33978
35824
33980
33984
33999
33981
33985
33988
34006
33983
33985
33988
33990
36216
33985
33986
33990
34010
35807
36208
34005
33996
36209
36219
36226
36225
33992
33993
33995
35842
36206
33994
36221
33997
35841
36206
36207
36221
34007
36203
36207
33998
34003
34000
35822
34002
34006
34010
34001
34009
34003
34010
34009
35825
34004
36221
35808
36216
36223
35833
36223
36209
36220
35801
36213
36217
35840
34012
34013
34025
34016
34027
34015
34018
34019
34021
34025
34022
34029
34026
34019
34034
34020
34023
34052
34023
34031
34036
34024
34030
34032
34166
34030
34296
34029
34030
34051
34726
34031
34051
34052
34059
34037
34042
34049
34036
34040
34052
34036
34053
34061
34051
34038
34040
34039
34041
34044
34063
34053
34048
34054
34044
34056
34045
34063
34064
34045
34046
34056
34057
34050
34064
34065
34063
34066
34052
34058
34057
34059
34060
34054
34055
34061
34066
34704
34058
34058
34065
34061
34065
34066
34076
34079
34080
34090
34071
34074
34071
34085
34087
34078
34081
34085
34074
34075
34095
34097
34076
34078
34081
34080
39464
34099
34084
34086
34089
34086
34087
34088
34094
34132
34094
34092
34096
34093
34094
39463
34093
34137
34138
34131
34132
34096
34097
34138
34148
39466
34106
34637
34107
34127
34104
34111
34577
34586
34105
34111
34108
34109
34108
34110
34108
34109
34127
34120
34582
34111
34626
34133
34119
34133
34141
34125
34129
34589
34116
34121
34117
34588
34584
34120
34122
34583
34134
34143
34140
34122
34160
34155
34126
34260
34125
34143
34587
34275
34134
34142
34135
34141
34146
34215
34130
34633
34137
34138
34139
34140
34136
34162
34137
34149
34140
34156
34161
34143
34163
34148
34150
34151
34159
34160
34217
34162
34163
34223
34148
34150
34162
34149
34156
34162
34157
34154
34156
34153
34157
34158
34154
34159
34155
34160
34161
34161
34226
34159
34229
34175
34163
34163
34544
34167
34169
34721
34178
34534
34541
34542
34172
34540
34177
34276
34309
34175
34178
34314
34176
34178
34281
34203
34200
34202
34176
34197
34201
34208
34312
34192
34199
34181
34198
34195
34187
34198
34205
34191
34199
34191
34198
34202
34194
34195
34197
34207
34307
34196
34197
34204
34204
34227
34208
34315
34211
34213
34214
34214
34216
34219
34212
34219
34224
34227
34224
34225
34222
34222
34223
34231
34231
34232
34223
34228
34229
34224
34227
34229
34232
34221
34227
34230
34230
34232
34225
34226
34226
34229
34230
34231
34234
34235
34242
34236
34240
34245
34247
34237
34249
34246
34253
34243
34246
34254
34475
34240
34242
34250
34241
34250
34251
34247
34245
34255
34251
34252
34254
34246
35430
34248
34255
34256
34251
34253
34256
34255
34256
34254
34476
34477
34261
34262
34274
34259
34268
34339
34354
34271
34367
34269
34363
34274
34361
34265
34266
34266
34267
34270
34271
34273
34269
34268
34269
34270
34343
34271
34273
34358
34370
34298
34282
34283
34316
34280
34283
34286
34280
34287
34736
34737
34287
34311
34340
34281
34283
34313
34286
34331
34372
34733
34744
34751
34381
34382
34740
34751
34330
34305
34731
34289
34292
34308
34292
34293
34294
34294
34295
34299
34299
34310
34303
34296
34297
34303
34304
34300
34306
34317
34319
34302
34315
34310
34305
34312
34311
34313
34307
34314
34314
34315
34309
34315
34316
34311
34317
34313
34314
34316
34317
34336
34319
34333
34338
34336
34323
34337
34382
34334
34751
34712
34739
34326
34740
34325
34334
34739
34328
34329
34328
34333
34337
34338
34331
34736
34341
34344
34339
34341
34383
34740
34355
34436
34342
34344
34352
34343
34343
34364
34739
34746
34343
34344
34344
34746
34346
34347
34349
34391
35257
34368
35251
34369
35251
35252
35261
34350
34380
34351
34359
34352
34362
34364
34390
34365
34366
34389
34432
34363
34364
34367
34358
34365
34366
34360
34361
34367
34370
34360
34362
34368
34363
34370
34363
34392
34367
35252
34369
35261
34373
34387
34398
35169
34373
34376
34442
34375
34376
35169
34377
34388
34378
34379
34380
34379
34751
34382
34390
34391
34383
34744
34390
34392
34443
34386
34749
34402
35160
35177
34710
34712
35171
34391
34400
34391
34392
34440
34392
34394
34399
34427
34396
34422
34396
34399
35189
34405
34401
34403
35206
34423
34429
34442
34401
34423
34441
35169
34404
34426
35168
34404
35205
35163
35178
34410
34411
35207
34411
34414
35175
35193
34408
34411
34421
34410
35338
35344
35357
35450
34425
35202
35315
35324
35330
34415
34434
34560
35141
34421
35179
35208
34416
34421
34430
34417
34555
34421
35315
34420
35148
35180
35204
35208
35209
34425
34427
34441
34440
34425
34426
35175
35177
34429
35170
35177
34431
34437
34442
34431
34433
34434
34434
35170
34433
34440
34438
34435
34437
34438
34439
34741
34443
34442
34443
34744
34443
34468
34515
34524
34527
34450
34456
35440
35496
34447
34448
34466
34450
34455
34449
34470
34450
35449
34458
34461
34461
34527
34459
34495
34456
34457
35441
34456
34529
35073
34461
34526
35127
34460
35443
34530
34463
34464
34505
34506
34508
34467
34468
34469
34465
34466
34466
34468
34524
34470
34473
34548
34546
34470
34483
35437
34506
34472
34473
34481
35326
34474
34482
34483
34513
34479
34493
34545
34477
35403
35423
34477
34510
34512
34478
34482
35410
34480
34500
34542
34482
34502
35321
35416
35452
34509
35471
34489
34503
34504
34495
34488
34496
34498
34504
34510
34497
34504
34499
34501
34491
34506
34498
34511
35460
34494
34499
34503
34610
34500
34507
34513
34505
34508
34497
34505
34503
34500
34502
34502
34512
34512
34509
34508
34513
34536
34547
34511
34513
34511
34512
35461
34516
34523
34960
34516
34525
34537
34955
34518
34520
34959
34995
34525
34527
34525
34598
34957
34961
34521
34952
34522
34526
35126
34528
34953
34524
34528
34529
34538
34527
34529
34529
34543
34544
34550
34533
34537
34547
34591
34539
34602
34545
34547
34548
34538
34546
34563
34603
34545
34553
34547
34548
34564
34552
34562
34605
34552
34553
34562
34558
34563
35005
34560
34554
34564
34555
34556
34560
34561
34557
34564
34558
34561
34559
34561
35149
35150
35142
34604
34564
34606
34575
34576
34580
34573
34585
34588
34568
34574
34590
34609
34574
34575
34642
34571
34575
34576
34579
34586
34628
34590
34608
34617
34574
34581
34644
34577
34580
34586
34579
34617
34618
34589
34641
34581
34583
34583
34586
34589
34588
34587
34588
34608
34589
34608
34609
34593
34602
34603
34664
34817
34821
34598
34599
34600
34795
34814
34596
34605
34753
34754
34597
34605
35009
34601
34606
35010
34601
34603
34758
34754
34822
34766
34811
34604
34822
34606
34605
34606
34609
34615
34653
34616
34612
34613
34964
34956
34973
34958
34972
34622
34624
34635
34623
34629
34630
34625
34636
34626
34627
34628
34637
34639
34639
34641
34638
34631
34636
34633
34634
34649
34637
34641
34638
34637
34644
34653
34680
34651
34654
34655
34972
34645
34681
34646
34674
34647
34648
34648
34649
34895
34650
34653
34654
34911
34973
34655
34662
34655
34899
34902
34970
34654
34972
34970
34657
34659
34796
34675
34887
34907
34661
34671
34672
34810
34661
34679
34662
34665
34800
34798
34682
34900
34667
34674
34679
34766
34811
34672
34682
34756
34667
34681
34683
34677
34677
34683
34676
34677
34678
34671
34676
34787
34813
34672
34678
34679
34748
34788
34814
34675
34681
34679
34682
34678
34784
34681
34682
34767
34685
34724
34748
34756
34813
34686
34748
34719
34752
34788
34689
34690
34706
34689
34706
34707
34713
34702
34691
34692
34702
34703
34693
34695
34703
34704
34696
34697
34700
34706
34717
34700
34705
34699
34701
34708
34705
34701
34732
34707
34790
34708
34705
34715
34708
34792
34710
34749
34793
34714
34714
34715
34716
34716
34714
34792
34717
34718
34718
34732
34720
34730
34721
34724
34725
34730
34726
34728
34731
34730
34731
34737
34752
34726
34731
34728
34732
34738
34735
34743
34737
34762
34747
34743
34770
34749
34765
34769
34749
34790
34767
34782
34785
35019
34762
34754
34760
34769
34771
34790
34820
34767
34786
34794
34799
34823
34822
34760
34764
34770
34819
34817
34823
34795
34764
34791
34818
34765
34770
34771
34786
34820
34770
34795
34787
34813
34773
34775
34783
34777
34791
34776
34777
34781
34789
34789
34780
34783
34780
34781
34792
35052
34784
34787
34838
34854
34787
34794
34814
34793
34793
34794
34820
34793
34798
34806
34807
34802
34803
34803
34810
34810
34839
34851
34808
34809
34810
34827
34852
34806
34845
34849
34868
34864
34870
34873
34879
34807
34808
34908
34909
34839
34853
34815
35001
34819
34843
35008
34822
34816
34951
35011
34821
34965
34993
34853
34819
34823
34840
34970
34989
34855
34826
34830
34841
34828
34874
34829
34835
34846
34837
34831
34850
34833
34836
34833
34857
34870
34986
34847
34835
34846
34840
34841
34854
34851
34855
34843
34855
34842
34843
34850
34856
34845
34852
34851
34868
34870
34853
34876
34869
34873
34857
34855
35027
34857
34876
34994
34987
34939
34867
34869
34861
34862
34941
34865
34864
34878
34985
34864
34865
34873
34980
34869
34920
34926
34927
34925
34939
34873
34876
34940
34879
34989
34877
34878
34879
34943
34988
34913
34991
34881
34896
34901
34924
34884
34904
34893
34885
34891
34906
34890
34894
34905
34893
34895
34907
34893
34897
34892
34895
34905
34905
39426
34904
39427
34893
34905
34910
34911
34897
34932
34908
34899
34901
34909
34900
34902
34907
34909
34903
34929
34903
34911
34910
34945
39428
39426
39427
34908
34909
34911
34969
34913
34914
34938
34941
34943
34920
34941
34940
34917
34919
34933
34918
34930
34938
34944
34922
34938
34922
34923
34933
34923
34927
34929
34932
34942
34936
34935
34931
34933
34935
34944
34967
34945
34962
34942
34943
34944
34945
34971
34975
34955
34956
34958
34949
34950
34953
35029
34950
34975
34978
34954
34976
34952
34957
34959
34977
34953
34959
34960
34956
34960
34960
34961
34979
34959
34961
34961
34974
34966
34967
34967
34968
34976
34968
34973
34979
34970
34971
34977
34968
34969
34973
34978
34988
34974
34977
34979
34976
34978
34979
34978
34982
34985
34983
34985
34991
34983
34986
34984
34987
34994
34987
34990
34993
34993
34991
34992
34993
34994
35012
35004
34996
34997
35011
35002
35012
35005
35007
34999
35009
35140
35003
35008
35009
35140
35142
35153
35008
35010
35011
35006
35007
35116
35004
35006
35008
35012
35010
35153
35152
35154
35010
35012
35014
35021
35040
35024
35047
35016
35045
35030
35036
35018
35020
35034
35024
35035
35027
35021
35026
35022
35025
35026
35032
35033
35048
35033
35036
35034
35031
35035
35030
35031
35036
35032
35049
35035
35041
35044
35078
35039
35041
35046
35040
35042
35043
35047
35051
35043
35044
35045
35113
35049
35131
35047
35065
35048
35049
35079
35118
35051
35058
35509
35065
35078
35480
35483
35526
35062
35056
35058
35062
35057
35068
35062
35067
35498
35059
35060
35065
35068
35069
35067
35497
35508
35509
35064
35075
35078
35080
35124
35079
35100
35144
35497
35076
35077
35079
35119
35508
35513
35073
35080
35074
35077
35076
35497
35507
35525
35077
35080
35128
35085
35086
35101
35083
35101
35102
35084
35096
35085
35087
35089
35101
35104
35112
35093
35130
35090
35092
35091
35095
35093
35094
35093
35098
35099
35099
35104
35102
35132
35098
35102
35103
35483
35123
35125
35103
35119
35104
35484
35106
35107
35120
35121
35109
35112
35109
35124
35132
35110
35111
35113
35114
35130
35132
35124
35131
35117
35131
35116
35117
35126
35121
35129
35120
35126
35128
35131
35130
35123
35127
35128
35125
35129
35128
35130
35132
35127
35129
35134
35135
35137
35138
35136
35165
35137
35157
35152
35145
35147
35145
35204
35152
35167
35170
35173
35179
35150
35173
35145
35149
35154
35151
35164
35176
35176
35204
35150
35153
35154
35154
35158
35162
35164
35157
35158
35166
35165
35167
35159
35160
35168
35161
35162
35163
35178
35165
35176
35168
35172
35172
35173
35171
35172
35180
35178
35179
35180
35178
35180
35182
35262
35323
35190
35184
35196
35199
35187
35192
35186
35188
35206
35195
35195
35196
35189
35203
35206
35207
35361
35195
35302
35199
35205
35205
35207
35200
35310
35347
35197
35198
35314
35201
35201
35344
35345
35357
35209
35331
35308
35209
35206
35355
35312
35211
35213
35219
35218
35219
35213
35215
35222
35217
35217
35220
35879
35220
35239
35217
35218
35886
35887
35221
35238
35299
35881
35225
35239
35812
35831
35813
35826
35226
35843
35229
35263
35826
35831
35835
35229
35264
35267
35233
35830
35264
35829
35832
35233
35234
35237
35784
35234
35235
35236
35278
35292
35238
35259
35295
35238
35790
35239
35244
35241
35245
35253
35243
35255
35243
35245
35263
35244
35259
35263
35246
35247
35249
35260
35268
35287
35249
35251
35260
35256
35252
35253
35254
35257
35257
35256
35255
35258
35303
35259
35304
35257
35261
35282
35279
35280
35289
35289
35288
35287
35267
35269
35266
35268
35280
35269
35270
35268
35287
35271
35283
35286
35283
35832
35277
35274
35276
35282
35277
35278
35286
35279
35829
35282
35287
35289
35291
35293
35381
35292
35294
35294
35295
35297
35389
35342
35305
35309
35297
35311
35333
35316
35303
35311
35306
35307
35309
35301
35306
35307
35314
35346
35307
35308
35314
35304
35316
35305
35308
35309
35316
35339
35851
35348
35343
35334
35346
35316
35337
35313
35329
35326
35327
35328
35319
35328
35344
35445
35320
35321
35436
35336
35412
35417
35326
35411
35324
35331
35332
35503
35327
35331
35332
35333
35327
35330
35335
35340
35335
35344
35409
35414
35336
35337
35338
35357
35552
35340
35345
35383
35347
35350
35343
35346
35550
35342
35392
35546
35343
35382
35347
35347
35390
35549
35355
35448
35585
35351
35447
35535
35547
35444
35490
35534
35494
35356
35357
35390
35391
35375
35376
35551
35368
35395
35398
35438
35360
35362
35399
35422
35368
35503
35527
35369
35418
35368
35385
35393
35365
35369
35749
35370
35386
35739
35371
35372
35401
35372
35384
35407
35371
35371
35388
35378
35374
35375
35385
35376
35377
35729
35391
35392
35543
35379
35386
35740
35384
35387
35388
35380
35392
35387
35388
35382
35387
35389
35390
35392
35389
35390
35394
35389
35394
35391
35393
35388
35393
35394
35415
35398
35412
35415
35397
35403
35416
35435
35398
35399
35421
35399
35418
35401
35405
35418
35407
35418
35404
35405
35406
35405
35410
35408
35410
35407
35413
35415
35409
35413
35413
35414
35416
35414
35416
35417
35415
35417
35417
35428
35431
35427
35430
35422
35435
35454
35431
35433
35430
35435
35462
35426
35431
35432
35427
35434
35459
35433
35470
35473
35429
35432
35434
35434
35474
35472
35438
35445
35455
35443
35449
35453
35439
35456
35465
35539
35441
35449
35510
35443
35482
35446
35447
35485
35446
35447
35540
35446
35450
35450
35534
35582
35475
35540
35455
35471
35472
35455
35471
35475
35456
35472
35474
35456
35465
35463
35466
35475
35464
35465
35475
35499
35467
35470
35473
35461
35466
35473
35462
35471
35472
35473
35464
35468
35469
35469
35467
35468
35470
35474
35474
35526
35533
35479
35512
35533
35537
35513
35481
35508
35482
35483
35485
35511
35484
35487
35530
35487
35491
35509
35532
35489
35504
35506
35492
35507
35491
35501
35512
35511
35512
35496
35502
35494
35499
35505
35495
35501
35500
35507
35510
35507
35501
35510
35504
35513
35505
35506
35527
35511
35525
35511
35513
35518
35521
35573
35516
35519
35529
35531
35522
35528
35522
35520
35521
35531
35565
35574
35523
35569
35531
35532
35538
35530
35623
35529
35530
35532
35533
35536
35537
35538
35548
35537
35538
35576
35584
35575
35540
35542
35545
35857
35548
35554
35571
35544
35546
35551
35602
35730
35791
35547
35549
35550
35787
35548
35552
35553
35550
35552
35786
35552
35553
35554
35589
35607
35558
35564
35623
35566
35572
35568
35569
35560
35562
35612
35566
35633
35566
35632
35633
35634
35563
35564
35567
35574
35573
35570
35574
35575
35570
35636
35572
35573
35576
35571
35575
35587
35578
35574
35576
35586
35578
35580
35583
35586
35634
35580
35581
35593
35610
35582
35583
35584
35585
35584
35586
35606
35608
35587
35591
35637
35602
35605
35721
35733
35591
35606
35607
35597
35598
35607
35846
35598
35606
35593
35601
35608
35610
35597
35604
35656
35720
35596
35603
35609
35628
35604
35693
35602
35856
35609
35627
35603
35692
35718
35676
35678
35605
35719
35607
35610
35652
35690
35608
35608
35610
35629
35613
35615
35622
35614
35633
35636
35653
35615
35624
35616
35617
35620
35619
35655
35620
35621
35631
35631
35642
35625
35626
35632
35633
35625
35636
35626
35852
35629
35637
35859
35629
35635
35634
35635
35637
35637
35639
35641
35647
35640
35650
35651
35655
35642
35644
35654
35655
35644
35647
35658
35848
35652
35653
35654
35649
35652
35663
35648
35649
35662
35650
35651
35653
35661
35655
35847
35855
35657
35661
35861
35660
35713
35793
35662
35849
35908
35660
35663
35909
35715
35900
35663
35860
35663
35898
35666
35670
36634
35671
35674
35681
35671
35670
36679
35673
36173
35671
35682
36657
35674
35683
35688
36659
35680
35679
36672
36677
35694
35709
35710
35709
35717
35722
35695
35709
35687
35692
35681
35683
35693
35692
35699
35718
35685
35691
35689
36658
35707
36632
35701
35701
35722
35701
35718
35719
35722
35696
35698
35697
35702
35702
35706
35705
35706
35700
36672
36678
36664
36673
35718
35712
35704
35717
35705
35706
36673
35710
35719
35737
35712
35714
35712
35714
35716
35717
35715
35720
35741
35738
35716
35717
35726
35721
35721
35722
35734
35729
35733
35768
35727
35728
35735
35726
35735
35736
35738
35741
35728
35753
35739
35730
35740
35731
35733
35732
35736
35778
35735
35740
35734
35737
35741
35741
35788
35738
35769
35767
35740
35763
35761
35765
35748
35759
35766
35757
35758
35766
35752
35754
35758
35762
35749
35756
35762
35750
35757
35750
35763
35751
35759
35768
35753
35761
35763
35767
35755
35762
35757
35762
35765
35760
35764
35769
35767
35768
35766
35769
35769
35853
35894
35776
35777
35912
35773
35777
35789
35901
35780
35809
35776
35799
35810
35776
35801
36255
35792
35910
35779
35788
35791
35781
35785
35781
35788
35789
35783
35783
35792
35889
35784
35785
35790
35787
35851
35857
35858
35791
35858
35793
35792
35793
35882
35888
35863
35850
35862
35797
35799
35809
35796
35809
35802
35805
35805
35808
35836
36206
36217
36223
35809
35810
36244
36256
35810
35806
36246
35804
36216
36222
35806
35808
35806
36187
36209
36224
36217
36217
35844
35826
35831
35816
35817
35834
35819
35841
35837
35819
35837
35838
35821
35821
35838
35840
35822
35840
35841
35824
35827
35828
35825
35838
35833
35840
35833
35845
35839
35844
35839
35845
35836
35835
35842
35842
35845
35842
35856
35857
35859
35854
35855
35859
35849
35855
35893
35850
35860
35862
35890
35891
35892
35854
35857
35859
35885
35860
35861
35863
35863
35883
35861
35862
35863
35868
35870
35877
35866
35868
35873
35874
35878
35869
35875
35879
35869
35886
35871
35872
35876
35887
35876
35877
35874
35875
35884
35880
35889
35878
35893
35881
35886
35884
35891
35882
35892
35883
35888
35890
35892
35885
35891
35893
35887
35888
35889
35890
35893
35892
35935
35903
35908
35912
35912
36247
35902
35909
35905
35908
35909
35900
35902
35911
35901
35909
35910
35911
35907
36245
36258
35907
35907
35910
35912
35932
35972
35992
35972
35977
35992
35916
35917
35918
35922
35930
35921
35969
35919
35923
35920
35929
35921
36261
35933
35924
35926
35926
35928
35930
35973
35934
35948
35974
35990
35986
35928
36260
35929
36239
35959
35971
35933
35951
35969
35970
35974
35984
35988
35936
36614
35951
35973
35975
35963
35975
36242
36266
35938
37733
37741
35939
35941
35943
36557
35942
35943
35944
35942
37741
37836
36549
37840
37842
35947
35952
35967
35948
35995
35966
35999
35950
35994
36457
35994
36009
37858
35966
35971
36009
36550
35961
35968
36477
35955
35959
35965
35958
35962
35957
35962
35964
35965
35967
35961
35968
35965
35971
35961
36560
35976
36546
36548
35967
35970
36471
35969
35971
36480
36615
35983
35986
35990
35982
36243
36248
35981
36141
36172
36193
35981
35983
36135
36122
36177
36143
35997
35998
36267
35984
36075
36079
36084
35991
35997
36003
36070
36126
35990
36270
36273
36276
36423
37825
37826
37841
36008
36372
35996
35999
36009
36001
35999
36007
36008
36004
36084
36363
36075
37842
37825
37842
37847
37858
36004
36070
36123
36078
36080
36351
37857
36071
36077
36078
36079
36008
36265
36373
36606
36013
36026
36032
36033
36083
36031
36014
36016
36022
36025
36017
36035
36050
36035
36018
36022
36023
36044
36020
36024
36028
36027
36030
36023
36025
36028
36023
36025
36026
36027
36029
36030
36072
36034
36036
36069
36049
36038
36039
36041
36050
36066
36040
36049
36042
36048
36042
36055
36043
36047
36064
36050
36073
36128
36046
36047
36085
36094
36048
36048
36050
36173
36185
36054
36056
36144
36066
36146
36056
36064
36066
36057
36058
36059
36061
36064
36060
36145
36061
39151
36062
36105
39164
36065
36066
36071
36136
36065
36077
36118
36068
36069
36100
36074
36087
37856
36083
36085
36141
36128
36073
36075
36076
36079
36083
36076
36082
37861
36082
36083
36085
36106
36084
36109
36128
36081
36082
36084
36099
36119
36412
36089
36087
36092
36099
36099
36100
36091
36094
38441
36094
36100
36107
36094
36098
38392
38425
36097
36100
36093
36121
36097
38442
36096
36098
36116
38425
38439
38442
37912
38437
36117
38397
36120
36102
36112
39159
36104
36114
36110
36111
36112
36361
39159
39160
39167
36117
36118
39165
36107
36109
36118
36117
36120
36112
36137
36138
39170
36110
36119
36137
36113
36119
36357
36114
36121
36115
36116
39167
36117
36121
36147
36120
36121
36149
36160
36227
36124
36142
36125
36275
36345
36127
36167
36267
36275
36276
36138
36170
36130
36131
36144
36133
36145
36132
36143
36134
36151
36134
39169
36154
36139
36143
36146
36139
36146
36147
36142
36147
36142
36175
36141
36142
36193
36145
36146
39166
39168
36150
36177
36178
36179
36212
36153
36176
36188
36176
36178
36193
36172
36174
36179
36155
36181
36155
36164
36176
36157
36183
36184
36194
36158
36163
36159
36194
36161
36171
36177
36180
36188
36163
36169
39156
36168
36171
36191
36164
39149
36175
39150
36166
36174
36195
36167
36168
36170
36174
36169
36170
36175
36192
36175
36176
36272
36188
36195
36182
36226
36183
36188
36194
36183
36186
36187
36192
36215
36187
36209
36190
36195
36218
36191
36224
36192
36195
36194
36197
36199
36210
36210
36235
36236
36201
36214
36252
36200
36201
36203
36226
36204
36203
36204
36207
36214
36207
36213
36214
36213
36222
36225
39138
36227
36212
36218
36244
36218
36227
36225
36219
36224
36221
36224
36227
36229
36231
36260
36232
36234
36231
36233
36237
36238
36235
36234
36250
36235
36236
36244
36252
36253
36254
36239
36253
36260
36261
36251
36295
36242
36245
36261
36248
36261
36262
36257
36258
36259
36255
36256
36257
36259
36252
36254
36256
36257
36255
36602
36266
36270
36273
36265
36271
36352
36607
36267
36625
36624
36626
36273
36269
36270
36306
36272
36308
36275
36296
36346
36275
36276
36279
36286
36290
36293
39071
36283
36292
36282
36287
36285
36290
36293
36287
40499
36294
36285
36289
40495
36291
38895
39032
39066
36292
39037
36337
39078
36294
39089
36298
36301
36312
36307
36308
36627
36309
36604
36627
36628
36299
36314
36300
36312
36313
36314
36302
36306
36303
36305
36311
36312
36305
36307
36308
36310
36308
36315
36309
36310
36311
36313
36628
36619
36619
36624
36627
36317
36322
36791
36318
36324
36319
36327
36756
36788
36824
36321
36787
36815
36323
36326
36323
36324
36792
36325
36326
36327
36831
36830
36329
36334
36779
36336
36342
36331
36337
36786
36794
36337
36340
38886
36333
36338
36339
36338
36340
36335
36437
36339
36426
36339
36343
36342
36982
36986
36343
36789
36986
36991
36998
36343
36345
36361
36363
36346
36364
36352
36349
36360
36372
36350
36354
36354
36367
36360
36363
36372
36353
36373
36354
36356
36359
36369
36358
36359
36361
36362
36369
36368
36370
36367
36362
36370
36369
36373
36365
36371
36366
36367
36368
36371
36371
36373
36387
36397
36459
36389
36397
36398
36382
36391
36392
36396
36398
36384
36383
36385
38463
36394
36393
36411
36386
38468
36393
38761
36389
36390
36390
36400
36962
36395
36989
36397
36399
36398
36409
36967
36396
36401
36408
36411
36407
36408
36409
36403
40126
36423
37856
37861
40128
36404
36405
36417
36438
36408
36440
36422
36448
37136
36450
36969
37136
36411
36415
36415
36422
36963
37136
40125
37847
37857
37861
36414
36416
37823
36419
36496
36420
40123
36417
37845
36419
40124
36421
36424
36493
36495
36422
36443
36421
36963
37812
36424
37850
37861
36963
36977
36432
36437
36445
36461
36431
36437
36988
36429
36430
36433
36432
36781
36795
36797
36435
36981
36797
36999
36451
36990
36433
36434
36435
36436
36436
36439
36444
36795
36440
36443
36463
36441
36444
36445
36450
36451
36450
36451
36980
36443
36447
36460
36448
36449
37028
36451
36462
36447
36449
36464
37027
36450
37017
37022
36454
36458
36629
36455
36456
36457
36455
36461
36463
36460
36482
36482
36630
36599
36609
36463
36464
36462
36592
36463
36464
36600
36466
36469
36470
36473
36536
36543
36559
36478
36561
36476
36554
36475
36479
36546
36550
36561
36481
36484
36586
36475
36484
36556
36622
36477
36479
36480
36564
36536
36550
36563
36613
36561
36623
36482
36631
36563
36484
36598
36610
36611
36585
36495
36496
37805
37819
36488
37804
37805
37829
36488
37128
37804
36492
36490
36491
37019
37029
36492
36496
36492
37119
36494
36495
36977
37125
37820
36496
36498
36499
36504
36502
36511
36500
36512
36504
36504
36505
36543
36503
36506
36515
36529
36506
36525
36531
36509
36514
36532
36620
36513
36533
37746
37843
36512
36515
36515
36533
36562
36521
36524
36526
37734
37735
37838
36530
37734
37741
37836
37728
37730
37752
37828
36528
37752
36522
37733
36524
36567
36526
37735
37746
36525
36531
36544
37740
37828
36617
36651
36655
37730
36531
36533
37749
37735
37740
36533
36566
37848
36535
36565
36538
36556
36562
36566
36539
36540
36559
36554
36555
36541
36545
36542
36543
36542
36547
36567
36544
36566
36567
36555
36560
36548
36560
36548
36557
36549
36552
36557
36552
36746
36553
36558
36566
36559
36559
36558
36567
36564
36564
36569
36570
36571
36572
36580
36583
36697
36574
36704
36573
36575
36574
36578
36579
36576
36580
36577
36587
36578
36601
36579
36705
36581
36582
36583
36583
36594
36588
36592
36596
36586
36587
36598
36593
36600
36594
36601
36589
36599
36590
36757
36595
36598
36593
36597
36600
36599
36600
36594
36708
36601
36709
36597
36747
36710
37053
36599
36711
36603
36624
36612
36621
36605
36609
36608
36628
36615
36625
36630
36625
36627
36629
36611
36618
36610
36629
36611
36631
36622
36613
36614
36622
36623
36615
36626
36623
36617
36651
40498
36621
36622
36628
36651
36655
36631
36626
36626
36630
36631
36641
36659
36637
36640
36657
36642
36657
36659
36636
36643
36649
36650
36638
36646
36649
36650
36691
36640
36642
36643
36649
36642
36644
36645
36645
36648
36657
36664
36653
36654
36658
36653
36658
36656
36654
36656
36656
36659
36661
36666
36690
36662
36663
36665
36679
36664
36685
36679
36670
36678
36668
36670
36668
36676
36695
36674
36671
36674
36675
36671
36677
36673
36677
36676
36677
36735
36679
36681
36693
36702
36683
36684
36683
36686
36712
36688
36685
36691
36690
36760
36687
36694
36707
36761
36689
36690
36694
36695
36695
36692
36693
36714
36744
36713
36751
36759
36703
37068
37069
36704
36708
37040
36699
36700
36703
36701
36702
36705
36713
36712
37070
36712
36713
36704
36705
36711
36709
36710
36743
36764
36712
36763
37056
36710
36711
36711
36714
37054
36714
36745
36716
36720
37043
36717
36727
36719
36721
36719
36720
36722
36723
36725
36723
36729
36724
36748
36724
36752
36726
37046
36748
36754
36761
36728
37063
36729
36730
36768
36777
37059
36732
36737
36734
36757
36735
36736
36759
36740
36739
36753
36750
36758
36741
36754
36772
36756
36758
36749
36752
36766
36756
36758
36747
36757
36764
36745
36762
36763
36764
36753
36757
36751
36752
36752
36755
36761
36754
37057
36760
36762
36763
36764
36771
36773
36868
36768
36772
36877
36771
36773
36774
36776
36777
36800
36808
36847
36774
36777
36772
36777
36784
36805
36978
36879
36796
36794
36795
36782
36791
36782
36783
36784
36788
36797
36801
36786
36787
36811
36792
36794
36792
36793
36791
36793
36790
36794
36804
36795
36797
36998
36792
36812
36825
36811
38869
38888
40339
36809
36812
36826
36851
36872
36878
36803
36804
36812
36846
40340
36851
36811
40339
36806
36912
36807
36808
36835
36846
36850
36858
38857
38888
36816
36812
36814
36818
36827
36821
36829
36820
36825
36831
36818
36862
36819
36829
36881
36823
38866
36822
36831
36823
38851
38862
39033
36825
36830
36867
36826
36828
36869
38865
36882
38852
38855
36830
36831
36833
36836
36849
36850
36852
36907
36974
36987
36852
36904
36840
36842
36841
36852
36841
36843
36944
36842
36843
36847
36857
36842
38871
36872
36874
36879
36846
36854
36927
36849
36851
36869
36874
36878
36850
36856
38871
38875
36857
36858
36865
36866
36875
36862
36864
36871
36870
36871
36880
36880
36881
36871
36873
36876
36866
36876
36867
36868
36881
36869
36881
36874
36877
36882
36878
36882
36873
36878
36879
36876
36877
36879
36882
36884
36887
37282
36885
37277
36888
36952
36887
36889
36892
36888
36931
36890
37201
36946
37194
36956
37194
37195
37200
37186
37293
36894
36896
36906
36909
36896
36901
36947
36899
36909
36900
36909
36911
36900
36902
36903
36902
36914
36903
36904
36912
36928
36910
36912
36934
36908
36910
36932
36974
36913
36953
36911
36913
36912
36970
36915
36928
36947
36916
36919
36928
36945
36918
36919
36929
36922
36946
36920
36921
36923
36922
36924
36936
36942
36944
36940
36942
36926
36933
36934
36992
36927
36943
36944
36945
36934
36931
36947
36932
36935
36938
36955
36938
36946
36934
36947
36935
36939
36973
36941
36948
36937
36940
36940
36941
36946
36960
36941
36943
38805
36943
38830
36945
36954
36955
36972
36950
36954
36964
36961
36952
36953
37005
36959
36960
36955
36971
36956
36960
36960
36961
36975
37132
36959
36961
37009
37297
37010
37291
37260
36967
36969
37002
37132
36966
36972
36970
37001
36967
36968
37032
36973
36996
37000
36971
37003
36972
36973
36993
36994
37007
37012
37025
37024
37030
37031
37008
36999
36985
36992
36981
36990
37000
36999
37001
36983
36986
36997
36984
36989
36985
36996
36997
38781
36988
36990
36998
36990
37002
36997
40341
36993
36996
37003
36995
37051
37051
37002
40338
36999
37001
37002
37003
37006
37112
37117
37006
37010
37030
37024
37009
37131
37269
37026
37029
37010
37012
37110
37021
37028
37030
37023
37024
37115
37134
37018
37019
37023
37020
37021
37023
37066
37018
37019
37027
37027
37028
37020
37029
37022
37064
37024
37027
37028
37031
37131
37031
37137
37137
37134
37132
37034
37038
37035
37064
37039
37037
37038
37048
37041
37068
37047
37040
37054
37069
37049
37070
37043
37044
37067
37046
37063
37045
37048
37046
37049
37057
37048
37050
37056
37066
37067
37052
37054
37055
37065
37056
37057
37070
37059
37103
37061
37063
37062
37063
37067
37062
37066
37066
37069
37070
37108
37127
37588
37093
37270
37089
37153
37092
37159
37344
37139
37257
37079
37081
37090
37080
37082
37083
37091
37085
37118
37083
37097
37084
37288
37104
37123
37289
37086
37129
37105
37140
37089
37090
37092
37091
37092
37138
37122
37254
37101
37111
37112
37096
37102
37118
37097
37104
37118
37101
37102
37113
37100
37102
37107
37114
37109
37124
37108
37124
37116
37110
37111
37287
37112
37135
37117
37114
37117
37115
37117
37120
37128
37137
37134
37135
37126
37131
37269
37126
37270
37138
37259
37135
37128
37130
37259
37270
37135
37138
37139
37159
37137
37262
37152
37163
37413
38154
37162
37165
37448
37464
37144
37154
37171
37180
37145
37146
37869
37154
37881
38157
37147
37465
37865
37152
37456
37587
38160
38164
38172
37157
37160
37349
37151
37160
38171
37155
37360
38162
38153
37162
38167
37160
37351
37460
37161
37165
37603
37158
37166
37257
37160
37180
37449
37331
37453
37456
37604
37448
37454
37456
37460
37167
37453
37464
37179
37184
37273
37183
37182
37184
37174
37176
38704
37179
37217
37272
38707
37172
37178
37184
37173
37176
37175
37178
37175
37274
37177
37182
38474
37178
37261
37184
38172
37182
38694
38703
38476
37186
37187
37221
37195
37201
37190
37201
37194
37199
37200
37190
37191
37208
37199
37198
37220
37197
37198
37200
38697
37195
37197
37216
37263
37201
37268
37325
37459
37502
37213
38695
37199
37203
37215
37252
37204
37206
37215
37221
37206
37207
37230
37208
37209
37218
37220
37221
37210
37235
37219
38710
37251
38710
38728
38729
37214
37215
37216
37264
37216
37220
38708
37217
37244
37266
37221
37253
38708
37219
37220
38731
37223
37228
37243
37224
37229
37240
37243
37226
37241
37245
37227
37229
37231
37234
37230
37231
37241
37235
37252
37233
37234
37236
38682
37235
37236
37248
37251
37237
37239
38649
38671
37246
37249
37250
37250
37251
38729
37244
37246
37341
37242
37246
37247
37348
37252
37252
37253
37247
37248
37370
37339
37249
37357
37378
38663
38672
37253
37253
37258
37262
37269
37263
37272
37274
38689
37271
37273
37262
37268
37274
37298
37273
37274
37264
37268
37265
37266
37272
37334
37344
37294
37273
37276
37281
37286
37277
37287
37282
37291
37279
37280
37283
37281
37284
37285
37295
37282
37293
37284
37295
37293
37286
37288
37288
37289
37291
37289
37290
37292
37296
37297
37297
37298
37294
37296
37298
37296
37298
37303
37310
37321
37302
37321
37322
37304
37310
37303
37311
37307
37307
37316
37306
37417
37419
37308
37312
37387
37313
37380
37381
37384
37314
37312
37322
37380
37322
37323
37315
37320
37321
37317
37366
37381
37387
37319
37320
37420
37323
37355
37381
37323
37440
37326
37327
37364
37328
37342
37346
37347
37329
37340
37330
37345
37333
37335
37343
37344
37342
37337
37340
37343
37337
37344
37336
37350
37452
37345
37356
37421
37342
37347
37348
37349
37342
37350
37362
37348
37358
37351
37351
37455
37363
37355
37382
37412
37354
37405
37423
38173
37355
37356
37422
37393
37362
37363
37358
37359
37390
37362
37363
37360
37361
37363
38155
37394
38163
37388
37392
37367
37371
37387
37367
37388
37369
37369
37371
37376
37370
37378
37390
37373
37374
37376
37377
37374
37385
37375
37379
37386
37378
37379
38664
38673
38683
37385
37387
37393
37383
37393
37394
37384
37391
37386
38628
37386
37390
37393
37391
37394
38680
37394
38629
38668
37598
37402
37403
37412
37397
37406
37414
37407
37408
37401
37402
37404
37404
37406
37427
37433
37406
37410
38111
37403
37410
37404
37411
37438
37412
37424
38176
37408
38094
38108
38152
38159
37411
38095
38115
38170
38110
38175
38174
37423
37425
37446
37415
37424
37427
37416
37425
37426
37458
40150
37419
37441
37487
37426
37445
37491
37420
37421
37422
37443
37422
37457
37423
37424
37427
37450
37436
37514
37434
37429
37435
37445
37441
37444
37437
37438
37439
37439
37442
37444
37435
37436
37437
37434
37437
37438
37436
37443
37439
37445
37442
37442
37443
37444
37443
37445
37450
37454
37457
37452
37454
37455
37489
37460
37465
37458
37462
37496
37542
37546
37553
37457
37485
37454
37462
37460
37465
37497
37492
37542
37462
37554
37595
37545
37464
37483
37553
37577
37566
37467
37471
37488
37472
37493
37477
37490
37495
37470
37480
37494
37479
37494
37472
37473
37484
37475
37478
37477
37478
37486
37476
37484
37486
37487
37479
37480
37495
37488
37482
37488
37489
37483
37494
37489
37496
37485
37493
37497
37490
37491
37497
37493
37491
37492
37496
37497
37496
37499
37506
37518
37520
37521
37504
37506
37537
37506
37507
37540
37504
37509
37505
37510
37560
37512
37521
37509
37512
37510
37523
37549
37555
37519
37520
37521
37523
40150
37524
37546
37551
40152
37517
37519
37555
40149
37519
37520
37536
40153
37551
37560
37526
37531
37537
37530
37532
37528
37530
37651
37529
37632
37531
37645
37533
37536
37534
37557
37581
37667
37547
37562
37558
37559
37620
37621
37537
37556
37538
37556
37557
37560
37548
37557
37560
37550
37554
37584
37602
37545
40152
37550
37554
40151
37669
37553
37554
37548
37548
37557
37583
37555
40149
37558
37607
37559
40151
37578
37559
37559
37568
37565
37577
37579
40164
37575
37581
37583
37580
40159
37575
37581
40155
37575
40155
37577
37599
40164
37571
40155
37582
37583
37584
37579
37580
37571
37582
37606
37660
37596
37580
40164
37576
40155
37588
37596
37599
37578
37583
37584
37582
37666
37605
37586
37591
37602
37612
37589
37606
37592
37604
37867
37603
37883
37600
37885
37594
37600
37872
37594
37601
37618
37595
37601
37594
37601
37884
37602
37604
37606
37874
37807
37866
37873
37874
37669
37603
37605
37880
37605
37604
37606
37612
37613
37629
37615
37619
37631
40154
37610
37617
37630
37611
38145
37614
37617
37618
37622
37615
37618
37615
37616
38107
37619
38145
37618
38139
37621
37624
37629
37646
37649
37625
37629
37630
37625
37628
37630
37627
37631
37641
37628
37643
37677
37650
37683
37678
37631
37682
37682
37633
37645
37652
37635
37637
37637
37640
37799
37644
37645
37653
37658
37659
37658
37639
37640
37644
37647
37648
37647
37643
37649
37661
37643
37647
37795
37648
37650
37646
37649
37650
37650
37672
37668
37652
37653
37667
37658
37668
37655
37656
37657
37773
37656
37662
37659
37663
37774
37800
37780
37664
37665
37666
37664
37668
37796
37663
37667
37665
37798
37793
37667
37668
37672
37675
37679
37679
37680
37683
37677
37683
37678
37680
37682
37683
37676
37681
37677
38146
37678
38134
37681
38129
38130
38144
38148
38139
37685
37692
37704
37955
37687
37690
37697
37688
37698
37693
37697
37690
37691
37692
37963
37698
37962
37694
37959
37695
37700
37701
37703
37703
37704
37961
37960
37700
37704
37705
37701
37705
37705
37708
37709
37711
37711
37713
37722
37709
37714
37718
37711
37712
37716
37764
37775
37776
37723
37776
37720
37724
37721
37764
37718
37719
37721
37721
37720
37726
37723
37724
37727
37726
37727
37833
37767
37771
37731
37742
37737
37742
37743
37753
37737
37738
37738
37740
37828
37833
37843
37747
37748
37750
37751
37739
37747
37750
37749
37754
37777
37745
37751
40156
37745
37772
37748
37748
37749
37749
37751
37758
37828
37756
37762
37773
37760
37768
37835
37772
37777
37760
37761
37763
37771
37763
37784
37765
37767
37790
37775
37776
37770
37771
37774
37777
37770
37772
37802
37803
37776
37777
37774
37801
37794
37786
37779
37781
37799
37780
37783
37800
37801
37782
37787
37785
37788
37784
37785
37786
37801
37786
37790
37788
37791
37789
37790
37792
37803
37792
37795
37797
37794
37798
37802
37801
37802
37796
37799
37798
37800
37798
37803
37800
37803
37810
37820
37819
37820
37809
37814
37816
37809
37814
37815
37813
37816
37834
37817
37873
37814
37815
37817
37818
37849
37818
37819
40122
37817
37854
37821
37838
37862
37821
37827
37821
37837
37839
37845
37848
37825
37845
40124
37847
37841
40127
37829
37839
37859
37838
37843
37839
37843
37848
37832
37840
37851
37833
37836
37834
37838
37860
37844
37841
37851
37877
37858
37852
37853
37856
37857
37853
37854
40121
37851
37852
37860
37854
37855
37860
37856
40128
40126
40122
40127
40127
37873
37875
37878
37864
37865
37869
37866
37876
37867
37869
37883
37883
37884
37870
37871
37882
37917
37881
37872
37879
37909
37881
37884
38166
37880
37884
37885
37883
37885
37876
37879
37882
37879
37880
37885
37882
37911
37901
37914
38282
37890
37916
38273
37890
37895
37901
37890
37897
37916
38492
38282
37892
37915
38493
38497
38180
38503
40110
37897
37898
38492
37902
37918
37897
37900
38264
38266
38280
38493
37913
37935
37943
38007
37902
37902
37904
37905
37911
37911
38471
37906
38477
37907
37913
37912
38450
37912
37914
38422
38449
37917
38492
40106
37915
37917
38181
40107
38180
37918
37918
40111
37918
40109
38497
40108
40106
38180
37920
37925
37928
37922
37938
37922
37925
37923
37924
37950
37948
37929
37927
37930
37947
37948
37931
37937
37930
37931
37932
37933
37947
37934
37944
37945
37946
37950
37940
37942
37939
37940
37950
37941
37944
37944
37949
37946
37947
37948
37990
37982
37953
37954
37980
37981
37992
38013
37956
37962
37955
37993
37961
37962
37957
38043
37963
38044
37961
37991
38051
37960
37961
38052
37963
38040
37963
37965
37986
38019
37968
38006
37969
37972
37979
37979
38006
38016
38020
37969
37976
37970
37971
37974
37976
37977
37974
37978
38366
37977
37995
38077
37977
38360
37976
37988
37994
37979
38016
38373
37981
37992
37993
37983
37984
37996
37985
37989
37986
37994
37994
38022
37990
37991
37995
37990
37994
37995
37990
37993
37993
38055
38026
38053
38021
37998
38013
38022
38001
38009
38017
37999
38004
38011
38013
38011
38017
38018
38002
38004
38005
38014
38009
38014
38015
38019
38006
38020
38019
38015
38016
38085
38372
38010
38012
38017
38018
38018
38073
38084
38020
38072
38078
38022
38022
38082
38086
38029
38041
38042
38025
38031
38043
38026
38041
38043
38050
38030
38033
38038
38032
38039
38040
38031
38034
38034
38035
38033
38033
38044
38042
38038
40568
40570
38041
38042
40566
40567
38039
38056
38044
38054
38044
38047
38052
38147
38047
38051
38060
38067
38144
38148
38053
38055
38083
38087
38053
38054
38057
38052
38055
38054
38055
38056
38057
38135
40569
38062
38092
38141
38060
38063
38068
38067
38088
38064
38067
38150
38065
38151
38064
38089
38112
38075
38102
38081
38087
38090
38131
38076
38088
38089
38074
38076
38089
38330
38071
38075
38079
38074
38085
38331
38073
38080
38085
38081
38084
38091
38332
38091
38092
38077
38078
38082
38082
38085
38080
38092
38081
38086
38084
38086
38087
38086
38088
38090
38091
38092
38103
38165
38184
38107
38108
38109
38108
38110
38127
38099
38110
38125
38098
38099
38106
38101
38106
38100
38102
38126
38105
38107
38103
38105
38112
38118
38109
38112
38114
38112
38133
38111
38109
38111
38111
38114
38120
38188
38118
38127
38119
38127
38178
38119
38124
38125
38285
38302
40419
38126
40423
38121
38187
38302
40420
38178
38187
38205
38311
38325
38340
38343
38286
38327
38324
40426
38126
38127
38327
38129
38137
38139
38143
38130
38143
38134
38144
38147
38150
38136
38138
38151
38136
38150
38151
38146
38147
38146
38147
38137
38145
38150
38143
38145
40572
38151
40572
38148
40568
38146
40571
38158
38159
38168
38154
38157
38168
38162
38173
38162
38163
38173
38158
38166
38189
38166
38167
38168
38170
38176
38161
38171
38169
38183
38171
38169
38174
38167
38185
38487
38179
38181
38172
38175
38175
38186
38172
38176
38175
38176
38188
38189
40107
38186
38188
38241
40111
38185
38189
38187
38204
38294
40108
38185
38186
38194
38241
38274
38496
38189
38188
38196
38204
38499
38197
38198
38201
38193
38199
38486
38199
38200
38200
38205
38498
38200
38201
38202
38197
38203
38198
38199
38606
38602
38203
38203
38205
38205
38482
38207
38208
38209
38212
38213
38214
38238
38210
38214
38211
38212
38215
38217
38514
38243
38541
38543
38215
38317
38219
38303
38500
38218
38254
38312
38255
38489
38520
38240
38550
38221
38228
38230
38223
38239
38224
38226
38230
38224
38597
38234
38599
38227
38233
38234
38229
38235
38239
38243
38236
38233
38234
38237
38237
38240
38608
38236
38236
38238
38242
38242
38243
38609
38242
38243
38247
38249
38256
38246
38256
38257
38247
38260
38505
38250
38565
38582
38253
38504
38251
38517
38518
38520
40391
38253
38256
38262
38254
38255
38262
38277
38258
38283
38259
38269
38260
38284
38505
38506
40390
38288
38310
38265
38268
38301
38271
38273
38282
38273
38299
38273
38300
40108
38269
38293
38271
38283
38284
38272
38278
38279
38427
38279
38280
38281
38346
38278
38279
38277
38280
38296
38481
38281
38298
38284
38483
38284
38510
40109
38289
38291
38299
38323
38320
38326
38290
38291
38333
38364
38289
38298
38321
38291
38298
38292
38341
38293
38293
38301
38301
38295
38300
38296
38297
38298
38300
38318
38340
38300
38301
40420
38311
38312
38310
38344
40395
38309
38316
38343
40395
38309
38316
40393
38312
38317
40395
38312
38321
38340
38319
40392
38320
38326
38329
38316
40394
38321
38340
40421
40395
38342
38326
38334
38336
40425
38330
38341
40419
38327
40426
38329
40426
40425
40423
38334
38344
38376
38343
38332
38341
38332
38338
38375
40422
38341
38342
38367
38339
38337
38339
38371
38338
38339
38338
38374
38344
40421
40424
40424
38347
38349
38368
38348
38352
38355
38369
38351
38363
38354
38364
38353
38358
38354
38359
38361
38362
38373
38358
38366
38359
38360
38364
38366
38362
38370
38365
38369
38376
38367
38372
38374
38373
38375
38376
38369
38370
38371
38374
38376
38373
38375
38375
38383
38386
38404
38379
38387
38407
38399
38406
38381
38388
38393
38382
38391
38394
38393
38395
38394
38395
38387
38388
38389
38390
38398
38399
38391
38398
38392
38397
38434
38424
38443
38416
38432
38398
38399
38402
38405
38414
38403
38407
38408
38408
38409
38404
38414
38407
38416
38411
38407
38419
38420
38417
38410
38411
38417
38418
38412
38418
38444
38522
38416
38430
38445
38419
38446
38572
38431
38431
38434
38445
38427
38435
38444
38428
38435
38437
38424
38426
38441
38426
38443
38434
38441
38428
38428
38430
38527
38444
38445
38433
38446
38527
38438
38439
38443
38440
38448
38439
38440
38442
38441
38442
38440
38446
38451
38445
38446
38452
38458
38464
38449
38451
38453
38450
38494
38452
38466
38452
38586
38484
38518
38555
38575
38583
38580
38936
40400
38457
38462
38578
38458
38464
38983
38995
40436
38568
40434
38761
38764
38794
38992
38944
40399
38464
38479
38795
38467
38539
38554
38945
40397
38467
38477
38495
38478
38479
38470
38477
38479
38471
38474
38502
38472
38474
38477
38503
38473
38475
38701
38478
38479
40435
38476
38476
38488
38723
38491
38501
40405
38481
38499
38500
38483
38489
38497
38498
38499
38484
38493
38494
38519
38486
38487
38490
38498
38499
38496
38502
38491
38501
38538
38500
38521
38491
38547
38502
40111
40110
38495
40110
38501
38503
38497
38498
38552
40403
38503
38505
40389
38507
38516
38522
38513
38535
38571
38511
40387
38517
38512
38513
40388
38565
40391
38520
38525
40391
38583
38584
40388
38522
38519
38570
38521
40402
38521
38525
38537
38568
38733
38537
38553
40402
40404
38551
38553
38532
38548
40325
38542
38738
40319
38721
40321
40322
38532
38540
38541
38545
38547
38717
38719
38533
38534
38541
38535
38536
38553
40404
38548
38538
40403
38547
38717
38578
38581
38545
38738
40325
38543
38545
38601
38719
38550
38551
38546
38722
38741
40322
38550
38717
38723
38725
38552
38718
38721
38724
38725
38726
38552
38552
38553
38575
40406
38557
38564
38567
38571
38575
38559
38561
38566
38572
38605
38618
38572
38576
38563
38566
38583
38576
38579
38566
38571
38575
38585
40405
38585
38940
38582
38586
40402
38573
38576
38577
38579
38583
38584
40398
38578
38581
40397
40398
38937
38946
38582
38586
38946
40406
38592
38595
38604
38589
38592
38660
38590
38593
38591
38594
38621
38607
38636
38681
38654
38594
38595
38596
38597
38599
38607
38599
38609
38606
38607
38678
38608
38601
38606
38608
38603
38606
38655
38604
38609
38647
38609
38617
38625
38612
38613
38614
38617
38620
38616
38636
38662
38615
38627
38616
38667
40354
38619
38623
38627
38621
38634
38636
38635
38624
38625
38633
38626
38630
40351
40354
38631
38634
38637
40352
38639
40354
40353
40353
40349
38643
38645
38685
38646
38714
38724
38709
38713
38716
38644
38716
38648
38659
38646
38654
38647
38650
38654
38649
38743
38652
38686
38651
38655
38653
38726
38729
38735
38743
38687
38735
38684
38676
38679
38658
38661
38685
38658
38659
38665
38666
38685
38686
38661
38681
38684
38662
38667
38681
38672
38673
38682
38665
38673
38683
38682
38667
38683
38668
38680
38683
38670
38672
38674
38675
38687
38672
38682
38686
38680
38677
38680
38676
38677
38679
38687
38678
38679
38681
38684
38685
38687
38705
38706
38801
38695
38704
38707
38693
38695
38707
38708
38699
38704
38705
38701
38702
38722
38948
38728
38730
38746
38703
38704
38707
38697
38700
38730
38985
38700
38706
38734
38742
38744
38701
38702
38992
38804
40435
38745
38985
38736
38746
38794
38793
38728
38715
38732
38715
38731
38730
38731
38732
38732
40322
38714
38716
38721
38743
38743
38733
38733
40325
38725
38739
40322
40324
38724
38723
38745
38736
40319
38726
38735
38729
38735
38746
38731
38745
38741
38740
38745
38746
40323
40325
38741
38757
38749
38750
38836
38749
38756
38766
38753
38751
38931
38752
38754
38935
38949
38758
38759
38759
38947
38948
38991
38758
38947
38759
38912
38795
38802
38990
38991
40400
40434
38764
38982
38983
40328
38800
40436
38767
38776
38820
38790
38836
38840
38772
38789
38789
38796
38820
38841
38823
38841
38970
40327
38771
38776
38916
38772
38969
38952
38931
38934
38952
38777
38828
38870
38909
38783
38787
38790
38840
38777
38835
38779
38780
38998
38999
38781
38809
38792
38823
38977
38782
38872
38806
38829
38833
38796
38799
38818
38785
38787
38818
38786
38788
38803
38831
38788
38804
38816
40326
40329
38797
38800
38809
38798
38800
38809
38801
38803
38804
38801
38992
40435
38815
40329
38801
38805
38799
38823
40328
38806
38837
38981
38808
38988
40436
38805
38807
38839
38809
38839
38982
38985
38992
38984
38811
38812
38825
38825
38826
38813
38817
38821
38832
38819
38825
38835
38817
38819
38836
38932
40327
38818
38831
38820
38835
38822
38831
38830
38832
38837
38828
38829
38837
38874
38827
38832
38829
38833
38835
38841
38878
38833
38839
38839
38922
40326
38841
38889
38951
38982
40328
38846
38848
38856
38844
38848
38853
38849
38852
38850
38851
38863
38859
38864
38850
38860
38862
38849
38854
38864
38862
38865
38855
38857
38856
38857
38863
38865
38865
38866
38858
38887
38859
38899
38860
38893
38866
38882
38887
38893
38866
38864
38868
39060
39099
38881
38882
40342
38874
39010
38878
38902
40338
38880
38901
39000
38898
38891
39015
38897
40342
38882
38885
38886
38887
38888
38892
38894
38900
39053
38895
38896
38900
39006
38892
38895
39034
38895
38896
38899
38892
38893
38894
38894
38900
39025
38899
39016
40342
38901
39062
39013
40337
38906
38915
38959
38906
38910
40369
39015
39056
39062
40371
38908
38908
38911
38964
38916
38971
39018
38915
39011
38930
38938
39052
39054
39058
38965
38980
38997
39022
38916
38973
38921
38930
40430
38925
38926
38974
38923
38924
40431
39002
39021
40433
39054
40370
40432
38938
38951
38926
40430
38926
38927
38928
38943
38928
38929
38976
38989
40427
39020
40429
38932
38949
38950
38952
38935
38936
38939
38939
38958
38936
38949
38939
38951
38945
40406
38942
38946
38943
38975
38968
38976
38976
38990
40401
40400
40401
38982
38985
40434
38991
38963
38983
40327
38972
38954
38960
38955
38964
38967
38974
38957
38960
38969
38958
38961
38962
38972
38960
38964
38973
38962
38975
38970
38972
38995
40429
38974
40429
40430
38975
38974
38975
38997
38972
38973
38971
38978
38973
38996
38994
38978
38981
39023
38995
38996
38987
39004
38996
40374
40429
38987
40436
38991
38988
38989
39161
38988
38994
39022
39001
39018
40374
38997
38997
40374
38999
39008
39023
39000
39013
39010
39013
39007
39023
40374
39021
40432
39005
39008
40433
39007
39008
39023
39012
39072
39056
39062
39098
40433
39012
39013
39016
40337
39015
39018
39015
39018
40371
39016
39072
39098
39056
39041
39047
39058
39099
39072
40370
40433
40368
40370
40428
40427
39026
39036
39034
39035
39038
39069
39029
39033
39036
39031
39036
39037
39030
39033
39035
39033
39034
39034
39037
39038
39038
39070
39043
39046
39048
39101
39107
39110
39067
39108
39048
39064
40375
40377
39044
39064
39060
39063
39053
39063
40373
39047
39099
39059
39059
39061
40376
39067
39068
40381
40379
39054
40372
40370
40368
39072
39103
39105
40381
39067
39099
40373
40375
40382
40372
39065
39065
39070
39071
39104
39108
39070
39087
39094
39090
39112
39081
39083
39085
39146
39076
39082
39084
39077
39091
39078
39086
39089
39094
39083
39092
40376
39082
39083
39086
39091
39092
39087
39094
39095
39092
39093
39096
39090
39093
39094
39096
39093
39096
39105
39102
39103
39108
39101
39111
39109
39106
39109
39104
40381
39106
39107
39109
40372
39112
39114
39120
39133
39115
39117
39116
39134
39119
39136
39118
39119
39121
39122
39137
39122
39123
39129
39137
39126
39124
39127
39125
39135
39127
39128
39127
39129
39135
39140
39130
39138
39140
39132
39136
39139
39138
39139
39134
39135
39136
39138
39140
39143
39144
39163
39152
39163
39164
39145
39157
39160
39152
39154
39148
39153
39169
39149
39154
39150
39156
39169
39170
39153
39164
39166
39153
39155
39156
39157
39158
39158
39159
39170
39162
39223
39163
39167
39165
39167
39168
39168
39169
39170
39172
39177
39176
39176
39177
39179
39329
39186
39186
39185
39190
39191
39192
39193
39196
39201
39207
39206
39203
39204
39209
39206
39205
39207
39207
39223
39211
39213
39214
39216
39222
39218
39220
39219
39221
39222
39225
39226
39227
39230
39229
39232
39230
39232
39234
39236
39239
39245
39244
39240
39243
39245
39249
39248
39249
39251
39252
39253
39254
39254
39260
39257
39258
39258
39259
39260
39261
39264
39264
39267
39268
39270
39271
39272
39274
39279
39275
39277
39278
39279
39284
39282
39286
39284
39284
39286
39286
39288
39293
39294
39299
39299
39299
39302
39305
39307
39305
39308
39308
39310
39312
39315
39315
39317
39326
39320
39321
39322
39321
39326
39324
39326
39335
39334
39332
39336
39336
39335
39336
39340
39342
39343
39343
39349
39346
39351
39353
39354
39357
39355
39357
39361
39365
39366
39368
39373
39372
39375
39378
39379
39383
39381
39381
39383
39389
39386
39387
39389
39389
39392
39395
39507
39511
39397
39398
39399
39400
39403
39400
39404
39401
39402
39404
39411
39411
39414
39418
39417
39422
39423
39421
39422
39424
39425
39429
39428
39566
39430
39430
39436
39438
39440
39441
39439
39442
39440
39443
39443
39461
39448
39451
39461
39450
39452
39454
39455
39455
39460
39456
39457
39465
39462
39462
39461
39464
39465
39465
39467
39470
39471
39473
39475
39477
39475
39477
39477
39480
39480
39486
39482
39482
39483
39486
39483
39485
39486
39500
39491
39495
39514
39503
39493
39497
39500
39500
39504
39508
39513
39512
39514
39517
39520
39519
39519
39523
39524
39525
39536
39534
39535
39536
39539
39539
39541
39542
39545
39546
39547
39548
39559
39558
39552
39554
39559
39556
39557
39558
39559
39563
39563
39570
39567
39570
39567
39571
39571
39570
39573
39577
39575
39576
39578
39581
39583
39586
39583
39584
39584
39585
39586
39588
39590
39591
39592
39593
39600
39596
39597
39599
39601
39600
39609
39607
39608
39611
39614
39615
39615
39621
39618
39622
39621
39622
39625
40070
39630
39630
40072
40071
39632
39637
39638
39641
39644
39642
39641
39641
39644
39643
39646
39650
39649
39653
39654
39766
39761
39819
39712
39758
39898
39670
39672
39674
39675
39925
39936
39697
39681
39689
39681
39689
39683
39683
39689
39810
39811
39829
39772
39780
39693
39696
39700
39702
39702
39704
39705
39713
39709
39709
39755
39710
39932
39757
39724
39723
39720
39726
39722
39726
39729
39728
39730
39729
39732
40034
39733
39736
39737
39738
39740
39738
39741
39741
39743
39938
39946
39781
39918
39943
39778
39776
39754
39756
39766
39772
39814
39820
39812
39848
39800
39785
39787
39799
39766
39768
39769
39769
39819
39821
39934
39789
39895
39901
39944
39913
39913
39920
39789
39847
39861
39789
39895
39828
39832
39888
39816
39852
39866
39802
39840
39805
39832
39843
39811
39890
39814
39816
39830
39831
39819
39896
39821
39828
39851
39889
39891
39838
39843
39829
39833
39834
39837
39839
39907
39838
39839
39841
39846
39844
39846
39846
39848
39850
39850
39851
39855
39858
39855
39857
39860
39860
39862
39868
39865
39868
39868
39870
39872
39872
39873
39874
39876
39878
39877
39879
39887
39910
39883
39885
39887
39885
39887
39889
39896
39891
39892
39893
39896
39898
39900
39931
39936
39975
39903
39905
39905
39911
39984
39985
39947
39909
39925
39912
39912
39914
39915
39923
39941
39945
39921
39924
39924
39950
39926
39928
39929
39932
39946
39949
39956
39952
39953
39956
39962
39963
39963
39963
39965
40004
39966
39969
40003
39974
39973
39980
39983
39979
39983
39989
39983
39989
39991
40080
40144
39993
39996
39997
39998
39999
40001
40001
40011
40004
40008
40007
40008
40008
40010
40013
40013
40017
40018
40019
40024
40027
40025
40026
40027
40031
40033
40037
40034
40036
40037
40043
40043
40040
40043
40043
40045
40048
40047
40047
40050
40051
40053
40057
40056
40057
40062
40061
40061
40064
40065
40065
40066
40067
40069
40071
40075
40073
40075
40074
40077
40084
40078
40081
40082
40084
40087
40092
40097
40093
40094
40094
40095
40096
40099
40105
40105
40107
40108
40110
40111
40414
40116
40118
40116
40120
40120
40409
40122
40127
40128
40123
40124
40125
40126
40126
40128
40131
40132
40133
40133
40134
40142
40137
40138
40140
40145
40141
40142
40146
40147
40148
40152
40153
40152
40158
40162
40160
40162
40163
40167
40168
40190
40168
40169
40170
40177
40176
40177
40176
40179
40182
40185
40186
40187
40187
40189
40189
40191
40196
40193
40196
40204
40198
40201
40200
40204
40202
40203
40207
40207
40209
40209
40212
40212
40216
40217
40222
40224
40226
40220
40223
40226
40222
40227
40226
40230
40232
40235
40237
40237
40242
40239
40240
40241
40242
40242
40243
40247
40247
40252
40250
40253
40251
40252
40254
40256
40259
40260
40258
40259
40263
40259
40261
40261
40267
40269
40266
40269
40272
40276
40273
40274
40276
40276
40281
40282
40282
40285
40286
40288
40286
40289
40291
40293
40297
40298
40299
40301
40302
40305
40306
40307
40307
40309
40311
40318
40313
40314
40318
40314
40320
40321
40324
40324
40329
40328
40331
40333
40334
40340
40338
40342
40341
40340
40341
40341
40347
40345
40347
40415
40349
40355
40351
40353
40352
40355
40354
40357
40361
40358
40366
40359
40361
40361
40363
40364
40369
40373
40369
40371
40373
40380
40383
40383
40385
40386
40389
40390
40390
40396
40396
40396
40398
40399
40399
40401
40401
40403
40405
40408
40411
40411
40417
40413
40414
40417
40415
40417
40421
40422
40423
40426
40424
40423
40425
40425
40428
40431
40431
40432
40435
40454
40461
40456
40444
40455
40444
40446
40447
40450
40454
40455
40455
40456
40458
40461
40462
40463
40463
40467
40467
40470
40472
40477
40477
40483
40476
40479
40482
40482
40486
40483
40487
40485
40487
40531
40577
40492
40498
40498
40499
40501
40503
40505
40510
40506
40510
40508
40511
40512
40512
40524
40519
40524
40520
40523
40521
40524
40523
40527
40528
40547
40533
40537
40541
40543
40544
40545
40546
40548
40549
40550
40550
40551
40553
40555
40562
40558
40559
40561
40559
40562
40564
40561
40563
40563
40567
40568
40569
40569
40571
40574
40575
40579
40581
40582
40585
40582
40587
40591
40589
40589
40588
40588
40590
40591
40590
40591
40593
40596
40594
40595
40597
40598
40601
40604
40606
40605
40609
40610
40609
40610
40611
40610
40614
40614
40615
40616
40619
40617
)


// ************************************************************************* //
