/*--------------------------------*- C++ -*----------------------------------*\
  =========                 |
  \\      /  F ield         | OpenFOAM: The Open Source CFD Toolbox
   \\    /   O peration     | Website:  https://openfoam.org
    \\  /    A nd           | Version:  12
     \\/     M anipulation  |
\*---------------------------------------------------------------------------*/
FoamFile
{
    format      ascii;
    class       vectorField;
    location    "constant/polyMesh";
    object      points;
}
// * * * * * * * * * * * * * * * * * * * * * * * * * * * * * * * * * * * * * //


8892
(
(0.025 0 -0.25)
(0.025 0 0.25)
(0.0245196320100808 0.0048772580504032 -0.25)
(0.0230969883127822 0.00956708580912723 -0.25)
(0.0207867403075637 0.01388925582549 -0.25)
(0.0176776695296637 0.0176776695296637 -0.25)
(0.0138892558254901 0.0207867403075636 -0.25)
(0.00956708580912729 0.0230969883127821 -0.25)
(0.00487725805040326 0.0245196320100807 -0.25)
(5.7041959730192e-17 0.025 -0.25)
(-0.00487725805040313 0.0245196320100808 -0.25)
(-0.00956708580912716 0.0230969883127822 -0.25)
(-0.01388925582549 0.0207867403075637 -0.25)
(-0.0176776695296636 0.0176776695296638 -0.25)
(-0.0207867403075636 0.0138892558254902 -0.25)
(-0.0230969883127821 0.00956708580912736 -0.25)
(-0.0245196320100807 0.00487725805040333 -0.25)
(-0.025 1.36288379952887e-16 -0.25)
(-0.0245196320100808 -0.00487725805040306 -0.25)
(-0.0230969883127822 -0.00956708580912713 -0.25)
(-0.0207867403075637 -0.01388925582549 -0.25)
(-0.0176776695296637 -0.0176776695296636 -0.25)
(-0.0138892558254901 -0.0207867403075636 -0.25)
(-0.0095670858091273 -0.0230969883127821 -0.25)
(-0.00487725805040326 -0.0245196320100807 -0.25)
(-4.90013464818088e-17 -0.025 -0.25)
(0.00487725805040319 -0.0245196320100808 -0.25)
(0.00956708580912725 -0.0230969883127822 -0.25)
(0.0138892558254901 -0.0207867403075636 -0.25)
(0.0176776695296637 -0.0176776695296637 -0.25)
(0.0207867403075637 -0.01388925582549 -0.25)
(0.0230969883127822 -0.0095670858091272 -0.25)
(0.0245196320100808 -0.00487725805040313 -0.25)
(0.025 0 -0.245)
(0.025 0 -0.24)
(0.025 0 -0.235)
(0.025 0 -0.23)
(0.025 0 -0.225)
(0.025 0 -0.22)
(0.025 0 -0.215)
(0.025 0 -0.21)
(0.025 0 -0.205)
(0.025 0 -0.2)
(0.025 0 -0.195)
(0.025 0 -0.19)
(0.025 0 -0.185)
(0.025 0 -0.18)
(0.025 0 -0.175)
(0.025 0 -0.17)
(0.025 0 -0.165)
(0.025 0 -0.16)
(0.025 0 -0.155)
(0.025 0 -0.15)
(0.025 0 -0.145)
(0.025 0 -0.14)
(0.025 0 -0.135)
(0.025 0 -0.13)
(0.025 0 -0.125)
(0.025 0 -0.12)
(0.025 0 -0.115)
(0.025 0 -0.11)
(0.025 0 -0.105)
(0.025 0 -0.1)
(0.025 0 -0.095)
(0.025 0 -0.09)
(0.025 0 -0.085)
(0.025 0 -0.08)
(0.025 0 -0.075)
(0.025 0 -0.07)
(0.025 0 -0.065)
(0.025 0 -0.06)
(0.025 0 -0.055)
(0.025 0 -0.05)
(0.025 0 -0.045)
(0.025 0 -0.04)
(0.025 0 -0.035)
(0.025 0 -0.03)
(0.025 0 -0.025)
(0.025 0 -0.02)
(0.025 0 -0.015)
(0.025 0 -0.01)
(0.025 0 -0.005)
(0.025 0 0)
(0.025 0 0.005)
(0.025 0 0.01)
(0.025 0 0.015)
(0.025 0 0.02)
(0.025 0 0.025)
(0.025 0 0.03)
(0.025 0 0.035)
(0.025 0 0.04)
(0.025 0 0.045)
(0.025 0 0.05)
(0.025 0 0.055)
(0.025 0 0.06)
(0.025 0 0.065)
(0.025 0 0.07)
(0.025 0 0.075)
(0.025 0 0.08)
(0.025 0 0.085)
(0.025 0 0.09)
(0.025 0 0.095)
(0.025 0 0.1)
(0.025 0 0.105)
(0.025 0 0.11)
(0.025 0 0.115)
(0.025 0 0.12)
(0.025 0 0.125)
(0.025 0 0.13)
(0.025 0 0.135)
(0.025 0 0.14)
(0.025 0 0.145)
(0.025 0 0.15)
(0.025 0 0.155)
(0.025 0 0.16)
(0.025 0 0.165)
(0.025 0 0.17)
(0.025 0 0.175)
(0.025 0 0.18)
(0.025 0 0.185)
(0.025 0 0.19)
(0.025 0 0.195)
(0.025 0 0.2)
(0.025 0 0.205)
(0.025 0 0.21)
(0.025 0 0.215)
(0.025 0 0.22)
(0.025 0 0.225)
(0.025 0 0.23)
(0.025 0 0.235)
(0.025 0 0.24)
(0.025 0 0.245)
(0.0245196320100808 0.0048772580504032 0.25)
(0.0230969883127822 0.00956708580912723 0.25)
(0.0207867403075637 0.01388925582549 0.25)
(0.0176776695296637 0.0176776695296637 0.25)
(0.0138892558254901 0.0207867403075636 0.25)
(0.00956708580912729 0.0230969883127821 0.25)
(0.00487725805040326 0.0245196320100807 0.25)
(5.7041959730192e-17 0.025 0.25)
(-0.00487725805040313 0.0245196320100808 0.25)
(-0.00956708580912716 0.0230969883127822 0.25)
(-0.01388925582549 0.0207867403075637 0.25)
(-0.0176776695296636 0.0176776695296638 0.25)
(-0.0207867403075636 0.0138892558254902 0.25)
(-0.0230969883127821 0.00956708580912736 0.25)
(-0.0245196320100807 0.00487725805040333 0.25)
(-0.025 1.36288379952887e-16 0.25)
(-0.0245196320100808 -0.00487725805040306 0.25)
(-0.0230969883127822 -0.00956708580912713 0.25)
(-0.0207867403075637 -0.01388925582549 0.25)
(-0.0176776695296637 -0.0176776695296636 0.25)
(-0.0138892558254901 -0.0207867403075636 0.25)
(-0.0095670858091273 -0.0230969883127821 0.25)
(-0.00487725805040326 -0.0245196320100807 0.25)
(-4.90013464818088e-17 -0.025 0.25)
(0.00487725805040319 -0.0245196320100808 0.25)
(0.00956708580912725 -0.0230969883127822 0.25)
(0.0138892558254901 -0.0207867403075636 0.25)
(0.0176776695296637 -0.0176776695296637 0.25)
(0.0207867403075637 -0.01388925582549 0.25)
(0.0230969883127822 -0.0095670858091272 0.25)
(0.0245196320100808 -0.00487725805040313 0.25)
(-0.0186568402723741 -0.0166409828751526 0.218290311765888)
(-0.0183487873490204 -0.0169800471972379 0.222774922502257)
(-0.0156225961891007 -0.0195175430910834 0.220697331283584)
(-0.0205040882672198 -0.0143032291574336 0.222561011090745)
(0.0235164041668318 0.00848402823322829 -0.218221989459977)
(0.0222286970952673 0.0114404993530376 -0.219919461075872)
(0.0237107873595686 0.00792455442213124 -0.221533277455449)
(0.0220221211813084 0.0118332657654499 -0.223149379529311)
(0.0235779871780484 -0.00831134890567029 0.218569872852344)
(0.0222204330334206 -0.0114565420527867 0.219912478593895)
(0.0237213837610296 -0.00789277850075374 0.221750210256957)
(0.0220498164961296 -0.0117815785227197 0.22319540351075)
(0.0247581241306249 0.00346919148110467 -0.238557879758155)
(0.0246813949022713 0.00397853561981511 -0.233697187600996)
(0.023986261666906 0.00704693204499066 -0.236834174086596)
(0.0247581241173876 -0.00346919157557385 0.238557879698974)
(0.0246813948839327 -0.00397853573358118 0.233697187543272)
(0.0239862615850415 -0.00704693232364001 0.236834173813399)
(0.0191554129169096 0.0160645621161205 0.234564978600921)
(0.0157342742305646 0.0194276250333742 0.232661729264358)
(0.0192508535842568 0.0159500669678064 0.231132961473881)
(0.0171315003339423 0.0182074626543111 0.237668578725794)
(0.0246602815452515 -0.00410737313972405 -0.217292070331607)
(0.0237432534519676 -0.00782674360865555 -0.220166188587252)
(0.0235526021555586 -0.00838301447583008 -0.216343976513908)
(0.0192632879019484 -0.0159350475119044 -0.234755310180211)
(0.0162574157011802 -0.0189920097598706 -0.233356430604243)
(0.0192896401883011 -0.0159031374705082 -0.231249895366512)
(-0.0236904087817408 0.00798526967321812 -0.153040212383966)
(-0.0221815921019925 0.0115315641532631 -0.153149681405828)
(-0.0233557223581294 0.00891685107703242 -0.148858019023823)
(0.0205776400771969 0.0141972084880564 -0.240876878180313)
(0.0214147728962373 0.0128999031702793 -0.235759952139814)
(0.0186010297059928 0.016703343793288 -0.238106873102854)
(0.017320472374243 -0.0180277906780916 -0.237857333748938)
(0.024639334467828 0.00423121696235263 0.217204651952712)
(0.0238956330781963 0.00734838212072627 0.220446642951216)
(0.0237634483628519 0.00776521228982645 0.216017101559244)
(0.0227143670186874 0.0104430613777937 0.218743985593726)
(0.0205776400073475 -0.0141972085892972 0.24087687798432)
(0.0214147719220764 -0.0128999047874567 0.235759950543432)
(0.0186010607271081 -0.016703309247764 0.238106875291334)
(0.0101826215690442 -0.0228323064533927 -0.20493563092888)
(0.0105053666543272 -0.0226856181634566 -0.199385373709253)
(0.0133090291092785 -0.0211629332600275 -0.202893082764287)
(0.0139975484281623 -0.0207139720479016 -0.198664931167499)
(-0.0212550532709679 0.013161409895916 -0.148307867670086)
(-0.0176825752368876 0.0176727624606854 -0.241442170551936)
(-0.0173989326603756 0.0179520790517342 -0.245159747326893)
(-0.014123844645076 0.0206280637104348 -0.241893847560288)
(0.00716160163265208 -0.023952274673926 -0.198098192432996)
(0.00705265383142545 -0.0239845799199002 -0.202823552893044)
(0.00357355150253063 -0.0247432764535896 -0.199403953512544)
(0.0229979735088332 -0.00980271464886162 0.182829772753439)
(0.0245888194966187 -0.0045155238635958 0.182310984147223)
(0.0238955703830193 -0.00734858599120742 0.178885218866307)
(0.0247676161055409 -0.00340076350964736 0.178242052139572)
(0.0237607847549827 -0.00777335885106202 -0.205179649413303)
(0.0225841353697664 -0.010721792275551 -0.208704171096351)
(0.0219294125856485 -0.0120042019163459 -0.205183405662962)
(0.0222027840206 0.0114907084957625 0.197870294831838)
(0.0207115012171614 0.0140012041386276 0.195905301007545)
(0.0226490118806284 0.0105840569174186 0.192656420292574)
(0.0238431470836096 -0.007516936686534 -0.233142109759321)
(0.0233743131896359 -0.00886800332165097 -0.229479358158418)
(0.0245041972457766 -0.00495422217306377 -0.229610874405016)
(0.021890933892136 -0.0120742293058453 -0.23346819583387)
(0.0245854372603177 -0.00453390281313817 0.228507062833874)
(0.0234173103131181 -0.00875383217220499 0.229106829743089)
(0.0234501622572592 -0.00866544229155179 0.233217179735097)
(0.00683295537465613 0.0240480918338225 -0.246520001357569)
(0.0111871925215344 0.0223572521452464 -0.245564708785262)
(0.0238431471736725 0.00751693640086128 0.233142109964026)
(0.023374313873113 0.00886800152013956 0.229479357170964)
(0.0245041972196862 0.00495422230210991 0.229610873491506)
(0.0218807289470058 0.012092712712525 0.233489736496145)
(0.0245845056056322 0.0045389518753387 -0.228497335955312)
(0.0234173109216831 0.00875383054423735 -0.229106830824803)
(0.0234501626011734 0.00866544136086157 -0.233217180384645)
(0.00683295592204427 -0.0240480916782892 0.246520000057216)
(0.011596272238428 -0.0221478321777158 0.245008344773992)
(-0.01103457399739 -0.0224329707505744 -0.226091422313487)
(-0.0151081727468608 -0.0199184114891477 -0.224226090485225)
(-0.0122035390866785 -0.0218191116629415 -0.222258550926716)
(-0.0136566443609719 -0.0209402976291631 -0.228147905742873)
(-0.009967005408589 -0.0229272502316601 0.231998909464947)
(-0.014404373619707 -0.0204331598296468 0.232898854130251)
(-0.0118689552105209 -0.0220029066764064 0.234716254167388)
(-0.0133534047461804 -0.0211349611233304 0.238375053334931)
(0.0247459116493495 0.0035552576056581 0.221838692526308)
(0.0238739679677835 0.00741846705682826 -0.240870548008631)
(0.0247573310927068 0.00347484635143661 0.239093014969809)
(0.023777204434811 0.00772298836365851 0.240595475758341)
(0.024423994625069 0.00533558680508526 0.236422180579171)
(0.024748885938648 -0.00353449356991798 -0.221807741288551)
(0.0238739679273206 -0.00741846718704519 0.240870547959284)
(0.0247573310920629 -0.00347484635602446 -0.2390930149624)
(0.0237772044347932 -0.00772298836371327 -0.240595475758293)
(0.0244239946346393 -0.00533558676127665 -0.236422180526591)
(0.0219004743547134 -0.0120569159837224 -0.246665493997575)
(0.0200399860918717 -0.0149465366368797 -0.245998728177779)
(0.0168193127963394 -0.0184962352131155 -0.225504865259043)
(0.0166157554757941 -0.0186793112819669 -0.229146707411014)
(0.01360102358731 -0.0209764667515156 -0.226111999438553)
(0.0127572154957574 -0.0215000802974037 -0.229922061988416)
(0.0219004743547134 0.0120569159837224 0.24666549399758)
(0.0200370245368353 0.0149505066037998 0.245994665588765)
(0.0247610050267202 0.00344856927822769 -0.21380245187405)
(0.0225116306527728 0.0108732003270951 0.222312698451835)
(0.0246268937271432 0.00430303443537193 0.212635631746458)
(0.0199706120018437 0.0150391042376804 0.192610179110884)
(0.017771479610307 0.0175833589641013 0.224942004523742)
(0.0167800012737337 0.0185319064657012 0.228941083656709)
(0.0141733466477991 0.0205940827618353 0.22593263813954)
(0.0135601483625788 0.0210029135213392 0.229422114585895)
(0.0247289192642873 -0.00367158712553067 -0.20294544856873)
(0.0241919822816329 -0.00630460096161204 -0.201009644749452)
(0.0248037288569375 -0.00312650520414152 -0.198262049802687)
(0.0246662520475036 0.00407136462737333 -0.243041350669938)
(0.0247390212337614 0.00360289167135258 -0.246774000373599)
(0.0246662520466924 -0.0040713646322879 0.243041350664877)
(0.024739021233547 -0.00360289167282514 0.246774000371632)
(0.0239076541484165 -0.00730917732167603 -0.197543799287693)
(0.0247034188194587 -0.00383941383943092 0.212906270665891)
(-0.00784817386255749 0.0237361784418442 0.247036778648189)
(-0.0116795954700282 0.0221040052853888 0.245994274944344)
(-0.00853874106918807 0.0234965933903909 0.243020419097845)
(-0.00476152064421794 0.0245423699172408 0.231733138491328)
(-0.00123773078564578 0.0249693416513585 0.231688677757603)
(-0.00362659458338918 0.0247355576393121 0.23608402115791)
(0.0236952038852412 0.00797102959703779 -0.208344627090954)
(0.0236137679575488 0.00820913898329431 -0.204590187017871)
(0.0224384755782616 0.0110233757861989 -0.207493391299913)
(0.0246877491833595 0.0039389135887366 -0.206635807080598)
(-0.0129211492562504 -0.0214019602349341 0.227651507092103)
(-0.00978353620709122 -0.0230061387304462 0.227821384439698)
(0.0227993541161777 0.0102561909052596 -0.238348623140081)
(-0.00617652496770842 -0.0242249982316465 0.229385042443491)
(0.0235532302971674 0.00838124946345098 -0.193522020615101)
(0.0244302436181433 0.00530690086191254 -0.197416453850651)
(0.0246472656579446 0.00418476947832317 -0.191996269902204)
(0.0248230760090186 0.00296898929780596 0.246945103985989)
(0.0227993539992668 -0.0102561911651507 0.238348622453719)
(0.0225067975466428 0.0108832010086387 -0.196864399565505)
(0.02257995058381 0.0107306025754707 -0.24230252707531)
(0.022938632598218 0.00994078138397442 0.237605043350776)
(0.0218223987623351 0.0121976601140397 0.242250690431124)
(0.0225799505631617 -0.01073060261892 0.242302527013732)
(0.0229386325980378 -0.00994078138439004 -0.237605043350548)
(0.0218223987623906 -0.0121976601139404 -0.242250690430989)
(0.0248230760090186 -0.00296898929780611 -0.246945103985988)
(0.019570893168842 -0.0155557108668737 -0.22712562123983)
(0.0207231619284212 0.0139839393479962 0.237967969405522)
(0.0198087311340472 0.0152516940324355 0.227408044290975)
(0.0207168547975516 -0.0139932815056785 -0.237927145352313)
(0.0172421275633669 0.0181027356244459 -0.204566007735159)
(0.0211076291468947 0.013396566418197 -0.204882613548732)
(0.0206579312835531 0.0140801234044307 -0.20077630200412)
(0.0189058052952707 0.0163575831386338 -0.208410930782938)
(-0.0108779525133936 -0.0225093347106562 -0.231059665724846)
(0.024646976096942 0.00418647456420913 0.243140428016411)
(-0.00672998143743408 -0.0240771125729767 -0.228017948124529)
(-0.00473068052286342 0.02454833317744 -0.241971883169967)
(-0.0004648231139572 0.0249956784159329 -0.242295478468542)
(-0.00408800986597617 0.0246634988461832 -0.237809466487955)
(-0.000102236605364351 0.0249997909526565 -0.236733056490947)
(-0.00747205738644719 0.0238572495986784 -0.235170312808922)
(-0.0034310981376158 0.0247634320232485 -0.233492247122626)
(-0.0073425316235547 0.0238974314384852 -0.238519638313772)
(0.0106424807197643 -0.0226216180705414 0.231441744280684)
(0.00735463672351324 -0.02389370876748 0.231518683337174)
(0.00866641869569971 -0.0234498014275351 0.235578968413129)
(0.00367533018064717 -0.0247283632305744 0.234384483110267)
(0.0105184665353173 0.0226795472120898 -0.231810295309598)
(0.00713133809857437 0.0239613024880498 -0.231747201951538)
(0.00862559295778052 0.0234648491605356 -0.235421999153528)
(0.00414620515054051 0.0246537823234008 -0.234697544566694)
(0.0243371242974817 0.00571877442542756 -0.210969402873717)
(0.0238265087099199 0.00756951006975432 -0.214731747470721)
(0.0246469760969565 -0.00418647456412353 -0.243140428014441)
(0.0233734912137985 0.00887016958566648 0.244806326044708)
(0.0241515856454353 0.00645762423892899 0.246912575883666)
(-0.00491990479058918 0.0245111104777311 0.24481087014859)
(0.0233734912137999 -0.00887016958566277 -0.244806326044705)
(0.0241515856454355 -0.00645762423892828 -0.246912575883665)
(-0.0168287256025913 0.0184876714215903 0.155224516402681)
(-0.0132757504124629 0.0211838252208139 0.154436797968443)
(-0.0144426572098762 0.0204061180217603 0.159156881394702)
(-0.0117965110460872 0.0220418313018575 0.157430043610517)
(0.0236115807104784 -0.00821542794701305 0.24576874408663)
(0.00859661719351603 0.0234754802470183 -0.163576804566019)
(0.00428323323800275 0.0246303453696628 -0.163360288931931)
(0.00651902736855862 0.0241350840513967 -0.167176527666815)
(-0.0111080008148013 -0.0223967032819202 0.241776203079443)
(-0.0149325215344121 -0.0200504314323737 0.242520256034923)
(0.0236115807188536 0.00821542792294235 -0.24576874411409)
(0.0111076613203516 -0.0223968716563801 -0.209777061801547)
(0.00569730781833143 -0.0243421585654021 -0.207673300246734)
(0.000480190485725585 0.0249953879165221 -0.232315832114899)
(0.013816083576893 -0.0208354465897976 0.231583246868025)
(0.0164346108235576 -0.0188388844435706 0.234928326604045)
(0.0167525149380114 -0.0185567573474383 0.230827861048091)
(0.0133413148899586 -0.0211425948503718 0.235343262770061)
(0.00588864359099083 -0.0242965815838007 -0.212870145878488)
(0.0138037868299103 0.0208435953989324 -0.231689254555623)
(0.0164344717559935 0.0188390057620208 -0.234928473921367)
(0.0168774569471123 0.0184431951407117 -0.230830991157144)
(0.0127086476691709 0.0215288242693575 -0.2359080360533)
(-0.0112340384386685 0.0223337498051384 -0.246055568247499)
(-0.00898488460777394 0.0233296345574676 -0.242472433591507)
(-0.0109399037652646 0.0224792905939389 -0.238602841361333)
(-0.00586880492432596 -0.024301381210956 0.234976047546186)
(-0.00948729051428129 -0.0231298793489639 0.237216073002433)
(-0.00614967922424324 -0.0242318271172215 0.240187766485196)
(0.00126577032067867 0.024967935947837 -0.166427361235996)
(0.011360410385492 -0.0222697345263298 0.197557300562045)
(0.0159786259873861 -0.0192271555762997 0.195994705909153)
(0.0132435715115878 -0.0212039574989543 0.193800289414398)
(-0.0238531611227041 -0.00748509882729143 0.0175694925541946)
(-0.0235522812592451 -0.00838391599942478 0.0124845245183434)
(-0.0246123668361932 -0.00438536186883781 0.0124530856609807)
(-0.022298851680404 -0.0113031506110174 0.0145180511120942)
(-0.00620271804791881 -0.024218304829571 -0.241510903665933)
(-0.0094751905343872 -0.0231348387575332 -0.242719873947554)
(-0.00953931898341705 -0.0231084701642627 -0.239399456126226)
(-0.0116662069238494 0.0221110745105237 0.242256179398048)
(-0.00937867371475027 0.0231741338425464 0.238269530114898)
(0.0239049355474807 -0.00731806371049034 0.210570347596933)
(0.0237562003748176 -0.00778735794422714 0.214717481134184)
(-0.0238558268975953 -0.00747659835967983 -0.0724380563492812)
(-0.0235536347034619 -0.00838011290233456 -0.0775168926882474)
(-0.024612827571026 -0.00438277525763565 -0.0775497340067461)
(-0.0223050602958362 -0.0112908939061136 -0.0754837293313538)
(-0.00199333870149997 -0.0249204053101289 -0.240986307117238)
(-0.0052132731720708 -0.0244503943287908 -0.236784945176702)
(-0.000968559436160898 -0.0249812308067201 -0.236542691272946)
(-0.0228886224843554 -0.0100553946102906 0.157302472954492)
(-0.0228751236270351 -0.01008606558812 0.152167557518635)
(-0.0241216144137359 -0.0065686922652116 0.154060168705247)
(-0.0217990447083613 -0.0122393484223166 0.154769813451598)
(0.0159929978405817 0.0192152028371066 -0.209855502141241)
(0.0129618144314488 0.0213773563998144 -0.207362196099027)
(-0.0201370888877277 0.0148154531192182 -0.151685315602323)
(0.0154045767622029 0.0196900740165546 -0.155640679125029)
(0.0183568986570844 0.0169712778450396 -0.15730094816292)
(0.0179202294872038 0.0174317347136179 -0.151919790580592)
(0.0205835963278527 0.0141885715352888 -0.155251220014967)
(-0.0072096777748115 -0.0239378475720644 -0.233180381264742)
(-0.00315348364270353 -0.024800313322924 -0.232438163723832)
(-0.0247188252330609 -0.00373894090584357 0.243669804743145)
(-0.0248986523961682 -0.00224880164860916 0.247422693085988)
(-0.0240235623980101 -0.00691870289208287 0.246578758853974)
(-0.0249918096449559 0.000639883325527673 -0.235199848392213)
(-0.0249906491321805 -0.000683707504890793 -0.230842937450218)
(-0.0247773339238277 -0.00332922267611204 -0.234755817071049)
(0.0227030765103 -0.0104675841036728 0.195461999660398)
(0.0210541247519928 -0.013480498170599 0.20019793914537)
(0.0233316690826421 -0.00897960009232499 0.200865345688579)
(-0.0245161704251288 -0.00489462845229728 -0.230562491025943)
(0.00596227248953936 -0.0242786183041886 -0.151498200606827)
(0.00994897616992031 -0.02293507953268 -0.148449418841628)
(0.00899351706335812 -0.0233263081269001 -0.15315341276743)
(0.0049078304210757 0.0245135309687928 0.162156597616467)
(0.00856308368995091 0.0234877329199499 0.165523095717844)
(0.00335335979347485 0.0247740787537197 0.165564020898671)
(0.0105024514824151 0.0226869679080197 -0.222579391432481)
(0.0129422793329133 0.021389188990442 -0.225104544390356)
(0.0140184922664924 0.0206998037327481 -0.221354502021324)
(0.00857984071002184 0.0234816169245359 -0.226983618659845)
(-0.0125516576586838 -0.0216207282490485 -0.194290480528866)
(-0.0114333265989011 -0.0222323872510997 -0.189707590271636)
(-0.00767248689157987 -0.0237935483881353 -0.192847178658806)
(-0.00640149449127234 -0.0241665237110804 -0.187618382932043)
(-0.00691402009708939 0.0240249105325503 -0.230818932295624)
(0.0246363034497942 0.00424882952466443 -0.218325521779852)
(-0.00291579955112686 0.0248293800361114 -0.22987295207595)
(-0.0201258616287949 0.0148307010521621 -0.243922278480458)
(-0.0222318938252329 0.0114342860268393 -0.246686822817805)
(-0.0197599492572819 0.0153148426485434 -0.247203399211578)
(-0.0189408912061271 0.0163169433509361 0.151910583235612)
(-0.0174540808578497 0.0178984653366607 0.148711767500511)
(-0.0151942888918921 0.0198527979154003 0.151208136081748)
(-0.0210361064063517 -0.0135085982714954 -0.228968100732955)
(-0.0223131313742899 -0.0112749353999781 -0.233050845704454)
(-0.0233389667896282 -0.00896061544720175 -0.229507009815046)
(0.0246343509283299 -0.00426013548374814 0.218164285414191)
(-0.014211184902192 0.0205679902682715 0.147258112922498)
(0.0125205593268771 -0.0216387521392097 -0.151953886572373)
(-0.0026388031537108 -0.0248603442839388 0.161653817711814)
(0.000978873952474857 -0.0249808287649783 0.156900224263331)
(-0.0049277944166527 -0.0245095255398224 0.158845502344747)
(-0.0245947718689828 0.00448298970695784 -0.150849547642278)
(-0.00471630493770411 -0.0245510991145934 0.15493126081591)
(-0.00675656109045114 0.0240696672646508 0.127560341466707)
(-0.00564973236111307 0.0243532446349104 0.13147445299261)
(-0.00995717381026161 0.0229315217487248 0.131415050585956)
(0.00412116331239159 0.0246579807152288 -0.141182613406605)
(0.00653124933394279 0.0241317795062418 -0.144798646840001)
(0.0082343381648129 0.0236049925860506 -0.139833010970523)
(-0.00279358831113471 0.0248434269847759 -0.225665177177791)
(0.00212721213958225 0.0249093349673012 -0.224453121243659)
(-0.000698503299650005 0.024990239957639 -0.221476103468926)
(0.00403241187212252 0.0246726499284849 -0.218935078553184)
(0.0114541713292572 0.0222216551849771 -0.143976831324033)
(0.00399498421286034 -0.0246787378352094 0.140462485343068)
(0.00605757074161302 -0.0242550167328401 0.144276119390684)
(0.00738110765883117 -0.0238855447860991 0.140138938219491)
(0.0199663354675629 -0.0150447814207033 -0.176917817230101)
(0.0182285679724167 -0.0171090417520965 -0.181762723138161)
(0.0166605596119619 -0.0186393603274432 -0.177652216474998)
(0.0237747597389449 -0.00773051093754114 -0.209689070207452)
(-0.00674317802509966 0.0240734199922199 0.135201465510846)
(0.0110216950191233 -0.0224393012125029 0.144017887861105)
(-0.00645795082253181 -0.0241514983215071 -0.127481675854137)
(-0.0056089632614143 -0.0243626667491903 -0.131557526070407)
(-0.0100009380594954 -0.022912469049191 -0.131454065694765)
(-0.00692954616564831 -0.0240204369222991 -0.135019674086984)
(-0.00543710006996323 0.0244015971368516 0.152082084071445)
(-0.00146915334795252 0.024956794434386 0.153240334895723)
(-0.00587484193094613 0.0242999224749051 0.1562422667279)
(-0.00126286917628323 0.0249680828547887 0.1574574481721)
(-0.0239210864524426 -0.00726509620960168 -0.190465382666243)
(-0.0233204359624779 -0.00900873279212836 -0.19574058873965)
(-0.0246474813658814 -0.00418349881301895 -0.193918923387868)
(-0.0223063050659026 -0.0112884345374763 -0.190642099400192)
(-0.0230368641390966 -0.00971096754380342 0.193353159783601)
(-0.0239908903027094 -0.00703115797599264 0.18883104256709)
(-0.0244268204880533 -0.00532263476526604 0.193370090573914)
(-0.0218143365423817 -0.0122120727649203 0.189300639376077)
(0.0182296546260771 0.0171078839198174 0.185364216600131)
(0.019346271867537 0.015834196058763 0.188690866650825)
(0.0167494780556334 0.0185594985078761 0.188187819583961)
(0.021367901703622 0.0129773948381156 0.185245750302521)
(0.0219849901479105 0.0119021094011221 0.153845968364269)
(0.0235012743652748 0.00852584911947645 0.154526419937962)
(0.0224675474210924 0.0109640007698361 0.15746548382558)
(0.0235999276429508 0.0082488432672398 0.159775945761117)
(0.0247798195298672 0.0033106712411852 0.181375203962847)
(0.0246287331889795 0.00429249362329854 0.185317225760705)
(0.0174730041047184 -0.0178799923813321 -0.133991712366493)
(0.0179987447828116 -0.0173506537699077 -0.138782860816079)
(0.0152382379054175 -0.0198190843768802 -0.137144425194987)
(0.0230968314780437 0.00956746443290233 -0.184299325329889)
(0.0236910607405773 0.00798333520442902 -0.189300910284121)
(0.0245743805201548 0.00459345426129784 -0.18637955323709)
(0.019980600778577 -0.0150258308431557 -0.136973128730186)
(0.02477330637606 0.00335906105896621 -0.181590945180146)
(-0.0149858290374854 0.0200106203816688 -0.220372348150802)
(-0.016241240061675 0.0190058443974226 -0.215306326944671)
(-0.0179707871585366 0.0173796089974019 -0.219035639381267)
(0.0143251390482682 0.0204887869637952 -0.185114226764303)
(0.0167740946283668 0.0185372530165231 -0.190329294532506)
(0.0180924544784209 0.0172529154332324 -0.185298757751887)
(0.0155901049323505 -0.0195435060364895 0.239201847758594)
(0.0133810774018583 0.0211174517299194 -0.190216191684423)
(0.0174729589638371 0.0178800364945955 0.13399169968794)
(0.0176388063269948 0.0177164474813313 0.138931766475839)
(0.0149403837000355 0.02004457370202 0.137217724463078)
(0.0154449848532653 0.0196583937004631 -0.239292241616858)
(-0.0168842609920187 0.0184369664194898 -0.23785586308314)
(-0.0151796467648416 0.0198639956729414 -0.233238167869657)
(-0.0185277002014632 0.0167846455203767 -0.233888255146455)
(-0.00568997605281345 0.024343873408281 0.240397185490372)
(0.0200586976613552 0.0149214157548921 0.13678592817333)
(0.0172563035380024 -0.0180892229850905 -0.129103481460645)
(0.0147254984724965 -0.0202029625237613 -0.132692545581186)
(-0.0119120130359119 -0.0219796256890845 0.24604263931128)
(-0.00740972212092439 -0.0238766835655768 0.245534194533573)
(-0.00745330735155216 -0.0238631139946843 -0.245913495690857)
(-0.0111593887961395 -0.0223711430574434 -0.246491926515335)
(0.0200075403637971 -0.014989940913527 -0.131956846642419)
(0.0172563194627972 0.0180892077935405 0.129103464139417)
(0.014725458092867 0.0202029919555302 0.132692372156843)
(0.01811297277907 0.0172313730475742 0.196555544818688)
(0.0200092663775491 0.0149876368728456 0.131937690927606)
(0.0150770969588746 -0.0199419444210612 -0.185923813924987)
(0.0180929629446953 -0.0172523822088975 -0.186741153578774)
(0.020842018356564 -0.0138061678544284 -0.183834794260041)
(-0.0172252619436563 -0.018118784478337 -0.182856447699326)
(-0.0149417531115859 -0.0200435529273733 -0.186348243565272)
(-0.017951008296165 -0.0174000373893569 -0.187079584589372)
(-0.0126655970736698 -0.0215541794269104 -0.181947975473492)
(0.0172676963450254 0.0180783479039429 -0.13541786860479)
(0.0173384106351598 0.0180105390437537 -0.130709245186593)
(0.0143792837609781 0.0204508239081283 -0.132061036396514)
(-0.0200800350078688 -0.0148926892830933 -0.189719713219148)
(-0.0225691701760863 -0.0107532579975957 -0.185943978310304)
(0.0247105792474878 0.0037930559254544 0.159211967434874)
(0.0248309908469035 0.002902049889474 0.162794233552818)
(-0.0114597745552565 0.0222187661030647 -0.170652831642667)
(-0.0134127998950225 0.0210973173407447 -0.175375562162681)
(-0.00894969360182048 0.0233431571222389 -0.174640323181908)
(0.0201288815390411 0.0148266020377985 -0.133598259007615)
(-0.0249739884558179 -0.00114013183828623 0.239958342636582)
(-0.0247701215033842 0.00338246666023255 0.240828484282046)
(-0.0249863796449648 0.000825125589038634 0.245173875332338)
(0.0174611200652947 0.0178915981976279 -0.125801984190998)
(0.0145066216266551 0.0203606956900068 -0.127111171771997)
(-0.0248661897404161 0.00258313913555314 -0.243128124700001)
(-0.0248140864452054 0.00304320782889944 -0.239279009378711)
(-0.024955236500222 -0.00149538330136013 -0.239607503505315)
(0.024283133623941 -0.00594385576892851 0.196516976110907)
(0.0245220125203111 -0.00486527511593165 0.192810421125768)
(0.0200204632960403 0.0149726767617519 -0.128564187437802)
(-0.0155327130655723 -0.019589150691712 -0.246226953966632)
(-0.0158556258648576 0.019328712539475 0.246899117677103)
(0.00982238149156521 -0.0229895807233224 -0.180671357170039)
(0.00642549577727627 -0.0241601532283263 -0.184185735777325)
(0.00552709292716142 -0.0243813708346049 -0.179756412173873)
(0.000451801351492492 -0.024995917177387 -0.182500980331157)
(0.0174617298000268 0.0178910031130414 -0.120802009733446)
(0.0146552097693393 0.0202540076680311 -0.12215561330838)
(-0.0161409260228836 -0.0190911106833468 0.246328223872208)
(-0.0149159425254991 0.020062767968952 -0.246530661995837)
(-0.0157860444196406 0.0193855823121498 -0.200323723029143)
(-0.0159902706370269 0.0192174723872479 -0.205184781503905)
(-0.0134350223192155 0.0210831727992298 -0.202676917278049)
(-0.0192504549214805 0.0159505481196116 -0.20239650529028)
(-0.0100721540369106 0.0228812524363669 -0.203744469205989)
(-0.0114163159251171 0.0222411270105163 -0.199300082678198)
(-0.0072604479406064 0.0239224976894501 -0.199162822541789)
(0.0242973332429281 0.0058855413754473 0.189890599762894)
(0.0237895680354011 0.00768481962631674 0.19569579746476)
(0.0244166483491405 -0.00536910452444505 0.175097666030775)
(0.0231864216153924 -0.00934825399062643 0.175759602407623)
(0.0216973979286681 -0.0124186522265916 0.178977486107659)
(-0.0209152997212395 0.0136948982314846 0.202755012819786)
(-0.0200354770060291 0.014952580417469 0.207810492039286)
(-0.0224776915577177 0.0109431888513408 0.206212662836107)
(-0.0181773182972714 0.0171634815675515 0.203954914198984)
(-0.0123390460524563 0.0217427675909798 0.202577339788714)
(-0.015441913058513 0.0196608067253947 0.205135800726435)
(-0.0155893652208227 0.0195440960909376 0.200194053151595)
(-0.00911790804007672 0.0232779671142629 0.199786680482757)
(-0.00851678189001011 0.0235045618176131 0.204700191110331)
(-0.00424721654521734 0.0246365815733034 0.200623946879778)
(-0.0176881419472586 -0.0176671909044316 0.243340277125919)
(-0.0172685710102351 -0.0180775124191485 0.240117160147585)
(-0.0193428300974296 -0.0158384002923898 0.246509649526452)
(0.0200210233967584 0.0149719278032742 -0.12356382411179)
(0.0174617308544583 0.0178910020839096 -0.115802009778404)
(0.0146554203773757 0.0202538552765246 -0.11715568237881)
(0.0200210244308578 0.0149719264204376 -0.118563823073399)
(0.0174617308544086 0.0178910020839581 -0.110802009778406)
(0.0146554207200866 0.0202538550285435 -0.112155682491903)
(0.0200210244308262 0.0149719264204798 -0.113563823073454)
(-0.0203090971235543 -0.0145787713483009 -0.239228041410332)
(-0.0181054272231698 -0.0172393011768605 -0.242598065528828)
(-0.0204565355886352 -0.0143711569371051 -0.244348822318184)
(-0.0171933033368486 -0.0181491134870856 -0.238164868773743)
(-0.0224736972431397 -0.0109513895110938 -0.245855138418013)
(0.0248096261795936 -0.00307935850930442 -0.187373770575405)
(0.0242639446756631 -0.00602170978845386 -0.190211896830867)
(0.0174617308544085 0.0178910020839582 -0.105802009778406)
(0.0146554207200698 0.0202538550285557 -0.107155682491897)
(0.0200210244308262 0.0149719264204798 -0.108563823073454)
(0.0213907237821375 0.0129397425042502 0.1893426428477)
(0.0229874519886341 0.00982736236587637 0.188023088979429)
(0.0174617308544085 0.0178910020839582 -0.100802009778406)
(0.0146554207200698 0.0202538550285557 -0.102155682491897)
(0.0200210244308262 0.0149719264204798 -0.103563823073454)
(-0.012683956487809 0.021543380603224 -0.16225711293603)
(-0.0139130294151198 0.020770835623393 -0.157795605390725)
(-0.0161923443096982 0.0190475191496474 -0.160773606345927)
(0.0174617308544085 0.0178910020839582 -0.0958020097784061)
(0.0146554207200697 0.0202538550285557 -0.0971556824918967)
(-0.0101534808813264 0.0228452801688344 -0.15849172935233)
(0.0200210244308262 0.0149719264204798 -0.0985638230734539)
(0.0174617308544086 0.0178910020839582 -0.0908020097784061)
(0.0146554207200697 0.0202538550285557 -0.0921556824918967)
(0.0200210244308262 0.0149719264204798 -0.0935638230734539)
(0.0174617308544085 0.0178910020839582 -0.0858020097784061)
(0.0146554207200697 0.0202538550285557 -0.0871556824918967)
(0.0200210244308262 0.0149719264204798 -0.0885638230734539)
(-0.0248850749375226 -0.00239437786363873 0.207965866037533)
(-0.0248522420322356 0.0027140497363134 0.208400559955705)
(-0.0249787605584601 -0.00103030139431092 0.211945797622449)
(0.0174617308544085 0.0178910020839582 -0.0808020097784061)
(0.0146554207200697 0.0202538550285557 -0.0821556824918967)
(-0.0247448216292293 0.00356283630519652 0.212488446471943)
(0.0200210244308261 0.0149719264204798 -0.0835638230734539)
(0.022241917462305 -0.0114147758453687 0.186931681458438)
(0.0234806233612618 -0.00858255944148175 0.190490759473596)
(0.0241590068015762 -0.00642980484629164 0.186010022073808)
(0.0215364234009944 -0.0126957657151155 0.191117671920999)
(-0.020527052706656 0.0142702525267834 -0.239029452998476)
(0.0174617308544085 0.0178910020839582 -0.0758020097784061)
(0.0146554207200697 0.0202538550285557 -0.0771556824918967)
(0.0218237469493493 -0.0121952478076817 0.230634624079909)
(0.0218004672338975 -0.0122368144704314 0.226784837677758)
(0.0197691795276935 -0.0153029258902284 0.228805822807947)
(-0.0153685165832081 -0.0197182326295147 -0.178492208938181)
(0.0237025902492187 -0.00794903865116047 -0.17940048289943)
(0.0231166772071036 -0.00951941357976304 -0.183024020262207)
(0.0216700947057052 -0.0124662342126949 -0.18007272204428)
(0.0200038072430674 -0.0149949223333169 0.183834974530017)
(0.0218237477272574 0.0121952464155928 -0.230634625394539)
(0.02179829459319 0.0122406843284395 -0.226784388299061)
(0.0198013580596581 0.015261265314292 -0.228789834296415)
(-0.0236798068551018 0.00801665437106247 0.191051620607515)
(-0.0247707110263604 0.00337814671803137 0.192165250050463)
(-0.0247386525534314 0.00360542228325634 0.187657654101804)
(-0.0249815559380241 -0.000960136925325145 0.188932859661723)
(-0.0214730354375011 -0.0128026852300532 -0.200212987101067)
(-0.0238482822883461 -0.00750062876666747 -0.200981548174251)
(0.0200210244308261 0.0149719264204798 -0.0785638230734539)
(-0.024347533888346 0.00567429233965303 -0.194164254163371)
(-0.0247428372713979 0.00357659108106094 -0.189885420366296)
(-0.0249957814498343 0.000459249074165719 -0.193739510680884)
(-0.0249300224515927 -0.0018692192389023 -0.189514153981929)
(-0.0225627296318288 0.0107667651391212 0.195237064785108)
(-0.0240968701026264 0.00665889264496352 0.195976046468984)
(0.0174617308544086 0.0178910020839582 -0.0708020097784061)
(0.0146554207200697 0.0202538550285557 -0.0721556824918967)
(-0.0197144609954854 -0.0153733544699095 0.238203535043073)
(-0.0200786516361175 -0.0148945543228199 0.242640536484744)
(-0.0171980482376617 -0.0181446172959107 0.236386187982438)
(0.0200210244308262 0.0149719264204798 -0.0735638230734539)
(0.0174617308544086 0.0178910020839582 -0.0658020097784061)
(0.0146554207200697 0.0202538550285557 -0.0671556824918967)
(-0.0238139846571385 -0.00760881953719322 0.183373073748462)
(-0.0246943254183854 -0.00389747253112655 0.184988451290687)
(0.0236268958569222 -0.00817127849030687 0.225373743026827)
(-0.0226031623940813 -0.0106816220578519 0.185950097831179)
(0.0200210244308262 0.0149719264204798 -0.0685638230734539)
(0.0174617308544085 0.0178910020839582 -0.0608020097784061)
(0.0146554207200697 0.0202538550285557 -0.0621556824918967)
(-0.0105165857095364 0.0226804194188285 -0.178950685899273)
(-0.00637682336518796 0.024173045397078 -0.177719482897857)
(-0.00493672970123065 0.024507727349899 -0.173601877448797)
(0.0200210244308262 0.0149719264204798 -0.0635638230734539)
(0.0174617308544085 0.0178910020839582 -0.0558020097784061)
(0.0146554207200697 0.0202538550285557 -0.0571556824918967)
(0.0227151757416894 -0.010441302170906 -0.20079204997127)
(0.0236325710098202 0.0081548505483428 -0.225286395945288)
(0.0182083450663424 -0.0171305624526752 -0.212038676755633)
(0.0162126063653658 -0.0190302757426607 -0.214852108360122)
(0.0149613562429966 -0.0200289245684871 -0.210970277907458)
(0.0200210244308262 0.0149719264204798 -0.0585638230734539)
(0.0246501493820144 -0.00416774944596923 -0.194409742624777)
(0.0174617308544086 0.0178910020839582 -0.0508020097784061)
(0.0146554207200697 0.0202538550285557 -0.0521556824918967)
(0.0247491757371537 0.00353246377638644 0.193591246162526)
(0.0247532654917412 0.00350369055359814 0.198275134432563)
(0.00965931533740372 0.0230585694962328 -0.203801395408463)
(0.0133765375058331 0.0211203277520743 -0.203649921949042)
(0.0127446777320482 0.0215075147217486 -0.199084911894385)
(0.0154926841394803 0.0196208240946779 -0.201178199155867)
(0.00876998926186677 0.0234112641338895 0.204067418219466)
(0.0105928178145762 0.022644915781411 0.198813702481774)
(0.0131487239514564 0.0212629033400521 0.203718060265202)
(0.0156042732014124 0.0195321954182238 0.199763719580464)
(-0.0103942988003432 0.0227367225529359 0.219230653225895)
(-0.0123793704968402 0.0217198339335724 0.21550474517441)
(-0.00779505396166757 0.0237536762151607 0.216553537375062)
(-0.0135157389468589 0.0210315192204548 0.220554955999299)
(0.000770462231315842 0.0249881249386607 -0.203892538392612)
(0.00525626073526485 0.0244411890685153 -0.200972996949115)
(0.0014761775117182 0.0249563799448938 -0.199425143019687)
(0.00577861064888374 0.0243229862263787 -0.206006674466679)
(0.0200210244308262 0.0149719264204798 -0.0535638230734539)
(0.000499799079352715 0.024995003518309 -0.228345201903461)
(0.00429088048398185 0.0246290142854355 -0.228933722789511)
(0.0174617308544085 0.0178910020839582 -0.0458020097784061)
(0.0146554207200697 0.0202538550285557 -0.0471556824918967)
(0.0200210244308262 0.0149719264204798 -0.0485638230734539)
(0.0174617308544085 0.0178910020839582 -0.0408020097784061)
(0.0146554207200697 0.0202538550285557 -0.0421556824918967)
(0.0200210244308262 0.0149719264204798 -0.0435638230734539)
(-0.0201377881004769 -0.0148145027058045 -0.216388258385358)
(-0.0185633886116762 -0.0167451665638742 -0.212728887300445)
(-0.0178071043984699 -0.0175472799300061 -0.217129171592789)
(-0.0152641338996043 -0.0197991468577551 -0.215076866270417)
(-0.00206624054630918 -0.024914466681123 0.216788206708029)
(0.00173159182457409 -0.0249399596983048 0.218822152724102)
(0.00220167409315279 -0.0249028639153721 0.214648397193427)
(-0.00246789316843325 -0.0248778918582182 0.220487383001503)
(0.0174617308544085 0.0178910020839582 -0.0358020097784061)
(0.0146554207200697 0.0202538550285557 -0.0371556824918967)
(0.0200210244308262 0.0149719264204798 -0.0385638230734539)
(0.00558928035290516 0.0243671899310657 0.230699136187355)
(0.00200420937686213 0.0249195333979932 0.228397883723219)
(0.00550666398736149 0.0243859929412418 0.226026189856338)
(0.00179882052900126 0.0249352009156623 0.233507668863875)
(0.000968322804115142 0.0249812399801737 0.207367803364249)
(0.00564534086942662 0.0243542630039996 0.207851418932298)
(0.00193672595895009 0.0249248689577283 0.211433476170962)
(0.0246877191337018 0.00393910192498916 -0.201642660279336)
(0.0174617308544085 0.0178910020839582 -0.0308020097784061)
(0.0146554207200697 0.0202538550285557 -0.0321556824918967)
(0.00276933106111299 0.0248461426679063 0.155374237130047)
(0.0200210244308261 0.0149719264204798 -0.0335638230734539)
(0.0187907678039077 -0.0164896041595796 -0.22307490377262)
(0.0208023999720409 -0.0138657908322329 -0.222691704383078)
(0.0120631773468426 0.0218970261062689 0.232513939884027)
(0.0104341379070458 0.0227184675129453 0.236672033222403)
(0.0086870347845868 0.0234421719695804 0.232595292607489)
(0.0238309268402818 0.00755558905269055 0.174626152791262)
(0.0217539317235495 0.0123193528469293 0.175017012536346)
(0.0224349488430997 0.0110305516819196 0.171672194767504)
(0.00596000568573071 0.0242791748670761 0.236361251196313)
(0.0174617308544085 0.0178910020839582 -0.0258020097784061)
(0.0146554207200697 0.0202538550285557 -0.0271556824918967)
(0.0196778648039648 0.0154201698031145 0.200146204563593)
(0.0217950979127004 0.0122463752586552 0.202084862736627)
(0.0232891785240117 0.00908923339323587 0.204995011160242)
(0.0205434096311302 0.0142466950808806 0.205577594506886)
(0.0203939698494302 0.0144598061460218 0.171972370988267)
(0.0200210244308261 0.0149719264204798 -0.0285638230734539)
(0.0205711501063284 -0.0142066105494205 -0.201312295277711)
(0.0222810689117563 -0.0113381642319012 0.205047420762284)
(0.0202420903469917 -0.0146716658353517 0.205116410813379)
(0.0199263272074029 -0.0150977310885946 0.224957032899173)
(0.0197422570853647 0.0153376427515889 -0.224901457270811)
(0.0174617308544085 0.0178910020839582 -0.0208020097784061)
(0.0146554207200697 0.0202538550285557 -0.0221556824918967)
(0.0200210244308262 0.0149719264204798 -0.0235638230734539)
(0.0174617308544085 0.0178910020839582 -0.0158020097784061)
(0.0146554207200697 0.0202538550285557 -0.0171556824918967)
(-0.00820763458086522 0.0236142908973991 -0.20918145627755)
(-0.00920297264159593 0.0232444680420533 -0.21393618518599)
(-0.00534151410802158 0.0244226990120627 -0.213780734948325)
(0.0200210244308262 0.0149719264204798 -0.0185638230734539)
(0.0174617308544085 0.0178910020839582 -0.0108020097784061)
(0.0146554207200697 0.0202538550285557 -0.0121556824918967)
(0.00688996971277113 0.0240318188524526 -0.213870671341259)
(0.00883103677918604 0.0233883045431828 -0.209211309491126)
(0.0043298915357498 0.0246221859161335 -0.210912323800868)
(0.0200210244308262 0.0149719264204798 -0.0135638230734539)
(-0.0112733773549941 0.0223139185938263 -0.233819731335191)
(-0.0140889122330355 0.0206519382162988 -0.237253460849135)
(0.0174617308544085 0.0178910020839582 -0.00580200977840607)
(0.0146554207200697 0.0202538550285557 -0.00715568249189671)
(0.0200210244308262 0.0149719264204798 -0.00856382307345392)
(0.0174617308544085 0.0178910020839582 -0.000802009778406075)
(0.0146554207200697 0.0202538550285557 -0.00215568249189671)
(-0.0160822847229457 0.0191405359927592 0.235414367329707)
(-0.0123644137731871 0.0217283518023209 0.234464873360483)
(-0.014251409050246 0.0205401397288959 0.238746612922239)
(-0.0226349178724747 -0.0106141647295642 0.174132992148977)
(-0.0243826031797746 -0.00552165393497683 0.172807610344827)
(-0.0236767695331935 -0.00802562050386382 0.178243797124793)
(-0.0217221506428905 -0.0123753049032164 0.177621043319438)
(0.0087162379025387 -0.0234313293866641 -0.18870872248851)
(0.00522474981770709 -0.0244479444809246 -0.189956153008193)
(0.00192517156342197 -0.0249257640695605 -0.186728756101576)
(0.000595004596331969 -0.0249929183876222 -0.191449079606111)
(-0.0244738720181903 0.00510192007358398 0.227722762660702)
(-0.0239697498804146 0.00710289311973404 0.232861533771651)
(-0.0248033329155232 0.00312964475327874 0.231628584437394)
(-0.00963179514867605 -0.0230700785047199 0.215133305986287)
(-0.0130455283979546 -0.0213263730816602 0.218192550233968)
(-0.0101562478434979 -0.0228440502044065 0.21962322229804)
(-0.0231877723084385 0.00934490317617101 0.228238317258556)
(-0.0238978832668859 0.00734106091531021 0.238111601275595)
(-0.0247653724419968 0.00341706420911043 0.236456210945414)
(-0.024581559939414 -0.00455487770911541 0.235485623857935)
(-0.0232258869129748 -0.00924976632708671 0.23333117667062)
(-0.02431374251181 -0.00581738128966994 0.230603471844338)
(-0.0230386763004478 -0.00970666751893698 0.228707974710018)
(-0.0223648230847067 -0.0111720494265721 0.245889718648892)
(-0.021862348120256 -0.0121259117046406 0.240680773601502)
(-0.0236143944099229 -0.00820733675759687 0.242717373842623)
(-0.0247978506787394 -0.00317279084008792 0.218775339875193)
(-0.024553111683077 -0.00470581626058071 0.221961698323946)
(-0.0240792132169197 -0.00672246166624412 0.218541759915896)
(-0.0236446248814534 -0.00811983461748789 0.221826724974851)
(-0.0209927973777191 -0.0135758041477487 0.231190144206756)
(-0.0244407962547412 -0.00525808695574997 0.240040499230082)
(0.0200210244308262 0.0149719264204798 -0.00356382307345392)
(0.0174617308544085 0.0178910020839582 0.00419799022159393)
(0.0146554207200697 0.0202538550285557 0.0028443175081033)
(-0.0186645225083326 -0.0166323660233878 -0.246635760573435)
(0.0200210244308262 0.0149719264204798 0.00143617692654608)
(0.0238164876043493 0.00760098139662742 0.209090334402275)
(0.0246564475082143 0.00413032641260595 0.207359523485392)
(0.0233690975622312 0.00888173851939582 0.212310175309855)
(-0.006960450693981 -0.0240114998726997 0.208099791897021)
(-0.0100154459270386 -0.0229061311199113 0.205771347404413)
(-0.010725480324786 -0.0225823841036023 0.210198429047476)
(-0.00580679066965308 -0.0243162740180076 0.204597067389913)
(0.0245167635527488 -0.00489165666197131 -0.212796145049385)
(0.024608344611985 -0.00440787652478944 -0.207914166447479)
(-0.0222087552142612 0.0114791633768767 0.231469947480873)
(-0.0226470054700028 0.0105883494106335 0.236062330285505)
(-0.020759982066258 0.0139292190954356 0.234453286328198)
(-0.0248847980740191 0.00239725359845287 -0.246889794479358)
(-0.023962097056856 0.00712866780245873 -0.245407647270607)
(-0.0242371981987429 0.00612847643993612 -0.24114606781927)
(-0.00693080967022448 0.0240200723836362 0.220714427898996)
(-0.0109462379945008 0.0224762068367362 0.223128563905309)
(0.0174617308544085 0.0178910020839582 0.00919799022159394)
(0.0146554207200697 0.0202538550285557 0.00784431750810332)
(0.00613172597046574 0.0242363763096531 -0.22381218525633)
(0.00856476965419254 0.0234871181878625 -0.219904037925226)
(0.0247489836529779 -0.00353380929658556 0.222934925218557)
(0.0247489869533947 0.00353378618208522 -0.222934966788818)
(0.0241898457798957 -0.0063127934501978 0.205536060624092)
(0.0247063096685827 -0.00382076727374202 0.201778351323548)
(0.0228443408349824 -0.010155594114337 0.20843537025042)
(-0.018013637523149 -0.0173351914666265 0.231907177781248)
(-0.019635973784935 -0.0154734783910194 0.234640427674518)
(-0.0187173210046735 -0.0165729265492853 0.227051091202748)
(-0.021696144501085 -0.0124208419114019 0.236249971651016)
(0.0164080859014544 -0.0188619913331146 0.19105803112108)
(0.019501638048283 -0.0156424458903894 0.188267850858189)
(0.0161415979139887 -0.0190905426005422 0.186332751312164)
(0.0137934835578383 -0.0208504151359066 0.189417687860097)
(-0.0182432300337505 0.0170934068557343 -0.207438607905074)
(-0.0158561409815975 0.0193282899701889 -0.210511301469092)
(-0.0188097358411179 0.0164679639782021 -0.211891236993293)
(0.0222114201629583 -0.0114740060286079 0.212227862645107)
(0.0247524306167083 -0.00350958381650013 0.208570425061397)
(0.0104871078834587 0.0226940646037835 0.193998317423935)
(0.0144694140893639 0.0203871541886188 0.195378698375992)
(-0.00469332501379108 -0.0245555024447663 -0.218910915338733)
(-0.00916297812997314 -0.0232602629346625 -0.219374837480861)
(-0.00831784974208498 -0.0235756945956656 -0.215232468732593)
(-0.00468709610334432 -0.0245566921656402 -0.213664638013236)
(-0.0118262851531996 0.0220258706859731 -0.217625611559486)
(-0.0124396570696481 0.0216853621595203 -0.212085586861241)
(-0.0104210967708241 0.0227244525147058 -0.223486637406035)
(-0.0146596605551766 0.020250786463913 -0.225235382960825)
(-0.0168601248200431 0.0184590409028358 -0.22279498459102)
(-0.0224363348754037 0.0110277321947327 -0.176345165603425)
(-0.0241325140889859 0.00652853457867046 -0.178126934620175)
(-0.0222463129690343 0.0114062070507148 -0.180794600799859)
(-0.0240135336328295 0.00695343098512987 -0.17386262694077)
(0.00287585845824017 0.0248340378941518 0.243861258289051)
(-0.000540475974092896 0.024994157031623 0.246587008586589)
(0.00413155474492492 -0.0246562417125905 -0.24503688324706)
(-0.000118948683178126 -0.0249997170226139 -0.24623098006912)
(-0.007167724541168 0.023950443104501 0.209272886480173)
(-0.00395423642129467 0.0246852995591406 0.20595489575407)
(-0.0249824780245169 -0.000935837461597437 0.231266944046484)
(-0.0249999190650982 -6.36139806978413e-05 0.235189024011518)
(-0.0240481832720675 -0.00683263355618106 -0.245798072932301)
(-0.020923709661922 0.0136820456797802 0.226879987793352)
(-0.0176642070289861 0.0176911217857183 0.227306725101932)
(-0.0200291575821863 0.0149610443000463 0.230270007470077)
(-0.0181165071144103 0.0172276571237507 0.232315127368435)
(0.0225116140170543 -0.0108732347692471 -0.222312747130193)
(0.0219887045035348 -0.0118952458678343 -0.226039608886517)
(-0.0146983967655301 0.0202226885582272 0.230036404198001)
(0.0176070293107988 -0.0177480285904849 0.226860134936992)
(-0.0120821480026482 -0.0218865643636023 -0.217001939869838)
(-0.0123350823927574 -0.0217450164949095 -0.211622915553341)
(0.0224159802497405 0.011069048262757 0.225981593985813)
(0.0206382363762266 0.0141089758408964 0.223482903314649)
(0.0175942821137392 0.01776066544086 -0.226848365836393)
(0.0200210244308262 0.0149719264204798 0.00643617692654609)
(0.0139055973535797 -0.0207758119514044 -0.236309722135173)
(0.0138907434520301 -0.0207857462302868 -0.24057476793647)
(0.0174617308544085 0.0178910020839583 0.014197990221594)
(0.0146554207200696 0.0202538550285558 0.0128443175081034)
(0.0135549348985967 0.0210062785827192 0.235917425730305)
(0.0135925485022593 0.0209819595179699 0.240532733201539)
(0.0193907413713771 -0.0157797068752358 -0.241515294998054)
(0.0193513165954491 0.0158280303898716 0.241523458914029)
(0.024796933358743 -0.00317995220122246 -0.226309910025883)
(0.0118980143660571 0.0219872066016831 -0.212756124701817)
(0.0125855993127184 0.0216009881704449 -0.218007758376227)
(0.0151423836626046 0.0198924160678005 -0.21490504356426)
(0.0247968200495882 0.0031808356493755 0.22631937131356)
(0.0200210244308262 0.0149719264204798 0.0114361769265461)
(0.000676491814332199 0.0249908455004056 -0.208782661787646)
(-0.00335360327223399 0.0247740457958013 -0.206282834645556)
(-0.00756759372104247 0.0238271174352509 -0.218356534722995)
(0.0247998651213894 -0.00315700648730591 -0.233429002687405)
(0.0247998651214294 0.00315700648699158 0.233429002687449)
(0.0169120484629397 -0.0184114805702089 -0.241829118640511)
(0.016878859762601 0.0184419113194498 0.241797487658538)
(0.0210239977958754 -0.0135274357022691 0.246069557828681)
(0.017972033568467 -0.0173783200975784 0.243685392224981)
(0.0210159206901966 0.0135399807069053 -0.246063745647341)
(0.0179412323871373 0.0174101171860139 -0.24365373951312)
(-0.016010399951055 -0.0192007055445173 0.216727170797829)
(0.0174617308544083 0.0178910020839584 0.0191979902215941)
(0.0146554207200694 0.0202538550285559 0.0178443175081037)
(0.0185181187888351 -0.0167952158819883 0.20311128958919)
(0.0176315158040689 -0.0177237030682324 0.199677086847126)
(0.015329603680644 -0.0197484999682099 0.2038561285094)
(0.0180807240192081 0.0172652083376144 -0.200293050034768)
(-0.0155694167864971 -0.0195599913325221 -0.209758826072679)
(-0.0123144937619124 -0.0217566827294011 -0.20729613550039)
(0.0108030040336682 0.0225454009467241 -0.194557901149732)
(0.00924879675827422 0.0232262730226814 -0.1992130715766)
(0.00711388818129733 0.0239664889991003 -0.196612511442262)
(0.0147289799497385 0.0202004244915844 -0.194479831098183)
(-0.0237764118238621 -0.00772542819409458 -0.233938214513253)
(-0.0222763696390276 -0.0113473942253457 -0.237376680035202)
(-0.0241617743363653 -0.00641939723950448 -0.237780483564704)
(-0.0203853618709067 0.0144719391026975 0.219410364049682)
(-0.0190908753530433 0.0161412043619603 0.223509982639287)
(-0.0213962521676009 0.0129305991036932 0.222401260910148)
(-0.0179485592793161 0.0174025635984149 0.220095897573178)
(-0.0233995062287864 -0.0088013128707589 -0.241602675339568)
(0.0200210244308262 0.0149719264204798 0.0164361769265461)
(0.0174617308544078 0.0178910020839589 0.0241979902215944)
(0.0146554207200686 0.0202538550285565 0.0228443175081046)
(0.0239706679016703 0.00709979438771538 0.224978739646196)
(0.0239706688684369 -0.00709979112367062 -0.224978742612035)
(0.0246799447621256 0.00398752135272396 0.20272243409374)
(-0.000939254786751716 -0.0249823497783048 -0.211579013129507)
(0.0011179833786613 -0.0249749897530517 -0.20773904785083)
(0.00216870375679441 -0.0249057568448595 -0.21205054566462)
(-0.0036986067888729 -0.0247248924734022 -0.209228068175668)
(0.00916336174530124 -0.0232601118123871 -0.231370923461776)
(0.0116827899438688 -0.0221023170533643 -0.233850764946389)
(0.00660101247045382 -0.0241127898503038 -0.235880912056568)
(0.0152333487860855 0.0198228424995374 0.245630750251091)
(0.0117092682004915 0.0220883009353132 0.245254806153922)
(0.0154196063346213 -0.019678306341891 -0.245492205924228)
(0.0117158306618737 -0.022084820848318 -0.245375081725688)
(0.0110476701769056 -0.0224265241101315 -0.237337960762791)
(0.0214173328344771 -0.0128956525332079 -0.229648815233973)
(-0.00551865826157113 -0.0243832813827834 0.215135007921349)
(-0.00645609854665734 -0.0241519935317118 0.219849083973962)
(0.0214565922422876 0.01283022405682 0.229746574876229)
(0.0185390526597083 -0.0167721056066482 0.179204480671377)
(0.0194864664245164 -0.0156613417779638 0.175877033220359)
(0.0200210244308262 0.0149719264204798 0.0214361769265461)
(-0.00208786763758429 -0.0249126636216991 0.208294377604443)
(-0.00170845564404905 -0.0249415552705183 0.212408099412701)
(0.00350538973429313 -0.0247530249224355 0.210560805517427)
(-0.0163088940047235 -0.0189478224696849 0.206566067532951)
(-0.0189141264910944 -0.0163479607009217 0.205991192167514)
(-0.0182491722940615 -0.0170870626668734 0.21004820980527)
(0.00248228162217716 -0.024876460317903 0.206586054257844)
(-0.0143179314000296 -0.0204938244460141 0.209647252691841)
(-0.0130202655116305 -0.0213418060624363 0.20508860694659)
(0.00651213019606633 -0.0241369459606944 0.206203237609291)
(0.017461730854406 0.0178910020839607 0.0291979902215957)
(0.0146554207200657 0.0202538550285586 0.0278443175081079)
(0.0179591483632687 0.0173916356351581 0.245547611387768)
(0.0179591483567366 -0.0173916356419034 -0.245547611384516)
(0.0200210244308262 0.0149719264204798 0.0264361769265463)
(-0.011888610786053 0.0219922925948557 -0.228798004872055)
(-0.0167202560778817 0.0185858289212523 -0.229168053271353)
(0.0176377214115276 0.0177175275760852 -0.194545933125151)
(-0.00391161718739715 0.0246920888338605 -0.210550753644546)
(-0.000653821146418328 0.0249914488957422 -0.212900414437806)
(-0.00623132874152326 -0.0242109591324893 0.211523220967975)
(0.0174617308543996 0.0178910020839669 0.0341979902216007)
(0.0146554207200551 0.0202538550285663 0.03284431750812)
(0.0200426911582443 0.0149429090586551 -0.220040197168178)
(0.0200210244308264 0.0149719264204795 0.0314361769265472)
(0.0174617308543771 0.0178910020839889 0.0391979902216192)
(0.0146554207200168 0.020253855028594 0.0378443175081634)
(0.00539398925040765 0.0244111630195386 0.196278070249468)
(0.0073827680421816 0.0238850316314495 0.192057091849017)
(0.00681647181582271 0.0240527693204773 0.200332091121296)
(0.00352254724894458 0.0247505891016548 0.200391492730644)
(0.0201720909652139 -0.0147677603613797 0.22003897715506)
(0.0200210244308274 0.0149719264204782 0.0364361769265506)
(0.0174617308542981 0.017891002084066 0.0441979902216888)
(0.0146554207198788 0.0202538550286938 0.0428443175083194)
(-0.022203889099062 -0.0114885729695447 0.181668565569632)
(0.0200210244308315 0.0149719264204727 0.0414361769265652)
(0.0174617308540227 0.0178910020843348 0.049197990221952)
(0.0146554207193803 0.0202538550290545 0.0478443175088801)
(0.0200210244308498 0.0149719264204483 0.0464361769266273)
(-0.00703817590452622 0.0239888324004514 -0.24617279596768)
(-0.00272083669869426 0.0248514999076321 -0.246450982588859)
(0.00772477946939752 -0.0237766225976099 -0.24540301129228)
(0.00774319876167621 0.0237706304699134 0.244958813384164)
(0.0188662286449726 -0.0164032136094003 -0.19106963715038)
(0.0195540330129963 -0.015576899336089 -0.194608070496844)
(0.0163880964709253 -0.0188793615903623 -0.19449962654335)
(0.0212036698828591 -0.0132440319955342 -0.191294233545496)
(0.00959561625286299 -0.0230851499611285 -0.24092750346724)
(0.00949832944346094 0.0231253483818835 0.240762937562633)
(0.0174617308530696 0.017891002085265 0.054197990222953)
(0.0146554207175806 0.0202538550303568 0.0528443175108957)
(0.0200210244309303 0.0149719264203405 0.0514361769268912)
(0.0174617308498036 0.0178910020884527 0.0591979902267825)
(0.0146554207110833 0.0202538550350582 0.0578443175181409)
(0.0200210244312848 0.0149719264198666 0.0564361769280125)
(0.0174617308387523 0.0178910020992388 0.0641979902415208)
(0.0146554206876362 0.0202538550520242 0.062844317544184)
(-0.0207667521607221 -0.0139191237042834 0.209554141508602)
(-0.0198596472441508 -0.0151853354041948 0.213838587651764)
(-0.0170234402572911 -0.0183085357635842 0.213525961983763)
(0.0196954047730245 -0.0153977605783024 0.233103851912395)
(0.019695408722669 0.0153977555262776 -0.233103855011766)
(0.00895796122994032 0.0233399856598689 -0.216589917002371)
(0.0198250259398 0.0152305070987888 0.210598689422618)
(0.0221705731354179 0.0115527350375175 0.208895200065457)
(-0.0216166254674638 -0.0125587222040858 0.204876791446038)
(-0.022791350084386 -0.0102739652194738 0.209875871504576)
(-0.0238788063540832 -0.0074028782986212 0.206274934652414)
(-0.0225685629634391 -0.0107545323359635 -0.21069016248887)
(-0.0213551140168573 -0.0129984270327999 -0.206524599580735)
(-0.0208231146181216 -0.0138346629015879 -0.211860304484484)
(-0.0237447955692699 -0.00782206388196762 -0.20689156480489)
(0.0178543517709458 0.0174992034915686 0.208378732139094)
(-0.0249996704760091 0.000128359226229188 0.18396233282802)
(-0.0246802204199596 -0.00398581485046775 0.180825597109865)
(-0.0233535114516544 -0.00892263990517634 0.214613495101164)
(-0.0228395701673423 -0.0101663186341491 0.217894358115742)
(-0.0245955399407909 -0.0044787738300743 0.215210080078968)
(-0.0221488762030293 -0.0115942780259438 0.220874892110265)
(-0.0211420352078053 -0.0133422017400398 0.217870922734025)
(-0.0209892464337487 0.0135812935371917 0.215448204828246)
(-0.0185915281493296 0.0167139187826399 0.216522520004842)
(-0.00793160624428894 -0.0237084293529866 -0.210278533923782)
(0.00795572772122808 -0.0237003459136293 0.242811734304225)
(0.00795573107343336 0.0237003447883613 -0.242811740133355)
(-0.00263676658943701 -0.024860560370853 0.24649432131206)
(0.0167367544720288 -0.0185709733116771 0.175115050373444)
(0.0151044675469306 -0.0199212213512054 0.179356316344646)
(-0.0200365851776187 -0.0149510954254206 -0.234510932492822)
(-0.0186598687856941 -0.0166375868713188 -0.230443874453085)
(-0.0105019624881238 -0.0226871942711751 -0.202148276029449)
(-0.00937215352834941 -0.0231767715232525 -0.197632900994679)
(-0.00557770741846745 -0.024369841607076 -0.201123086610637)
(-0.0145765801112776 -0.0203106699116377 -0.199505968901375)
(0.0050468569073925 -0.0244852860991311 0.193766756635961)
(0.0090560841465981 -0.0233020887460703 0.193959857119638)
(0.00691739866237401 -0.0240239379733171 0.188938500786379)
(-0.0218570877047095 -0.0121353910966494 0.213967815880612)
(0.0200210244328411 0.0149719264177854 0.0614361769327774)
(0.0174617308020057 0.0178910021351037 0.0691979902986091)
(0.0146554206030866 0.0202538551132031 0.067844317637804)
(0.0107725114497066 -0.0225599866370958 0.190536881827618)
(-0.00409376354421052 -0.024662544476272 -0.245126652149368)
(0.0200210244396621 0.0149719264086641 0.0664361769530297)
(0.00858378704661375 -0.0234801746147337 0.210056449265522)
(0.0174617306828547 0.0178910022513958 0.0741979905212546)
(0.0146554202987111 0.0202538553334452 0.0728443179744165)
(0.0200210244695134 0.0149719263687458 0.0714361770391319)
(0.0174617303113705 0.0178910026139667 0.0791979913960115)
(0.0146554192070002 0.0202538561233927 0.0778443191852001)
(-0.0185625600231237 0.0167460850764568 -0.225880422684622)
(-0.0208756898257587 0.0137552017178489 -0.226270840525607)
(-0.0202378186788207 0.0146775575326134 -0.229575141023214)
(0.0200210246000161 0.0149719261942327 0.0764361774053632)
(0.0171479710090352 -0.0181919512497502 -0.217962329654339)
(0.0136923711941633 -0.0209169541540169 -0.218617411372273)
(0.0158923220641875 -0.0192985517438003 -0.221856205437133)
(0.0218723710124557 -0.0121078233507715 -0.218238028106334)
(0.0199987528250186 -0.0150016627559684 -0.215139323817749)
(0.0225659294874038 -0.0107600569872804 -0.213150837416694)
(0.0174617292308908 0.0178910036685216 0.0841979948605542)
(0.0146554153238221 0.0202538589332078 0.0828443235428701)
(0.020021025170363 0.0149719254315432 0.0814361789643043)
(-0.00290490785656004 0.0248306566635862 -0.201252662326977)
(-0.0064183699760148 0.024162047240476 -0.203965223499819)
(0.0174617265328028 0.0178910063018717 0.0891980086961689)
(0.0146554017672337 0.0202538687425628 0.0878443392285864)
(-0.00170736443993392 0.0249416299922288 0.241612351540086)
(0.020021027665492 0.0149719220949617 0.0864361856080421)
(0.0203043185999158 0.0145854258145971 -0.215009449407839)
(0.0226503372073575 0.0105812203640693 -0.211898733901112)
(0.0206961894832548 0.0140238276113624 -0.210021706450792)
(0.0181757863843144 0.017165103824672 -0.212818759469816)
(0.0169304829491633 0.0183945303584542 0.192018867008246)
(0.0224969318449261 -0.0109035800343166 -0.17622591477549)
(0.0239121273140347 -0.00729452995863293 -0.175624763445801)
(0.00584115181157313 -0.0243080428153761 -0.217245201585557)
(0.00987855705015242 -0.0229654982660269 -0.218106195214049)
(0.00653791904745256 -0.0241299733636189 -0.221641593961321)
(0.0174617226444087 0.0178910100969662 0.0941980643128191)
(0.0146553563234962 0.0202539016249058 0.0928443955264635)
(0.0200210386177473 0.0149719074491753 0.0914362139633012)
(0.0174617386429196 0.017890994482319 0.0991982876693058)
(0.0146552162004752 0.020254003014647 0.0978445947289124)
(0.0200210870437181 0.0149718426917953 0.0964363350881312)
(-0.0248723789438924 -0.00252284872146946 -0.226674293696316)
(-0.0249139644657264 0.0020722872871599 -0.226755149193085)
(0.0174619528483174 0.017890785413814 0.104199164978916)
(0.0146548436433889 0.0202542725810586 0.102845265939392)
(0.0200213038940471 0.014971552704453 0.10143685101852)
(0.0199594677799188 -0.015053891388687 0.195914435677321)
(0.013512633569031 -0.0210335145429644 0.200643670025654)
(-0.016757500377339 0.0185522554182364 0.209210270936393)
(-0.0189095618188595 0.0163532404072933 0.212553509158379)
(0.0112217310027512 0.0223399362868808 -0.240114067297807)
(0.00642282517618401 0.0241608633280389 -0.239149073507947)
(0.0115363103178342 -0.0221791240640976 0.239478597523388)
(0.00652743962285912 -0.02413281027916 0.238908656336425)
(-0.00269144885454444 0.024854699818412 0.21856033047543)
(-0.0052951154078269 0.0244328007567244 0.213620467444869)
(0.0246898236036067 -0.00392588976192473 0.188732158264624)
(-0.0249849273084363 -0.000867990433217179 -0.213742937777604)
(-0.024877351111458 -0.00247333816475589 -0.218157379423787)
(-0.0249591757733341 0.00142812629547 -0.21833251172026)
(-0.0244062625770019 -0.00541611918465934 -0.215576114009362)
(-0.0239907415631287 -0.00703166546780854 0.22549371600686)
(-0.0248464188552109 -0.00276685201473081 0.226384592603276)
(-0.0249861084959303 -0.000833296003589932 0.222199647877031)
(0.0104001091957283 0.0227340653803258 -0.183516279612607)
(0.00726133980142608 0.0239222269926574 -0.18461636110577)
(0.0101180409650919 0.0228609983821513 -0.187089137273286)
(0.00520896560628062 0.0244513123842584 -0.188446185650908)
(-0.024695666621611 -0.00388896517267135 0.176965500337006)
(-0.0152084978775855 0.0198419150362932 0.243311806233114)
(-0.00293039326940159 -0.0248276618973001 0.189339750886995)
(-0.000127441989373409 -0.0249996751686766 0.186070567863217)
(-0.00379041711756213 -0.0247109841583635 0.185098664532263)
(0.00216020344624789 -0.0249064955598097 0.189863615088262)
(-0.0200510288131577 -0.0149317193763451 0.175777850172676)
(-0.0199097918482374 -0.0151195300376652 0.179803769677664)
(-0.0173015124033492 -0.0180459876026986 0.17865842361123)
(0.0174634655126497 0.0178893088823603 0.10920237101834)
(0.0146538820510132 0.0202549683000244 0.107847203185369)
(-0.0183567515076899 -0.0169714370070694 -0.193222696126556)
(-0.0159051425785097 -0.0192879869234007 -0.195142247259392)
(-0.0183377613494059 -0.0169919542340554 -0.197619146610485)
(-0.0159479950677588 -0.0192525700445094 -0.190610342867728)
(0.0200222907974069 0.0149702328380047 0.106439015818973)
(0.0203122593901052 -0.0145743651137565 -0.209463710503665)
(0.0174711192576216 0.0178818341309264 0.114212125918628)
(0.0146467445666033 0.0202601301476737 0.112850049686005)
(0.0200268018523414 0.0149641975249946 0.111447682227373)
(0.0241529360268154 -0.00645257167992458 -0.185884270360473)
(0.0226565396752311 -0.0105679330970952 -0.187474678878666)
(0.017490425872529 0.017862950562479 0.119231093599535)
(0.0145369236373604 0.0203390720329506 0.117829744758893)
(-0.00549974790437677 0.0243875536491117 -0.222169090497288)
(-0.00211364010107345 0.0249104902706296 -0.217593685378431)
(0.0200461090254496 0.0149383236321813 0.116478403760267)
(0.0220628165520753 0.0117572159029879 -0.187771586582652)
(0.0174063354481418 0.0179449014003076 0.124243234298297)
(0.0143954334565984 0.0204394592784801 0.122893266529888)
(-0.016930323248529 -0.0183946773470023 -0.234319616723118)
(0.0201020864186078 0.0148629109402844 0.121561445534888)
(0.000359704420794399 0.0249974121206508 0.202925778356835)
(0.0145490284361623 0.0203304149383071 0.127876280984165)
(0.00463283470495896 0.0245669868440663 0.204198168577595)
(0.0171625073773692 -0.0181782381027906 -0.197732431552276)
(0.01258340364769 -0.0216022673032092 -0.194396450865266)
(0.019936418306482 0.0150844033726551 0.126745750941837)
(0.0173909999647168 -0.017959763924596 0.125853987798928)
(0.0174609606524432 -0.0178917537735637 0.120801975784727)
(0.0143340202561378 -0.0204825746256819 0.122170279850608)
(0.0200203332957193 -0.0149728505879245 0.123564275838526)
(0.0196813097783693 0.0154157726179347 0.215391233080912)
(0.0170156036280854 0.0183158192055907 0.217749893375807)
(0.0169389210739242 0.0183867602598001 0.213349184002969)
(0.0135661884270875 0.0209990126329968 0.217700141769075)
(0.0157574378510918 0.0194088421181939 0.221502560543889)
(0.0174617289683436 -0.0178910039247693 0.115802009831524)
(0.0146551575856791 -0.0202540454265046 0.117155590978677)
(0.0200210230477119 -0.0149719282700322 0.118563825215056)
(0.0125900511358329 -0.0215983937457653 -0.21425855715515)
(0.00915363577697451 -0.0232639410260276 -0.21427359290246)
(0.0174617308544086 -0.0178910020839582 0.110802009778406)
(0.0146554200901898 -0.0202538554843285 0.112155682275906)
(0.00264501164282084 -0.0248596844993926 -0.216045740794823)
(0.000689835592251618 -0.0249904807247812 -0.220874990782762)
(-0.000970398854296106 -0.024981159421924 -0.21595439332784)
(-0.00165938754223212 -0.0249448678686556 -0.225298876806599)
(-0.0041301244257785 -0.0246564813432004 -0.223150328417286)
(-0.00774708568988746 -0.0237693639652714 0.19751842922273)
(-0.00963629860259846 -0.023068197789198 0.201274471302989)
(-0.00512798033770183 -0.0244684249116314 0.200698080289713)
(0.0200210244308262 -0.0149719264204798 0.113563823073454)
(0.0174617308544085 -0.0178910020839583 0.105802009778406)
(0.0146554207200697 -0.0202538550285557 0.107155682491897)
(0.00253270974630597 -0.0248713767480002 -0.203665751134376)
(-0.0242312500475449 -0.00615195262769116 0.210980952062546)
(-0.0239790615461324 0.00707139359439116 0.224464551897726)
(-0.0241352753867791 0.00651831895540042 0.220570979056347)
(-0.0228761128153936 0.0100838218180105 0.223628320470916)
(-0.0247922211894604 0.00321648387107293 0.222084490785027)
(0.0200210244308261 -0.0149719264204799 0.108563823073454)
(0.0195205328067174 0.0156188603598941 -0.192564612548444)
(0.0218837174054646 0.0120873037737026 -0.192060620945439)
(0.0199090300910288 0.0151205330869818 -0.188987954982742)
(0.0207944190475815 0.0138777568963281 -0.184132433505838)
(0.0174584268268243 -0.0178942262401151 0.218325753555986)
(0.0178100220124251 -0.0175443186221903 0.212709107296671)
(0.0148375738992533 -0.0201207952324006 0.21567218123083)
(0.0201295027627809 -0.0148257586154367 0.214956429746717)
(0.0174617308544084 -0.0178910020839583 0.100802009778406)
(0.0146554207200697 -0.0202538550285557 0.102155682491897)
(-0.0106096610851571 -0.0226370292144995 -0.185578005080123)
(0.0169206683599784 0.0184035589561266 -0.223566843061409)
(0.0171947299434071 0.0181477619053507 -0.218349135696418)
(0.01509017784625 0.0199320478769379 -0.227652675582558)
(-0.0172531943707898 -0.0180921884802184 0.183466146638231)
(-0.0141325793900899 -0.0206220803941505 0.180401539512208)
(-0.0145451114041143 -0.0203332175083508 0.175731697359055)
(0.0200210244308261 -0.0149719264204799 0.103563823073454)
(0.0169903524945557 -0.0183392454073428 0.223069046769161)
(0.014481373178304 -0.0203786611648238 0.220635756252576)
(0.0130970902994365 -0.0212947464340012 0.224365902844161)
(0.0151330361574453 -0.0198995280511236 0.227597257243078)
(-0.0227451552628819 0.0103758330782351 -0.236023643468596)
(-0.0232198357003658 0.00926494630572767 -0.240400489351536)
(-0.0208922747828523 0.0137299983393223 -0.234031536740496)
(-0.00997604139437174 -0.0229233199623829 0.22372185643666)
(-0.0130766445097863 -0.0213073078629065 0.222601864806209)
(-0.0156102437952154 -0.0195274240148039 0.225379828663352)
(-0.0159782531858794 -0.0192274653849106 0.229195436214537)
(-0.00694248072707439 0.0240167017168095 -0.226738143272066)
(0.00680577731199776 -0.0240557975377973 0.198368471902964)
(-0.016374758873767 0.0188909309412212 0.222452664066835)
(-0.0142661407349915 0.0205299105825967 0.225323946839122)
(0.0174617308544084 -0.0178910020839583 0.0958020097784061)
(0.0146554207200697 -0.0202538550285557 0.0971556824918967)
(0.0200210244308261 -0.0149719264204799 0.0985638230734539)
(0.0109923851992778 -0.0224536738114434 0.205259337134316)
(0.0133658707372282 -0.0211270797659238 0.208339824604348)
(-0.00457131443758987 0.0245785085860123 0.190490886435984)
(-0.00332647744533519 0.0247777026337325 0.195687033065966)
(-0.00710477161629446 0.0239691931503815 0.195988965270738)
(0.000270747838603532 0.024998533869167 0.193863404697793)
(-0.0249815774696436 0.000959576535871471 0.226792528727115)
(0.0174617308544085 -0.0178910020839583 0.090802009778406)
(0.0146554207200696 -0.0202538550285558 0.0921556824918967)
(-0.0156353586527732 -0.0195073206719721 0.166164024832996)
(-0.01655876537796 -0.0187298502171713 0.162040931632692)
(-0.0192861410177423 -0.0159073808228683 0.164985101858513)
(0.0200210244308261 -0.0149719264204799 0.0935638230734539)
(0.0221610194349986 -0.0115710508425818 -0.196054232710814)
(0.0195182251779534 -0.0156217440096394 -0.19841592600921)
(0.0231636454593734 0.00940454831623761 -0.200937873124339)
(-0.0157804294945379 0.0193901532992372 0.217689452927215)
(0.0174617308544085 -0.0178910020839583 0.0858020097784061)
(0.0146554207200697 -0.0202538550285557 0.0871556824918967)
(0.00230910798140674 0.0248931319911779 -0.215087780808498)
(0.0164804142879469 0.018798828285232 -0.1976579484657)
(0.000260346460262136 0.0249986443576573 0.198053161523324)
(-0.0221966836180506 0.0115024882682037 -0.243039777571599)
(-0.0234320958813729 -0.00871417710435984 0.238061491437695)
(0.0200210244308261 -0.0149719264204799 0.0885638230734539)
(0.0174617308544085 -0.0178910020839582 0.0808020097784061)
(0.0146554207200697 -0.0202538550285557 0.0821556824918967)
(-0.000841632500986186 -0.0249858290783653 -0.200119551835564)
(0.000861189753950947 -0.0249851626412095 -0.196024661052094)
(-0.00349938534145348 -0.0247538744893001 -0.195838102459629)
(0.011474484891067 -0.0222111727849899 0.186935084959873)
(0.00829032423623815 -0.0235853879352883 0.184399173080416)
(0.0036512337989379 -0.024731932632641 0.185107645072766)
(0.0200210244308261 -0.0149719264204799 0.0835638230734539)
(0.0174617308544084 -0.0178910020839583 0.075802009778406)
(0.0146554207200696 -0.0202538550285558 0.0771556824918967)
(0.0200210244308261 -0.0149719264204799 0.0785638230734539)
(-0.00834795806320361 0.023565050311319 0.22538635327412)
(-0.00345675936538165 0.0247598629780103 0.223402757984956)
(-0.0248876520702304 -0.00236744048101633 -0.244896429148746)
(-0.0162265487972558 -0.0190183888415995 -0.228048967608816)
(0.014816480371838 -0.0201363330671436 -0.206335605519468)
(0.0188906858324738 -0.016375041642047 -0.205268966828089)
(0.0168795548424976 -0.0184412751272551 -0.201576655335852)
(-0.0150805279982917 -0.019939349921518 -0.231243440474405)
(-0.0140238852457409 -0.0206961504298333 -0.234996193827994)
(-0.0211043967910821 -0.0134016579602884 -0.223411962934669)
(-0.0230705736304093 -0.00963060913773686 -0.220820620016326)
(-0.02137967774289 -0.0129579851678482 -0.219688431069947)
(-0.0227128220717918 -0.0104464210873929 -0.216204869445087)
(-0.00374443505021948 -0.024717993570569 0.224276532081282)
(-0.00714491645027367 -0.0239572571242747 0.225013412663499)
(0.000734478464246481 -0.0249892084985811 0.223150101810672)
(0.0174617308544085 -0.0178910020839582 0.0708020097784061)
(0.0146554207200697 -0.0202538550285557 0.0721556824918967)
(0.0200210244308261 -0.0149719264204799 0.0735638230734539)
(0.00238386284278182 -0.0248860844237659 0.19779781184184)
(0.00391812805787374 -0.0246910565290775 0.202486768014812)
(-0.0018425528125714 -0.0249320075231195 0.232517544817722)
(-0.0246128319487025 0.00438275067337058 0.18275025049025)
(-0.0239277717853304 0.00724304752083988 0.185758711648395)
(0.0174617308544085 -0.0178910020839583 0.0658020097784061)
(0.0146554207200696 -0.0202538550285558 0.0671556824918967)
(0.0200210244308261 -0.0149719264204799 0.0685638230734539)
(0.0174617308544085 -0.0178910020839582 0.0608020097784061)
(0.0146554207200697 -0.0202538550285557 0.0621556824918967)
(0.0200210244308261 -0.0149719264204799 0.0635638230734539)
(0.0212065970296056 0.0132393444861867 0.219250102017168)
(0.0221501107213714 0.0115919193851143 0.21561859348399)
(0.0222773522489267 0.0113454650313348 -0.216327962112055)
(0.0174617308544085 -0.0178910020839583 0.0558020097784061)
(0.0146554207200697 -0.0202538550285557 0.0571556824918967)
(0.0220383499432173 -0.0118030136736469 0.216110315249788)
(0.0200210244308261 -0.0149719264204799 0.0585638230734539)
(0.0177504554623106 0.0176045826670367 0.203576021476051)
(0.0174617308544085 -0.0178910020839582 0.0508020097784061)
(0.0146554207200697 -0.0202538550285557 0.0521556824918967)
(0.0200210244308261 -0.0149719264204799 0.0535638230734539)
(0.0029022660411153 -0.024830965583855 -0.225325157362438)
(-0.000680497094829565 -0.0249907367579255 -0.228839641095731)
(-0.0101725845429491 -0.0228367800645483 -0.235667088591565)
(0.0235224007790451 0.0084673881209012 0.184926786213428)
(0.00247641118017462 -0.0248770453966444 0.23915059549389)
(0.0036519248673966 -0.024731830598702 0.24285979293766)
(0.00192442001910104 -0.0249258221045983 0.246527530987021)
(-0.000976712522356883 -0.0249809133669822 0.242088529031668)
(-0.0230885167992321 0.00958751229525032 0.177713117475999)
(-0.0230796077839061 0.00960893878329244 0.182567469984218)
(-0.0243328317642044 0.00573701127198856 0.178927705931358)
(-0.0209231706449228 0.0136828699534652 0.180142133342913)
(0.0025182013488979 0.024872849896351 -0.239240820084969)
(0.00395722734136301 0.024684820270133 -0.242961548569495)
(0.00201057482339109 0.0249190206244055 -0.246536485008614)
(0.0174617308544085 -0.0178910020839583 0.0458020097784061)
(0.0146554207200697 -0.0202538550285557 0.0471556824918967)
(-0.0188489080108399 -0.0164231137972948 -0.225541675028387)
(-0.0204575557732213 -0.014369704651994 0.184773505212316)
(0.0200210244308261 -0.0149719264204799 0.0485638230734539)
(0.00501831523015002 -0.0244911517134422 0.218162931946301)
(0.0174617308544085 -0.0178910020839582 0.0408020097784061)
(0.0146554207200697 -0.0202538550285557 0.0421556824918967)
(0.00174010184218554 -0.0249393673852971 -0.242262170240971)
(-0.0135015717917918 -0.0210406168909348 -0.238828574966136)
(0.00171261516234263 0.0249412700018607 0.222626218093196)
(0.00717911923703973 0.023947030024209 0.222820887702971)
(-0.00191389241791151 0.0249266326609244 0.227873871416553)
(0.00566317476809108 0.0243501222080313 0.219191754928525)
(0.00174393713590196 0.0249390994878729 0.216928931011315)
(-0.00797397173498614 -0.0236942139512929 -0.22296981540011)
(0.00193662855094896 -0.0249248765263872 -0.233074688340487)
(0.00238522315252867 -0.0248859540808192 -0.238296767543376)
(0.00599260462979155 -0.0242711493290079 -0.231252019456355)
(-0.00977654423680917 -0.023009110864736 0.181586884210932)
(-0.0113775535136029 -0.022260981021624 0.177564840144286)
(-0.00774735465724643 -0.0237692762997707 0.177318351874766)
(0.00547993655481845 0.0243920129418456 0.240705623750068)
(0.0200210244308261 -0.0149719264204799 0.0435638230734539)
(0.0174617308544085 -0.0178910020839583 0.0358020097784061)
(0.0146554207200697 -0.0202538550285557 0.0371556824918967)
(0.0137096223242458 0.0209056512868301 0.190375922080538)
(0.0200210244308261 -0.0149719264204798 0.038563823073454)
(0.0174617308544085 -0.0178910020839582 0.0308020097784061)
(0.0146554207200697 -0.0202538550285557 0.0321556824918967)
(-0.0136906118628003 -0.0209181057178261 0.21332690770858)
(0.0200210244308261 -0.0149719264204799 0.0335638230734539)
(0.0174617308544085 -0.0178910020839583 0.0258020097784061)
(0.0146554207200696 -0.0202538550285558 0.0271556824918967)
(0.0200210244308261 -0.0149719264204799 0.0285638230734539)
(0.0235716709191732 0.00832924546872075 0.200434096335642)
(0.0174617308544084 -0.0178910020839583 0.0208020097784061)
(0.0146554207200696 -0.0202538550285558 0.0221556824918967)
(-0.00620771658991117 0.0242170240686039 0.228530587404867)
(0.0200210244308261 -0.0149719264204799 0.0235638230734539)
(-0.000986942122875273 -0.0249805113087402 0.227703233141195)
(0.00359818550445543 -0.0247397061638882 0.225621916464042)
(0.0174617308544085 -0.0178910020839582 0.0158020097784061)
(0.0146554207200697 -0.0202538550285557 0.0171556824918967)
(0.00491237570599279 -0.0245126205233788 0.222063686022904)
(0.00848715740613144 -0.0235152750178166 0.226362397913566)
(0.0094832465389025 -0.0231315376722429 0.220624883759605)
(0.0200210244308261 -0.0149719264204799 0.0185638230734539)
(0.0174617308544085 -0.0178910020839583 0.0108020097784061)
(0.0146554207200697 -0.0202538550285557 0.0121556824918967)
(0.0200210244308261 -0.0149719264204799 0.0135638230734539)
(0.0174617308544085 -0.0178910020839583 0.00580200977840608)
(0.0146554207200696 -0.0202538550285558 0.00715568249189671)
(0.00386709567235444 0.0246991006123878 -0.195730587446962)
(0.0200210244308261 -0.0149719264204798 0.00856382307345392)
(0.0174617308544085 -0.0178910020839582 0.000802009778406071)
(0.0146554207200697 -0.0202538550285557 0.00215568249189671)
(0.0206477186132143 -0.0140950954615258 0.209658102591494)
(0.0202489787073087 -0.0146621574575831 -0.187488248982091)
(0.0200210244308261 -0.0149719264204799 0.00356382307345391)
(0.0174617308544085 -0.0178910020839583 -0.00419799022159393)
(0.0146554207200697 -0.0202538550285557 -0.00284431750810329)
(0.0200210244308262 -0.0149719264204798 -0.00143617692654609)
(0.0237679209042527 -0.00775151184538776 -0.19407917533735)
(0.0174617308544085 -0.0178910020839583 -0.00919799022159393)
(0.0146554207200697 -0.0202538550285557 -0.00784431750810331)
(0.0200210244308261 -0.0149719264204798 -0.00643617692654609)
(0.0174617308544084 -0.0178910020839583 -0.014197990221594)
(0.0146554207200696 -0.0202538550285558 -0.0128443175081034)
(0.0200210244308261 -0.0149719264204799 -0.0114361769265461)
(0.0174617308544083 -0.0178910020839585 -0.0191979902215941)
(0.0146554207200694 -0.020253855028556 -0.0178443175081036)
(0.0200210244308261 -0.0149719264204799 -0.0164361769265461)
(0.0166566034074953 -0.0186428957762847 0.182507192204762)
(0.0174617308544078 -0.0178910020839589 -0.0241979902215944)
(0.0146554207200685 -0.0202538550285566 -0.0228443175081046)
(0.0200210244308261 -0.0149719264204799 -0.0214361769265461)
(0.017461730854406 -0.0178910020839607 -0.0291979902215957)
(0.0146554207200657 -0.0202538550285586 -0.0278443175081079)
(0.0200210244308262 -0.0149719264204798 -0.0264361769265463)
(0.0174617308543996 -0.0178910020839669 -0.0341979902216007)
(0.0146554207200553 -0.0202538550285662 -0.0328443175081199)
(0.0116225831420281 -0.0221340362588174 0.212937670525445)
(0.00743461254933682 -0.0238689450173493 0.214794845595044)
(0.0200210244308264 -0.0149719264204795 -0.0314361769265471)
(-0.0159864582405472 0.0192206439258221 0.213680240563559)
(-0.0124910734614134 0.0216557863810478 0.20893666701088)
(-0.0171727683523036 0.0181685449917741 -0.176786799514417)
(-0.0200834721929124 0.0148880537571744 -0.17772298356201)
(-0.0174839947057583 0.0178692453430193 -0.180812873250787)
(0.017461730854377 -0.017891002083989 -0.0391979902216191)
(0.0146554207200176 -0.0202538550285934 -0.0378443175081629)
(0.0200210244308273 -0.0149719264204783 -0.0364361769265506)
(-0.0212699033381918 0.0131373974585523 0.176075197436168)
(-0.018881155755236 0.0163860293343604 0.175921318652858)
(0.017461730854298 -0.0178910020840661 -0.0441979902216887)
(0.0146554207198816 -0.0202538550286918 -0.0428443175083177)
(0.0200210244308314 -0.0149719264204728 -0.0414361769265652)
(-0.0219191824836961 -0.0120228715058604 -0.24161769188956)
(-0.0186415323990364 0.0166581292411746 0.236381244990263)
(0.00462067597700082 -0.0245692766176696 -0.194732940013682)
(0.00867238569070687 -0.0234475953230096 -0.193914225661735)
(0.0174617308540225 -0.0178910020843349 -0.049197990221952)
(0.0146554207193909 -0.0202538550290469 -0.0478443175088741)
(-0.0116562734031096 0.0221163127657383 0.227024206586928)
(0.0200210244308497 -0.0149719264204483 -0.0464361769266273)
(0.0174617308530694 -0.0178910020852652 -0.0541979902229531)
(0.0146554207176194 -0.0202538550303288 -0.0528443175108739)
(0.0200210244309303 -0.0149719264203406 -0.0514361769268912)
(0.0174617308498028 -0.0178910020884534 -0.0591979902267829)
(0.0146554207112249 -0.0202538550349557 -0.0578443175180614)
(-0.0222624365140027 0.0113747052911272 0.187316372072714)
(-0.0207960454168096 0.0138753196367504 0.184467740926782)
(0.0199070763387573 0.0151231052248832 -0.196617214559398)
(-0.0104161728037955 0.0227267099273403 0.230069656055049)
(0.0200210244312847 -0.0149719264198667 -0.0564361769280125)
(0.0174617308387497 -0.0178910020992413 -0.0641979902415223)
(0.014655420688154 -0.0202538550516495 -0.062844317543895)
(0.0148520922347395 0.0201100809608214 0.208432668842618)
(0.013230188690342 0.0212123102753554 0.212537570764893)
(0.0102583556553811 0.0227983801891211 0.208567203609518)
(-0.0209907336940423 0.0135789947708142 0.242242418730367)
(-0.022780938646799 0.0102970303666046 0.241388448958651)
(-0.0211556261690127 0.0133206411781485 0.238515076825241)
(-0.0218640245609439 0.0121228886820939 0.246082945307598)
(-0.0181508236799119 0.0171914978911306 0.239832129410391)
(0.0142915385688163 -0.0205122384282173 -0.181889846194813)
(0.0127786621445236 -0.021487340314616 0.182835067432383)
(0.011395291661777 -0.0222519061642601 -0.185623961543087)
(0.0200210244328409 -0.0149719264177856 -0.0614361769327775)
(0.0174617308019967 -0.0178910021351125 -0.0691979902986149)
(0.0146554206049871 -0.020253855111828 -0.0678443176367555)
(0.0200210244396618 -0.0149719264086645 -0.0664361769530301)
(0.0174617306828224 -0.0178910022514274 -0.0741979905212758)
(0.0146554203057434 -0.0202538553283567 -0.0728443179706416)
(0.0200210244695124 -0.0149719263687472 -0.0714361770391335)
(0.0174617303112528 -0.0178910026140816 -0.0791979913960889)
(0.0146554192335666 -0.0202538561041696 -0.0778443191719053)
(0.0200210246000121 -0.014971926194238 -0.0764361774053703)
(0.0174617292304526 -0.0178910036689493 -0.0841979948608304)
(0.0146554154294573 -0.0202538588567716 -0.0828443234989943)
(0.0200210251703473 -0.0149719254315643 -0.0814361789643346)
(0.0118201792817707 -0.0220291480031979 0.228475080560147)
(0.0118579391490356 0.0220088454748942 -0.228821998122768)
(0.0174617265310871 -0.0178910063035462 -0.089198008697105)
(0.014655402238597 -0.0202538684014912 -0.0878443391130194)
(0.020021027665428 -0.0149719220950474 -0.0864361856081716)
(-0.0244869988758523 -0.00503854007168821 -0.241645627111605)
(0.0247121984335784 -0.00378249237665417 0.198680060202678)
(-0.0208722442013166 -0.013760429571805 -0.19491299950599)
(0.0174617226369567 -0.0178910101042394 -0.0941980643156324)
(0.0146553589082669 -0.0202538997546122 -0.0928443955254524)
(0.0200210386174768 -0.0149719074495371 -0.0914362139638774)
(0.0174617386046883 -0.017890994519633 -0.0991982876754011)
(0.0146552344350921 -0.0202539898205882 -0.0978445986140172)
(0.0200210870424859 -0.014971842693443 -0.0964363350909733)
(0.0213599647545023 -0.0129904544064639 -0.173144641037567)
(-0.00814019673123135 0.0236376224941691 0.233529286276591)
(0.017461952612809 -0.0178907856436774 -0.104199164978577)
(0.0146550003679621 -0.0202541591831167 -0.102845315079336)
(0.0200213038876466 -0.0149715527130123 -0.101436851035838)
(0.0174634638739239 -0.0178893104820771 -0.109202370954119)
(0.0146553814815479 -0.0202538834209714 -0.107847684976476)
(0.020022290757733 -0.0149702328910676 -0.106439015958027)
(0.017471107595077 -0.017881845525595 -0.114212126199618)
(0.0146617779043838 -0.0202492535339583 -0.112854275734199)
(0.0200268015613598 -0.0149641979144194 -0.111447683606804)
(0.0174903502351076 -0.0178630246221986 -0.119231104831913)
(0.0146908714763789 -0.0202281560025751 -0.117865116965429)
(0.00136923733774923 0.0249624756206774 0.238004007115808)
(0.0200461066421207 -0.0149383268304293 -0.116478418911604)
(0.0174059812967093 -0.0179452449160942 -0.1242433335426)
(0.0147190707946021 -0.020207645952547 -0.122852208266724)
(0.0201020660624087 -0.0148629384720033 -0.121561618038607)
(0.0146355104423952 -0.02026824694172 -0.127790536889625)
(0.0199362231273028 -0.0150846613292575 -0.126747647950614)
(0.0170972876325745 -0.0182395930768484 0.13007613231567)
(0.0145979595195736 -0.0202953092576804 0.127051771989942)
(0.0201002501408382 -0.0148653941850102 0.128464659791894)
(-0.0240757377785821 0.0067348979514878 0.242257266286434)
(-0.0236166259339662 0.00820091333298396 0.24601870399439)
(-0.0245925435999408 0.00449519735773744 0.245071132397541)
(-0.0247308099420844 0.00365883036071641 -0.0777187799752305)
(-0.0246970961791819 0.00387987632744139 -0.081971805809204)
(-0.0237498140310164 0.00780681327380989 -0.0786946769267403)
(-0.023722031025419 0.00789083291098333 -0.0830979493502379)
(-0.0243731944689074 -0.00556303796327362 0.148106199812929)
(-0.0249943503993385 -0.000531458479176406 0.174934973687025)
(-0.0226436348951726 -0.0105955556123368 0.147475220477148)
(-0.0184514896773638 0.0168683884436581 -0.184625409140712)
(-0.0150219380708366 0.0199835276314256 -0.184441876824617)
(0.0247206229622288 0.00372703640434644 -0.162116556007011)
(0.0238515178699775 0.00749033345707264 -0.162934060953576)
(0.0246619031099527 0.00409762553136659 -0.16765533225623)
(0.0039017667040313 -0.0246936472921137 -0.13949918401631)
(0.00528432901484043 -0.0244351359084192 -0.136335174292464)
(0.00805411821606349 -0.0236670906484442 -0.139357788056737)
(0.0233648879547534 0.00889280669203032 -0.167717314298387)
(0.0106331433098117 -0.0226260085599075 0.139528588728193)
(0.0129498393206262 -0.0213846127290153 0.136949764928331)
(0.00841953001167734 -0.0235395733687436 0.135290472324313)
(0.0116797963682119 -0.0221038991310833 0.132906139475557)
(0.0247776181961207 0.00332710632942004 -0.172695112921366)
(0.0239347242151021 0.00722003994081797 -0.172358662829662)
(0.0187999347278555 -0.0164791521089033 0.192407910991529)
(0.020444784924283 0.0143878688275856 -0.176357744907505)
(0.0198569517775003 0.0151888599343738 -0.170987200623905)
(0.0181322657859217 0.0172110702011436 -0.17337705994158)
(-0.0221931154384655 -0.0115093712745286 -0.17728740170045)
(-0.0198369139817509 -0.0152150203312587 -0.176047437863449)
(-0.0207583489320239 -0.0139316527955711 -0.181208783220421)
(0.02227124481498 0.0113574492907178 -0.172093652822953)
(-0.015091127489991 0.0199313288839665 0.180896327722292)
(-0.0151043920825469 0.0199212785688242 0.184239342389472)
(-0.0182219389987238 0.0171161017503048 0.183596261240189)
(0.00890497745126016 -0.0233602520661175 0.20193105634991)
(0.0177123005612342 -0.0176429705216696 -0.208697040269944)
(-0.0116027379383289 0.0221444456316807 0.183833729680782)
(0.0236736434777756 -0.00803483692971865 0.140106024905288)
(0.0218165172695186 -0.0122081765316855 0.136143595683531)
(0.0221215868628551 -0.01164626097377 0.141280308806959)
(0.00331759141417795 0.0247788939867899 0.148373903502835)
(0.00651147503131031 0.0241371227141228 0.146160740319396)
(0.00731519675558301 0.0239058130258544 0.150181650778626)
(0.019131829352567 -0.0160926413501406 -0.21969442602967)
(0.0104438044341218 0.0227140253795274 0.147210474219238)
(0.020062353224169 -0.014916500363982 0.139812258447687)
(0.0241169084139765 -0.00658594932806717 0.168757969147196)
(0.0246982219951173 -0.00387270322641714 0.171677222462012)
(0.0248537922871483 -0.00269981646548234 0.167709059068977)
(-0.00447634225888952 -0.0245959825984098 0.243644604397109)
(-0.0102098847809599 -0.0228201282371402 0.186316828357795)
(-0.00716330547736216 -0.0239517651674776 0.184193497185833)
(-0.0237570671977249 0.00778471310728811 0.0987193822901964)
(-0.0240314401520511 0.00689129046103741 0.0949313665118615)
(-0.0223628101914165 0.0111760780393963 0.0955739322174161)
(-0.0237483483654029 0.00781127069787399 0.0913154228526004)
(-0.0224971096878346 -0.0109032130903481 0.0590915364583662)
(-0.0240372043110235 -0.00687115775616558 0.0596300304813482)
(-0.0238236812596342 -0.00757840426734774 0.0634292942819705)
(-0.0239554708629401 -0.00715090314120012 0.055877200932148)
(-0.0224957101214987 -0.0109061004089225 -0.00091375299016109)
(-0.0240373763257458 -0.00687055597273433 -0.00037519812713537)
(-0.0238039595220334 -0.0076401250692247 0.00345167280078795)
(-0.0239569497996516 -0.00714594684397906 -0.00411610788490935)
(-0.0249787172199455 0.00103135156275586 0.179002506515643)
(-0.0237591240946518 0.00777843314909481 -0.0212409859435781)
(-0.024031623735965 0.0068906502315095 -0.0250713847873881)
(-0.0223627101931144 0.01117627812909 -0.0244302932842846)
(-0.0013452636621866 0.0249637790744751 0.214232021149257)
(-0.00249802183039466 0.0248748846617401 0.210261820303687)
(-0.0237484825099094 0.00781086285096124 -0.0286860424812643)
(0.0152122423184515 -0.0198390444236791 0.211300055909585)
(0.0176718349563674 -0.0176835021778751 0.207310292240817)
(0.0138554813771954 -0.0208092680266797 0.141000980485504)
(0.0161985925473558 -0.0190422057410572 0.138531810855797)
(-0.0143716915900909 0.0204561599729595 -0.196196931925779)
(0.0175518475246321 -0.0178026022949474 0.141642931248744)
(0.0186944329738209 -0.0165987401867526 0.137068624835479)
(0.01722264169439 0.0181212751501284 0.144265553486781)
(0.015384396608793 0.0197058453506404 0.141205785121167)
(-0.0240837898540141 0.00670604699265426 -0.22764057366766)
(-0.024739896457341 0.00359687687863299 -0.222635742188087)
(-0.0247657827179025 0.00341408939098542 -0.230978225248431)
(-0.0243098771334905 0.00583351298572251 -0.218817202293471)
(-0.0246308455052009 0.00428035625841182 -0.214003133488451)
(0.00968512106596835 -0.0230477424043557 -0.176944128423957)
(0.00530994662429495 -0.0244295817984496 -0.175063319080022)
(0.0196977133570497 0.0153948071928006 0.14093789302921)
(-0.0238202094216611 0.00758930979129237 0.209544236936878)
(-0.0242162914693598 0.00621057384393829 0.204879436131563)
(-0.0237571477373613 0.0077844673154424 -0.0712796217059062)
(-0.0240315942507427 0.0068907530624503 -0.0750677801976059)
(-0.0223631693755317 0.0111753592998742 -0.0744248114526597)
(-0.0192199202722751 -0.0159873282548207 -0.171581377626822)
(-0.0216377917486557 -0.0125222189823453 -0.173729272783785)
(-0.0221981835114343 -0.0114995934185817 -0.170420666493088)
(-0.0224956098678018 -0.0109063071970148 -0.0909144238089296)
(-0.0240373553981935 -0.00687062918959658 -0.0903760906782483)
(-0.0238043261443868 -0.00763898270790445 -0.0865487909678132)
(-0.0239565816234615 -0.00714718104698822 -0.094118604079862)
(-0.00364320989122585 -0.0247331158912191 -0.190998418172371)
(-0.0223892166780927 -0.0111230830501897 -0.13549354940579)
(-0.0240369919552791 -0.00687190059167401 -0.134821248891807)
(-0.0237859857074216 -0.00769590046234572 -0.131155362280278)
(-0.0185543660245193 -0.0167551634258865 -0.202839433655456)
(-0.023791745536374 -0.00767807556178147 -0.138538209294999)
(-0.0236528381534824 0.00809587841343767 -0.189956766722057)
(-0.0247779814097442 0.00332440028552069 -0.132719847723651)
(-0.0241516107065892 0.00645753050920903 -0.134438920949393)
(-0.0242751012121926 0.00597657603798409 -0.13034946965636)
(-0.0234142867312791 0.00876191627815786 -0.131983311957264)
(0.00955285341169951 0.0231028784287712 0.218746136135284)
(-0.0247307605617188 0.00365916411751811 0.0922808410561006)
(-0.0246572322041564 0.00412563934806638 0.0884056162170697)
(-0.0235663742110737 0.00834421994818208 0.0872156707309564)
(-0.021679213786964 -0.0124503690539321 0.198668321362615)
(-0.0189796477969512 -0.0162718459156816 0.201520197429869)
(-0.024841278411617 -0.00281262988616175 -0.108038128526147)
(-0.0244905950959071 -0.00502103095472766 -0.105378492852194)
(-0.0243229852812038 -0.00577861462725649 -0.109430273217491)
(-0.0205888164801065 0.0141809955908778 -0.207833484991722)
(-0.0219795676508397 0.0119121201254084 -0.203183414880978)
(-0.0228752839776322 0.0100857019062971 -0.20797815375729)
(-0.0244207752879728 0.00535030226569818 -0.208327725845662)
(-0.0235612537852559 0.00835866736189246 -0.211869147502408)
(-0.023483306894441 -0.00857521412569388 -0.107763025200807)
(-0.024730760393013 0.00365916525773016 -0.027719160274443)
(-0.0246734050717952 0.00402778874360477 -0.0316116314901806)
(-0.0235663729302479 0.00834422356558589 -0.0327843368670454)
(-0.00649715512489545 -0.024140981241098 0.193152894190877)
(-0.00183735917178684 -0.0249323908054132 0.192645507312815)
(-0.0247315570383422 -0.00365377701279458 -0.132269544340082)
(-0.0247167368735349 -0.00375272145574921 -0.127974446336702)
(-0.00625230454453536 0.0242055507659376 0.18467329363603)
(-0.00856920196166657 0.0234855014368476 0.181069851755462)
(-0.00510501349879085 0.0244732269465464 0.18040247240024)
(-0.0237196404811918 -0.00789801591812831 -0.126674063343426)
(-0.0179855806319328 0.0173642992755897 -0.152931511765739)
(-0.0180721268179166 0.017274207138886 -0.147725609733366)
(0.0188397945995355 -0.0164335674595418 0.171511442761614)
(-0.0154275233084439 0.0196721001565014 -0.154080854734764)
(-0.0150438135378721 0.0199670647376558 -0.150285616699641)
(-0.0156727323725294 -0.0194773062813899 -0.205214703750775)
(-0.0186631899752972 -0.0166338612458433 -0.208236115980834)
(-0.0140487435358407 0.0206792844427503 -0.16646955028243)
(-0.0148430189997515 0.0201167787424582 -0.170835018118878)
(-0.0247908241817878 0.00322723355022274 0.0223913345128375)
(-0.0242122032061664 0.00622649306618928 0.0205312523756133)
(-0.0241344560208094 0.0065213520515011 0.0248314095776341)
(-0.0231925844843525 0.00933295370909839 0.0226235973297776)
(0.0214818472026226 0.0127878943052863 0.212587589020413)
(-0.0247761998760808 0.00333765182433566 0.0322085541162278)
(-0.0241328945816596 0.00652712793734781 0.02974448519523)
(-0.0241997496514413 0.00627472045652755 0.0340089529959241)
(0.00945656404750911 0.0231424587374669 0.227452470572805)
(0.0111241063309389 0.0223887082775663 0.222626967744371)
(0.00176793931701628 -0.0249374094599128 0.230127888211712)
(0.00499064468042436 -0.0244968052136141 0.229466752202735)
(-0.0232840981040566 0.00910224013529997 0.0326834970649249)
(-0.00201405016559394 -0.0249187399747754 0.23725326192824)
(-0.0247305804696659 0.0036603810776172 0.0272872470755309)
(-0.0230851286906708 0.0095956674252064 0.0276082014738279)
(-0.00674241607047111 0.0240736334094514 -0.169802320875155)
(-0.00954114858869313 0.0231077148071478 -0.166362410920516)
(0.0242895074455634 0.00591775532207267 -0.151620563080141)
(0.0247910374214023 0.00322559507232832 -0.154041205200933)
(0.0244665700915217 0.00513682274919592 -0.146913010858616)
(-0.0247994190075491 0.00316050896028041 -0.0117920344202804)
(-0.0245602055150181 0.00466865131061132 -0.0147595735566193)
(-0.0237970425868475 0.00766164239049092 -0.0115665586582614)
(-0.0247880297481369 -0.00324862758799437 0.102658115196657)
(-0.0241754318197352 -0.00636777012221205 0.104471770871731)
(-0.0241531556439393 -0.00645174956423798 0.100416970508084)
(-0.0233144805885761 -0.00902413402409939 0.102472612696364)
(0.0038763155547027 0.0246976553081536 0.192163257686246)
(0.00576297993924942 0.0243266944367666 0.188404104776278)
(0.00925685974703609 0.0232230606859583 -0.19061979694849)
(0.00662931309584444 0.0241050245359192 -0.192873950679878)
(-0.0125737923217523 0.0216078630745718 -0.207503914530784)
(-0.0247924725702882 -0.00321454566797672 0.0977956719253248)
(-0.0242121842047772 -0.00622656695410364 0.0961068606456649)
(-0.0233503747249196 -0.00893084543623032 0.097573241780733)
(-0.0248405560476983 -0.00281900252592323 0.121962757054505)
(-0.024489838530051 -0.00502471977049738 0.124593272022006)
(-0.0243232067674446 -0.00577768228168831 0.120559994422522)
(-0.0234837300674831 -0.00857405517346305 0.122204359100515)
(-0.0240174154513127 0.00694001116995104 -0.237295867159192)
(-0.024040348661118 0.00686014841325462 -0.23282409774226)
(-0.0224639141618384 0.0109714429556716 -0.231179912685036)
(-0.00972847787144174 0.0230294749897793 0.212154386318277)
(-0.0248011395165655 0.0031469792944749 0.122270964835776)
(-0.0241723308447267 0.0063795314509042 0.119854569471491)
(-0.0242026551659806 0.00626350404459311 0.124032024895937)
(-0.0233323998857405 0.0089777010181838 0.122667488001696)
(-0.0248012370872168 0.00314621025102627 0.117386384763012)
(-0.0242255788155706 0.00617424740762601 0.115508160558171)
(-0.0232425316991365 0.00920786186987169 0.117647323868601)
(0.0245365699641871 0.00479131864861329 -0.177145959716608)
(-0.0249913481429965 0.00065766100351587 0.13487335015844)
(-0.0244617541289579 0.00515970783421034 0.134855151865967)
(-0.0246842339755126 0.00396088286145257 0.138367404465316)
(-0.0246371866929452 0.00424370496818106 0.131266610943724)
(-0.0246551088473772 -0.00413830976655732 0.128475792281891)
(-0.025 2.52660774903715e-17 0.125)
(-0.0246569146538895 -0.00412753676553097 0.113648828760367)
(-0.0245022456557412 -0.00496386521026807 0.110084370127628)
(-0.0249900121832728 -0.000706605321150111 0.110285027834121)
(-0.0247163570836847 -0.00375522203228875 0.106802263574933)
(-0.025 -8.04061324838318e-18 0.105)
(-0.0244678911405295 0.00513052659433667 0.105273919280474)
(-0.0248230326472045 0.00296935181408672 0.108423391285241)
(0.00833434329404906 -0.0235698689401732 -0.226446774662302)
(0.0154316813685572 -0.0196688385559322 -0.190544023342063)
(0.0121499329875827 -0.0218490074922695 -0.189946923926605)
(-0.0246642121087324 0.00408370433007307 0.101310915599921)
(-0.0249921443273128 0.000626675292929653 0.059817898600649)
(-0.0244598366915181 0.0051687898994121 0.059765936914648)
(-0.0246517201904394 0.00415844822647606 0.0635220814956765)
(0.00376653056316913 -0.0247146363015261 -0.22889884027776)
(-0.0246420807269515 0.00421519364281213 0.0562534408355748)
(-0.025 4.74705379828746e-17 0.045)
(-0.0245584340520164 0.0046779607643459 0.0452305849317414)
(-0.02479822623004 0.0031698542306794 0.0482006197540906)
(-0.0246573098179082 0.00412517545610958 0.0414665234087027)
(-0.0246455156816737 -0.00419506338264126 0.0485804445210254)
(-0.0245308280102321 -0.00482063036670651 0.0448958892419867)
(-0.0248403076980014 -0.00282119008019898 0.0419632574957581)
(-0.0246617373598127 -0.00409862298773865 0.0336272696630147)
(-0.0245018845370605 -0.00496564740316476 0.0300320719399701)
(-0.025 2.52660774903715e-17 0.03)
(-0.0246322807495622 -0.00427208907617179 0.0263707366794483)
(-0.0249921302020088 0.000627238364450442 -0.000182560186784754)
(-0.0244597917139246 0.00516900273857801 -0.000234319937070152)
(-0.0246524045009231 0.00415438952469141 0.00351678889522103)
(-0.0246420007918724 0.00421566091774 -0.00374719193953407)
(-0.025 3.06161699786838e-18 -0.015)
(-0.0246665310402517 0.00406967399680871 -0.0184328349710699)
(-0.0246498704782788 -0.00416939868615106 -0.011335602787298)
(-0.0245105983456577 -0.00492245555976329 -0.0148359496886453)
(-0.0246897881669502 -0.00392611261569582 -0.0186490235364153)
(-0.025 9.18794589678809e-17 -0.065)
(-0.02452311872577 0.00485969628287511 -0.0649751425322936)
(-0.0246824210079073 0.00397216479874863 -0.0611818626573737)
(-0.0246340601194187 0.00426181675261442 -0.0685536076772703)
(-0.0249921320301172 0.000627165519772182 -0.0901824991045094)
(-0.0244598044040924 0.00516894268816594 -0.0902341534491031)
(-0.0246542845549508 0.00414321772098876 -0.0864972808094248)
(-0.0246420433774081 0.00421541198294265 -0.093746788938762)
(-0.025 -4.82655296108543e-13 -0.10499999998174)
(-0.0245580794297417 0.00467982208235477 -0.104772290773752)
(-0.0247964355392795 0.00318383173964255 -0.101803860196001)
(-0.0246538175472481 0.0041459957003114 -0.108599995438997)
(-0.024654054175055 -0.00414458836719095 -0.101478165880339)
(-0.025 5.35852779666105e-12 -0.119999998240868)
(-0.0245580065097605 0.00468020472485538 -0.119774589802066)
(-0.0248021247063287 0.00313920532168869 -0.116678730833768)
(-0.0246483170031301 0.00417857259278922 -0.123526562966952)
(-0.0246498146492833 -0.00416972873889612 -0.116335633871687)
(-0.0244664580515982 -0.00513735636386885 -0.120149498273678)
(-0.0246527237160456 -0.00415249483808475 -0.123761744292323)
(-0.0247078747528432 0.00381063317544639 -0.00808872075180525)
(-0.0039462196665251 0.0246865823949677 -0.165558672550308)
(0.020030280338339 0.0149595410881334 0.145509106938942)
(0.0220839709299284 0.0117174326525087 0.146413836657451)
(0.0203182952188348 0.014565949313391 0.150773148087697)
(0.0176605111032632 0.017694811317771 0.149064772145293)
(-0.0240476723340609 -0.00683443160135824 -0.223092454203992)
(-0.0227445693424554 -0.0103771173948374 -0.225459902120374)
(0.0099870874625785 0.0229185096377318 0.214080888888373)
(0.000789054991852891 -0.0249875447417275 0.143524295955076)
(-0.00470643134174789 -0.0245529937894631 0.144411584873898)
(-0.00139652162227829 -0.0249609640710953 0.147541197811869)
(0.00351263638318968 -0.0247519976090717 0.147726499919368)
(0.0200844549675361 -0.0148867279365553 -0.145431730880433)
(0.0220260903557687 -0.011825876019962 -0.146157476302281)
(0.0207718714662946 -0.013911482875227 -0.150080944495706)
(0.00497941789374043 -0.0244990897267531 0.18110550130693)
(0.00931376340541414 -0.0232002976538657 0.180946174241741)
(0.0172989637643971 -0.0180484307538931 -0.144791652710856)
(0.0181512296221239 -0.0171910692862583 -0.148934361990734)
(-0.0070488350638324 0.0239857024963391 0.139332330496841)
(-0.0110353629495131 0.0224325826549801 0.136285482015889)
(-0.0108312625022643 0.0225318386423976 0.140680552565322)
(0.0166636359863089 0.0186366100918539 0.164664937648209)
(0.0151208251747227 0.0199088082525166 0.169730697652995)
(0.0129896923186928 0.0213604282135376 0.166538511188133)
(0.0196680739190913 0.0154326559060053 0.165075748327169)
(0.0185079202887182 0.0168064537183325 0.168516943419624)
(-0.0247688095292722 0.00339206050987199 0.141823474387038)
(-0.0238591797005143 0.00746589204439554 0.141761426374765)
(-0.0235679692099495 0.00833971386312947 0.137224984487598)
(-0.00714911708892797 -0.0239560039415759 -0.139388144483019)
(-0.0110273348171673 -0.0224365301869538 -0.136364332633638)
(-0.0108421662655656 -0.0225265938541501 -0.140891837228754)
(0.000599600577339734 0.0249928085486136 -0.188789242046184)
(-0.00122661737030791 0.0249698900643727 -0.184264756527289)
(-0.00289451583529612 0.0248318702090523 -0.187249302946665)
(0.00320066752233948 0.0247942680354037 -0.184422290098852)
(0.0021686538759237 -0.024905761188256 0.15199160665097)
(0.0053593519579703 -0.024418790850298 0.155869955152899)
(0.00610904245508419 -0.0242421038749111 0.151344180710718)
(-0.0017543665036195 -0.0249383679933346 0.152441420456671)
(0.0238568547718368 0.0074733178973926 0.169194024315975)
(0.0247411805081488 0.00358803387152354 0.171617834284546)
(0.0247354455100217 0.00362735929027569 0.17683727820768)
(0.0107730265981338 -0.0225597406438084 -0.156249370916033)
(0.0142201513882973 -0.0205617921031681 -0.155327758304442)
(0.0162417351653814 -0.0190054213007134 -0.152424674935894)
(0.00160362287927539 0.0249485148588261 0.14512574642638)
(-0.00149482239776815 0.024955270104712 0.148634545998896)
(0.00300906343673871 0.0248182500840346 0.151740557957867)
(0.00604579292165594 0.024257955147713 -0.149077738684804)
(0.0103118063374139 0.0227742541054514 -0.148989348534081)
(-0.0179208577792209 0.0174310887914937 0.158814516001717)
(0.009067569799435 -0.0232976217226646 0.148417451891258)
(0.00992223772495151 -0.0229466598556206 0.15309471984302)
(-0.0247406289162214 -0.0035918353010445 -0.112317078948392)
(-0.0237395168302407 -0.00783806995801383 -0.113162421902442)
(-0.0235019337132222 -0.00852403142528865 -0.117701487666081)
(-0.0247406284505107 -0.00359183850886687 -0.00731708165643933)
(-0.0237395900999803 -0.00783784803915715 -0.00816274508325726)
(-0.0235021949666046 -0.00852331107913509 -0.0127011637427646)
(-0.0247406114491635 -0.00359195561240912 -0.0973171754826619)
(-0.0237399111452383 -0.00783687557743467 -0.0981704433877054)
(-0.0235138236014394 -0.00849117775343281 -0.102814532689698)
(-0.0247405661341912 -0.00359226771826828 0.0526825712404146)
(-0.0237378592688213 -0.00784308850731871 0.0518108090505488)
(-0.0234957398171278 -0.0085410895350556 0.0471673069770386)
(-0.0247411200871151 -0.00358845047826356 0.11769081448617)
(-0.0237409550802763 -0.00783371252193373 0.116841450257061)
(-0.0234969391634033 -0.00853778952371905 0.112241766481628)
(-0.0247401160860047 0.00359536591336828 0.0973192739407381)
(-0.0235538176010504 0.00837959882192748 0.102707750560694)
(-0.0247401323166959 0.00359525422639031 -0.0726806202703159)
(-0.0235534505498112 0.00838063047733275 -0.0672908081645692)
(-0.0247401176596079 0.00359535508521153 -0.0226807663496355)
(-0.0235927414434931 0.00826937429195727 -0.0166550019170305)
(-0.0247401259426211 0.00359529808823209 -0.127680703172482)
(-0.0237514020701414 0.00780198049872491 -0.126852410424261)
(-0.0235990761279447 0.00825127904675814 -0.121827961033421)
(-0.0247092812039397 0.00380150264824737 0.0519112735858958)
(-0.0237526780187447 0.00779809508391912 0.0531655214717677)
(-0.0235522273277803 0.0083840675033399 0.0577395645217583)
(-0.0247090329479663 0.0038031159299073 -0.0980889549043134)
(-0.0237526166987804 0.00779828185953937 -0.0968349471964585)
(-0.023552229811447 0.00838406052630759 -0.0922605700831479)
(-0.0237524820272775 0.00779869204058341 -0.00683666436137727)
(-0.0235522499387316 0.0083840039851802 -0.00226107417476149)
(-0.0246929648803769 0.00390608312974439 -0.112986527053114)
(-0.0237531825204426 0.00779655822466173 -0.111842596878101)
(-0.0235994519546819 0.00825020408466718 -0.10682341770651)
(-0.0198825661290976 -0.0151553147153749 0.145930313435062)
(-0.0209478994449673 -0.0136449810862288 0.1509586931876)
(-0.0180625522497908 -0.017284218415178 0.150533188651333)
(-0.0166167871144378 -0.0186783935602999 0.147044263103885)
(-0.0168856894314398 0.0184356581771566 -0.164314777200137)
(-0.0247410554575311 0.00358889604856005 0.127325461668521)
(-0.0237162293720847 0.00790825292783853 0.128131225322558)
(-0.0235529636764587 0.00838199869096977 0.132742576568047)
(-0.0247410579398214 0.00358887893615791 0.0373254313760941)
(-0.0237586996564319 0.00777972947058321 0.0381688592443101)
(-0.0236007425921206 0.0082465113290691 0.0431822908110113)
(0.00193750035705085 0.0249248087729159 -0.147778565045178)
(0.0013314752211349 0.0249645182956832 -0.143481034557857)
(0.0101449913882839 -0.0228490513967571 -0.160298918170444)
(0.0139803817075995 -0.0207255621711407 -0.159065604418194)
(0.014178122529961 -0.020590795067831 -0.162987912058797)
(0.0110297201827925 -0.0224353576456739 -0.16418769746218)
(0.00675987670908272 -0.0240687362958258 -0.163172385709257)
(-0.0247420828599843 -0.00358180621330509 0.0376822211029226)
(-0.0237547550642309 -0.00779176564319011 0.0369052619845666)
(-0.0235329481869479 -0.0084380299614558 0.0322580528994341)
(-0.0172740152957236 -0.0180723101888804 0.157654050860135)
(-0.0207068631295873 -0.0140080626545051 0.158181704888037)
(-0.0195138176987906 -0.0156272492402972 0.161192720262939)
(-0.013675490791635 -0.0209279944478182 0.158095819947956)
(-0.0246665925675696 -0.00406930105859943 -0.141262965748615)
(-0.0237789453642006 -0.00771762640754031 -0.142407260068758)
(-0.024732081095322 -0.00365022803320797 -0.137260428484798)
(-0.024779888890833 -0.00331015204454 0.0176618539445171)
(-0.025 3.63683077366231e-17 0.015)
(-0.0247801652769995 -0.00330808235154261 -0.0723401922650386)
(-0.025 3.06161699786838e-18 -0.075)
(-0.000517575085643074 0.0249946417463968 -0.194055057305427)
(0.00319896203600848 0.024794488135313 -0.191900762386312)
(-0.0247355063859743 -0.00362694414478973 0.132700291430772)
(-0.0237309487645019 -0.00786397296133344 0.131582123024036)
(0.00660053424543351 0.0241129207620077 0.211423918788077)
(-0.0235029093169863 -0.00852134107036682 0.127092002209372)
(0.0213814151310773 0.0129551181774825 0.161864137438622)
(0.0206137262636804 0.0141447619112537 0.156205106763682)
(0.0186069467621538 0.0166967521449645 0.158340771758313)
(0.0187363372513924 0.0165514249054904 0.161880593453856)
(-0.0236058642497002 -0.00823183898194856 0.14333004046104)
(-0.0246929929813517 -0.00390590548054064 0.142938710156355)
(-0.0249999196329391 -6.33904297659483e-05 0.145255730094989)
(0.0177385530918997 -0.0176165755527531 -0.157255920167909)
(0.0191009694925549 -0.0161292580252312 -0.153621300743655)
(0.0209666018296934 -0.0136162258983574 -0.157892906975412)
(-0.00935078662768978 0.0231854003511567 0.154724304567406)
(-0.010761191977935 0.0225653882575511 0.150385327547554)
(-0.00610033713712819 0.0242442959644815 0.147742887171412)
(-0.0240325687737418 -0.00688735349284242 0.159376487885089)
(-0.0246681606805427 -0.00405978430940966 0.156622046502084)
(0.0111744519066511 0.0223636227965404 -0.17348979794628)
(0.0118582886430616 0.0220086571707098 -0.168571671545302)
(0.00763058247611556 0.0238070202057124 -0.171103052312611)
(0.0150491428748375 0.0199630483326752 -0.173401427987524)
(0.0165762490115073 0.0187143786621011 -0.169803460491585)
(-0.0112147015615723 0.0223434659103029 -0.187291736381355)
(-0.014603743226439 0.0202911479166714 -0.189023936564447)
(-0.0126682668963315 0.0215526103719088 -0.191936684269181)
(-0.00831169512398961 0.0235778651316409 -0.190897415941582)
(-0.00626039056822081 0.0242034607015884 -0.18554170444864)
(-0.00963516914022371 0.0230686695680371 0.164471859732692)
(-0.0110699200651755 0.0224155497311715 0.160992778963963)
(-0.00812899212102102 0.0236414781072669 0.159610871713597)
(-0.00412942600322857 0.024656598323448 0.159694369105252)
(-0.00506496655287895 0.024481546393523 0.163040773724381)
(-0.00546611146814353 -0.0243951147859121 -0.165133904744294)
(-0.00976501720987108 -0.0230140052770247 -0.163502880478362)
(-0.00639976741458682 -0.0241669811320983 -0.16099125126069)
(-0.0104020562996113 -0.0227331745416191 -0.158547584842919)
(-0.0145361189220632 -0.0203396471622208 -0.162689165797382)
(-0.00895851254802188 -0.0233397740547533 -0.168348369719484)
(-0.00410222663572705 -0.0246611381860029 -0.169496587968842)
(-0.00093765425303883 -0.0249824099018041 -0.165816419367509)
(-0.000455627930111873 -0.0249958477189573 -0.170149062971968)
(-0.00898284057431432 -0.0233304216682094 0.146019955572885)
(-0.0053122628630034 -0.0244290782321879 0.149663724732567)
(-0.00990537270710273 -0.0229539450102457 0.14985508372502)
(-0.00794206633703392 -0.0237049273843678 0.153377229427416)
(0.0157273679861612 0.0194332163119714 -0.159290145155586)
(0.0124324979737036 0.0216894673547751 -0.157503500099163)
(0.0130152389660592 0.0213448718585138 -0.162712375590991)
(0.0164531524642525 0.0188226930588601 -0.163415995391579)
(0.00979483633182061 0.0230013299883474 -0.160341071590598)
(-0.00320297757792703 -0.0247939697232068 -0.138515691045518)
(-0.00328404054955881 -0.0247833629208962 -0.143067508081521)
(-0.00693394076237714 -0.0240191687096753 -0.1444498094188)
(0.000256108517428452 -0.0249986881341262 -0.141451832487219)
(-0.0142393355173194 0.0205485114795502 0.163782999012016)
(-0.0169880262690365 0.0183414002595911 0.16193164474768)
(-0.0173686309457762 0.0179813975838761 0.165488265086236)
(-0.0136469165320354 0.0209466386126189 0.168272234029931)
(-0.0247762873804589 -0.00333700219372298 0.00241715367106457)
(-0.0246946469591922 -0.00389543470755944 0.00691127522286914)
(-0.0237212095543442 -0.00789330205166958 0.00790525052440086)
(0.0239066108763989 -0.00731258889890879 0.152756559438796)
(0.0230384693568831 -0.0097071586827432 0.149144333681508)
(0.0219555613704202 -0.0119563090002606 0.152118193744996)
(-0.0247762888531595 -0.00333699125932415 -0.0875828969763746)
(-0.0246946395379696 -0.00389548175322994 -0.0830888482688031)
(-0.0237212052362869 -0.00789331502842463 -0.0820950082128955)
(-0.0246980725723298 -0.00387365605235281 -0.0631936282571465)
(-0.0247094240518481 -0.00380057403900404 -0.0581367669526187)
(-0.0238028611722884 -0.00764354629820256 -0.0618186938132782)
(-0.023801998347907 -0.00764623270939583 -0.0571758000930234)
(-0.024776166463924 -0.00333789984150657 0.062419949688311)
(-0.0247024982238609 -0.00384533243038223 0.0669379360053681)
(-0.0237116960241942 -0.00792183511922669 0.0677590748974152)
(-0.0219124490321543 -0.0120351392768526 0.143512026416294)
(-0.00306104746491935 0.0248118920765328 0.138541287163453)
(-0.00323204971209122 0.0247901967450557 0.143591242459638)
(0.0113920118205393 -0.0222535854792142 -0.221935673432691)
(-0.00735364491314485 0.0238940140305345 0.14347480590232)
(0.000613658558122574 0.0249924673286581 0.14140245365316)
(-0.017874564924826 -0.0174785562546847 -0.148464553727435)
(-0.0156131435087391 -0.0195251056277685 -0.145876666186244)
(-0.0148456362315061 -0.0201148473740616 -0.150119616107988)
(-0.0111217532028449 -0.0223898773041526 -0.146268604080448)
(-0.0247386978846359 -0.00360511122889579 0.0777213222201856)
(-0.0247193321903436 -0.00373558778018174 0.0821721400207723)
(-0.0238424987341745 -0.00751899289206266 0.0785155603943059)
(0.0066451968431763 0.0241006505911239 -0.160618598777203)
(-0.0237402793477794 -0.00783576010922995 0.0827849461934672)
(-0.0247386979009262 -0.00360511111711017 -0.0472786776722075)
(-0.0247193463649413 -0.00373549398206783 -0.0428282491163668)
(-0.0238424846912354 -0.00751903742165228 -0.0464850425857547)
(-0.0237403025178352 -0.00783568990974422 -0.0422161547659375)
(0.00236440886639104 0.0248879402665735 -0.152179106171662)
(-0.00142991418296082 0.0249590734088701 -0.156361175049201)
(0.0037005495434017 0.0247246017779221 -0.155586729384439)
(-0.00176493318330137 0.0249376223978647 -0.150945856036697)
(-0.00413164340948498 0.024656226855236 -0.160829841223521)
(-0.0070117248309991 0.0239965771495509 -0.157337462269764)
(-0.00605574908703811 0.0242554716094088 -0.153407126099155)
(0.0207342212374917 0.0139675362779106 -0.150715668877037)
(0.0235147497061424 -0.00848861274045851 -0.144152575323607)
(0.0237174131114038 -0.00790470210083918 -0.138921479878306)
(0.0246129376611344 -0.00438215696764852 -0.142988947499208)
(0.0218293384093736 -0.0121852363378412 -0.141071075856695)
(0.0220035591155376 -0.011867745626236 -0.135384065311092)
(0.0236745918333415 0.00803204217647533 0.145388939945138)
(0.0237438744879769 0.00782485937887694 0.139033007786101)
(0.0246214985088648 0.00433379870067467 0.143015059190557)
(0.0219719521371694 0.0119261611292962 0.141368142373448)
(0.0220801083460118 0.0117247096095545 0.135195694664159)
(0.0228094427374607 0.0102337345092835 -0.176550397965791)
(0.0242584760291527 0.00604370256904034 0.1638172659684)
(0.0230600517159501 0.00965577624314632 0.16455790064523)
(-0.0194399667562403 0.0157190232685199 -0.161758198858945)
(-0.0176551826568929 0.0177001278343335 -0.157698378310168)
(-0.0205695644264562 0.0142089063374303 -0.156521618265963)
(-0.0215980969724722 0.0125905602404216 -0.160209538492562)
(-0.0218813439498711 0.0120915998506169 0.15902065057209)
(-0.0201772164279245 0.0147607566615229 0.156171208679134)
(-0.020066733410961 0.0149106073053187 0.162064954879573)
(-0.00789697352514177 -0.023719987545174 0.163076684842493)
(-0.00420764453818858 -0.0246433708619631 0.165782471709318)
(5.28329477732832e-05 -0.0249999441735303 0.164965295552081)
(0.00137865125875461 -0.0249619574694521 0.16158892874509)
(0.00407186995491027 -0.0246661686337846 0.13674941043588)
(0.0134557245554908 -0.0210699662241486 0.15190067915857)
(0.0138925429878097 -0.0207845435199299 0.147664479152486)
(0.0138352106566243 0.0208227506849319 -0.152348335982854)
(0.0108391756730388 0.0225280329973348 -0.153882113475423)
(0.00698246462330714 0.0240051075353614 -0.152838143708322)
(0.00605831062947173 -0.0242548319375095 -0.146787792285485)
(0.0025275936620182 -0.0248718971990422 -0.149509215654789)
(0.00890844375387894 -0.0233589304096736 -0.143827810748755)
(0.00470539750206245 -0.0245531919380675 -0.142961133884789)
(0.0145764087359387 0.0203107929033519 -0.148148412005735)
(0.0184162442811991 0.0169068609320359 -0.147592755336397)
(0.0156760490457599 0.0194746370008514 -0.144119803213925)
(0.0189183216213959 0.0163431057950875 -0.143351236218404)
(-0.017317010530344 -0.0180311160578582 -0.175076579542616)
(-0.0157866088667395 -0.0193851226585901 -0.170783999892841)
(-0.0143365055350214 -0.0204808351647168 -0.173896214904076)
(-0.024685471933898 -0.00395316017898773 0.0217454286993315)
(-0.0237318503539701 -0.00786125173091217 0.0232498471245126)
(-0.0224475858052688 -0.0110048121980838 0.0195658224879861)
(-0.0247808244174938 0.00330314110951111 0.159420494733645)
(-0.0249969149613327 0.000392737082413679 0.155510242001331)
(-0.0244385209187987 0.0052686521332725 0.15564942629445)
(-0.0249498477353678 -0.00158275013251046 0.160258857896803)
(-0.0247102395528464 -0.00379526826995748 -0.0681828212104035)
(-0.0238210969981957 -0.00758652343320388 -0.066966195265553)
(-0.0224615254000523 -0.010976332570709 -0.070438036021726)
(0.0129190954299328 -0.0214032000708373 0.156526829199312)
(0.0166237628388878 -0.0186721854392145 0.159689669894717)
(0.0169317896965391 -0.018393327531259 0.155182057837357)
(0.0133423662753736 -0.0211419313728376 0.162045642307914)
(0.0103043045582494 -0.0227776492986182 0.160184902466574)
(0.00895748063688726 -0.0233401701073448 0.157050079465287)
(0.0244023660631456 -0.00543364799377373 0.157281461215707)
(0.0235248995707845 -0.0084604432617035 0.161598964199422)
(0.0247028632949634 -0.00384298647282966 0.161643486751489)
(0.0228775847260957 -0.0100804819875 0.155170751970445)
(0.0223081718577698 -0.0112847449401486 0.158114028346977)
(-0.00366489957160072 -0.0247299112640964 0.13570266667312)
(-0.00732094000495955 -0.0239040548326802 0.132176798829515)
(-0.00762688832914197 -0.023808203930889 0.135968932817094)
(-0.00751953701045482 -0.0238423271336587 0.127376183788405)
(-0.00349049097077889 -0.0247551302315886 0.130779825309621)
(0.0215693451506846 0.0126397527574965 -0.167647834596776)
(-0.00265058625165358 -0.0248590907420715 0.140622595653014)
(0.0247650829266219 0.00341916183260453 0.166991840570533)
(0.0161603860141481 0.0190746408583157 -0.181057796682264)
(0.0192279974486104 0.0159776129041929 -0.180551986653934)
(0.0218411201972362 0.0121641057431231 -0.180161076263073)
(-0.0184840936300076 -0.0168326552473789 -0.220670393112333)
(-0.0246896806602262 0.00392678862380591 -0.137980628692731)
(-0.0247271389012539 0.00368355830116694 -0.142627533292878)
(-0.0237820397078591 0.00770808584110295 -0.141144167981862)
(-0.0234979301537768 0.00853506171554887 -0.136877049236314)
(0.0216370004013825 0.0125235862926948 0.167730403122475)
(-0.0246707555971224 -0.00404398544347715 -0.0537159720489752)
(-0.0235776752273848 -0.0083122338075853 -0.0532516834594037)
(-0.025 6.96749984753778e-17 -0.055)
(-0.0246615606581186 -0.00409968607407182 0.0711689568045562)
(-0.0235754876795629 -0.00831843619142307 0.0717469556642036)
(-0.025 4.74705379828746e-17 0.07)
(-0.0235853185709545 -0.00829052157023833 0.0277910830097834)
(-0.0246656246078457 -0.00407516413225752 0.0862196588845636)
(-0.0235801479141929 -0.00830521669463137 0.0867627160698744)
(-0.0249947153053493 0.000514010510141818 0.0849024266452651)
(-0.0246656990227959 -0.00407471369753056 -0.0387811435037325)
(-0.0235805507981515 -0.00830407273907187 -0.0382396339887126)
(-0.025 2.52660774903715e-17 -0.04)
(-0.0146931356062631 0.0202265114653012 -0.140506674486839)
(-0.0145773442394299 0.0203101214896701 -0.135459038038963)
(-0.0174942395132976 0.0178592156561081 -0.137745257135757)
(-0.0111818800364886 0.0223599096341997 -0.134114569641344)
(-0.0112937531345263 0.0223036127149029 -0.138767869811944)
(-0.00462660484228751 -0.0245681608516658 -0.157037034521294)
(-0.00868150833469313 -0.0234442191815947 -0.153808302590335)
(-0.00526541220951774 -0.0244392191827779 -0.152495541815847)
(-0.00140394731089085 -0.0249605475089839 -0.154183966841043)
(0.00259126024985349 -0.0248653447657081 -0.162333302320143)
(0.00380638042679939 -0.024708530268846 -0.167983040706697)
(-0.00161562026162944 -0.0249477408029307 -0.161452771511955)
(-0.0205047056786064 -0.0143023440398323 -0.167905400542724)
(-0.0183904939925473 -0.0169348673071294 -0.164160293895984)
(-0.0171186434063834 -0.0182195512547671 -0.167301225663953)
(-0.020967294797067 -0.0136151587905866 -0.16270904269861)
(-0.0226877358577638 -0.0105007924295427 -0.166176569980891)
(-0.00744653829854261 0.0238652271593701 -0.132589536910205)
(-0.00724494331170088 0.0239271978386572 -0.138207277108628)
(-0.00360585502620639 0.0247385894814151 -0.13587365151237)
(-0.00244436323581919 0.0248802147975329 0.133825735224027)
(-0.00734127614926692 0.0238978171492755 -0.127458488942256)
(-0.00384585561242915 0.0247024167766708 -0.130835520389721)
(-0.00734160964640857 0.0238977146982669 0.122540435382829)
(-0.00307939278822905 0.0248096219248864 0.124248100007149)
(-0.0199875073500945 0.0150166424319791 -0.221938904028202)
(-0.0204928617318021 0.0143193092724908 -0.217868194491395)
(-0.022414965706324 0.0110711025821425 -0.21898033253911)
(-0.00218935077220518 0.024903950353232 0.129044520422247)
(-0.0247070838339826 0.00381575790906055 0.169343170296101)
(-0.0248348088029084 0.00286919356666318 0.16393397309046)
(-0.0239729883606963 0.00709195523518857 0.166312360252007)
(-0.0249978478065944 0.000328032069080298 0.167309030904852)
(-0.0249483061215527 -0.00160686703410636 0.164082221647282)
(-0.00734283610708169 0.0238973378832149 0.0125408222271063)
(-0.00734190399670616 0.0238976242690178 0.0075410676277989)
(-0.00327206231241852 0.0247849472104269 0.0093215361252681)
(-0.00734264932342604 0.0238973952746568 0.0175406933931479)
(-0.00327225272652808 0.0247849220715686 0.0143213662287341)
(-0.0073426926210478 0.0238973819711032 -0.0274592824475501)
(-0.00734208048274564 0.0238975700477033 -0.0324590599540699)
(-0.00327206589246526 0.0247849467377956 -0.0306785474306187)
(-0.00734190080587266 0.0238976252493156 -0.022459468356275)
(-0.00327203540611869 0.0247849507625314 -0.0256787336145495)
(-0.00734266535218379 0.023897390349698 0.0925406983427583)
(-0.00734207975860851 0.0238975702701808 0.0875409343484175)
(-0.00327205492330833 0.0247849481859223 0.0893214315317802)
(-0.00734170166645085 0.0238976864286239 0.0975404707863218)
(-0.00327196932617812 0.0247849594861188 0.0943212055640904)
(-0.0073426216660579 0.0238974037725678 0.112540902777884)
(-0.00734137903184133 0.02389778554408 0.107541084231799)
(-0.00327184614082332 0.0247849757480369 0.109320661960633)
(-0.00734241183907993 0.0238974682421661 0.117540759020636)
(-0.00327154590761124 0.024785015379749 0.114317981014497)
(-0.00734204691420684 0.0238975803609819 0.022540541547646)
(-0.00327206924462597 0.0247849462952489 0.0193212940306183)
(-0.00734262649949832 0.0238974022874635 -0.0774592765924697)
(-0.00734188373428784 0.0238976304940929 -0.0824589637270614)
(-0.00327198932356975 0.0247849568461687 -0.0806785380945289)
(-0.00734167077405784 0.0238976959191748 -0.0724595528432202)
(-0.00327194422284365 0.0247849628001052 -0.0756787936248247)
(-0.0230272543980604 0.00973373283417058 -0.200146556804999)
(-0.0233272621609749 0.00899104221284423 -0.196988247372412)
(-0.0243364570279703 0.00572161334990025 -0.198898363177164)
(-0.0212477071614083 0.0131732661243535 -0.198257657522913)
(-0.00326153344405434 0.0247863349366806 0.119307666342499)
(-0.0224780921795746 0.0109423659217989 -0.226971751883567)
(-0.00734129621223213 0.0238978109860352 -0.0374592004243362)
(-0.00327178017095599 0.0247849844565805 -0.0356784885965935)
(-0.00734129578952605 0.0238978111158886 0.0825407992466019)
(-0.00327177876196232 0.0247849846425769 0.0843215051260093)
(-0.00734191063739347 0.0238976222288438 0.0275407996395057)
(-0.00327192549532651 0.024784965272379 0.0243213486510104)
(-0.00734195927622774 0.0238976072857977 -0.11745916147943)
(-0.00734137566347954 0.0238977865788376 -0.122459225707753)
(-0.00327175248564669 0.0247849881112069 -0.120678546403363)
(-0.00734169627471158 0.0238976880850405 -0.112459358981412)
(-0.00327180699182723 0.0247849809160352 -0.115678649440762)
(-0.00734058809148384 0.0238980285059493 0.0025409347708818)
(-0.00327156755479247 0.0247850125223779 0.00432161172086748)
(-0.0073419383736138 0.0238976137076081 0.0475408356004197)
(-0.00734117257922143 0.0238978489651702 0.0425408022819769)
(-0.00327169094887231 0.0247849962343162 0.0443214573907216)
(-0.00734147778512927 0.0238977552069322 0.0525405496823338)
(-0.00327172976915289 0.0247849911098963 0.0493212851444989)
(-0.00734193428517041 0.0238976149636787 -0.102459180322908)
(-0.00734128426777449 0.0238978146553137 -0.107459275764036)
(-0.00327172388780368 0.02478499188626 -0.105678563787241)
(-0.00734147393357326 0.0238977563901439 -0.0974594425222751)
(-0.00327173093979712 0.024784990955366 -0.100678709452233)
(-0.007340591611327 0.0238980274247837 -0.0874590751778577)
(-0.00327155801403792 0.0247850137817348 -0.0856784144569969)
(-0.00734193214165983 0.0238976156222177 -0.0124591863696316)
(-0.00734131056220606 0.0238978065777854 -0.0174593138563569)
(-0.00327173315161217 0.0247849906633963 -0.015678572007498)
(-0.00734147225334805 0.0238977569063149 -0.00745944201502026)
(-0.00327173068633331 0.0247849909888244 -0.0106787093976124)
(-0.0125889389675298 -0.0215990420081959 0.162070085986491)
(-0.00734171981889177 0.023897680851934 0.0325405912410211)
(-0.00327179808829321 0.0247849820913682 0.0293213390250782)
(-0.00327174822478762 0.0247849886736629 -0.0206787003398702)
(-0.00734118056091979 0.0238978465132734 0.0375406919835816)
(-0.00327165987324212 0.0247850003363691 0.0343213059582603)
(-0.00327168457322727 0.0247849970759189 -0.110678663488338)
(-0.00734053825464079 0.0238980438139224 0.102540563576759)
(-0.00327151391946122 0.0247850196020655 0.0993211668119809)
(-0.00734031848101719 0.0238981113186218 -0.0674595381520602)
(-0.00327143547184904 0.0247850299566801 -0.0706788391940033)
(-0.0203584209488864 0.0145098137985277 0.167130013145828)
(-0.00327146782999405 0.0247850256856295 0.104321274046188)
(0.00576004905563192 -0.0243273885749522 -0.240249669307163)
(-0.00327152138913559 0.0247850186161001 -0.125678517585574)
(-0.00734029328310933 0.023898119058159 0.0575404979471462)
(-0.00327137540059444 0.0247850378855548 0.0543211956879566)
(-0.00734031773799988 0.0238981115468399 -0.0924594722368206)
(-0.00327138605509381 0.0247850364792658 -0.0956787795928645)
(-0.00734031491126415 0.0238981124150731 -0.00245946906681953)
(-0.0032713852943248 0.02478503657968 -0.00567877696117818)
(-0.00734109550865353 0.0238978726403173 -0.0424592658037741)
(-0.00327154123511771 0.0247850159965033 -0.040678566331003)
(-0.00734108899098126 0.023897874642455 0.0775407403029032)
(-0.00327153880518419 0.0247850163172465 0.0793214332501421)
(-0.00327153504521497 0.0247850168135495 0.0393213937927012)
(-0.00734106229130961 0.0238978828442001 -0.0474592803376901)
(-0.00327147238244829 0.0247850250847337 -0.0456786114559101)
(-0.00734103104406317 0.0238978924428515 0.072540746099889)
(-0.0032714610975251 0.0247850265742722 0.0743213946957677)
(-0.00734103109661559 0.0238978924267083 -0.0524592604281369)
(-0.00327145042266163 0.0247850279832819 -0.0506786221789586)
(0.0189182954828285 0.0163431360523123 0.220513214570295)
(-0.00734087381632322 0.0238979407400056 0.0675408100308692)
(-0.00327140000999329 0.0247850346373495 0.0693214028239126)
(-0.00734087481704593 0.0238979404326076 -0.0574591925369983)
(-0.00327139929471315 0.02478503473176 -0.0556786027401426)
(-0.00734036526463205 0.0238980969489577 -0.0624591759130106)
(-0.00327124327158916 0.0247850553248945 -0.0606785569626801)
(-0.00734036619774654 0.0238980966623491 0.0625408307378985)
(-0.00327124290187705 0.0247850553736908 0.0643214455131478)
(-0.00327122102845686 0.0247850582606332 -0.0906785626172991)
(-0.00327122077887595 0.0247850582935738 -0.000678554173636047)
(0.0180774763236484 0.0172686087965398 0.153774373200512)
(-0.00327114361875904 0.0247850684773202 0.0593213681426611)
(-0.00327115264005851 0.0247850672866837 -0.0656786403796469)
(-0.00230051740037331 -0.0248939273657368 -0.134119910918522)
(-0.0064645654114138 -0.0241497286535802 -0.122608985676669)
(-0.00284042348019329 -0.0248381157589131 -0.124332924147104)
(-0.0021891885852799 -0.0249039646108422 -0.129047081384349)
(-0.00733798154708585 -0.0238988289841705 0.122431670020681)
(-0.00364692446873209 -0.0247325684456621 0.125849102128824)
(-0.00557431105198786 0.0243706187097432 -0.148725888202084)
(-0.00845603413935369 0.0235264847912748 -0.150782301028723)
(-0.0145778607887463 0.0203097507326883 -0.125603680430464)
(-0.0145762276878894 0.0203109228345441 -0.120601465221669)
(-0.0175288810320094 0.0178252161211487 -0.122955396730828)
(-0.0112383718488122 0.0223315695415219 -0.119029985365559)
(-0.0112387636049566 0.0223313723857694 -0.124027047913241)
(0.00274469024518107 0.0248488767443924 0.158740628955509)
(0.00599373080539185 0.0242708712458473 0.158319351390227)
(-0.0145762915393819 0.0203108770110733 -0.0206083097551121)
(-0.0145760525117423 0.0203110485493716 -0.0156019738208726)
(-0.0175288611824435 0.017825235640704 -0.0179554338995216)
(0.0158013958958672 0.0193730712005627 0.160570304937356)
(-0.0224507864980697 -0.010998281030147 0.139299758100675)
(-0.0242409664450363 -0.0061135542698684 0.139752589781389)
(-0.0112383172478101 0.0223315970194157 -0.0140304043505868)
(-0.0112391748819194 0.0223311653966745 -0.0190301269012721)
(-0.0222694896554847 0.0113608903913496 0.140306001535422)
(-0.0223099168304957 0.0112812947402488 0.144732201576596)
(-0.0223244670173876 0.011252474056383 -0.144442166175154)
(-0.0220902784136782 0.0117055371344583 -0.13943267685934)
(-0.0145759015126923 0.0203111569117146 -0.110607553992484)
(-0.014576042355972 0.0203110558375705 -0.105601794543523)
(-0.0175289317932922 0.0178251662036041 -0.10795536468564)
(-0.0223016720711347 -0.0112975848229421 -0.140383157009726)
(-0.0225991873742499 -0.0106900294678521 -0.145125137606177)
(-0.0112383036952761 0.0223316038396874 -0.104030278738058)
(-0.0112389807067377 0.0223312631231101 -0.109029713662014)
(-0.0220682792455078 0.0117469592296172 -0.134464575002649)
(-0.0145747375723223 0.0203119921400619 0.0393938487289846)
(-0.0145759337722387 0.0203111337612481 0.0443985765808398)
(-0.0175290840590956 0.0178250164670095 0.0420448240148173)
(-0.0220781217965443 0.0117284499375219 0.135611952170208)
(-0.0112382502192826 0.0223316307512191 0.0459699507783636)
(-0.0112384418185569 0.0223315343290807 0.0409705952666)
(-0.0145714912083198 0.0203143211544432 0.10439834537112)
(-0.0145785646059057 0.0203092455308274 0.109403178864282)
(-0.0175365882819744 0.0178176337213592 0.107038819579505)
(-0.0238132512762567 -0.00761111448172077 0.13587408576891)
(-0.0220226264966174 -0.0118323253078371 0.134269952833895)
(-0.011239947215458 0.0223307766679468 0.110972298098591)
(-0.0112372772970271 0.0223321203415556 0.105971708582236)
(-0.0220541280698597 0.0117735056409817 0.12569941574488)
(-0.0222103131583543 0.0114761487184435 0.130695017823868)
(-0.0220579657208892 -0.0117663141321349 0.129332364238288)
(-0.0218827338370214 -0.0120890843250463 0.124217920534765)
(-0.0145756048202673 0.0203113698239041 -0.0356050599711339)
(-0.0145802522412868 0.0203080339910207 -0.0306037520950639)
(-0.0175386642197972 0.0178155902901141 -0.0329648164914731)
(-0.011240550815694 0.0223304728422799 -0.0290306515249266)
(-0.0112393983717555 0.0223310529138458 -0.0340292954797119)
(-0.0218463636704109 0.0121546861078413 0.115628663618247)
(-0.0218134897499546 0.0122135852610372 0.120728339796077)
(-0.0145755978823788 0.0203113748025877 0.0843949341823199)
(-0.0145802270800878 0.0203080520556029 0.0893962143070443)
(-0.017538662944922 0.0178155915451724 0.0870351574106491)
(-0.0220455505086091 -0.0117895590575884 0.11934552058915)
(-0.0220909540989656 -0.0117042619159602 0.114427172451372)
(-0.0112405101467102 0.0223304933138905 0.0909692836097635)
(-0.0112393892417293 0.022331057509059 0.0859706851435956)
(-0.014574030962825 0.0203124991444829 0.00439705357666321)
(-0.0145799989196838 0.0203082158621091 0.00939721131993466)
(-0.0175382661417936 0.0178159821716238 0.00703625160411372)
(-0.0235355928068025 0.00843065070041381 0.11260229064104)
(-0.0220695681069326 0.011744537605775 0.110543582083843)
(-0.0112405957054352 0.0223304502459523 0.0109700198626988)
(-0.011238651238951 0.0223314289361256 0.00597144755508438)
(-0.0220618394557392 -0.0117590492740351 0.109394855533304)
(-0.0234159540962272 0.00875745932125174 0.107578145959836)
(-0.0220791303079361 0.0117265512767045 0.105594352405008)
(-0.0145740039712138 0.020312518510688 -0.0856030840087709)
(-0.0145798244038559 0.0203083411521653 -0.0806031431468688)
(-0.017538263667688 0.0178159846071626 -0.0829639041588307)
(-0.0235295304975938 -0.00844755553771637 0.107505959238868)
(-0.021872276193044 -0.0121079946372304 0.104338582368637)
(-0.0112402918911492 0.0223306031759504 -0.079030371255553)
(-0.0112386030060019 0.0223314532100686 -0.0840286941250584)
(-0.0222102569864649 0.0114762574298065 0.100675730242549)
(-0.0220560487736314 -0.0117699070724961 0.0993782953982013)
(-0.0222191208094585 -0.0114590868071888 0.0943196683500925)
(-0.0145804641076242 0.0203078818788736 0.0143917138002343)
(-0.0145807910324577 0.020307647152435 0.0193931790160802)
(-0.017543189716297 0.0178111340059529 0.0170183494585036)
(-0.0112404514638645 0.0223305228530034 0.0209688444164375)
(-0.0112414710544039 0.0223300095954525 0.0159697361655987)
(-0.0220658506393628 0.0117515205637966 0.0905337956166401)
(-0.0235752130003161 -0.00831921462577601 0.0928006704872039)
(-0.0224725659688456 -0.010953710730884 0.0893969632544717)
(-0.0243228253792217 -0.00577928763533081 0.0896982378466012)
(-0.0145762237417017 0.0203109256665434 0.0243934501713542)
(-0.0145790927937896 0.0203088663718601 0.0293949900378641)
(-0.0175409832165601 0.0178133070426678 0.0270224222158092)
(-0.0220591721023693 0.011764052284738 0.0855628247756533)
(-0.0112394821185469 0.0223310107632159 0.030969218179562)
(-0.0112392597832898 0.0223311226659952 0.025969911532461)
(-0.0222212410856947 -0.0114549746665559 0.0842966863081962)
(-0.0147268573895527 -0.02020197196879 -0.219748709217581)
(-0.023566379253826 0.0083442057060476 0.0822157006451138)
(-0.0220579125886107 0.0117664137371252 0.0805691777653226)
(-0.00813196972766966 -0.023640454063919 -0.0224859666779035)
(-0.00771778533262892 -0.0237788937833419 -0.0175071528796603)
(-0.00379975405672321 -0.0247095501599769 -0.0191278373883016)
(-0.0225564699030572 -0.0107798731677359 0.224317069035793)
(-0.0242435534125269 -0.00610328746938521 -0.226419544860767)
(-0.0222355766908713 -0.0114271225260071 0.0792785760108094)
(-0.0078968043082376 -0.0237200438810176 -0.0275271335530529)
(-0.00393249059906644 -0.0246887731102267 -0.0241612179285747)
(-0.0237121458360281 0.00792048861188101 0.0785549923023522)
(-0.0222903381289002 0.0113199304812042 0.0756010572073258)
(-0.0225601223864295 -0.0107722271564111 0.0745114864097497)
(-0.0243322949138425 -0.00573928778036027 0.0747817618026954)
(-0.0237758167626444 0.00772725936339367 0.071264376116228)
(-0.0220588241323002 0.0117647047519371 0.0705719802743011)
(-0.00813200161171899 -0.0236404430962493 0.0975140223612106)
(-0.00771770727402454 -0.0237789191182541 0.10249276962787)
(-0.00379977055211504 -0.0247095476233637 0.100872158861979)
(-0.0221981893806774 -0.0114995820889101 0.0692894096936651)
(-0.00789677424657381 -0.0237200538890334 0.0924728760581692)
(-0.00393248755220925 -0.0246887735955377 0.0958387829473355)
(-0.023680974297886 0.00801320512047837 0.067140565778503)
(-0.0220616300589689 0.0117594421271248 0.0655788610110442)
(-0.021909301199824 0.0120408687782648 -0.222944531816677)
(-0.0235764587204999 0.00831568362797445 -0.222963533337025)
(-0.0221050542769534 -0.0116776100043178 0.0643637435818711)
(-0.0236333308857622 0.00815264811236672 0.0625949310950989)
(-0.0220780688127316 0.01172854967591 0.0606014784977069)
(-0.0145791712501649 0.0203088100502803 0.114408016713608)
(-0.0145746708387628 0.0203120400241265 0.119445588129377)
(-0.0175431114090676 0.0178112111348173 0.117017760080553)
(-0.0220333222823821 0.0118123964207389 0.05065523567175)
(-0.0222104640585937 0.0114758566696311 0.0556800608946761)
(-0.0112390151907003 0.0223312457678296 0.120996779411266)
(-0.0112410517767771 0.0223302206650946 0.115977605903397)
(-0.0220720195799087 -0.0117399297980919 0.0540337580247326)
(-0.0220822455219005 -0.0117206839693981 0.0494079308133655)
(-0.00755210590784964 -0.0238320308903086 -0.0725987984566742)
(-0.00744167980891778 -0.0238667425850606 -0.0675382976148953)
(-0.00378881010896787 -0.024711230603881 -0.0691236230617553)
(-0.00733139405721881 -0.023900850637117 -0.0775504017426408)
(-0.00383067451852355 -0.0247047755046091 -0.0741503830962977)
(-0.0237974740976991 0.00766030198943484 0.0484450660777093)
(-0.0220867320233824 0.0117122273085564 0.0455689672705358)
(-0.022118884886994 -0.011651391820547 0.0443798258243813)
(-0.0081311070998998 -0.0236407507776288 0.0175144152654286)
(-0.00771774488671335 -0.0237789069106132 0.0224930440197244)
(-0.00379955100127023 -0.0247095813843284 0.0208722617981198)
(-0.0220542857446618 0.0117732102798179 0.0356991606233246)
(-0.0222115125672693 0.0114738271502598 0.0406779349520018)
(-0.00789438774585309 -0.0237208482588234 0.0124732471653265)
(-0.00393179869383559 -0.0246888833087111 0.0158388557690965)
(-0.0220459280380356 -0.011788853079997 0.0393070484952954)
(-0.0222287408623907 -0.0114404143138561 0.0342805048622552)
(-0.0074483285850028 -0.023864668472238 -0.0325570464886774)
(-0.00407227163946937 -0.0246661023206824 -0.0290719475053882)
(-0.0237991137709724 -0.0076552063144185 0.041586770989337)
(-0.0216821791398633 0.0124452042067166 0.0257833695561588)
(-0.0217840215927839 0.0122660671466091 0.0307664524008595)
(-0.00744827018055202 -0.0238646867005938 0.0874429990490148)
(-0.0040722545119416 -0.0246661051483604 0.090928062267538)
(-0.0220600664906448 -0.0117623750334841 0.0293454364923846)
(-0.0222075711714364 -0.0114814538567896 0.0244007768459729)
(-0.0145753520155945 0.0203115512362179 0.0993916550488322)
(-0.0175282202784256 0.0178258658659541 0.102043252013381)
(-0.0112376146008613 0.0223319506107843 0.100969460091916)
(-0.0234979761605871 0.00853493505285649 0.0175859989064313)
(-0.022012840929045 0.0118505204203259 0.0156124281540491)
(-0.0218696751325563 0.0121126920870816 0.0206574716518645)
(-0.00740140093975474 -0.0238792643129766 -0.0375401707766533)
(-0.00377762344386097 -0.0247129431900855 -0.0341174060527173)
(-0.0073910875324413 -0.0238824585226855 -0.0425384301490105)
(-0.0037775544920976 -0.0247129537299618 -0.0391173887769488)
(-0.0235768648007754 0.00831453222772991 0.0121724690106885)
(-0.0220668588311143 0.0117496272846279 0.0105368587785018)
(-0.0221976562792984 -0.0115006111014208 0.00929102598191767)
(-0.00740128792978528 -0.0238792993402322 0.0824599439542681)
(-0.00377753404268687 -0.0247129568557941 0.0858826170006967)
(-0.0236845843649854 0.00800252856651501 0.00712180484229553)
(-0.0220629550972377 0.0117569559145756 0.00557271440107657)
(-0.0221050538778645 -0.0116776107597705 0.00436374804787714)
(-0.0073907573265885 -0.0238825607115208 0.0774617796703196)
(-0.00377731881024134 -0.0247129897544954 0.0808826567707616)
(-0.0236338122594034 0.00815125254714103 0.00259365675421181)
(-0.0220780687540065 0.0117285497864553 0.000601478007374393)
(-0.00739078092952666 -0.0238825534072834 -0.0475382223489821)
(-0.00377732850253343 -0.0247129882730509 -0.0441173459329877)
(-0.0220332161932741 0.0118125943035577 -0.00934520130057318)
(-0.0222104633507339 0.0114758580396286 -0.00431994049991544)
(-0.0220754760364686 -0.0117334290709622 -0.00596274309604039)
(-0.0220905314762357 -0.0117050595512129 -0.0105910464495002)
(-0.00738998962046653 -0.0238827982742684 0.072461963461672)
(-0.00377682095860715 -0.0247130658447435 0.0758827056523549)
(-0.00739017005088082 -0.0238827424434269 -0.0525379789862928)
(-0.00377684622602528 -0.0247130619831893 -0.0491173002482712)
(-0.0220856934237755 0.0117141856734047 -0.0144347922533337)
(-0.0219886225840383 -0.0118953972971363 -0.0157141925132884)
(-0.00736252394324703 -0.0238912796054358 0.117458531710194)
(-0.00377766536235031 -0.0247129367823838 0.120882558416034)
(-0.0222108245275505 0.0114751589882826 -0.0193390541952201)
(-0.00739246007877806 -0.0238820337070291 0.112462511367156)
(-0.00377673527411697 -0.0247130789394855 0.11588254585393)
(-0.0236982574268774 -0.00796194667964127 -0.0220971641271886)
(-0.0220409597514909 -0.0117981393970897 -0.0206131777486616)
(-0.0220768043475618 -0.0117309296221348 -0.0255609822676356)
(0.00105876175390652 -0.0249775704092385 0.194227175134018)
(-0.00293615343839453 -0.0248269813506637 0.196772007721186)
(-0.0242233805169236 -0.00618286635245548 -0.219380347216763)
(-0.0145748216481941 0.0203119318117045 -0.00560823115119613)
(-0.0145705669238503 0.0203149841131516 -0.000603461132738526)
(-0.0175282595796389 0.0178258272208837 -0.00295710694896069)
(-0.0236397797055338 -0.00813392989113085 -0.0174975450307825)
(-0.0112356527282825 0.022332937732628 0.000970568312615721)
(-0.0112371545488417 0.0223321821066694 -0.00403054188306186)
(-0.0220658441556588 0.0117515327382506 -0.0294662217386759)
(-0.0235752147278533 -0.00831920973023324 -0.0271993158740752)
(-0.0222184264665959 -0.0114604330349454 -0.03064794903053)
(-0.00742018459377434 -0.0238734342019391 0.0274671856931303)
(-0.00377936896695005 -0.0247126763061319 0.025880917224545)
(-0.0191260137127205 0.0160995527720749 -0.215428192868395)
(-0.0215829096203284 0.0126165768860153 -0.213536643504077)
(-0.0220591510705983 0.0117640917220379 -0.0344372355192855)
(-0.0235752130003161 -0.00831921462577601 -0.032199329512796)
(-0.0224733811927558 -0.0109520380644466 -0.0356805281527297)
(-0.0243228607312248 -0.00577913885016115 -0.0353033223632433)
(-0.0235663742110737 0.00834421994818211 -0.0377843292690436)
(-0.0220578448843062 0.0117665406581496 -0.0394310249515653)
(-0.0145748230833464 0.0203119307819112 -0.0956082456978889)
(-0.0145705631644559 0.0203149868095109 -0.0906035124433964)
(-0.0175282595468987 0.0178258272530773 -0.0929571180194364)
(-0.0222212449732951 -0.0114549671250862 -0.0407034012288226)
(-0.011235644469281 0.0223329418877119 -0.0890294828235158)
(-0.0112371532255823 0.0223321827725098 -0.0940305578304184)
(-0.0237220582281011 0.00789075113170999 -0.0413986171504157)
(-0.022293131429888 0.0113144284455619 -0.044394972003338)
(-0.0222356130790574 -0.0114270517194266 -0.0457222833332365)
(-0.0145751673337361 0.0203116837606731 -0.0706090710836552)
(-0.0145703930506819 0.0203151088195126 -0.0656040085903208)
(-0.017528191239857 0.0178258944196077 -0.0679573376338999)
(-0.023621311945567 0.00818740630298826 -0.0481148608651135)
(-0.0220581188670877 0.0117660270289265 -0.0494301732861021)
(-0.022561080626158 -0.0107702200989579 -0.0504915892896404)
(-0.0243333833400356 -0.00573467132683958 -0.0502207199350185)
(-0.0112353437127599 0.0223330931949909 -0.0640299683331278)
(-0.0112372865629434 0.022332115679046 -0.0690310716325941)
(-0.0235368743887033 0.00842707209002046 -0.0524423909229831)
(-0.0220588001100351 0.011764749793579 -0.0544280766680907)
(-0.0222099550194569 -0.011476841814441 -0.0557178810712611)
(-0.00742017456607736 -0.0238734373186799 0.107467500623708)
(-0.00377921005392437 -0.0247127006085599 0.105880901041583)
(-0.0238394556746908 0.00752863554267667 -0.0572269251395884)
(-0.0220615456893623 0.0117596004097154 -0.059421366320107)
(-0.0222161456198377 -0.011464853849839 -0.0607444257409475)
(-0.0145747997575306 0.0203119475193268 0.0543916399802926)
(-0.0145703831414852 0.0203151159265785 0.059396165970518)
(-0.0175282571061324 0.0178258296530994 0.0570427281853724)
(-0.0236337391985311 0.00815146437738721 -0.0623449583851242)
(-0.0220778281961282 0.0117290026064557 -0.064399447211864)
(-0.0112353311917932 0.0223330994940407 0.0609701554880958)
(-0.0112371038199599 0.0223322076324631 0.0559693171646325)
(-0.0222651017618385 -0.0113694873910382 -0.0655660878836721)
(-0.0222102712793024 0.011476229768517 -0.0693239902622063)
(-0.007420673318779 -0.0238732822941455 -0.0125323646765571)
(-0.00377935981326989 -0.0247126777060245 -0.0141190640266413)
(-0.00739802926188921 -0.023880309106882 -0.0625370898324297)
(-0.00377799502401583 -0.0247128863874399 -0.0641183603439609)
(-0.0220668588346103 0.0117496272780621 -0.0794631412110564)
(-0.0221976561681883 -0.0115006113158776 -0.080708974150574)
(-0.00645684369372523 -0.0241517943332333 -0.0825648686040148)
(-0.00306574477278703 -0.0248113121174219 -0.0792263236320399)
(-0.00116952284631977 -0.0249726293431816 0.169123407554332)
(-0.00200722488435283 -0.0249192906854034 0.172482730564387)
(0.00210252176541958 -0.0249114311557152 0.171432198140278)
(0.005207186346827 -0.0244516913596875 0.173882986243285)
(0.00651344986941749 -0.024136589875096 0.170510782088459)
(-0.0220629551057238 0.0117569558986506 -0.084427285558626)
(-0.0221050539964387 -0.0116776105353163 -0.0856362532194673)
(-0.00744503000097993 -0.0238656977330333 0.00744286017614042)
(-0.00407115206862789 -0.0246662871311048 0.0109281854651742)
(-0.0236338139723086 0.00815124758072731 -0.0874061959796494)
(-0.0220780687721405 0.0117285497523196 -0.0893985218494163)
(-0.00739018791185971 -0.0238827369165974 -0.0575380432894693)
(-0.00377624934172476 -0.0247131531964078 -0.0541173555280586)
(-0.022033243358678 0.0118125436336663 -0.0993450889424721)
(-0.0222104635597824 0.0114758576350345 -0.0943199400939155)
(-0.0228626288962542 0.010114356131369 0.218545997180856)
(-0.0244539532949748 0.00519655349700077 0.216678955402807)
(-0.0220751657995511 -0.0117340127374369 -0.0959642371375828)
(-0.0220908259945709 -0.0117045037006099 -0.100592787485461)
(-0.00738877800243722 -0.0238831731482795 0.0674615301441022)
(-0.00377614991765862 -0.0247131683885205 0.0708826682993876)
(-0.00646209847678323 -0.0241503888845781 -0.117570435103558)
(-0.00285034391294785 -0.0248369792764322 -0.119324132785365)
(-0.0249820239573152 0.000947881319642955 -0.185511910280409)
(-0.0244561293815512 0.00518630269776338 -0.18583137117585)
(-0.0237971924858012 0.00766117678909247 -0.101556968205413)
(-0.0220859603364975 0.0117136824275998 -0.104433827805448)
(-0.0218829380325526 -0.0120887146985717 -0.105743713494752)
(-0.00739187121954326 -0.0238822159749402 -0.00753795349553087)
(-0.00738904674682638 -0.0238830900047128 -0.00253883846808705)
(-0.00377619373064128 -0.0247131616938963 -0.00411751243704238)
(-0.0220332799780936 0.0118124753293685 -0.114346758534872)
(-0.0222110325160714 0.0114747564056941 -0.109334724014349)
(-0.00377677659349873 -0.0247130726248842 -0.00911765469418661)
(-0.0220417717709511 -0.0117966222791655 -0.11066096037228)
(-0.0220905232924946 -0.0117050749960756 -0.115590998342113)
(0.000859100264157225 0.0249852345743666 0.190223055325344)
(-0.00739865096854767 -0.0238801164956457 0.00245937836608573)
(-0.00377594226180205 -0.0247132001172559 0.000882533900697889)
(-0.0237972159174081 0.00766110400531526 -0.116560455448243)
(-0.0220857055992121 0.0117141627180491 -0.119434749948522)
(-0.00780718119194229 0.023749693089305 0.176936677111384)
(-0.00645739526837257 -0.0241516468661663 -0.0925653044149456)
(-0.00645743041283913 -0.0241516374696073 -0.0875652642225247)
(-0.00284478881199245 -0.0248376161620869 -0.0893109965957321)
(-0.0219876623725484 -0.0118971720753638 -0.120715007282234)
(-0.00645742798329655 -0.0241516381191947 -0.097565170186744)
(-0.00284478250060894 -0.0248376168849636 -0.0943110215881957)
(-0.02202899587878 0.0118204627901235 -0.129358644428658)
(-0.0222108533782839 0.0114751031458709 -0.124338884264559)
(-0.0220393830521458 -0.0118010844705387 -0.125612004115045)
(-0.0220604124134089 -0.0117617262402385 -0.130546119999299)
(-0.00738873905681093 -0.0238831851969195 0.0574611791833674)
(-0.00738840688949151 -0.0238832879569651 0.0624610516697151)
(-0.00377585858552832 -0.0247132129020508 0.0608825620411315)
(-0.00738869130595934 -0.0238831999695443 0.0524613783025367)
(-0.00377588134866601 -0.0247132094241277 0.0558825780583388)
(-0.0236082264098287 -0.00822506205339925 -0.122502496734569)
(-0.00645817848716697 -0.0241514374443405 -0.102565135454365)
(-0.00284496372921356 -0.0248375961272314 -0.0993111534081419)
(-0.0239561943248275 0.00714847910195618 -0.14528445733913)
(-0.019850820084854 0.0151968727690521 -0.16576423196252)
(-0.00645763079996499 -0.0241515838911518 -0.107565466680767)
(-0.00284507341852973 -0.0248375835628826 -0.104311354991293)
(-0.0174885812624289 -0.0178647565174402 0.142668538588264)
(-0.0147404954917021 -0.0201920229957058 0.143675608515383)
(-0.012567350694211 -0.0216116102252635 0.14714503932962)
(-0.0174098544353924 0.0179414873558032 -0.142903600333629)
(-0.0149564821063357 0.0200325645638011 -0.145444031033706)
(-0.00645862332164543 -0.0241513184896622 -0.112566062476957)
(-0.00284525298113662 -0.0248375629938473 -0.109312504826701)
(-0.017665118150126 0.0176902120038763 0.141562687020157)
(-0.0175205397550332 0.017833414891498 0.136912230276975)
(-0.0144594907674367 0.0203941934566291 0.139083670942161)
(-0.017675611409362 -0.0176797274103769 -0.141549967102735)
(-0.017559209977916 -0.0177953405404745 -0.136917623868432)
(-0.0144677969512238 -0.0203883018267378 -0.139053250925142)
(-0.00284673813557883 -0.024837392817835 -0.114315729922115)
(-0.0119448518469256 -0.0219617967014313 -0.170968931791716)
(-0.0174593033813368 -0.0178933709914717 0.137624491509364)
(-0.0148538423869355 -0.0201087882863209 0.139640235028313)
(-0.017535947053924 0.0178182648123204 0.00203740859972765)
(-0.0175544228767632 -0.017800062849995 -0.132006881344167)
(-0.0142887130029096 -0.0205142068021282 -0.134530954989571)
(-0.0175550901654337 0.0177994047452012 -0.132964380572913)
(-0.0175427659222542 0.0178115514146577 -0.127983132152768)
(-0.0145766148867852 0.0203106449538746 -0.130568127040494)
(-0.01457465051675 0.0203120546059378 -0.0406055872393013)
(-0.0175380139107514 0.0178162304673658 -0.0379662174072003)
(-0.0112377950674451 0.0223318597976547 -0.0390299439808657)
(-0.0175510799092776 0.0178033590655851 -0.117960227440623)
(-0.0175421649200687 0.0178121433274357 -0.112982003519972)
(-0.0145779803102259 0.0203096649424521 -0.115607019057067)
(-0.00738821630990391 -0.0238833469128192 0.0474615380304471)
(-0.00377570625265041 -0.0247132361760595 0.0508826569613583)
(-0.0175510821823525 0.0178033568247201 -0.102960359666303)
(-0.014574637569381 0.0203120638961477 0.079394452000456)
(-0.0175380099444606 0.0178162343717184 0.0820337869096733)
(-0.0175421360284335 0.0178121717811146 -0.0979825202412758)
(-0.0145777889821313 0.0203098022735932 -0.100607308207753)
(-0.0112377847589679 0.0223318649850636 0.0809700728443323)
(-0.0175359466921949 0.0178182651683181 -0.087962633159266)
(-0.0175532855514929 0.0178011844085654 -0.0779636678150137)
(-0.0175425523123645 0.0178117617985407 -0.0729836171393709)
(-0.0145793714903077 0.0203086663015473 -0.0756091915030669)
(-0.00739100878867483 -0.0238824828919803 0.0324618156722649)
(-0.00377641099697217 -0.0247131284944247 0.0308822792870947)
(-0.017535907111343 0.0178183041219514 -0.0629632107798943)
(-0.00377658296962011 -0.0247131022146872 0.110882403076714)
(-0.0175375818229985 0.0178166557973609 -0.0579658444015608)
(-0.0145728694532339 0.0203133324666093 -0.0606039412689315)
(-0.0175378943618636 0.0178163481485997 -0.0529665446019592)
(-0.0145740776212072 0.0203124656674424 -0.0556051957107071)
(-0.0175379615450694 0.0178162820151587 -0.0479666976748679)
(-0.0145743982829513 0.020312235590646 -0.0506056721376967)
(-0.00377629322863557 -0.0247131464903068 -0.0591175250627191)
(-0.0175379793601051 0.0178162644784065 -0.042966629501368)
(-0.014574485147615 0.0203121732633893 -0.0456057525447835)
(-0.00377587244399037 -0.0247132107846535 0.0658826059586889)
(-0.0175533929542576 0.0178010785008498 -0.0279637601881003)
(-0.00284468448441424 -0.0248376281110764 -0.0843110025551551)
(-0.0175426053799593 0.0178117095328613 -0.0229831329071838)
(-0.014579632646958 0.0203084788174731 -0.0256090972873353)
(-0.00377587516177236 -0.0247132103694099 0.00588260265020961)
(-0.0175510756013592 0.017803363312458 -0.0129603677183518)
(-0.0175421353207901 0.01781217247803 -0.00798251831281457)
(-0.0145777813681607 0.020309807738679 -0.0106073301059447)
(-0.011237520546172 0.0223319979396014 -0.0440301632438505)
(-0.0145744223169375 0.0203122183458025 0.0743944096371166)
(-0.0175379635360823 0.0178162800552485 0.0770334158161709)
(-0.0175533176217781 0.0178011527848332 0.0120369066534773)
(-0.0112374829136017 0.0223320168763708 0.0759699366140886)
(-0.0175428625255952 0.0178114562685949 0.0220458296720746)
(-0.0175430371703589 0.0178112842557579 0.0320456925269494)
(-0.0175403983537704 0.0178138829453617 0.0370211544137826)
(-0.0145752010746649 0.0203116595489657 0.0343934901505888)
(-0.0175510961571987 0.0178033430478875 0.0470396529610841)
(-0.0112374417433825 0.0223320375931997 -0.0490301490879764)
(-0.0175421374358794 0.0178121703950057 0.0520174413459493)
(-0.014577792476672 0.0203097997653124 0.0493927097224003)
(-0.0175359136329292 0.0178182977037215 0.0620367995864359)
(-0.0112366974880236 0.0223324120856356 -0.0590297011823929)
(-0.0175375825216111 0.017816655109691 0.0670341647288988)
(-0.0145728771268799 0.0203133269615014 0.0643960970668238)
(-0.0175378946876471 0.0178163478279079 0.0720334859543847)
(-0.0145740830388886 0.020312461780286 0.0693948395969654)
(-0.0112366985497947 0.0223324115513986 0.0659703321185855)
(-0.0175533905847281 0.0178010808374092 0.0920361318416717)
(-0.0112372841055556 0.0223321169155776 0.0709701238402898)
(-0.0175425773899624 0.0178117370999344 0.0970164688199424)
(-0.0145794799650996 0.0203085884282305 0.0943908466038991)
(-0.0112372769819497 0.022332120500099 -0.0540299096774349)
(-0.0175529548147064 0.0178015105334597 0.112037388410118)
(-0.00738806769416786 -0.0238833928859865 0.0374609924311448)
(-0.0037756481272571 -0.0247132450564296 0.0358824618847133)
(-0.0175428178468371 0.0178115002734944 0.122042826898228)
(-0.0175402990835049 0.0178139806910526 0.127011354214561)
(-0.0145201952288215 0.0203510179233597 0.124560484508813)
(-0.0175275182265762 0.0178265561681733 0.132008514867819)
(-0.013979769594912 0.0207259750572361 0.129876556124685)
(-0.0142705930333525 0.0205268159848631 0.134510011260644)
(-0.0175369497433232 -0.0178172779542824 0.132890601558112)
(-0.0145778420646423 -0.0203097641723961 0.135170745027596)
(-0.0175420015300094 -0.0178123042395179 0.127967020675759)
(-0.0148574633426369 -0.0201061130759329 0.129800709688366)
(-0.0175508137119422 -0.0178036214868971 0.122942604775684)
(-0.0145839745374941 -0.0203053610332277 0.12553904432564)
(-0.0175607987487587 -0.0177937727114178 0.117972092186002)
(-0.0145774032744607 -0.0203100791178602 0.120575612965499)
(-0.0175462747658595 -0.0178080948402956 0.112961905881998)
(-0.014577912433255 -0.0203097136633767 0.115582372676495)
(-0.0112376889438714 0.0223319132006371 0.0359696551455047)
(-0.0175345476818736 -0.017819641904149 0.107957084895951)
(-0.0145700769578868 -0.0203153355237184 0.110581441349431)
(-0.0175523274288459 -0.0178021291375662 0.102942227339924)
(-0.014572599811728 -0.0203135259058398 0.105574368933188)
(-0.0175630155144837 -0.0177915846972102 0.0979712497707467)
(-0.0145779890413264 -0.0203096586753931 0.100576761125066)
(-0.0112399782622884 0.0223307610408442 -0.0240310983893778)
(-0.0175538114293762 -0.0178006658387236 0.0929610975824518)
(-0.014581891576375 -0.020306856922105 0.0955819641558867)
(-0.0175545905067018 -0.0177998975317842 0.0879611338239794)
(-0.0145790914168101 -0.0203088673603501 0.0905814268607948)
(-0.0175544767778089 -0.0178000096926201 0.0829612396039266)
(-0.0145788083559987 -0.0203090705577351 0.0855807758216383)
(-0.0175540467759864 -0.0178004337527624 0.0779615040539)
(-0.0145785194755379 -0.0203092779266364 0.0805808995813312)
(-0.0175524588684923 -0.0178019995413404 0.0729619981061487)
(-0.0145775244306533 -0.0203099921583861 0.0755812314948259)
(-0.00738742938749297 -0.0238835903298647 0.0424609742123615)
(-0.00377532553054385 -0.0247132943400596 0.040882519876596)
(-0.0175470747652694 -0.0178073065673067 0.0679620856139241)
(-0.014574711682249 -0.0203120107172902 0.0705816441021837)
(-0.0175342657121979 -0.0178199193582362 0.0629576287945186)
(-0.0145696235729968 -0.0203156606818773 0.0655810024569237)
(-0.0175501009940879 -0.0178043240561757 0.0579435597613808)
(-0.014571243921454 -0.0203144985313812 0.0605751522478998)
(-0.0112391648411844 0.0223311704501283 -0.114030464504805)
(-0.0175551778302484 -0.0177993182832477 0.0529724228536885)
(-0.014573603888277 -0.0203128055597349 0.0555780631288367)
(-0.017532663176002 -0.0178214960639353 0.0479583881166668)
(-0.0145718515828758 -0.0203140626524248 0.0505827607968453)
(-0.00377521220145317 -0.0247133116525082 0.0458825959856321)
(-0.0175445520953658 -0.0178097920193638 0.0429447691597304)
(-0.0145686707991559 -0.0203163439414138 0.0455767549391683)
(-0.0175410876313376 -0.0178132042235454 0.0379680878446842)
(-0.0145678835914565 -0.0203169084180092 0.0405778597528624)
(-0.0175437291865424 -0.0178106026352075 0.0329442505393822)
(-0.0145713016775506 -0.0203144571037922 0.0355770361769308)
(-0.0249924819891837 -0.000613061188080105 -0.148965065466415)
(-0.0246503530102712 -0.00416654490783607 -0.145582690131792)
(-0.0243747739543017 -0.00555611327068631 -0.149773318805336)
(-0.0175420562083422 -0.0178122503907666 0.0279668991013447)
(-0.0145688700270832 -0.0203162010753477 0.030577901870257)
(-0.0238959440092276 -0.00734737095210647 -0.146293073946774)
(-0.0175512538993919 -0.0178031875392886 0.0229422879362667)
(-0.0145751037247459 -0.0203117294047773 0.0255757814243183)
(-0.0249994715069277 -0.000162555757544631 -0.144770524367627)
(-0.0175624215577234 -0.0177921710038099 0.0179716623341765)
(-0.0145776645051196 -0.020309891619016 0.02057778821748)
(-0.0175516437689152 -0.0178028031784071 0.012961992850077)
(-0.0145804482216402 -0.0203078932845352 0.0155826401254052)
(-0.0112397198293874 0.0223308911187367 0.0959687298983032)
(-0.017547074917096 -0.0178073064176989 0.00796207657306989)
(-0.014574883365491 -0.0203118875263313 0.0105824306919047)
(-0.0175342670138205 -0.0178199180774786 0.002957595136954)
(-0.0145696082962614 -0.0203156716377655 0.00558102394088225)
(-0.0175501132343726 -0.0178043119906583 -0.00205656392258422)
(-0.0145712658718212 -0.0203144827867386 0.000575045207465624)
(-0.0112396184649993 0.0223309421377882 -0.0740313228079875)
(-0.0175552855540014 -0.0177992120364209 -0.00702801361771742)
(-0.01457376935521 -0.0203126868429842 -0.00442224024624767)
(-0.0175336730445207 -0.0178205025060419 -0.0120429686367058)
(-0.0145727721031218 -0.0203134023056325 -0.0094180041941422)
(-0.0175523279839654 -0.0178021285902362 -0.0170577739638345)
(-0.0145727621913293 -0.0203134094163182 -0.0144249282350179)
(-0.0112397894193839 0.0223308560921409 -0.12900693870845)
(-0.0175630176055853 -0.0177915826329729 -0.0220287541619759)
(-0.0145779732195124 -0.0203096700320606 -0.0194231954433664)
(-0.0175538192908716 -0.0178006580862457 -0.0270389148758931)
(-0.0145818926109628 -0.020306856179191 -0.0244180418585827)
(-0.0175546203902739 -0.0177998680599992 -0.0320389038505897)
(-0.014579114585175 -0.0203088507284961 -0.0294186079087897)
(-0.011238864476775 0.0223313216194807 -0.00903076838948449)
(-0.017554590514894 -0.0177998975237048 -0.0370388669766143)
(-0.0145788937146998 -0.0203090092829632 -0.0344193077503868)
(-0.0175544768251556 -0.0178000096459264 -0.0420387633871148)
(-0.014578822409713 -0.020309060469309 -0.0394192857655432)
(-0.0175540471243701 -0.0178004334092009 -0.0470385070901665)
(-0.014578525699427 -0.0203092734589681 -0.0444191247675373)
(-0.0112388639905503 0.0223313218641869 -0.0990307511425397)
(-0.0175524619035318 -0.0178019965488444 -0.0520380430362538)
(-0.0145775319312551 -0.0203099867748169 -0.0494188122792361)
(-0.0175471031574027 -0.0178072785900448 -0.0570380619082226)
(-0.0145747583779461 -0.020311977211106 -0.0544184725360507)
(-0.0175345279166133 -0.0178196613531658 -0.0620428533941731)
(-0.0145698901408845 -0.0203154695068206 -0.059419297330071)
(-0.011238852770448 0.0223313275110145 0.0509692692027082)
(-0.0175521701245223 -0.0178022842332052 -0.0670575901249332)
(-0.0145725076740033 -0.0203135920036589 -0.0644255506546773)
(-0.0175624215564891 -0.0177921710050282 -0.0720283374348343)
(-0.014577573530089 -0.0203099569171096 -0.0694229337671774)
(-0.0175516437606554 -0.0178028031865503 -0.077038006284349)
(-0.0145804736296451 -0.0203078750423382 -0.074417405296007)
(-0.0175470748714888 -0.0178073064626396 -0.0820379201915855)
(-0.0145748881266693 -0.0203118841099263 -0.0794175728921606)
(-0.0175342666376182 -0.0178199184476504 -0.0870423928017642)
(-0.0145696068489691 -0.0203156726757071 -0.0844189691928872)
(-0.0175501097557869 -0.0178043154195783 -0.0920565193915825)
(-0.0145712568765226 -0.0203144892389248 -0.0894249428089079)
(-0.017555255775589 -0.0177992414066906 -0.0970278541848726)
(-0.014573715874436 -0.0203127252137967 -0.094422233782698)
(-0.0175333916062648 -0.0178207794100416 -0.102042446779837)
(-0.0145724739139692 -0.020313616222295 -0.0994180844305594)
(-0.0175501128462261 -0.0178043123732631 -0.107056521439365)
(-0.0145713658000754 -0.0203144111093675 -0.104425532379151)
(-0.0175552858901364 -0.0177992117048924 -0.112027855004254)
(-0.0145735628867125 -0.0203128349766111 -0.109426690133094)
(-0.0175336761926499 -0.0178204994085829 -0.11704237205318)
(-0.0145719275087012 -0.0203140081884683 -0.114433114387421)
(-0.0175523611902757 -0.0178020958498179 -0.122055524372721)
(-0.0145675513426013 -0.0203171466471224 -0.119475199873009)
(-0.0175632033301247 -0.0177913992924867 -0.127020268414523)
(-0.0145275155045333 -0.0203457930114691 -0.124584951223232)
(-0.0140241016346738 -0.0206960038012255 -0.129892039589131)
(-0.0186804138135172 -0.0166145159350417 -0.145381150594052)
(-0.0140226693610563 -0.0206969742713879 -0.142817712961589)
(-0.0247982340757524 0.00316979285193696 0.152236609306929)
(-0.0247007612287587 0.00385647438988653 0.148588456956246)
(-0.0237124220599947 0.00791966161200579 0.151659354151336)
(-0.0249976857535121 -0.000340157270475111 0.15001223234745)
(0.0154270305166881 0.0196724866104205 0.156472267765587)
(-0.0223088339220606 -0.0112834360474955 0.162899389886578)
(-0.0224325211064674 0.0110354880638734 0.164632492369705)
(-0.0223657405658808 0.0111702125736135 0.168867130675386)
(0.00785496482270323 0.0237339319884863 -0.157142761204087)
(-0.00227122862042214 0.0248966166487291 -0.146255140706572)
(0.000745417053712172 0.0249888845972771 -0.138723004280833)
(-0.00268864755875844 0.0248550030035159 -0.140919245582099)
(0.000734058559628478 0.0249892208368135 -0.133712122905816)
(0.0040599973983371 0.0246681256102991 -0.136178851307913)
(0.000734058562968703 0.0249892208367154 -0.128712122907989)
(0.00437848625470376 0.0246135909228493 -0.131631978750385)
(0.000734058562972976 0.0249892208367153 -0.123712122907982)
(0.00406173612309829 0.0246678393797738 -0.126178274126395)
(0.000734058562973025 0.0249892208367153 -0.118712122907982)
(0.00406173612310313 0.024667839379773 -0.121178274126394)
(0.000734058562973081 0.0249892208367153 -0.113712122907982)
(0.00406173612310316 0.024667839379773 -0.116178274126394)
(0.000734058562973059 0.0249892208367153 -0.108712122907982)
(0.00406173612310317 0.024667839379773 -0.111178274126394)
(0.000734058562973025 0.0249892208367153 -0.103712122907982)
(0.00406173612310313 0.024667839379773 -0.106178274126394)
(0.000734058562973037 0.0249892208367153 -0.098712122907982)
(0.00406173612310311 0.024667839379773 -0.101178274126394)
(0.000734058562973025 0.0249892208367153 -0.093712122907982)
(0.00406173612310312 0.024667839379773 -0.0961782741263943)
(0.000734058562972992 0.0249892208367153 -0.0887121229079821)
(0.00406173612310311 0.024667839379773 -0.0911782741263943)
(0.000734058562973009 0.0249892208367153 -0.0837121229079821)
(0.00406173612310309 0.024667839379773 -0.0861782741263944)
(0.00073405856297302 0.0249892208367153 -0.078712122907982)
(0.00406173612310311 0.024667839379773 -0.0811782741263944)
(0.000734058562973025 0.0249892208367153 -0.073712122907982)
(0.00406173612310309 0.024667839379773 -0.0761782741263943)
(0.000734058562973037 0.0249892208367153 -0.0687121229079821)
(0.00406173612310313 0.024667839379773 -0.0711782741263943)
(0.000734058562973031 0.0249892208367153 -0.0637121229079821)
(0.00406173612310313 0.024667839379773 -0.0661782741263944)
(0.000734058562973031 0.0249892208367153 -0.0587121229079821)
(0.00406173612310311 0.024667839379773 -0.0611782741263944)
(0.000734058562973059 0.0249892208367153 -0.053712122907982)
(0.00406173612310313 0.024667839379773 -0.0561782741263943)
(0.000734058562973053 0.0249892208367153 -0.048712122907982)
(0.00406173612310313 0.024667839379773 -0.0511782741263943)
(0.000734058562973048 0.0249892208367153 -0.043712122907982)
(0.00406173612310313 0.024667839379773 -0.0461782741263943)
(0.000734058562973042 0.0249892208367153 -0.038712122907982)
(0.00406173612310313 0.024667839379773 -0.0411782741263943)
(0.00073405856297302 0.0249892208367153 -0.0337121229079821)
(0.00406173612310311 0.024667839379773 -0.0361782741263943)
(0.000734058562973037 0.0249892208367153 -0.0287121229079821)
(0.00406173612310311 0.024667839379773 -0.0311782741263943)
(0.000734058562973048 0.0249892208367153 -0.0237121229079821)
(0.00406173612310313 0.024667839379773 -0.0261782741263944)
(0.000734058562973048 0.0249892208367153 -0.0187121229079821)
(0.00406173612310314 0.024667839379773 -0.0211782741263944)
(0.000734058562973031 0.0249892208367153 -0.0137121229079821)
(0.00406173612310313 0.024667839379773 -0.0161782741263943)
(0.000734058562973037 0.0249892208367153 -0.00871212290798205)
(0.00406173612310313 0.024667839379773 -0.0111782741263943)
(0.000734058562973042 0.0249892208367153 -0.00371212290798205)
(0.00406173612310313 0.024667839379773 -0.00617827412639435)
(0.000734058562973042 0.0249892208367153 0.00128787709201794)
(0.00406173612310313 0.024667839379773 -0.00117827412639435)
(0.000734058562973042 0.0249892208367153 0.00628787709201795)
(0.00406173612310313 0.024667839379773 0.00382172587360565)
(0.000734058562973042 0.0249892208367153 0.0112878770920179)
(0.00406173612310313 0.024667839379773 0.00882172587360565)
(0.000734058562973037 0.0249892208367153 0.0162878770920179)
(0.00406173612310313 0.024667839379773 0.0138217258736057)
(0.000734058562973048 0.0249892208367153 0.021287877092018)
(0.00406173612310313 0.024667839379773 0.0188217258736057)
(0.000734058562973037 0.0249892208367153 0.026287877092018)
(0.00406173612310313 0.024667839379773 0.0238217258736057)
(0.000734058562973042 0.0249892208367153 0.031287877092018)
(0.00406173612310313 0.024667839379773 0.0288217258736057)
(0.000734058562973048 0.0249892208367153 0.036287877092018)
(0.00406173612310313 0.024667839379773 0.0338217258736057)
(0.000734058562973037 0.0249892208367153 0.041287877092018)
(0.00406173612310313 0.024667839379773 0.0388217258736057)
(0.000734058562973037 0.0249892208367153 0.0462878770920179)
(0.00406173612310312 0.024667839379773 0.0438217258736057)
(0.000734058562973037 0.0249892208367153 0.0512878770920178)
(0.00406173612310308 0.024667839379773 0.0488217258736056)
(0.000734058562973042 0.0249892208367153 0.0562878770920175)
(0.00406173612310292 0.024667839379773 0.0538217258736054)
(0.00073405856297302 0.0249892208367153 0.0612878770920159)
(0.00406173612310226 0.0246678393797731 0.0588217258736045)
(0.000734058562972926 0.0249892208367153 0.0662878770920088)
(0.00406173612309912 0.0246678393797736 0.0638217258736004)
(0.000734058562972615 0.0249892208367153 0.0712878770919769)
(0.00406173612308496 0.024667839379776 0.0688217258735819)
(0.000734058562971283 0.0249892208367154 0.0762878770918324)
(0.00406173612302118 0.0246678393797865 0.0738217258734982)
(0.00073405856296564 0.0249892208367155 0.0812878770911796)
(0.00406173612273311 0.0246678393798339 0.0788217258731202)
(0.000734058562941842 0.0249892208367162 0.0862878770882297)
(0.00406173612143196 0.0246678393800482 0.0838217258714118)
(0.000734058562842037 0.0249892208367191 0.0912878770748979)
(0.00406173611555464 0.0246678393810159 0.088821725863691)
(0.000734058562426532 0.0249892208367313 0.0962878770146413)
(0.00406173608900405 0.0246678393853877 0.0938217258287939)
(0.000734058560710379 0.0249892208367818 0.101287876742267)
(0.00406173596905241 0.0246678394051385 0.0988217256710473)
(0.000734058553642939 0.0249892208369894 0.106287875510951)
(0.00406173542706641 0.0246678394943804 0.103821724957913)
(0.000734058523678521 0.0249892208378696 0.11128786994404)
(0.00406173297763751 0.0246678398976962 0.108821721733761)
(0.000734058371252551 0.0249892208423471 0.116287844773319)
(0.00406172189980658 0.0246678417217362 0.113821707157147)
(0.000734057032179466 0.0249892208816823 0.121287730962258)
(0.00406167163992586 0.0246678499973026 0.118821641282733)
(0.000734035453145715 0.024989221515556 0.126287216520026)
(0.00406144017634235 0.0246678881076997 0.123821344288658)
(0.000733591536358484 0.0249892345512579 0.131284895670604)
(0.00406029897405722 0.0246680759736399 0.128820021068312)
(0.000723930320874646 0.0249895162996509 0.136274529336438)
(0.00405302369913668 0.0246692723624803 0.133814455466257)
(0.000753122175818081 -0.0249886535649341 0.138320317419631)
(0.000745627883394888 -0.0249888783073491 0.133722669989904)
(0.000734058562971022 -0.0249892208367154 0.128712122907988)
(0.00439981387856381 -0.0246097874398378 0.131742721596204)
(0.00073405856297293 -0.0249892208367153 0.123712122907982)
(0.00406173612309973 -0.0246678393797736 0.126178274126395)
(0.000734058562972908 -0.0249892208367153 0.118712122907982)
(0.00406173612310301 -0.024667839379773 0.121178274126394)
(0.00073405856297293 -0.0249892208367153 0.113712122907982)
(0.00406173612310303 -0.024667839379773 0.116178274126394)
(0.000734058562972975 -0.0249892208367153 0.108712122907982)
(0.00406173612310306 -0.024667839379773 0.111178274126394)
(0.000734058562972997 -0.0249892208367153 0.103712122907982)
(0.0040617361231031 -0.024667839379773 0.106178274126394)
(0.000734058562972997 -0.0249892208367153 0.098712122907982)
(0.00406173612310308 -0.024667839379773 0.101178274126394)
(0.000734058562972975 -0.0249892208367153 0.093712122907982)
(0.00406173612310306 -0.024667839379773 0.0961782741263943)
(0.000734058562972975 -0.0249892208367153 0.088712122907982)
(0.00406173612310306 -0.024667839379773 0.0911782741263943)
(0.000734058562972975 -0.0249892208367153 0.083712122907982)
(0.00406173612310303 -0.024667839379773 0.0861782741263943)
(0.000734058562972953 -0.0249892208367153 0.078712122907982)
(0.00406173612310303 -0.024667839379773 0.0811782741263943)
(0.000734058562972975 -0.0249892208367153 0.0737121229079821)
(0.00406173612310306 -0.024667839379773 0.0761782741263944)
(0.000734058562972975 -0.0249892208367153 0.0687121229079821)
(0.00406173612310306 -0.024667839379773 0.0711782741263944)
(0.000734058562972953 -0.0249892208367153 0.0637121229079821)
(0.00406173612310306 -0.024667839379773 0.0661782741263944)
(0.000734058562972953 -0.0249892208367153 0.0587121229079821)
(0.00406173612310303 -0.024667839379773 0.0611782741263943)
(0.000734058562972953 -0.0249892208367153 0.0537121229079821)
(0.00406173612310303 -0.024667839379773 0.0561782741263944)
(0.000734058562972953 -0.0249892208367153 0.0487121229079821)
(0.00406173612310303 -0.024667839379773 0.0511782741263943)
(0.000734058562972953 -0.0249892208367153 0.0437121229079821)
(0.00406173612310303 -0.024667839379773 0.0461782741263944)
(0.000734058562972953 -0.0249892208367153 0.0387121229079821)
(0.00406173612310303 -0.024667839379773 0.0411782741263944)
(0.000734058562972975 -0.0249892208367153 0.0337121229079821)
(0.00406173612310303 -0.024667839379773 0.0361782741263944)
(0.000734058562972975 -0.0249892208367153 0.0287121229079821)
(0.00406173612310306 -0.024667839379773 0.0311782741263943)
(0.000734058562972975 -0.0249892208367153 0.0237121229079821)
(0.00406173612310306 -0.024667839379773 0.0261782741263944)
(0.000734058562972975 -0.0249892208367153 0.0187121229079821)
(0.00406173612310306 -0.024667839379773 0.0211782741263943)
(0.000734058562972953 -0.0249892208367153 0.0137121229079821)
(0.00406173612310306 -0.024667839379773 0.0161782741263944)
(0.000734058562972953 -0.0249892208367153 0.00871212290798206)
(0.00406173612310303 -0.024667839379773 0.0111782741263943)
(0.000734058562972953 -0.0249892208367153 0.00371212290798205)
(0.00406173612310303 -0.024667839379773 0.00617827412639434)
(0.000734058562972975 -0.0249892208367153 -0.00128787709201794)
(0.00406173612310306 -0.024667839379773 0.00117827412639435)
(0.000734058562972975 -0.0249892208367153 -0.00628787709201794)
(0.00406173612310308 -0.024667839379773 -0.00382172587360565)
(0.000734058562972975 -0.0249892208367153 -0.011287877092018)
(0.00406173612310306 -0.024667839379773 -0.00882172587360565)
(0.000734058562972975 -0.0249892208367153 -0.016287877092018)
(0.00406173612310308 -0.024667839379773 -0.0138217258736057)
(0.000734058562972953 -0.0249892208367153 -0.0212878770920179)
(0.00406173612310306 -0.024667839379773 -0.0188217258736057)
(0.000734058562972953 -0.0249892208367153 -0.0262878770920179)
(0.00406173612310303 -0.024667839379773 -0.0238217258736057)
(0.000734058562972975 -0.0249892208367153 -0.0312878770920179)
(0.00406173612310303 -0.024667839379773 -0.0288217258736057)
(0.000734058562972975 -0.0249892208367153 -0.0362878770920179)
(0.00406173612310306 -0.024667839379773 -0.0338217258736057)
(0.000734058562972953 -0.0249892208367153 -0.0412878770920179)
(0.00406173612310308 -0.024667839379773 -0.0388217258736056)
(0.000734058562972953 -0.0249892208367153 -0.046287877092018)
(0.00406173612310308 -0.024667839379773 -0.0438217258736057)
(0.000734058562972953 -0.0249892208367153 -0.0512878770920181)
(0.00406173612310312 -0.024667839379773 -0.0488217258736057)
(0.000734058562972997 -0.0249892208367153 -0.0562878770920186)
(0.00406173612310338 -0.0246678393797729 -0.0538217258736061)
(0.00073405856297313 -0.0249892208367153 -0.0612878770920211)
(0.00406173612310452 -0.0246678393797728 -0.0588217258736075)
(0.00073405856297373 -0.0249892208367153 -0.066287877092032)
(0.00406173612310952 -0.0246678393797719 -0.0638217258736138)
(0.000734058562976437 -0.0249892208367152 -0.0712878770920812)
(0.00406173612313209 -0.0246678393797682 -0.0688217258736422)
(0.000734058562988733 -0.0249892208367148 -0.0762878770923014)
(0.00406173612323333 -0.0246678393797515 -0.0738217258737695)
(0.000734058563044354 -0.0249892208367132 -0.0812878770932892)
(0.00406173612368749 -0.0246678393796768 -0.0788217258743405)
(0.000734058563296865 -0.0249892208367058 -0.0862878770977187)
(0.00406173612572524 -0.0246678393793412 -0.0838217258769009)
(0.000734058564442964 -0.0249892208366721 -0.0912878771175782)
(0.00406173613486691 -0.024667839377836 -0.08882172588838)
(0.000734058569646245 -0.0249892208365193 -0.096287877206608)
(0.00406173617587425 -0.0246678393710839 -0.0938217259398394)
(0.00073405859326935 -0.0249892208358253 -0.101287877605679)
(0.00406173635980439 -0.0246678393407984 -0.0988217261704971)
(0.000734058700472118 -0.0249892208326763 -0.106287879394276)
(0.00406173718468721 -0.0246678392049756 -0.103821727204256)
(0.000734059185637181 -0.0249892208184245 -0.111287887409572)
(0.00406174088337888 -0.0246678385959591 -0.108821731836855)
(0.000734061350793649 -0.0249892207548229 -0.116287923324496)
(0.00406175745884295 -0.0246678358666814 -0.113821752596595)
(0.000734070333209408 -0.0249892204909617 -0.12128808424112)
(0.00406183156770013 -0.024667823663948 -0.11882184566308)
(0.000734092362037143 -0.0249892198438446 -0.126288805374133)
(0.00406215915608563 -0.0246677697206421 -0.123822263878846)
(0.000733780381339224 -0.0249892290067533 -0.131292042100893)
(0.00441928220522886 -0.0246062988844431 -0.128168813353904)
(0.00113343695500713 -0.0249742931965856 -0.136298240435088)
(0.00457170479946064 -0.0245784359800738 -0.132610706144725)
(0.0045493603021148 0.0245825816553417 0.138055434796072)
(0.00178081172370978 -0.024936493530661 -0.173358972752043)
(0.00190620641500304 -0.0249272216081817 -0.177946448928399)
(0.000982832094265286 -0.0249806733511025 -0.145963553941636)
(-0.00126135206476144 -0.0249681595430805 -0.150489740536288)
(-0.00983313647282538 -0.0229849826431692 0.157992333704125)
(-0.0110332734548962 0.0224336104287625 0.145799055836685)
(-0.0143651322460986 0.0204607667391058 0.143379924426276)
(-0.00909183298979349 0.0232881637937752 -0.142177482050792)
(-0.0119293904313918 0.0219701989962635 -0.143699006374848)
(-0.00864543337690614 -0.0234575463705281 0.14223326637083)
(-0.0110863626712588 -0.0224074220454143 0.138461926531434)
(-0.0119166486133994 -0.021977112772718 0.142754298650104)
(-0.0112244561532682 0.0223385671891319 0.126069373642725)
(-0.00145387414944362 0.0249576891950673 0.165916656179471)
(0.00167039228620562 0.0249441333705981 0.169103184283273)
(-0.000306641755325233 0.0249981193459406 0.161792734903011)
(0.00804797560236596 0.0236691801443084 0.134616038295721)
(0.00871289819373752 0.0234325714565339 0.138939610392418)
(0.0176908294046941 -0.0176644998506612 -0.164358057227348)
(0.0186652549570829 -0.0166315440469937 -0.16770619017814)
(0.0143397478504396 -0.0204785651740012 -0.166941342017583)
(-0.000183962622235591 -0.0249993231459098 0.181533776259673)
(-0.00274774653279363 -0.0248485389709641 0.17700663349214)
(-0.00531931276289093 -0.0244275441199181 0.180935885520336)
(-0.0249086022437205 -0.00213577486269579 -0.222864435734219)
(-0.0120171283197214 -0.0219223316950399 0.153520818008179)
(-0.0112250287330326 -0.0223382794758816 -0.0160168493928166)
(-0.0112247907345746 -0.02233839906898 -0.0110164809757167)
(-0.0112250094576006 -0.0223382891618131 0.103982962631952)
(-0.0112235581802551 -0.0223390183708781 0.108983594912689)
(-0.0103420038113244 -0.0227605570486873 -0.121073718709135)
(-0.0103309905837787 -0.0227655580550505 -0.116047347251117)
(-0.0112248835689911 -0.022338352420503 -0.0660169776490067)
(-0.0112234968068933 -0.0223390492059455 -0.0610166186629846)
(-0.0103337199318685 -0.0227643192819312 -0.106037672504456)
(-0.0103295754089617 -0.0227662002071179 -0.101036520284556)
(-0.0112236575106532 -0.0223389684650737 -0.00101652166859261)
(-0.0112231498437536 -0.0223392235224202 0.00398371761737591)
(-0.0103335786020791 -0.0227643834371734 -0.0910369238866791)
(-0.0103290422837172 -0.0227664420914025 -0.0860365420134471)
(-0.011223615262929 -0.0223389896913389 0.0589835886621081)
(-0.0112231408031033 -0.0223392280644099 0.0639836848444384)
(-0.0112260428082494 -0.0223377698722892 0.0239832579146722)
(-0.0112232716142591 -0.0223391623449172 0.02898266178367)
(-0.0112214364724297 -0.022340084232053 0.0439841501454962)
(-0.0112235939634333 -0.0223390003926761 0.0489842919622689)
(-0.0113872115090331 -0.0222560421919205 0.133603803605618)
(-0.0112228015579308 -0.0223393984966316 0.0339838098395139)
(-0.011222146090902 -0.022339727776194 0.0389831184463219)
(-0.0112464673328323 -0.0223274936464337 0.128927299500765)
(-0.0110324154872347 -0.0224340323730939 0.124009500235472)
(-0.0112257310919261 -0.0223379265253462 0.118980150328758)
(-0.0114154891548667 -0.0222415513702422 -0.0309900037305618)
(-0.011229013047465 -0.0223362769050677 -0.0260150921116712)
(-0.0112255722692954 -0.0223380063395735 0.113985515261193)
(-0.0114154376908118 -0.022241577784123 0.0890100469152596)
(-0.0112290060470198 -0.0223362804243677 0.0939849205325548)
(-0.0115165404237325 -0.0221893960410944 0.0990095441753883)
(-0.0112276761255221 -0.022336948959524 -0.0360151746861809)
(-0.0112275848164153 -0.0223369948558485 0.0839849055009777)
(-0.0112272728978079 -0.0223371516375331 0.0789850055430537)
(-0.0112263280257673 -0.022337626531435 0.0739852984743711)
(-0.0112242060124599 -0.0223386928755883 0.0689854063005488)
(-0.0112275835523334 -0.0223369954912332 -0.0410151709008067)
(-0.011223886301055 -0.0223388535135756 0.0539845638545322)
(-0.0115157257992635 -0.0221898188211661 0.0190100851302973)
(-0.0112272749793133 -0.0223371505913106 -0.0460150094391837)
(-0.0112276302669299 -0.0223369720103044 0.0139855531761332)
(-0.0114106977987834 -0.0222440098845698 0.00901087746014638)
(-0.0115165432973592 -0.0221893945496503 -0.0209904006742933)
(-0.0112241263522078 -0.0223387329011668 -0.00601574368637577)
(-0.0112271438313192 -0.0223372165094685 -0.0710160297750269)
(-0.011226340190847 -0.0223376204175685 -0.051014742651653)
(-0.0112242751405968 -0.0223386581416203 -0.0560147094164881)
(-0.0112276311377339 -0.0223369715725966 -0.0760145064517276)
(-0.0112242403004047 -0.0223386756473782 -0.0810143329756079)
(-0.0103336430603393 -0.0227643541771231 -0.0960358698071752)
(-0.0103338371952465 -0.0227642660505921 -0.111038985845351)
(-0.0103558465770659 -0.0227542620551024 -0.12616032965365)
(-0.00899983440330005 0.0233238714778052 -0.146857528397818)
(-0.0118376965384882 0.0220197397955259 -0.148824884421616)
(-0.00791844099654412 -0.0237128296958471 -0.148723941964149)
(-0.0112837415217485 -0.0223086794156528 -0.150705726941096)
(-0.0191624573888851 -0.0160561585324499 0.154201077095135)
(-0.015780854474398 -0.0193898074270445 0.154274657925343)
(-0.0142442076272009 -0.020545134437944 0.150294172318401)
(-0.0247373637151675 -0.00361425461520283 -0.157461612361403)
(-0.0249869323424229 0.000808215389101892 -0.156406992466771)
(-0.0247894234048045 -0.0032379757962856 -0.153064192260483)
(-0.0178398262248062 -0.0175140115412979 -0.160225953780445)
(-0.0203076194205877 -0.0145808296563868 -0.158323960907768)
(-0.0225659451956746 -0.0107600240439234 -0.158601419112488)
(0.0178632882596274 0.0174900809761835 0.172619260486165)
(0.0155433275759882 0.0195807295028945 0.174372115446752)
(0.0120306918730571 0.0219148911257975 0.17328522043353)
(0.0141335517142818 0.0206214140140709 0.177458587857067)
(0.00992606510407722 0.0229450045009719 0.176635962506738)
(0.012754082474462 0.0215019389877895 0.163200899153554)
(0.0124127021231369 0.0217008024276125 0.159695773089824)
(0.00904647165680067 0.0233058222460119 0.161556459567532)
(0.0207454822154701 0.0139508052687869 -0.160161083849917)
(0.0226013611454516 0.0106854328116774 -0.158897671045287)
(0.0227327085000193 0.0104030747499549 -0.153636853827366)
(0.0153845089808033 0.0197057576210503 -0.166422613645545)
(0.0112743481067861 0.0223134281267359 0.151352668605864)
(0.00738902623717258 0.0238830963500626 0.154149085915876)
(0.0116669731825382 0.0221106702014646 0.155309907297688)
(0.0149300401398303 0.0200522792076875 0.152327422093232)
(0.0131404605011988 -0.0212680111391835 -0.178687845404389)
(0.00585215199105727 -0.0243053968713445 0.160123104979404)
(-0.00603300448173888 0.0242611388216489 -0.143815865325681)
(0.00805783223166842 -0.0236658264112261 -0.129619443450588)
(0.00870119536198989 -0.0234369195772927 -0.133966117549877)
(0.00520293866383456 0.0244525955526274 0.14233845845778)
(0.00929573231988375 0.0232075281026883 0.14327757973342)
(-0.0237621742243511 0.00776911038224988 0.158377424214075)
(-0.0238363886320922 0.00753834046590261 0.162021471474796)
(0.0244923434134667 -0.00501249579718666 0.148376525497652)
(0.0246910415104221 -0.00391822270048723 0.143099724152924)
(0.0237523540596742 -0.00779908178081736 0.144807272639871)
(0.0235142318289929 0.00849004720201105 -0.142866377042931)
(0.021249839798163 0.0131698256842073 -0.145460430234832)
(0.023008113031435 0.00977889230601864 -0.14844735320329)
(0.0244745017202499 0.00509889846393181 0.151112924184789)
(0.0228114088534194 0.0102293512072925 0.150495012756011)
(0.024708167934553 0.00380873172039293 0.146913015561158)
(0.017592495999848 -0.0177624346443648 0.146404007763966)
(0.0150070807881032 -0.0199946874499039 0.144333397037739)
(0.0200233243823027 -0.0149688503460047 0.144267153280307)
(0.0233610546295684 -0.00890287181724634 -0.149534288552633)
(0.00807704816686927 0.0236592749869913 -0.135062060942319)
(0.00803508319418623 -0.0236735598941626 -0.124750658213308)
(0.0235607983314371 0.00835995107553565 -0.137547111670719)
(0.0219713229982707 0.011927320139313 -0.135809780929979)
(0.0219422622329882 0.011980698147386 -0.140812514941209)
(0.0197119273831183 0.015376602968233 -0.138738333500659)
(0.00787899268368218 0.023725966245666 -0.129950464916758)
(0.00780927350791012 -0.0237490051850315 -0.119985523453564)
(0.00803413992405662 -0.0236738800301235 0.129991593814734)
(0.00772913932559045 -0.0237752056833503 0.124904154516632)
(0.00778445128000239 -0.0237571529916627 -0.115029331209576)
(0.00778417279971538 -0.0237572442388458 -0.110039267716995)
(0.00778532310617717 -0.0237568673046853 -0.10504206361884)
(0.00778583744787146 -0.0237566987444662 -0.100042962566115)
(0.00778600863577299 -0.023756642639979 -0.0950432630532807)
(0.00778606028873211 -0.0237566257111617 -0.0900433629661344)
(0.00778607527301992 -0.0237566208001657 -0.0850433956138334)
(0.00778607954548742 -0.0237566193998924 -0.0800434060908082)
(0.00776204060937722 0.0237644845426611 -0.124914436494567)
(0.00778606717446144 0.0237566234544132 -0.119956576456691)
(0.00778608120570876 0.0237566188557654 -0.114956589092795)
(0.00778608122588523 0.0237566188491527 -0.109956589110775)
(0.00778608122588426 0.023756618849153 -0.104956589110774)
(0.00778608122588427 0.023756618849153 -0.0999565891107744)
(0.00778608122588426 0.023756618849153 -0.0949565891107744)
(0.00778608122588425 0.023756618849153 -0.0899565891107744)
(0.00778608122588425 0.023756618849153 -0.0849565891107744)
(0.00778608122588425 0.023756618849153 -0.0799565891107744)
(0.00778608122588427 0.023756618849153 -0.0749565891107744)
(0.00778608122588428 0.023756618849153 -0.0699565891107744)
(0.00778608122588427 0.023756618849153 -0.0649565891107744)
(0.00778608122588428 0.023756618849153 -0.0599565891107744)
(0.00778608122588428 0.023756618849153 -0.0549565891107744)
(0.00778608122588428 0.023756618849153 -0.0499565891107744)
(0.00778608122588427 0.023756618849153 -0.0449565891107744)
(0.00778608122588427 0.023756618849153 -0.0399565891107744)
(0.00778608122588427 0.023756618849153 -0.0349565891107744)
(0.00778608122588426 0.023756618849153 -0.0299565891107744)
(0.00778608122588427 0.023756618849153 -0.0249565891107744)
(0.00778608122588428 0.023756618849153 -0.0199565891107744)
(0.00778608122588427 0.023756618849153 -0.0149565891107744)
(0.00778608122588427 0.023756618849153 -0.0099565891107744)
(0.00778608122588428 0.023756618849153 -0.00495658911077441)
(0.00778608122588427 0.023756618849153 4.34108892255855e-05)
(0.00778608122588427 0.023756618849153 0.00504341088922555)
(0.00778608122588425 0.023756618849153 0.0100434108892254)
(0.00778608122588417 0.023756618849153 0.0150434108892249)
(0.0077860812258839 0.0237566188491531 0.0200434108892233)
(0.00778608122588293 0.0237566188491535 0.0250434108892178)
(0.00778608122587944 0.0237566188491546 0.0300434108891989)
(0.00778608122586688 0.0237566188491587 0.0350434108891347)
(0.00778608122582179 0.0237566188491735 0.0400434108889175)
(0.00778608122565984 0.0237566188492266 0.0450434108881857)
(0.0217978532930962 -0.012241470165493 -0.153602949825108)
(0.00778608122507867 0.023756618849417 0.0500434108857307)
(0.00778608122299482 0.0237566188501 0.0550434108775385)
(0.0136941600326253 0.0209157830597099 0.181907148278135)
(0.0110117577294104 0.022444179461695 0.180142955710814)
(0.0167095984200586 0.0185954112791402 0.178921191777216)
(0.00778608121553025 0.0237566188525465 0.0600434108503652)
(0.00778608118882474 0.023756618861299 0.0650434107608572)
(0.00778608109343423 0.0237566188925627 0.0700434104684052)
(0.00778608075341705 0.0237566190040011 0.0750434095219889)
(-0.0242284539070614 -0.00616295556315338 -0.16612901606893)
(-0.0248721900379854 -0.00252471042187806 -0.169871882293264)
(-0.0249585531856399 -0.00143896590633071 -0.164822723163872)
(-0.0249208704944251 0.00198751447795844 -0.168314070381829)
(0.00778607954496785 0.0237566194000627 0.0800434064940955)
(0.00778607526936202 0.0237566208013646 0.0850433969392635)
(0.00776692454565262 -0.0237628887785585 0.119940886665194)
(0.0077860643556984 -0.0237566243782429 0.114956573657588)
(-0.0232994410823861 0.0090628938672159 -0.157239947192313)
(0.00470818855069951 -0.0245526568943376 0.164138529224545)
(0.00936187746970243 -0.0231809242749783 0.163960468027178)
(0.00778608118975826 -0.0237566188609931 0.109956589077278)
(0.00778608122588422 -0.023756618849153 0.104956589110774)
(0.0108084428731536 0.0225427940295291 0.169462397626404)
(-0.0201680305361482 0.0147733051242095 0.143267814500189)
(-0.0203717984985289 -0.0144910257033564 -0.138952782878509)
(-0.0202694801416552 0.0146338024719157 0.138924135423073)
(-0.0200001603811023 0.0149997861561486 0.133882064418442)
(-0.0201435641742589 -0.0148066479109052 0.136119753005891)
(-0.0203036070070231 0.0145864163694982 0.128929802001293)
(-0.0200195030104383 -0.0149739607056735 0.131117662782514)
(-0.0199494049137706 0.0150672241500027 0.12388574538402)
(-0.0197827822372416 -0.0152853369918323 0.126116610307636)
(-0.0197198370178237 0.0153664578869195 0.11884173213137)
(-0.0199245190711501 -0.0151001172109152 0.121091032920146)
(-0.0162460312985048 -0.0190017490523374 0.202785622437834)
(-0.00543836233571641 -0.024401315847828 0.170610694817302)
(-0.0198550349799464 0.0151913655062705 0.113865256351772)
(-0.0199577683397782 -0.0150561443568979 0.116076609023287)
(-0.0199587478323553 0.0150548458964034 0.108883289674317)
(-0.0199728071262655 -0.0150361888621086 0.111084324396177)
(-0.020017512110555 0.0149766220792202 0.103887703314669)
(-0.0197955458296244 -0.0152688036632619 0.106122202780619)
(-0.0203019665118291 0.0145886995908672 0.09892426394701)
(-0.0199779346420169 -0.015029375484008 0.101094921041258)
(-0.0198527579245785 0.0151943411435996 0.093866938393201)
(-0.0203617373770819 -0.014505159460921 0.096049445259066)
(-0.0199409145442268 0.0150784590439422 0.0888760018749905)
(-0.0203674084935619 -0.0144971952893096 0.0910363374583097)
(-0.0199196222608251 0.0151065763489297 0.0838779939316249)
(-0.0203673306063924 -0.0144973047139773 0.0860362990825754)
(-0.0199172200184087 0.0151097434372097 0.0788781212645819)
(-0.0203670338432855 -0.0144977216288099 0.0810361561287062)
(-0.0199178056019161 0.0151089715071636 0.073878690901032)
(-0.0203659107846983 -0.0144992992213317 0.0760356428009547)
(-0.0199205287173161 0.0151053810154721 0.0688806063144408)
(-0.0203617485264761 -0.0145051438098541 0.0710339594812063)
(-0.0199351753941066 0.0150860459367657 0.0638852902050984)
(-0.0200298622035219 -0.0149601009390955 0.0660795344609494)
(-0.0200153649011839 0.0149794915758998 0.0588882548872877)
(-0.0203117356756556 -0.0145750949857042 0.0610255616281158)
(-0.0203024643072555 0.0145880068224764 0.0539258695714048)
(-0.0202637522556051 -0.0146417329754185 0.0561435704574965)
(-0.0198715460928073 0.0151697612335012 0.0488751084737259)
(-0.019986490867464 -0.0150179952991329 0.0510698306557492)
(-0.0200381885708927 0.0149489464109463 0.0438876398596694)
(-0.00274867970162773 0.0248484357636021 -0.197628269080623)
(-0.020309926653516 -0.0145776156942348 0.0460245130457684)
(-0.0203036238758107 0.0145863928889088 0.0389298656817971)
(-0.0199254427809512 -0.0150988983036194 0.0410766636569645)
(-0.0199511519935588 0.01506491069107 0.0338882423649605)
(-0.0203036769718313 -0.0145863189812758 0.0360378657881613)
(-0.0147830361850621 -0.0201608988180374 0.187721668218666)
(-0.0107895410365192 -0.0225518470246069 0.190764051734452)
(-0.00720257213518467 -0.0239399865212464 0.188883042536339)
(-0.0196405262523589 0.0154676995228897 0.0288794007084042)
(-0.0199812025097248 -0.0150250306577181 0.0310871048901907)
(-0.0199491892380085 0.0150675097061899 0.0238821560363816)
(-0.0203061177566241 -0.0145829208889754 0.0260393243270406)
(0.00706896818575725 0.023979776662612 -0.180256309405457)
(-0.0197608324249269 0.0153137030751533 0.0188483428240682)
(-0.0200078408767621 -0.0149895398011469 0.0211571757245638)
(-0.0198522786052278 0.0151949673964907 0.0138633460680575)
(-0.0203778739113691 -0.0144824809632999 0.0162374125109868)
(-0.0199444225759043 0.0150738186307836 0.00887876968466431)
(-0.020235885529046 -0.0146802226432486 0.011200165781489)
(-0.0199377346541647 0.0150826634537843 0.00388537878954289)
(-0.0200295981950197 -0.0149604544097452 0.0060795620549523)
(-0.0200153832013517 0.0149794671234677 -0.0011117071294181)
(-0.0203117386660226 -0.0145750908183518 0.0010255666883524)
(-0.0203024623392947 0.0145880095613322 -0.00607413818656855)
(-0.020265796199358 -0.0146389037979654 -0.00385778043480905)
(-0.0198709569766248 0.0151705329119687 -0.011125371368544)
(-0.0239387666760144 0.00720662542604664 -0.182233883815222)
(-0.0227669817245032 0.0103278527853635 -0.186130706825123)
(-0.024849353260411 0.00274037270080182 -0.180801701551744)
(-0.0199921784214777 -0.0150104231107521 -0.00893116565209029)
(-0.0200370181434135 0.0149505151724119 -0.0161147551126265)
(-0.0198502250607205 -0.0151976499840846 -0.0139001945109169)
(-0.020301966401923 0.0145886997438151 -0.0210757364041307)
(-0.0199324125988093 -0.0150896960867615 -0.018902662358603)
(-0.0198531641982829 0.0151938102961706 -0.0261330963955014)
(-0.0199887664182506 -0.0150149664360803 -0.0239160823400477)
(-0.0199409029381319 0.015078474392723 -0.0311240032049403)
(-0.0203674288869286 -0.0144971666382057 -0.0289636523961068)
(-0.0199195764141261 0.0151066368024717 -0.0361220509071102)
(-0.0203674084944698 -0.0144971952880342 -0.0339636625392934)
(-0.0199170607799843 0.0151099533383268 -0.0411220482616383)
(-0.0203673306150017 -0.0144973047018821 -0.0389637008970576)
(-0.0199172017137404 0.0151097675658555 -0.0461219076199785)
(-0.0203670339249255 -0.0144977215141185 -0.0439638437020129)
(-0.0199177883841268 0.0151089942049477 -0.0511213240276069)
(-0.020365911558781 -0.0144992981340446 -0.0489643558348987)
(-0.0199204785452381 0.0151054471806931 -0.0561194256358136)
(-0.0203617558625568 -0.014505133511748 -0.0539660300293372)
(-0.0199350331860798 0.0150862338530826 -0.0611148465494651)
(-0.0203474653249946 -0.0145251731434824 -0.0589702701658699)
(-0.0200150629818164 0.0149798949874131 -0.0661123424964956)
(-0.020312387884038 -0.014574186030389 -0.063973997945877)
(-0.0203020012357209 0.0145886512681875 -0.0710756252972794)
(-0.0200275024818877 -0.0149632598165635 -0.0688417504338414)
(-0.019853592737296 0.0151932503244562 -0.0761322487925909)
(-0.0203829691732698 -0.0144753088976205 -0.0737601641124729)
(-0.0199444058049396 0.015073840820703 -0.0811212689425328)
(-0.0202358853081376 -0.0146802229477587 -0.0787998339687953)
(-0.0199377313291767 0.0150826678490764 -0.0861146322578119)
(-0.0200295975785245 -0.0149604552351313 -0.0839204375004851)
(-0.0200153825178344 0.0149794680367752 -0.091111709642465)
(-0.0203117378341895 -0.0145750919775881 -0.0889744347651136)
(-0.0203024629282795 0.0145880087416287 -0.0960741359434609)
(-0.0202654746293481 -0.0146393489625477 -0.0938578689353315)
(0.00433658709177846 0.0246210075422477 0.183681875798821)
(0.00978098872179041 0.0230072219014858 0.18421307409146)
(-0.0198711111335829 0.0151703309890324 -0.101125243562177)
(0.00724994959755363 0.0239256814079125 0.180493880595691)
(0.000338516091619898 0.0249977080320519 0.186880570797098)
(-0.0199917789809321 -0.0150109551054408 -0.0989314195542438)
(-0.0200373398735055 0.0149500839727952 -0.106114118006465)
(-0.0197883611636217 -0.0152781138383659 -0.103882172531219)
(-0.0203024624492028 0.0145880094083706 -0.111074137885651)
(-0.0199238294092764 -0.0151010271726811 -0.108908727813822)
(-0.0198713757912633 0.0151699843164849 -0.11612538602336)
(-0.0199921155760151 -0.0150105068134042 -0.113931026108268)
(-0.0200370556126599 0.0149504649551502 -0.121114701052916)
(-0.0198488815575851 -0.0151994046236343 -0.118899900678156)
(-0.0203020601333955 0.0145885693040816 -0.126075555766989)
(-0.0199268505428436 -0.0150970403537638 -0.12390196119225)
(-0.0198481055728553 0.0152004179274384 -0.131132838888307)
(-0.0199428908674501 -0.0150758450459327 -0.128907454964712)
(-0.0198764426308586 0.015163344892938 -0.136111140441179)
(-0.0199922554582271 -0.0150103205060048 -0.133900464756999)
(-0.0203265129507201 -0.0145544794226454 0.140914915984525)
(-0.0199420903118308 0.0150769039923581 -0.141048299959206)
(-0.0199638794090488 0.0150480403687974 -0.145288048876074)
(-0.0207589791282556 -0.013930713748859 -0.143616048696886)
(0.0077860812258842 -0.023756618849153 0.0999565891107744)
(-0.0137201719969351 0.0208987291569252 0.187680708730653)
(-0.00980520112247525 0.0229969135091605 0.188451748104952)
(-0.0228573593449899 0.0101262591204256 0.155389670525048)
(-0.0219352861005103 0.0119934658747487 0.15197369751137)
(0.0206596078132574 -0.0140776633360226 0.155441801647217)
(0.0077860812258842 -0.023756618849153 0.0949565891107744)
(0.0077860812258842 -0.023756618849153 0.0899565891107744)
(0.0077860812258842 -0.023756618849153 0.0849565891107744)
(0.0077860812258842 -0.023756618849153 0.0799565891107744)
(0.0077860812258842 -0.023756618849153 0.0749565891107744)
(0.0077860812258842 -0.023756618849153 0.0699565891107744)
(0.0077860812258842 -0.023756618849153 0.0649565891107744)
(0.0077860812258842 -0.023756618849153 0.0599565891107744)
(0.0077860812258842 -0.023756618849153 0.0549565891107744)
(0.0077860812258842 -0.023756618849153 0.0499565891107744)
(0.0077860812258842 -0.023756618849153 0.0449565891107744)
(0.0077860812258842 -0.023756618849153 0.0399565891107744)
(0.0077860812258842 -0.023756618849153 0.0349565891107744)
(0.0077860812258842 -0.023756618849153 0.0299565891107744)
(0.0077860812258842 -0.023756618849153 0.0249565891107744)
(0.0077860812258842 -0.023756618849153 0.0199565891107744)
(0.0077860812258842 -0.023756618849153 0.0149565891107744)
(0.00778608122588417 -0.023756618849153 0.0099565891107744)
(0.0077860812258842 -0.023756618849153 0.0049565891107744)
(0.0077860812258842 -0.023756618849153 -4.34108892255774e-05)
(0.0077860812258842 -0.023756618849153 -0.00504341088922554)
(0.00778608122588417 -0.023756618849153 -0.0100434108892254)
(0.00778608122588411 -0.0237566188491531 -0.0150434108892249)
(0.00778608122588382 -0.0237566188491532 -0.0200434108892231)
(0.00778608122588284 -0.0237566188491535 -0.0250434108892172)
(0.00778608122587934 -0.0237566188491546 -0.0300434108891969)
(0.00778608122586681 -0.0237566188491587 -0.0350434108891277)
(0.0077860812258217 -0.0237566188491735 -0.0400434108888937)
(0.00778608122565975 -0.0237566188492266 -0.045043410888104)
(0.00778608122507863 -0.0237566188494171 -0.0500434108854518)
(0.00778608122299483 -0.0237566188501 -0.055043410876589)
(0.00778608121553041 -0.0237566188525464 -0.0600434108471463)
(0.007786081188826 -0.0237566188612986 -0.0650434107499937)
(0.00778608109344425 -0.0237566188925594 -0.0700434104319339)
(0.00778608075349089 -0.023756619003977 -0.0750434094002837)
(0.00778606026176003 0.0237566257200016 0.0900433672812272)
(0.00778600842172866 0.0237566427101299 0.095043276958057)
(0.00778583562392472 0.0237566993422324 0.100043006987747)
(0.00778530687510867 0.0237568726237353 0.105042205821661)
(0.00778402848620975 0.0237572915233592 0.11003974099784)
(0.00778325451441685 0.0237575450996901 0.115031112289912)
(0.0143407188982597 -0.0204778851808749 0.171037654204755)
(0.00222304190504415 0.0249009655372722 0.179726903049375)
(-0.00131169856887198 0.0249655652222099 0.182792341445566)
(0.00127650700641819 0.0249673893281329 -0.180422297609557)
(0.0233407788695314 -0.00895589424701049 -0.165130988696304)
(0.0246220400917873 -0.0043307206927274 -0.166814909111005)
(0.0237836911325666 -0.00770298877778438 -0.168984834999293)
(0.00780150253697456 0.0237515590681029 0.119993604040318)
(0.00803332347307995 0.0236741570911588 0.124784167906313)
(0.00803301477671153 0.0236742618384847 0.129748644469284)
(-0.0113121897841773 0.0222942674758951 -0.15375538740677)
(-0.0213462785295422 -0.0130129317580322 0.167715859072903)
(-0.0234145966333096 -0.00876108808878239 0.166378255471624)
(0.0032521745948308 0.0247875646323865 -0.15918725391788)
(0.0144233410656006 0.0204197755253421 0.148128019323734)
(0.0209685585548553 -0.0136132124104343 -0.165084464267858)
(0.0143045060464967 -0.0205031974766313 -0.148225112119301)
(0.0167454584244377 -0.0185631253337208 -0.1610127926064)
(0.0199289109400872 -0.0150943204133897 -0.16145044445626)
(0.0093097868283954 0.0232018936556876 0.157806481616552)
(-0.00015929047974962 0.0249994925257106 -0.162038288313137)
(-0.00403368994992844 -0.0246724410099173 -0.147667045098797)
(-0.00793027865283557 0.0237088734546452 -0.161787815877855)
(0.0234946659854586 -0.00854404296757311 0.132339533646179)
(0.0219324770267609 -0.0119986020631825 0.130743061497201)
(-0.0204852642885542 0.0143301760989908 0.14769990979401)
(-0.0176114990926682 0.0177435932017432 0.145312828434727)
(-0.020686676409864 -0.0140378566424357 -0.148043413238008)
(0.0236434823889482 -0.00812316074711666 0.136432993688435)
(0.0193146479229907 -0.0158727557661205 0.13298132446731)
(0.0246647058247205 -0.00408072133084331 0.138615643267756)
(0.0246090558529941 -0.00440390395265544 0.133829664567317)
(-0.0197259027805183 0.0153586704988922 0.193491099143703)
(-0.0163276072963435 0.0189316993420134 0.190376380367672)
(-0.0160772576839691 0.0191447586916956 0.195205217193534)
(0.023560895884934 -0.0083596761360295 0.12754709727166)
(0.0219507942038934 -0.0119650588723299 0.125795520432061)
(-0.0235286153370202 -0.00845010416045491 -0.153993043577267)
(-0.0239637994191301 -0.00712294302937346 -0.158790526748046)
(-0.0210158870189443 -0.0135400329691981 -0.154930852036767)
(0.0235608979141564 0.00835967041687041 -0.132547096531803)
(0.0219508201533796 0.0119650112659363 -0.130795422259441)
(0.0193824115654222 -0.0157899373624023 -0.141535181285761)
(0.0244328269154632 -0.00529499470434244 0.165010989568298)
(0.0235608980515883 -0.00835967002953233 -0.1274529035269)
(0.022075325796931 -0.0117337117298557 -0.129781558914666)
(0.0221029954108958 -0.0116815064895723 -0.124376042157663)
(0.0235608980514612 0.00835967002989074 0.1274529035269)
(0.0218055012271488 0.0122278418469005 0.129816517695757)
(0.0221029949626339 0.0116815073377446 0.124376041673717)
(0.0235608980516757 -0.00835967002928624 0.122547096473102)
(0.0219509312622373 -0.0119648074251337 0.120795043743003)
(0.0235608980517647 0.00835967002903527 -0.127547096473081)
(0.0219509307975145 0.0119648082777256 -0.125795042634408)
(0.0235608980516757 0.00835967002928621 -0.122547096473102)
(0.0219509308581733 0.0119648081664395 -0.120795041348884)
(0.0235608980516755 0.00835967002928659 -0.117547096473102)
(0.0219509308581866 0.0119648081664151 -0.115795041348943)
(0.0235608980516755 0.00835967002928658 -0.112547096473102)
(0.0219509308581866 0.011964808166415 -0.110795041348943)
(0.0235608980516756 0.00835967002928651 -0.107547096473102)
(0.0219509308581866 0.011964808166415 -0.105795041348943)
(0.0235608980516756 0.00835967002928646 -0.102547096473102)
(0.0219509308581866 0.011964808166415 -0.100795041348943)
(0.0189661505913912 0.0162875759935195 -0.166866253927053)
(0.0235608980516755 0.00835967002928656 -0.0975470964731023)
(0.0219509308581866 0.011964808166415 -0.0957950413489433)
(0.0235608980516756 0.00835967002928653 -0.0925470964731023)
(0.0219509308581866 0.011964808166415 -0.0907950413489433)
(0.0235608980516756 0.00835967002928647 -0.0875470964731023)
(0.0219509308581866 0.011964808166415 -0.0857950413489433)
(0.00320741574070378 -0.0247933959809116 0.16796644265747)
(0.00706754659487735 -0.0239801956857995 0.167058515155155)
(0.0103001026256418 -0.0227795497299935 0.168653000554473)
(0.0132255468647697 -0.0212152046921019 0.166162948064729)
(0.0235608980516755 0.00835967002928658 -0.0825470964731023)
(0.0219509308581866 0.0119648081664151 -0.0807950413489433)
(0.0235608980516755 0.00835967002928663 -0.0775470964731023)
(0.0219509308581866 0.0119648081664151 -0.0757950413489433)
(0.0235608980516755 0.00835967002928657 -0.0725470964731023)
(0.0219509308581866 0.011964808166415 -0.0707950413489433)
(0.0235608980516756 0.00835967002928649 -0.0675470964731023)
(0.0219509308581866 0.011964808166415 -0.0657950413489433)
(0.0235608980516755 0.00835967002928655 -0.0625470964731023)
(0.0219509308581866 0.011964808166415 -0.0607950413489433)
(0.0235608980516755 0.00835967002928656 -0.0575470964731023)
(0.0219509308581866 0.011964808166415 -0.0557950413489433)
(0.0235608980516755 0.00835967002928653 -0.0525470964731023)
(0.0219509308581866 0.011964808166415 -0.0507950413489433)
(0.0235608980516756 0.00835967002928651 -0.0475470964731023)
(0.0219509308581866 0.011964808166415 -0.0457950413489433)
(0.0235608980516755 0.00835967002928657 -0.0425470964731022)
(0.0219509308581866 0.011964808166415 -0.0407950413489433)
(0.0235608980516755 0.00835967002928657 -0.0375470964731023)
(0.0219509308581866 0.0119648081664151 -0.0357950413489433)
(0.0235608980516755 0.00835967002928662 -0.0325470964731023)
(0.0219509308581866 0.0119648081664151 -0.0307950413489433)
(0.0192517735204364 -0.0159489565902545 0.162798828705655)
(0.0194067533842918 -0.0157600102500373 0.158617540740664)
(0.0235608980516755 0.00835967002928659 -0.0275470964731023)
(0.0219509308581866 0.0119648081664151 -0.0257950413489433)
(0.0235608980516755 0.00835967002928657 -0.0225470964731023)
(0.0219509308581866 0.011964808166415 -0.0207950413489433)
(0.0235608980516755 0.00835967002928658 -0.0175470964731023)
(0.0219509308581866 0.0119648081664151 -0.0157950413489433)
(0.0235608980516755 0.00835967002928656 -0.0125470964731023)
(0.0219509308581866 0.011964808166415 -0.0107950413489433)
(0.0235608980516755 0.00835967002928656 -0.00754709647310228)
(0.0219509308581866 0.011964808166415 -0.00579504134894329)
(0.0235608980516755 0.00835967002928655 -0.00254709647310229)
(0.0141544886028588 -0.0206070486094331 0.13117028901892)
(0.0159541221014717 -0.0192474930308165 0.13431602435863)
(0.0219509308581866 0.011964808166415 -0.000795041348943287)
(0.0235608980516755 0.00835967002928655 0.00245290352689771)
(0.0219509308581866 0.011964808166415 0.00420495865105671)
(0.0235608980516755 0.00835967002928656 0.00745290352689771)
(0.0219509308581866 0.011964808166415 0.00920495865105671)
(0.0235608980516755 0.00835967002928656 0.0124529035268977)
(0.0219509308581866 0.011964808166415 0.0142049586510567)
(0.0235608980516755 0.00835967002928654 0.0174529035268977)
(0.0219509308581866 0.011964808166415 0.0192049586510567)
(0.0235608980516755 0.00835967002928655 0.0224529035268977)
(0.0219509308581866 0.011964808166415 0.0242049586510567)
(0.0235608980516755 0.00835967002928655 0.0274529035268977)
(0.0219509308581867 0.0119648081664148 0.0292049586510568)
(0.0235608980516755 0.00835967002928659 0.0324529035268977)
(0.0219509308581872 0.0119648081664139 0.0342049586510572)
(0.0235608980516755 0.00835967002928662 0.0374529035268977)
(0.0219509308581893 0.01196480816641 0.0392049586510588)
(0.0235608980516756 0.00835967002928651 0.0424529035268977)
(0.0219509308581984 0.0119648081663933 0.0442049586510655)
(0.0235608980516755 0.00835967002928658 0.0474529035268977)
(0.0219509308582369 0.0119648081663227 0.0492049586510941)
(0.0235608980516756 0.00835967002928652 0.0524529035268977)
(0.0219509308584007 0.0119648081660221 0.0542049586512158)
(0.0235608980516756 0.00835967002928652 0.0574529035268977)
(0.0219509308590982 0.0119648081647427 0.059204958651734)
(0.0235608980516756 0.00835967002928653 0.0624529035268977)
(0.0219509308620668 0.0119648081592962 0.06420495865394)
(0.0235608980516755 0.00835967002928654 0.0674529035268977)
(0.021950930874704 0.0119648081361117 0.0692049586633313)
(0.0235608980516756 0.00835967002928645 0.0724529035268977)
(0.0219509309285002 0.011964808037416 0.0742049587033201)
(0.0235608980516755 0.00835967002928654 0.0774529035268977)
(0.0219509311575315 0.0119648076172295 0.0792049588736633)
(0.0235608980516755 0.00835967002928658 0.0824529035268977)
(0.0219509321328434 0.0119648058278981 0.0842049595999333)
(0.0235608980516755 0.00835967002928653 0.0874529035268977)
(0.0219509362885992 0.0119647982036413 0.0892049627022808)
(0.0235608980516756 0.00835967002928651 0.0924529035268977)
(0.0219509540218542 0.0119647656696838 0.0942049760047634)
(0.0235608980516755 0.00835967002928663 0.0974529035268978)
(0.0219510299584684 0.0119646263528128 0.099205033447744)
(0.0235608980516756 0.00835967002928649 0.102452903526898)
(0.0219513577999588 0.011964024855298 0.104205284345618)
(0.0235608980516755 0.00835967002928661 0.107452903526898)
(0.0219527981629015 0.0119613817269958 0.109206396182343)
(0.0235608980516755 0.00835967002928658 0.112452903526898)
(0.0219593174892569 0.0119494089981897 0.114211385593896)
(0.0235608980516756 0.00835967002928651 0.117452903526898)
(0.0219892709702706 0.0118941986781799 0.119234480084744)
(0.0235608980516752 0.00835967002928748 0.122452903526898)
(0.0235608980516755 -0.0083596700292867 0.117547096473102)
(0.0219509308581865 -0.0119648081664151 0.115795041348943)
(0.0235608980516755 -0.00835967002928655 0.112547096473102)
(0.0219509308581866 -0.0119648081664151 0.110795041348943)
(0.0235608980516756 -0.00835967002928653 0.107547096473102)
(0.0219509308581865 -0.0119648081664151 0.105795041348943)
(0.0235608980516755 -0.00835967002928664 0.102547096473102)
(0.0219509308581865 -0.0119648081664151 0.100795041348943)
(0.0235608980516755 -0.00835967002928662 0.0975470964731023)
(0.0219509308581865 -0.0119648081664151 0.0957950413489433)
(0.0235608980516755 -0.00835967002928664 0.0925470964731023)
(0.0219509308581865 -0.0119648081664151 0.0907950413489433)
(0.0235608980516755 -0.00835967002928666 0.0875470964731022)
(0.0219509308581866 -0.0119648081664151 0.0857950413489433)
(0.0235608980516755 -0.00835967002928657 0.0825470964731023)
(0.0219509308581865 -0.0119648081664151 0.0807950413489433)
(0.0235608980516755 -0.00835967002928674 0.0775470964731023)
(0.0219509308581865 -0.0119648081664151 0.0757950413489433)
(0.0235608980516755 -0.00835967002928664 0.0725470964731023)
(0.0219509308581865 -0.0119648081664151 0.0707950413489433)
(0.0235608980516755 -0.0083596700292866 0.0675470964731023)
(0.0219509308581866 -0.0119648081664151 0.0657950413489433)
(0.0235608980516755 -0.00835967002928668 0.0625470964731023)
(0.0219509308581866 -0.0119648081664151 0.0607950413489433)
(0.0235608980516755 -0.0083596700292866 0.0575470964731023)
(0.0219509308581866 -0.0119648081664151 0.0557950413489433)
(0.0235608980516755 -0.00835967002928664 0.0525470964731023)
(0.0219509308581866 -0.0119648081664151 0.0507950413489433)
(0.0235608980516755 -0.0083596700292866 0.0475470964731023)
(0.0219509308581866 -0.0119648081664151 0.0457950413489433)
(0.0138599894156972 0.0208062657244582 -0.14184577549116)
(0.0159615670735033 0.0192413195118748 -0.139648364560117)
(0.0235608980516756 -0.00835967002928653 0.0425470964731023)
(0.0219509308581866 -0.011964808166415 0.0407950413489433)
(0.0235608980516755 -0.0083596700292866 0.0375470964731023)
(0.0219509308581866 -0.0119648081664151 0.0357950413489433)
(0.0235608980516755 -0.0083596700292866 0.0325470964731023)
(0.0219509308581866 -0.0119648081664151 0.0307950413489433)
(0.0235608980516755 -0.00835967002928662 0.0275470964731023)
(0.0219509308581866 -0.0119648081664151 0.0257950413489433)
(0.0235608980516755 -0.00835967002928662 0.0225470964731023)
(0.0219509308581865 -0.0119648081664151 0.0207950413489433)
(0.0235608980516755 -0.00835967002928668 0.0175470964731023)
(0.0219509308581865 -0.0119648081664151 0.0157950413489433)
(0.0235608980516755 -0.0083596700292866 0.0125470964731023)
(0.0219509308581866 -0.0119648081664151 0.0107950413489433)
(0.0235608980516755 -0.00835967002928662 0.00754709647310229)
(0.0219509308581865 -0.0119648081664151 0.00579504134894328)
(0.0235608980516755 -0.0083596700292866 0.00254709647310229)
(0.0219509308581866 -0.0119648081664151 0.000795041348943287)
(0.0235608980516755 -0.00835967002928657 -0.00245290352689771)
(0.0219509308581866 -0.0119648081664151 -0.00420495865105671)
(0.0235608980516755 -0.00835967002928657 -0.00745290352689771)
(0.0219509308581866 -0.0119648081664151 -0.00920495865105671)
(0.0195156678448381 -0.0156249386741182 0.152534531741785)
(0.0170821757396064 -0.0182537467934998 0.150601799341314)
(0.0235608980516755 -0.0083596700292866 -0.0124529035268977)
(0.0219509308581866 -0.0119648081664151 -0.0142049586510567)
(0.0235608980516755 -0.00835967002928657 -0.0174529035268977)
(0.0219509308581866 -0.0119648081664151 -0.0192049586510567)
(-0.0155035155608741 -0.0196122667036152 -0.241788613606406)
(-0.0133218848225491 -0.0211548430571993 -0.16687798414984)
(-0.0109873233448073 -0.0224561511777208 0.195832215731628)
(-0.0132493185496443 -0.0212003669300805 0.20007971294349)
(-0.0148925049779994 -0.0200801716994717 0.196398749567246)
(-0.0201525402101625 0.0147944287851131 -0.173300299437171)
(-0.0216490537356485 0.0125027385940442 -0.168602734439022)
(-0.0224311682988622 0.0110382375743649 -0.172490765444288)
(-0.0180461975370851 0.0173012934329346 -0.169012649566608)
(-0.0234729716216939 0.00860346460718896 -0.170270921289198)
(-0.0179458195399147 -0.0174053888506065 -0.155948413762351)
(-0.0184109414066937 -0.0169126354102278 -0.152017369196785)
(-0.0215294510908284 -0.0127075857552734 -0.151679591360835)
(0.0235608980516755 -0.00835967002928664 -0.0224529035268977)
(0.0219509308581866 -0.011964808166415 -0.0242049586510567)
(0.0188711795690297 0.0163975175460628 0.176198678002178)
(0.0195333543117979 0.0156028224795954 0.181267533879664)
(0.0210109915103782 0.0135476284179489 0.178273562605889)
(-0.0236525932652996 0.00809659384101154 -0.161552647832642)
(0.0229055930950806 -0.0100166763431088 -0.19161873179163)
(-0.0141142513566195 0.0206346288709578 -0.180068318265642)
(-0.0109004129181322 0.0224984665747294 -0.183062333967782)
(-0.00730334336355062 0.0239094369593698 -0.181302742741052)
(-0.0233815613841255 0.00884887491381646 0.213901062674387)
(-0.0217043347589166 0.012406524600906 0.210946835120249)
(-0.0170825972085581 0.0182533523663508 -0.193035672917734)
(0.010321033550303 0.0227700739228822 0.188980313017908)
(0.0235608980516755 -0.0083596700292866 -0.0274529035268977)
(0.0219509308581867 -0.0119648081664148 -0.0292049586510568)
(-0.0249787025312863 0.00103170725184608 -0.174299113972969)
(-0.0248818264476177 -0.00242790292858529 -0.178055274819889)
(-0.0247019749871434 0.00384869221093903 0.200656223458946)
(-0.0249788093070678 0.00102911884694729 0.204303959761798)
(-0.0233087903834036 0.00903882132042398 0.200812912335033)
(-0.0238479130131801 -0.00750180277771908 0.197828328526319)
(-0.0248314741946241 -0.00289791119976412 0.197324959104436)
(-0.00795998254382973 -0.0236989172305809 -0.17247327151856)
(-0.00756671891977047 -0.0238273952581726 -0.175967289081561)
(-0.0115852811326228 -0.0221535834816423 -0.176178199926826)
(0.0235608980516755 -0.00835967002928657 -0.0324529035268977)
(0.00689673670748427 -0.024029877710626 -0.171235888600255)
(0.00914724337365462 -0.0232664552234141 -0.167398032254985)
(-0.0152532640634384 0.0198075221926171 0.176413440794308)
(-0.0120693017361352 0.0218936510340812 0.178716575182495)
(-0.0112949912751756 0.0223029857215061 0.172843741618545)
(0.00280482328514794 0.0248421610641887 -0.173398584710128)
(-0.00127031327965071 0.0249677052243802 -0.170590474297726)
(-0.00164613430613739 0.024945745966921 -0.176059253964126)
(-0.0191467254594458 0.0160749153708693 0.24556349170564)
(-0.0184884577897867 -0.0168278616750696 0.169404263383096)
(-0.0150538726347984 -0.0199594819245206 0.170861166432513)
(-0.0124247323715578 -0.0216939167854762 0.168634118325316)
(-0.0125366443289452 -0.0216294370932192 -0.242794033787106)
(0.0219509308581872 -0.0119648081664139 -0.0342049586510572)
(-0.0243078481238068 -0.00584196196409596 0.163554190342468)
(0.0181319393607299 -0.0172114140912016 -0.173933300566761)
(0.0195239146294402 -0.0156146328020332 -0.170921115752141)
(0.0235608980516755 -0.00835967002928657 -0.0374529035268977)
(0.0219509308581893 -0.01196480816641 -0.0392049586510588)
(-0.0221297454959457 0.0116307508048566 -0.163989669814677)
(-0.0238913821753967 0.00736219109702643 -0.166808434109964)
(0.0235608980516755 -0.00835967002928657 -0.0424529035268977)
(0.0219509308581984 -0.0119648081663934 -0.0442049586510655)
(-0.0187573156684872 0.0165276468050574 0.198826473206118)
(-0.0120377276216021 0.0219110272170913 0.196903532908379)
(0.0239895660983539 0.00703567469491791 0.180338217551517)
(0.0222347925913378 0.0114286481449116 0.181573677254814)
(0.0235608980516755 -0.00835967002928662 -0.0474529035268977)
(0.0219509308582369 -0.0119648081663228 -0.0492049586510941)
(-0.0244700752957726 0.00512009912201103 -0.158778457145349)
(-0.0249921039920732 0.000628281823230165 -0.160778635531543)
(0.0238460091258836 0.00750785247379539 -0.180994092231959)
(0.0235608980516756 -0.00835967002928651 -0.0524529035268977)
(-0.0169573730478111 0.0183697441277055 -0.173238163136073)
(0.0219509308584007 -0.0119648081660222 -0.0542049586512158)
(0.00600957211600926 0.0242669537227581 0.169409611755978)
(0.00755436187933127 0.0238313158804986 0.173037461015431)
(0.00353146874461807 0.024749317738188 0.172795476336167)
(0.00549794877454872 0.0243879593093075 0.177259251351201)
(0.0016402507452453 0.0249461335178966 0.175708282466529)
(-0.00843010458093925 -0.0235357884243215 0.16813085996636)
(-0.0108044950830705 -0.0225446864249629 0.172740311253908)
(0.0235608980516755 -0.00835967002928666 -0.0574529035268977)
(0.0219509308590981 -0.0119648081647428 -0.059204958651734)
(0.0235608980516755 -0.00835967002928662 -0.0624529035268977)
(0.0219509308620668 -0.0119648081592963 -0.06420495865394)
(0.0235608980516755 -0.00835967002928666 -0.0674529035268978)
(0.0219509308747042 -0.0119648081361115 -0.0692049586633315)
(0.0235608980516755 -0.0083596700292866 -0.0724529035268977)
(0.021950930928501 -0.0119648080374144 -0.0742049587033208)
(0.0235608980516756 -0.00835967002928653 -0.0774529035268977)
(0.0219509311575353 -0.0119648076172225 -0.0792049588736662)
(0.0235608980516755 -0.00835967002928664 -0.0824529035268978)
(0.0219509321328595 -0.0119648058278685 -0.0842049595999453)
(0.0235608980516755 -0.00835967002928664 -0.0874529035268978)
(0.021950936288668 -0.0119647982035151 -0.0892049627023317)
(0.0235608980516755 -0.00835967002928655 -0.0924529035268977)
(0.0219509540221465 -0.0119647656691474 -0.0942049760049779)
(0.0235608980516755 -0.00835967002928657 -0.0974529035268977)
(0.0219510299597052 -0.0119646263505438 -0.0992050334486393)
(0.0235608980516755 -0.00835967002928666 -0.102452903526898)
(0.021951357805144 -0.0119640248457842 -0.104205284349273)
(0.0235608980516756 -0.00835967002928653 -0.107452903526898)
(0.0219527981841563 -0.0119613816879868 -0.109206396196625)
(0.0235608980516755 -0.00835967002928655 -0.112452903526898)
(0.0219593175714248 -0.0119494088471905 -0.11421138564522)
(0.0235608980516755 -0.00835967002928672 -0.117452903526898)
(0.0219892712381958 -0.0118941981828559 -0.119234480245438)
(0.0235608980516752 -0.00835967002928747 -0.122452903526898)
(0.0235002442469209 -0.00852868807818994 -0.132776173190278)
(0.0235403151329038 0.00841745587713883 0.132918522245815)
(0.024639979260369 0.0042274604727409 -0.138714929154632)
(0.024629437772127 0.00428844902370561 -0.13404154892616)
(0.0246112448299813 -0.00439165434873003 0.129115978201962)
(0.024629534441004 -0.00428789379758853 0.124041658211262)
(0.0246295363286939 0.00428788295473953 -0.12904165621208)
(0.0246295373988832 -0.00428787680758395 0.11904165342754)
(0.0246295374053355 0.00428787677052144 -0.124041653274413)
(0.0246295374094049 0.00428787674714692 -0.119041653271583)
(0.0246295374094046 0.00428787674714897 -0.114041653271588)
(0.0246295374094046 0.00428787674714896 -0.109041653271588)
(0.0246295374094046 0.00428787674714893 -0.104041653271588)
(0.0246295374094046 0.00428787674714894 -0.0990416532715882)
(0.0246295374094046 0.00428787674714896 -0.0940416532715882)
(0.0246295374094046 0.00428787674714894 -0.0890416532715882)
(0.0246295374094046 0.00428787674714895 -0.0840416532715882)
(0.0246295374094046 0.00428787674714899 -0.0790416532715882)
(0.0246295374094046 0.00428787674714899 -0.0740416532715882)
(0.0246295374094046 0.00428787674714895 -0.0690416532715882)
(0.0246295374094046 0.00428787674714895 -0.0640416532715882)
(0.0246295374094046 0.00428787674714897 -0.0590416532715882)
(0.0246295374094046 0.00428787674714896 -0.0540416532715882)
(0.0246295374094046 0.00428787674714895 -0.0490416532715882)
(0.0246295374094046 0.00428787674714896 -0.0440416532715882)
(0.0246295374094046 0.00428787674714897 -0.0390416532715882)
(0.0246295374094046 0.00428787674714899 -0.0340416532715882)
(0.0246295374094046 0.00428787674714899 -0.0290416532715882)
(0.0246295374094046 0.00428787674714898 -0.0240416532715882)
(0.0246295374094046 0.00428787674714897 -0.0190416532715882)
(0.0246295374094046 0.00428787674714897 -0.0140416532715882)
(0.0246295374094046 0.00428787674714897 -0.00904165327158822)
(0.0246295374094046 0.00428787674714896 -0.00404165327158822)
(0.0246295374094046 0.00428787674714896 0.00095834672841178)
(0.0246295374094046 0.00428787674714896 0.00595834672841178)
(0.0246295374094046 0.00428787674714897 0.0109583467284118)
(0.0246295374094046 0.00428787674714896 0.0159583467284118)
(0.0246295374094046 0.00428787674714896 0.0209583467284118)
(0.0246295374094046 0.00428787674714897 0.0259583467284117)
(0.0246295374094046 0.00428787674714898 0.0309583467284114)
(0.0246295374094046 0.004287876747149 0.0359583467284105)
(0.0246295374094046 0.00428787674714901 0.0409583467284071)
(0.0246295374094045 0.00428787674714911 0.0459583467283946)
(0.00579843703249594 -0.0243182673720843 -0.157258251326904)
(0.000719317691653778 -0.0249896494985119 -0.158016333489042)
(0.00187607947715384 -0.0249295071310165 -0.153710364979376)
(0.0246295374094045 0.00428787674714948 0.0509583467283496)
(0.0246295374094042 0.00428787674715085 0.0559583467281865)
(0.0246295374094034 0.00428787674715583 0.0609583467275956)
(0.0246295374094002 0.00428787674717389 0.0659583467254547)
(0.0246295374093888 0.00428787674723925 0.070958346717698)
(0.0246295374093476 0.00428787674747617 0.0759583466895949)
(0.0246295374091982 0.00428787674833455 0.0809583465877744)
(0.0246295374086567 0.00428787675144458 0.0859583462188688)
(0.0246295374066946 0.00428787676271499 0.0909583448822873)
(0.0246295373995769 0.00428787680359921 0.0959583400397076)
(0.0246295373736113 0.0042878769527451 0.100958322494256)
(0.0246295372759486 0.00428787751371921 0.105958258919042)
(0.0246295368495344 0.00428787996303848 0.110958028452205)
(0.0246295338357646 0.00428789727406416 0.115957190873327)
(0.024629493146664 0.00428813098429053 0.120954104169814)
(0.0246287389889209 0.0042924603452573 0.125941861697155)
(0.0246295374094046 -0.004287876747149 0.114041653271588)
(0.0246295374094046 -0.00428787674714896 0.109041653271588)
(-0.00158329680847346 -0.024949813049726 -0.17832324753785)
(-0.00326695793641721 -0.0247856205458262 -0.174296194871839)
(0.0246295374094046 -0.004287876747149 0.104041653271588)
(0.0116544328317356 -0.0221172827302669 0.216926075425898)
(0.021565808885814 -0.0126457853492991 0.174032823665689)
(0.0233782097313699 -0.00885772599237993 0.171853140006337)
(-0.0227748406446 0.0103105108318198 0.173363352089735)
(-0.0245239801429065 0.00485534735629988 0.174405110870955)
(0.0246295374094046 -0.004287876747149 0.0990416532715882)
(0.0165014857094703 -0.0187803346450522 0.164327457397716)
(0.0166870513007991 0.0186156471519123 0.182694637402929)
(0.0246295374094046 -0.00428787674714903 0.0940416532715882)
(-0.0138763331882617 -0.0207953691298892 -0.154280485635198)
(-0.0169797881245138 -0.018349027092645 0.199402669833667)
(-0.0187899910202668 -0.01649048930318 0.196628958440173)
(0.0246295374094046 -0.00428787674714903 0.0890416532715882)
(-0.0138924440476052 -0.0207846096519554 0.192413294384663)
(-0.00663118997482242 0.0241045082820168 0.17263120246897)
(-0.00904883777188254 0.0233049036680728 0.169009610242835)
(-0.00378830255312132 0.0247113084187385 0.169364864460197)
(0.0246295374094046 -0.004287876747149 0.0840416532715882)
(-0.0249955193455239 0.000473299743863886 0.217017568639509)
(-0.0195368766718928 0.0155984117751536 0.188632132168293)
(-0.0239391977292348 -0.00720519341035321 -0.169910473326701)
(-0.0246335388241505 -0.00426482883584671 -0.173880164198533)
(-0.023664388749691 -0.00806205340490222 -0.173691360883313)
(0.0246295374094046 -0.00428787674714903 0.0790416532715882)
(-0.0244964172170737 0.00499254880066824 -0.170462697290519)
(0.021581118548459 -0.0126196403354992 0.161505791405747)
(0.0246295374094046 -0.00428787674714905 0.0740416532715882)
(0.0246295374094046 -0.004287876747149 0.0690416532715882)
(0.0246267027376365 -0.00430412735314444 -0.172208827752766)
(0.0246678160212143 -0.00406187798235313 -0.177660349545584)
(-0.0170118566531751 0.0183192994738287 -0.188180217642589)
(-0.019500034065862 0.0156444453858301 -0.189475527033741)
(0.0246295374094046 -0.00428787674714903 0.0640416532715882)
(0.0246295374094046 -0.00428787674714903 0.0590416532715882)
(0.0143361292379705 0.0204810985660489 0.185707608265182)
(0.0246295374094046 -0.004287876747149 0.0540416532715882)
(0.0246295374094046 -0.004287876747149 0.0490416532715882)
(0.0246295374094046 -0.00428787674714898 0.0440416532715883)
(0.0246295374094046 -0.00428787674714898 0.0390416532715882)
(0.0246295374094046 -0.004287876747149 0.0340416532715882)
(0.0246295374094046 -0.004287876747149 0.0290416532715882)
(0.0246295374094046 -0.004287876747149 0.0240416532715882)
(0.0246295374094046 -0.00428787674714903 0.0190416532715882)
(0.0246295374094046 -0.00428787674714903 0.0140416532715882)
(0.0246295374094046 -0.004287876747149 0.00904165327158822)
(0.0246295374094046 -0.004287876747149 0.00404165327158822)
(0.0246295374094046 -0.00428787674714898 -0.00095834672841178)
(0.0246295374094046 -0.00428787674714898 -0.00595834672841178)
(0.0246295374094046 -0.00428787674714898 -0.0109583467284118)
(0.0246295374094046 -0.00428787674714898 -0.0159583467284118)
(0.0246295374094046 -0.004287876747149 -0.0209583467284118)
(0.0246295374094046 -0.004287876747149 -0.0259583467284117)
(0.0246295374094046 -0.004287876747149 -0.0309583467284114)
(0.0246295374094046 -0.004287876747149 -0.0359583467284105)
(0.0246295374094046 -0.00428787674714903 -0.040958346728407)
(0.0246295374094045 -0.00428787674714914 -0.0459583467283946)
(0.0246295374094045 -0.00428787674714951 -0.0509583467283496)
(0.0246295374094042 -0.00428787674715089 -0.0559583467281865)
(-0.00227202411721713 -0.0248965440656085 -0.187023545840208)
(0.0246295374094034 -0.0042878767471559 -0.0609583467275956)
(0.0246295374094002 -0.00428787674717394 -0.0659583467254547)
(0.0246295374093888 -0.00428787674723933 -0.0709583467176981)
(0.0246295374093476 -0.0042878767474762 -0.0759583466895951)
(-0.0246709643555267 0.00404271168503625 -0.235064618837096)
(0.0246295374091982 -0.00428787674833459 -0.0809583465877751)
(0.0246295374086567 -0.00428787675144462 -0.0859583462188714)
(0.0246295374066946 -0.00428787676271494 -0.0909583448822969)
(0.0246295373995769 -0.00428787680359893 -0.095958340039742)
(0.0246295373736115 -0.0042878769527441 -0.100958322494381)
(0.0246295372759492 -0.00428787751371556 -0.105958258919493)
(-0.0176516491135501 -0.0177036517016153 0.173618323397644)
(-0.020827473167454 -0.0138281004284387 0.171858641572195)
(0.0246295368495364 -0.0042878799630273 -0.110958028453839)
(0.0246295338357641 -0.00428789727406703 -0.115957190879235)
(-0.0233080425672289 -0.00904074950898686 -0.162467952617287)
(-0.0246413314052875 -0.00421957184733124 -0.162276961844926)
(-0.0060171253073895 -0.0242650819705018 0.174088543263237)
(0.0246294931465098 -0.00428813098517621 -0.120954104190958)
(0.0246287389852763 -0.00429246036616907 -0.125941861768426)
(0.0068977776617165 0.0240295789253479 -0.17527582615562)
(0.0104279939108912 0.0227212883216251 -0.177486418484956)
(0.00334845489519143 0.0247747421745387 -0.177081656920236)
(-0.0013524087450273 0.0249633930102936 0.172384878928824)
(0.0246132593777728 0.00438034962103253 0.130875564453282)
(0.0191192020156638 -0.0161076414873263 0.167071813844843)
(0.0213141766719947 -0.0130654457556946 0.169477612550805)
(0.0215522919899184 -0.0126688085462406 0.165082304903088)
(0.0232225220304276 -0.00925821097978993 0.167001588746155)
(-0.0218304921836398 0.0121831691698031 -0.190441579567747)
(-0.0208424775339051 0.0138054746477135 -0.185328706492919)
(-0.0247929262406186 -0.00321104475634427 0.152741896473521)
(0.0246132593004216 -0.00438035005566988 -0.130875564603193)
(0.0122826699962026 0.021774664584429 -0.180864324895797)
(0.0245231123289955 0.00485972856232404 0.135380965091859)
(0.0228137639127219 0.0102240978151907 0.177952043262823)
(0.0246109927510443 -0.00439306678847959 -0.182559240819295)
(0.0162484870634337 -0.0189996491585878 -0.170459553479983)
(0.0142395447041015 -0.0205483665195045 -0.17414297901998)
(0.0119511079321972 -0.0219583929100691 -0.170505068301558)
(0.00979720581240745 -0.0230003208297043 -0.173605250621304)
(0.0245231126103251 -0.00485972714268112 -0.135380965290064)
(-0.0146768342941284 -0.0202383431906541 -0.158134505597552)
(0.0134618798249457 0.0210660340733304 0.144281594400878)
(-0.0247525140807142 -0.00350899511029112 0.136982350525058)
(0.0240813316996812 0.00671486884234757 -0.157182223772086)
(-0.00366868221015419 0.0247293503926184 -0.18073953467439)
(0.00997993988702726 -0.022921622975944 0.173177765495286)
(0.0232348596809806 -0.0092272041055318 -0.172318400120378)
(0.0132963862493063 -0.0211708788837228 -0.144481226581439)
(0.0159753487959224 -0.0192298785968248 -0.141043880747533)
(-0.0246227649234478 -0.00432659768462773 0.168202063658651)
(-0.0249908562152896 -0.000676095870955385 0.139993027978805)
(-0.025 1.02981689214133e-16 0.13)
(-0.0249999941110271 1.71595049804577e-05 0.119825295655542)
(-0.025 1.80697300937893e-16 0.115)
(-0.024730132385532 0.00366340718376495 0.112628156422463)
(-0.025 -7.46539947258926e-17 0.1)
(-0.025 2.52660774903715e-17 0.095)
(-0.025 2.52660774903715e-17 0.09)
(-0.024735778589185 -0.00362508725230367 0.0927458661451079)
(-0.0246451804848458 0.00419703215014816 0.0812073444724297)
(-0.025 3.63683077366231e-17 0.08)
(-0.0247300578783596 0.00366391011529802 0.0772798032595068)
(-0.025 -4.13473039871379e-17 0.075)
(-0.024730095450794 0.00366365650609 0.0722800787643297)
(-0.0247636043056314 0.00342985448585149 0.0676654424573236)
(-0.025 3.63683077366231e-17 0.065)
(-0.025 4.74705379828746e-17 0.055)
(-0.0249992639524613 -0.000191838044110133 0.050253302030604)
(-0.0248152254954368 -0.0030339056693679 0.0577669678621184)
(-0.0249983324079393 0.000288750449652332 0.0398035374708393)
(-0.025 5.85727682291262e-17 0.035)
(-0.025 2.52660774903715e-17 0.025)
(-0.0247269733705185 0.00368466931130441 0.0174834126128605)
(-0.025 3.63683077366231e-17 0.02)
(-0.0247318539013384 0.00365176705210682 0.0122706116760579)
(-0.025 3.63683077366231e-17 0.01)
(-0.0247645081228695 0.00342332257205373 0.00765727254448286)
(-0.025 3.63683077366231e-17 0.005)
(-0.025 1.416384724412e-17 -0.005)
(-0.0249990700456612 -0.000215631287443435 -0.00972600401206948)
(-0.0248150399927995 -0.00303542256626005 -0.00223279482234209)
(-0.0249986485114823 0.000259947301130449 -0.0202035893715273)
(-0.025 4.74705379828746e-17 -0.025)
(-0.0247746962014198 -0.00334879502617803 -0.022712556829559)
(-0.025 4.74705379828746e-17 -0.03)
(-0.0247316924748721 -0.00365286015724031 -0.0272700789976088)
(-0.025 3.06161699786838e-18 -0.035)
(-0.0247361064949569 -0.00362284908188972 -0.0322564324512814)
(-0.0246664817975662 0.00406997244835071 -0.0387316827324563)
(-0.0247300480725004 0.00366397630066268 -0.0427202698223054)
(-0.025 3.63683077366231e-17 -0.045)
(-0.0247257229917747 0.00369305057290356 -0.0469057973597504)
(-0.025 3.63683077366231e-17 -0.05)
(-0.0246687354031409 0.00405629062196268 -0.0536349553341387)
(-0.0247737328667781 0.00335591415943833 -0.0572643534839033)
(-0.0249993503260368 -0.000180231174002948 -0.059983081735202)
(-0.025 2.52660774903715e-17 -0.07)
(-0.025 -8.04061324838318e-18 -0.08)
(-0.025 3.06161699786838e-18 -0.085)
(-0.025 3.06161699786838e-18 -0.095)
(-0.0249995987448024 -0.000141642503763193 -0.0997428755995751)
(-0.0248150304857203 -0.00303550028706526 -0.0922330337786415)
(-0.0249984482162796 0.000278544032404648 -0.110131164361352)
(-0.0249980738078642 -0.000310331913563296 -0.114743665480571)
(-0.0249963541551911 0.000426941387385633 -0.12508473669761)
(-0.0249999999999994 5.59735322842327e-09 -0.129999959825413)
(-0.0249999999996193 1.37963861981535e-07 -0.134999838444003)
(-0.0249999986986156 -8.06654933040362e-06 -0.139991555237619)
(0.0236492784357403 -0.00810627099650821 -0.154257795895308)
(0.02466279990474 -0.0040922244389522 -0.156104489971995)
(0.0232460872727546 -0.00919888180745229 -0.157687742068767)
(0.0244877043741869 0.00503511017579826 0.155682015622815)
(0.0224293741609698 0.0110418827537346 -0.163532669219414)
(0.020569409379169 0.0142091307894662 -0.164062675904801)
(0.0185595747847495 0.0167493935355669 -0.161778048924207)
(0.0222275521669058 -0.0114427236559956 0.145806351015947)
(0.0246178319708228 -0.00435457794238828 -0.15154414146024)
(-0.022978471876558 -0.00984834149581701 -0.149319118827871)
(-0.0226369534724443 0.0106098226887348 0.148380877900328)
(0.0217830477263026 -0.0122677965321252 -0.16893492347793)
(0.0117053191898217 -0.0220903939001638 -0.136564869875749)
(0.0117053219615264 0.0220903924314849 0.136564868207568)
(0.0117063956572888 -0.0220898234650033 -0.13156398046285)
(0.0117063956606881 0.0220898234632018 0.131563980458429)
(0.0142313083213446 0.0205540717003427 -0.136435541294704)
(0.0113722295104068 0.0222637013086915 -0.133579965825214)
(0.0114338721125927 0.0222321067043336 -0.128561714495673)
(0.0112938400694687 0.0223035686939392 -0.123516124276337)
(0.0112938937018746 0.02230354153606 -0.118516157068582)
(0.0112938937801742 0.0223035414964113 -0.113516157112761)
(0.0112938937801708 0.0223035414964131 -0.108516157112758)
(0.0112938937801708 0.0223035414964131 -0.103516157112758)
(0.0112938937801708 0.022303541496413 -0.0985161571127576)
(0.0112938937801708 0.0223035414964131 -0.0935161571127576)
(0.0112938937801708 0.0223035414964131 -0.0885161571127576)
(0.0112938937801708 0.0223035414964131 -0.0835161571127576)
(0.0112938937801708 0.0223035414964131 -0.0785161571127576)
(0.0112938937801708 0.022303541496413 -0.0735161571127576)
(0.0112938937801708 0.0223035414964131 -0.0685161571127576)
(0.0112938937801708 0.022303541496413 -0.0635161571127576)
(0.0112938937801708 0.022303541496413 -0.0585161571127576)
(0.0112938937801708 0.0223035414964131 -0.0535161571127576)
(0.0112938937801708 0.022303541496413 -0.0485161571127576)
(0.0112938937801708 0.0223035414964131 -0.0435161571127576)
(0.0112938937801708 0.0223035414964131 -0.0385161571127576)
(0.0112938937801708 0.0223035414964131 -0.0335161571127576)
(0.0112938937801708 0.0223035414964131 -0.0285161571127576)
(0.0112938937801708 0.0223035414964131 -0.0235161571127576)
(0.0112938937801708 0.0223035414964131 -0.0185161571127576)
(0.0112938937801708 0.0223035414964131 -0.0135161571127576)
(0.0112938937801708 0.0223035414964131 -0.00851615711275761)
(0.0112938937801708 0.0223035414964131 -0.00351615711275761)
(0.0112938937801708 0.0223035414964131 0.00148384288724239)
(0.0112938937801708 0.0223035414964131 0.0064838428872424)
(0.0112938937801707 0.0223035414964131 0.0114838428872424)
(0.0112938937801705 0.0223035414964132 0.0164838428872424)
(0.0112938937801698 0.0223035414964136 0.0214838428872425)
(0.0112938937801672 0.0223035414964149 0.0264838428872429)
(0.0112938937801579 0.0223035414964196 0.0314838428872441)
(0.0112938937801245 0.0223035414964365 0.0364838428872485)
(0.0112938937800047 0.0223035414964972 0.0414838428872642)
(0.0112938937795748 0.0223035414967149 0.0464838428873201)
(0.0112938937780337 0.0223035414974952 0.0514838428875196)
(0.0112938937725137 0.0223035415002904 0.05648384288823)
(0.0112938937527608 0.0223035415102927 0.0614838428907561)
(0.0112938936821641 0.0223035415460409 0.0664838428997229)
(0.011293893430245 0.0223035416736058 0.0714838429314758)
(0.0112938925331016 0.0223035421278942 0.0764838430435683)
(0.0112938893469037 0.0223035437412958 0.0814838434375058)
(0.011293878076897 0.0223035494481077 0.0864838448124062)
(0.0112938384834456 0.0223035694970523 0.0914838495566674)
(0.0112937012081445 0.0223036390084926 0.0964838656196881)
(0.0112932389079041 0.0223038730934562 0.101483918434486)
(0.0112917885563088 0.022304607398464 0.106484086396341)
(0.0112880462400497 0.0223065015652948 0.111484624856544)
(0.0112839077550258 0.0223085953339978 0.116486626987056)
(0.0113113700684553 0.0222946833835884 0.121495143453739)
(0.0114461478820338 0.0222257890447699 0.126512628337062)
(0.0112118913098111 -0.0223448762193256 0.123495061246743)
(0.0112938306682601 -0.0223035734544191 0.118516113915994)
(0.0112938936466212 -0.0223035415640388 0.113516157014952)
(0.0112938937801707 -0.0223035414964131 0.108516157112758)
(0.0112938937801708 -0.0223035414964131 0.103516157112758)
(0.0112938937801708 -0.0223035414964131 0.0985161571127576)
(0.0112938937801708 -0.0223035414964131 0.0935161571127576)
(0.0112938937801707 -0.0223035414964131 0.0885161571127576)
(0.0112938937801708 -0.0223035414964131 0.0835161571127576)
(0.0112938937801707 -0.0223035414964131 0.0785161571127576)
(0.0112938937801708 -0.0223035414964131 0.0735161571127576)
(0.0112938937801708 -0.0223035414964131 0.0685161571127576)
(0.0112938937801708 -0.0223035414964131 0.0635161571127576)
(0.0112938937801708 -0.0223035414964131 0.0585161571127576)
(0.0112938937801708 -0.0223035414964131 0.0535161571127576)
(0.0112938937801707 -0.0223035414964131 0.0485161571127576)
(0.0112938937801708 -0.0223035414964131 0.0435161571127576)
(0.0112938937801707 -0.0223035414964131 0.0385161571127576)
(0.0112938937801708 -0.0223035414964131 0.0335161571127576)
(0.0112938937801708 -0.0223035414964131 0.0285161571127576)
(0.0112938937801708 -0.0223035414964131 0.0235161571127576)
(0.0112938937801708 -0.0223035414964131 0.0185161571127576)
(0.0112938937801707 -0.0223035414964131 0.0135161571127576)
(0.0112938937801708 -0.0223035414964131 0.00851615711275761)
(0.0112938937801708 -0.0223035414964131 0.00351615711275761)
(0.0112938937801708 -0.0223035414964131 -0.00148384288724239)
(0.0112938937801708 -0.0223035414964131 -0.00648384288724239)
(0.0112938937801707 -0.0223035414964131 -0.0114838428872424)
(0.0112938937801705 -0.0223035414964132 -0.0164838428872424)
(0.0112938937801698 -0.0223035414964136 -0.0214838428872425)
(0.0112938937801672 -0.0223035414964149 -0.0264838428872428)
(0.0112938937801579 -0.0223035414964196 -0.0314838428872438)
(0.0112938937801246 -0.0223035414964365 -0.0364838428872474)
(-0.00249850116280621 -0.0248748365208589 -0.204676845656646)
(-0.0211806482048709 -0.0132808185599193 0.226624941913365)
(0.0112938937800051 -0.022303541496497 -0.0414838428872601)
(0.0112938937795766 -0.022303541496714 -0.0464838428873053)
(0.0112938937780406 -0.0223035414974918 -0.051483842887466)
(0.0112938937725389 -0.0223035415002776 -0.0564838428880351)
(0.0112938937528536 -0.0223035415102458 -0.061483842890047)
(0.0112938936825057 -0.022303541545868 -0.0664838428971416)
(0.0112938934315064 -0.022303541672967 -0.0714838429220746)
(0.0112938925377846 -0.0223035421255229 -0.0764838430093037)
(0.0112938893644621 -0.0223035437324047 -0.0814838433124841)
(0.0112938781440901 -0.022303549414083 -0.0864838443554271)
(0.011293838752353 -0.0223035693608859 -0.0914838478813915)
(0.011293702391008 -0.0223036384095363 -0.0964838594496638)
(0.0112932450699833 -0.0223038699733768 -0.101483895583566)
(-0.02372157235245 -0.0078922116752834 -0.212153381046572)
(0.0112918286565833 -0.022304587097509 -0.106484001860045)
(0.0112883641592911 -0.0223063406816814 -0.11148432572639)
(0.011286753073148 -0.0223071559161132 -0.116485828504009)
(0.0113383117692127 -0.0222809938338516 -0.121496797009804)
(0.0117063956560033 -0.0220898234656846 -0.126563980463925)
(0.0111300827584507 -0.0223857378209886 0.12846549664122)
(-0.024505224648082 0.0049491377983478 -0.154938810680236)
(-0.0249662603428802 0.00129840074381072 -0.152611598041924)
(0.0223947714119053 -0.0111118951312775 -0.161742953622789)
(-0.0162442630294756 0.0190032607367581 0.172406507359684)
(-0.0201251842813636 0.0148316201960931 0.171912556346859)
(-0.0176897155980536 0.0176656152471398 0.169107839369333)
(0.0120518650937234 -0.0219032542733424 -0.140771177623918)
(0.0120443883607197 0.021907366546807 0.140764806989251)
(0.0243467735827814 -0.00567755370813658 -0.161003306174224)
(0.0173611364664989 0.0179886336499358 -0.176986730962505)
(-0.00581859867558695 0.0243134512040652 -0.194274779447321)
(0.0142281215437278 0.0205562778084192 -0.177432691466602)
(-0.00988228519346472 0.0229638942550045 -0.195194785155193)
(-0.0247032203179567 0.00384069081318626 -0.147025420730252)
(-0.00270184323513648 0.0248535720397038 0.177098835743996)
(0.0119758509654713 0.0219449081486531 -0.138725184439731)
(-0.0239241634167351 0.00725495725758278 -0.203525962423643)
(0.0204144977831434 -0.0144308101041499 0.148731976324551)
(0.00258086867422082 -0.0248664254947595 0.177775329301905)
(0.00756203726357579 -0.0238288814765673 0.177258998759928)
(0.0115272759371352 -0.0221838208942721 0.177968626380893)
(-0.0073589988537046 -0.0238923656399105 -0.205947357171607)
(0.0248220011821066 0.00297796193990099 -0.157883062509182)
(-0.000699726151340837 -0.024990205747715 0.200308179023692)
(-0.0237477682462471 0.00781303419437913 0.170668991954838)
(-0.0239343131131952 -0.00722140261995784 -0.177340642241405)
(-0.0242131117103803 -0.00622295920769548 -0.182108826485623)
(-0.024573986441778 -0.00459556202866522 -0.211016732767291)
(-0.00600182398920999 0.024268871189294 0.166489762866051)
(-0.0182316761075425 0.0171057296339461 -0.197411779084135)
(-0.0173024127663737 -0.0180451243404425 0.192140067339884)
(-0.0206207654926298 -0.0141344978863053 0.193197830251692)
(-0.0188147433079458 -0.0164622426861017 0.188431045971172)
(0.0247108835571897 0.00379107291185614 -0.142800442451706)
(0.0247572999701017 -0.00347506808428305 0.15288081498764)
(-0.016963170387423 0.0183643908259233 0.186330890271946)
(-0.0247908077238056 0.0032273599739265 -0.16364864720895)
(-0.00639851004088857 -0.0241673140679027 0.139580470360898)
(-0.0231699708085279 -0.0093889537613072 0.17018000397367)
(0.0165205395124614 -0.0187635757311127 0.168333071320492)
(-0.0230726356771502 -0.00962566792017547 0.202224586841641)
(-0.0243811933127653 -0.0055278759614856 0.20147476686341)
(-0.0242802638864423 0.00595556761398327 0.109132032531481)
(-0.024457069341736 0.00518186831302351 0.0848686692895322)
(-0.0240231780192305 0.00692003741726587 -0.0450082283357012)
(-0.024011994409123 0.00695874446263441 0.0748869940168479)
(0.000921647282916992 -0.0249830055494909 0.174614706688899)
(-0.0242799521327881 0.00595683845924311 0.0146143705710073)
(-0.0242728948205311 0.00598553063908558 0.00959529995928158)
(-0.0245280536110692 0.00483472709183424 -0.0502338323602277)
(-0.0213275657356577 0.0130435784887124 0.198285401049243)
(0.0244768950534284 -0.00508739703025538 -0.14736802918069)
(-0.0242777153496018 -0.00596594815630418 -0.0296025477243558)
(-0.0242712469784653 -0.00599220911770751 -0.0245981941609286)
(-0.0245146226455788 0.00490237458226898 -0.0350941031578321)
(-0.0245586367407609 0.00467689656025736 0.145123972886876)
(-0.0237853835527621 0.00769776131404403 0.146716736522066)
(-0.0235089756692731 0.00850459070041142 -0.215798029916802)
(-0.0249573253053191 -0.00146010739484461 -0.209827476034217)
(-0.0246639119033828 -0.00408551705689398 -0.207110258000708)
(-0.00555121016542866 -0.024375891074979 -0.178944117613927)
(-0.00434272615116395 -0.0246199254583761 -0.183077049321218)
(-0.0249983970822379 0.000283095953270048 -0.206666531704551)
(-0.0249178742645915 -0.00202473260802758 -0.19882740731973)
(-0.0012146144129865 -0.0249704768041735 0.203926004026644)
(-0.0129298721358164 0.0213966914861022 0.191640358850651)
(0.0247612003904259 0.00344716626015815 0.13862730167667)
(0.0247609380152288 -0.00344905039191897 -0.138627936937738)
(-0.0181051210102988 0.0172396227685654 0.179754362552679)
(-0.00394944340898953 0.0246860668547906 -0.190427047176686)
(-0.0114405025403004 -0.0222286954548705 0.165526584347046)
(-0.0199335628186232 0.0150881766080598 -0.181622419554921)
(0.0144687093595979 -0.0203876543395135 0.242841744752241)
(0.0144092706901164 0.0204297067570475 -0.242937319243696)
(-0.0248214288865583 -0.00298272828623886 -0.185057076778862)
(-0.0242364723903872 -0.00613134618742086 -0.186574047761363)
(-0.00926166940735051 0.0232211429475155 0.192776694783902)
(-0.0132793969777773 -0.0211815395074721 0.183890948548242)
(-0.0249895773928339 -0.000721818348039989 0.193686088924376)
(-0.02492579563152 0.00192476287778472 0.196826966480351)
(-0.0227273176701724 0.0104148466872571 -0.193926204239251)
(-0.0134836475421778 -0.0210521079457218 -0.203063437030067)
(0.0154290530679349 -0.0196709003715348 0.246746799838435)
(0.0153967413175537 0.0196962015830549 -0.246726804439043)
(-0.0249725980322681 -0.00117019123170441 0.200676309782474)
(-0.00816780116426716 -0.0236280981913694 -0.182824708225992)
(-0.0249232286512232 0.00195772153250839 -0.21040558428566)
(0.00567595276181192 0.0243471468604779 0.215241050970353)
(0.013583253352377 -0.0209879781866939 0.174698162123849)
(-0.0205861626465902 0.0141848478133582 -0.19403738156927)
(-0.0183360025281032 -0.0169938521615728 -0.179552256005594)
(-0.0243408877777791 -0.0057027346238069 -0.197253317414569)
(-0.0249985156819093 -0.000272421917866317 0.171300255334406)
(-0.0249433269180175 -0.00168239182739981 -0.181468734737942)
(-0.0228783926466751 -0.0100786482181174 -0.181172614373437)
(-0.0248432660892003 0.0027950187872698 -0.20087452383589)
(-0.0247118003280341 -0.00378509240935712 -0.203907400516948)
(0.0032288668113194 0.024790611511513 -0.170020382195654)
(-0.0247629282431995 -0.00343473213251815 0.204602406990145)
(-0.0227582572150363 -0.0103470637639017 -0.203831400904131)
(-0.021744531018746 0.0123359381797573 0.191109817500629)
(-0.0203082367447564 -0.0145799698325794 -0.185212625157254)
(-0.0249998396438265 -8.95420736896353e-05 -0.202823948061131)
(-0.0247524726553907 0.00350928731285073 -0.20456838660947)
(-0.00937799117181458 -0.0231744100589717 -0.179209817992889)
(-0.00307718926382338 0.0248098953289733 0.186314285323503)
(-0.0248917511640775 0.00232394577941184 -0.19706590889844)
(-0.000104203620704997 -0.000321778219068683 -0.25)
(-0.0124999999999999 -0.00123114254196446 -0.25)
(-0.00580808377286914 0.0112590448445832 -0.25)
(0.012654447242659 -0.00125075411094092 -0.25)
(-0.00364611550843869 -0.0120196320100807 -0.25)
(0.00715038187723179 0.0101011297964447 -0.25)
(0.00762053235039519 -0.0114049326301802 -0.25)
(-0.0129739345740881 -0.00909279751011355 -0.25)
(-0.014090553624983 0.00750297129968497 -0.25)
(0.00109459230981694 0.016314149841166 -0.25)
(0.0151391145329958 0.00633573230903023 -0.25)
(0.0150461620018244 -0.0084685791325684 -0.25)
(0.00228294222223148 -0.0171327019717881 -0.25)
(-0.00604475829977099 -0.00495705329497964 -0.25)
(-0.00664668407898908 0.00347850912812526 -0.25)
(0.000417746808902649 0.00750542002931726 -0.25)
(0.0058969148050835 -0.0040679129950521 -0.25)
(0.00660141156710554 0.00295237024601544 -0.25)
(-0.01752765811247 -0.00574341191128224 -0.25)
(-0.0183113531558942 0.00221357739652801 -0.25)
(-0.0120137650794171 0.0139955359992704 -0.25)
(-0.00905253032722879 -0.0160703849974074 -0.25)
(-0.00546155664960646 0.0177795524389685 -0.25)
(0.00625610217267129 0.0165353191029102 -0.25)
(0.0182544282790917 0.0022337525197381 -0.25)
(0.0134983696245174 0.0116366122669808 -0.25)
(-0.000152841833091983 -0.00800740046422413 -0.25)
(-0.00357389174045361 -0.0186193137948477 -0.25)
(0.0132846229104476 -0.0159202769168234 -0.25)
(0.0190532187218463 -0.00536943497474079 -0.25)
(0.00751484044833497 -0.0179816933413066 -0.25)
(0.00213462302971333 -0.0124171317943061 -0.25)
(0.0100838781722939 -0.00625991043930734 -0.25)
(0.0114304358222737 0.00316147010988725 -0.25)
(-0.00865231706966983 0.00735244041717745 -0.25)
(-0.010527120234118 -0.00556328545109411 -0.25)
(-0.00120653936508272 0.0117565608111053 -0.25)
(-0.0206173611246519 -0.00203063283068829 -0.25)
(0.0199956613537162 0.00601724392346028 -0.25)
(-0.0173155185911352 -0.0105531744679927 -0.25)
(-0.0190416279619869 0.00697230808191376 -0.25)
(-0.0163762239816363 0.0119589281934094 -0.25)
(-0.0136312258511065 -0.0149727131241238 -0.25)
(-0.00200901251363658 0.0200262459399387 -0.25)
(-0.00776816472515404 -0.00871169790169827 -0.25)
(-0.0107784418058428 0.00297127831030882 -0.25)
(0.00331656389616927 0.020274311233301 -0.25)
(-0.00991361181180235 0.0183712612922836 -0.25)
(0.018156938365388 0.0103009991333777 -0.25)
(-0.00828098446056489 -0.000996972239226508 -0.25)
(0.00367945023237638 0.0120754655123317 -0.25)
(0.0162356630968614 -0.0127880179143479 -0.25)
(-0.00402174222745722 0.0072628925062841 -0.25)
(0.0102914220332047 0.00778272924722324 -0.25)
(0.00482005550650503 0.00697653712710737 -0.25)
(0.000279508268595556 -0.0207959443385595 -0.25)
(0.0121042697588507 0.0163658448719528 -0.25)
(0.00465627475619613 -0.00808128156484243 -0.25)
(0.00839239888163327 -0.000942053221381371 -0.25)
(0.00409220924129956 -0.000374782332848533 -0.25)
(0.0188437544881756 -0.0100164747312549 -0.25)
(0.00221119658594859 0.00332662670250384 -0.25)
(-0.00216660925516798 0.00330926694159052 -0.25)
(-0.00400248378654511 -0.00104447881054383 -0.25)
(-0.0164225246078512 -0.00170724819699774 -0.25)
(-0.00755189223155084 0.0146866972588322 -0.25)
(0.0147584970684865 -0.00460789469109994 -0.25)
(0.0118601893753786 -0.0115798568089398 -0.25)
(0.00480260766420368 -0.0206427452766317 -0.25)
(-0.00130505548570539 -0.0154919648966539 -0.25)
(-0.00741923853721625 -0.0197221323410691 -0.25)
(0.00541797097525919 -0.0147032908607794 -0.25)
(-0.00398615395346668 -0.00761026326276744 -0.25)
(0.0208660483338655 -0.00121089631699754 -0.25)
(0.00201157732465074 -0.00420144803648172 -0.25)
(0.00935884647331206 0.0133427709467598 -0.25)
(0.0147524081410787 0.00181050835385272 -0.25)
(-0.00567516562007753 -0.0156307712554377 -0.25)
(-0.00288800968547102 0.0153904594421286 -0.25)
(-0.0140007262655268 0.0168204090886708 -0.25)
(-0.0208826484678774 -0.00648809531977884 -0.25)
(-0.0217471588383362 0.00228942577334462 -0.25)
(-0.0139902475057055 -0.00466757712229043 -0.25)
(-0.00962332235569797 0.0109593379639096 -0.25)
(0.0217271539953508 0.00238347163532081 -0.25)
(-0.0064066576320235 0.0210045213568919 -0.25)
(-0.0144205746389142 0.00194988725351192 -0.25)
(-0.00950984785745886 -0.0126107250489649 -0.25)
(-0.0173527885698673 -0.0142732032368175 -0.25)
(-0.0198253951409922 0.0105968944774852 -0.25)
(0.0112291481652522 -0.018419619143814 -0.25)
(-0.00217990366649531 -0.00435631718630162 -0.25)
(0.0164447975171967 0.013974076325493 -0.25)
(0.0167231746311713 -0.0013991198700314 -0.25)
(-0.0107118672700338 -0.0189297918165892 -0.25)
(0.00948788403751129 -0.0150016116169739 -0.25)
(0.00833508925211864 0.0202631393064317 -0.25)
(-4.62753449609323e-05 -0.000177165764487533 0.25)
(-0.0124999999999999 -0.00123114254196447 0.25)
(-0.00624660959766882 0.0113769704652948 0.25)
(0.012654447242659 -0.00125075411094091 0.25)
(-0.00364611550843868 -0.0120196320100807 0.25)
(0.00731022612617874 0.010149085237504 0.25)
(0.00762053235039519 -0.0114049326301802 0.25)
(-0.0129739345740881 -0.00909279751011356 0.25)
(-0.0144985608534557 0.00638699288173162 0.25)
(0.00109459230981691 0.016314149841166 0.25)
(0.0151391145329958 0.00633573230903026 0.25)
(0.0150461620018244 -0.0084685791325684 0.25)
(0.00228294222223148 -0.0171327019717881 0.25)
(-0.00604475829977101 -0.00495705329497965 0.25)
(-0.00663789032055088 0.00341352231136036 0.25)
(0.000383064915541908 0.0074395709886911 0.25)
(0.00589691480508345 -0.00406791299505212 0.25)
(0.0066014115671055 0.00295237024601545 0.25)
(-0.0183113531558942 0.00221357739652802 0.25)
(-0.01752765811247 -0.00574341191128227 0.25)
(-0.0120353056112794 0.0141134302259229 0.25)
(-0.00905253032722879 -0.0160703849974075 0.25)
(-0.00560509418949761 0.0180247947936565 0.25)
(0.0076948324468865 0.0167526875228732 0.25)
(0.0182544282790917 0.00223375251973812 0.25)
(0.0134983696245174 0.0116366122669808 0.25)
(-0.000152841833091998 -0.00800740046422413 0.25)
(-0.00357389174045361 -0.0186193137948477 0.25)
(0.0132846229104476 -0.0159202769168234 0.25)
(0.0190532187218463 -0.00536943497474078 0.25)
(0.00751484044833499 -0.0179816933413066 0.25)
(0.00213462302971333 -0.0124171317943061 0.25)
(0.0100838781722939 -0.00625991043930735 0.25)
(0.0114304358222737 0.00316147010988728 0.25)
(-0.0113990034587087 0.00339097834054444 0.25)
(-0.010527120234118 -0.00556328545109411 0.25)
(0.00271173684644189 0.0113920650589336 0.25)
(-0.0206173611246519 -0.00203063283068831 0.25)
(0.0199956613537162 0.00601724392346028 0.25)
(-0.0173155185911352 -0.0105531744679927 0.25)
(-0.0190416279619869 0.00697230808191375 0.25)
(-0.0163762239816363 0.0119589281934094 0.25)
(-0.0136312258511065 -0.0149727131241238 0.25)
(-0.00200613169283292 0.0201659093540158 0.25)
(-0.00776816472515404 -0.00871169790169828 0.25)
(-0.00924536398328229 0.00702383667352137 0.25)
(0.00389067856623301 0.0198072998772392 0.25)
(-0.00993719439348142 0.0184231379467608 0.25)
(0.0181569383653879 0.0103009991333777 0.25)
(-0.00817062545678122 -0.000872065762569761 0.25)
(-0.00157334132578393 0.0119617454560248 0.25)
(0.0162356630968614 -0.0127880179143479 0.25)
(-0.00213183707970374 0.00336933623324951 0.25)
(0.0103030724886673 0.0077862245417611 0.25)
(0.00489926469940156 0.007214550101143 0.25)
(0.000279508268595556 -0.0207959443385595 0.25)
(0.0120524775896751 0.0168188798214902 0.25)
(0.00465627475619614 -0.00808128156484244 0.25)
(0.00839239888163323 -0.000942053221381375 0.25)
(0.00414862040100348 -0.000513466041616287 0.25)
(0.0188437544881756 -0.0100164747312549 0.25)
(0.00224533716241972 0.00343432841005737 0.25)
(-0.00436264380548125 0.00735308375123087 0.25)
(-0.00413552862878508 -0.000765098513157881 0.25)
(-0.0162879885972869 -0.0016042268548122 0.25)
(-0.00803815850299708 0.0147544626195093 0.25)
(0.0147584970684866 -0.00460789469109992 0.25)
(0.0118601893753786 -0.0115798568089398 0.25)
(0.0048026076642037 -0.0206427452766317 0.25)
(-0.00130505548570537 -0.0154919648966539 0.25)
(-0.00741923853721624 -0.0197221323410691 0.25)
(0.00541797097525921 -0.0147032908607794 0.25)
(-0.0039861539534667 -0.00761026326276745 0.25)
(0.0208660483338655 -0.00121089631699753 0.25)
(0.00203063389722539 -0.0042004599121795 0.25)
(0.009358846473312 0.0133427709467598 0.25)
(0.0147524081410787 0.00181050835385274 0.25)
(-0.00567516562007753 -0.0156307712554377 0.25)
(-0.0208826484678774 -0.00648809531977886 0.25)
(-0.0140119380447956 0.0169108729477631 0.25)
(-0.0217471588383362 0.00228942577334462 0.25)
(0.00472117899413251 0.0148405736714971 0.25)
(-0.0145993812130691 0.00183123584440548 0.25)
(-0.0139633403035926 -0.00464697285385332 0.25)
(0.0217271539953508 0.00238347163532081 0.25)
(-0.00643610241642731 0.0211526616594969 0.25)
(-0.00950984785745883 -0.0126107250489649 0.25)
(-0.0115398944257241 0.0106811099103036 0.25)
(-0.0173527885698673 -0.0142732032368175 0.25)
(-0.0198253951409922 0.0105968944774852 0.25)
(0.0112291481652522 -0.018419619143814 0.25)
(-0.00222301888080875 -0.00433028029559191 0.25)
(0.0164344390833616 0.0140646833154005 0.25)
(0.0167231746311713 -0.00139911987003138 0.25)
(-0.0107118672700338 -0.0189297918165892 0.25)
(-0.00334334282258899 0.0156443191542383 0.25)
(0.0094878840375113 -0.0150016116169739 0.25)
(0.00836563345108683 0.0202755234919884 0.25)
(-0.0188534972670132 0.00878925380270486 -0.24488473866444)
(-0.00663169838397748 -0.00585493172831734 0.230777876126883)
(-0.00233500629470775 -0.00821210057926821 0.233566644903325)
(-0.00354291974094642 -0.00785374426865903 0.228449898889045)
(-0.00229285653934318 -0.00325101192217911 0.230221246255694)
(-0.00741662884698753 0.0182276247938217 -0.242781446120712)
(-0.00235659875885736 0.020696758877823 -0.241378114064838)
(-0.00585013711773709 -0.00170362682318016 0.235975642468692)
(-0.0103825030657804 -0.00203665331780215 0.232592426076548)
(0.00270158720935795 0.0194293208569426 0.244446196798517)
(-0.0175441897851107 0.00509773218856582 0.245411658237744)
(0.00928300352958517 -0.00271290340500606 -0.245269787662473)
(0.0059557670261021 0.0018508959081512 -0.239915943076805)
(0.00474496448834367 0.00101967801192834 -0.245284148742815)
(0.00320066386041241 -0.00360983154743913 -0.241444313473211)
(0.0147181618996902 -0.0126219619798858 -0.0897099755384626)
(0.0101629800584676 -0.0173753871895881 -0.0925795851850949)
(0.0165285379209542 -0.0124357724615979 -0.0738116541928622)
(0.012458772036653 -0.0125414417970834 -0.0694564706822809)
(0.010593752336812 -0.015745962779826 -0.0640449324326713)
(0.0204495603232333 0.00132048216495213 -0.0721479648827576)
(0.0204495611222122 0.00132048323337704 -0.0871479670250171)
(0.0204495638602244 0.00132048689475466 -0.0921479741139435)
(0.0204495589909086 -0.00132048310907294 -0.0828520366431121)
(0.0136086475809806 0.0110378143290048 -0.0774037397710916)
(0.0138826030948072 0.0133904082758069 -0.0703057143350619)
(0.00878351676342963 0.0181944293551266 -0.0826067424262502)
(0.00249366110746763 0.0180942066567388 -0.082871530367938)
(0.00878483000601254 0.0181942563105486 -0.0926069323663597)
(0.0110615797555855 0.0166084791365321 -0.097504104209434)
(0.0124410090840264 0.0154588645038459 -0.0907071327367533)
(0.0173859012332054 0.010096727946207 -0.0811892869780681)
(0.0136092247713552 0.0110379916438489 -0.0924037886821793)
(0.0188098040299781 0.008799182683639 -0.0990350732996812)
(0.0138822616422622 0.0133906719404867 -0.100305689692409)
(0.0138474167579008 0.0134259881499392 -0.120306441027947)
(0.0155504598867664 0.0104886955705029 -0.124691370450194)
(0.0194514080771024 0.00518170295432914 -0.121877036544276)
(0.0173827770513098 -0.00634532402592754 -0.0968821951398579)
(0.0153918585286453 -0.0107447304174355 -0.120283334549638)
(0.0192494520746475 0.00590673038291478 -0.116873385469654)
(-0.00640907541667169 -0.0181356075483899 -0.12002873410089)
(0.0109643680799106 -0.0011909789757187 -0.235573364408987)
(0.00928239666996501 -0.00155870517647761 -0.239609909631304)
(0.00683125805543651 -0.0046484531398535 -0.234756436976392)
(-0.0127148942644069 -0.00320655558049598 -0.104168614695597)
(-0.00869806674587951 -0.000502986980937378 -0.10592437844602)
(-0.0140547739033055 -0.00153314265943105 -0.109146417579222)
(-0.0115668120658434 0.00229418066658235 -0.1024764133564)
(-0.00978869562495788 -0.00664451872154007 -0.10934952089039)
(-0.00461694375198908 -0.0036254031182757 -0.104091570652382)
(-0.0202467288394843 0.00453784853926659 -0.105709529724233)
(-0.0162296692531489 -0.0119558776018983 -0.0977441301821906)
(-0.0147324381352529 -0.0145046370807288 -0.0896958540839228)
(-0.017464093404909 -0.0108718443106396 -0.0930707511205862)
(-0.0145637682173132 -0.0136753182410819 -0.103958562081562)
(-0.0100317086561188 -0.0139483278309947 -0.107803576346049)
(-0.00696100719374318 -0.0178362725121559 -0.105100034364534)
(-0.016361998353739 -0.00988819790048695 -0.124575106161411)
(-0.0159365961969174 0.00743282616499874 -0.109713187675992)
(-0.0129466970071302 0.0143236161640664 -0.1134717532088)
(-0.0149514364402898 0.0118366677442973 -0.123756869520124)
(0.00249273265926737 0.0180932607345435 -0.112876154021812)
(-0.00305589484482088 0.0192674282870774 -0.106904162522209)
(-0.0105508449234611 0.0161782359429602 -0.100581247830164)
(-0.00543406217037745 0.017087833587965 -0.101819097625041)
(0.00373457874552713 0.0172131666432459 -0.105309236860385)
(-0.0119609221195693 0.0124615169156892 -0.103646233460891)
(-0.00307717369162937 0.0177872471762314 -0.0810803772049933)
(-0.00126937841182149 0.0202996542873876 -0.0767330677048762)
(0.0042289636584086 0.0142362838756712 -0.0799583580695236)
(-0.000512492432514548 0.0204831306721497 -0.0709336870990208)
(-0.0131786314745535 0.0156526170126904 -0.0759114769451313)
(-0.00794693776539854 0.0161842159952905 -0.0800012228688063)
(-0.0061000570304552 0.0192306300987922 -0.0744911105086309)
(-0.0088215637841302 0.014252412310229 -0.0734415597015221)
(-0.0157974205151692 0.0132486543996208 -0.0722806790281123)
(-0.0128771043190226 0.0157790344595236 -0.0690303401484852)
(-0.0154908681912622 -0.00817337665464394 -0.0713632536600282)
(-0.0185230064144729 -0.00137737565488547 -0.0860907280295204)
(-0.0180554819115227 -0.00884976226162667 -0.0868398513819118)
(-0.0165550433279017 0.00542203170885599 -0.0857181230474923)
(-0.00154980968129309 0.00457998376210722 -0.0703619012984796)
(0.00454701138314158 0.0067353434707855 -0.0689016434214517)
(0.00534348158487668 0.00636471926510168 -0.0754893910762804)
(0.00291650190017505 0.0119473449639969 -0.0736380668016666)
(0.00384294598490915 -0.0172274803967373 -0.0846933418404689)
(0.00321538278442665 -0.0188639961301285 -0.079278836853259)
(0.00384250365005426 -0.0172271827780434 -0.0896948255926936)
(0.00642392471307679 -0.0192046667390017 -0.0970296590490365)
(-0.00915377652920844 -0.0154452944344993 -0.0850189948608499)
(-0.00226565951853049 -0.0190433249804846 -0.0840505365613696)
(-0.0019203290556922 -0.0200829464676293 -0.0782614958313653)
(-0.0180142953926252 -0.010392475177459 -0.0525675241012334)
(-0.011800462906937 -0.0162360066873316 -0.0583871580918126)
(-0.0139083188736711 -0.012770282929552 -0.0613093917811639)
(-0.00722531391356254 -0.0176480964821241 -0.0616581159424939)
(-0.0057364995522699 -0.0127900044189663 -0.05928904473492)
(-6.83019866015167e-05 -0.000236107796206296 -0.0614677492129615)
(-0.00101235340592361 -0.00370274935820604 -0.0653033768059967)
(0.00579828389474527 -0.00519655603241012 -0.0620486030947063)
(0.0012382010150269 -0.00428460577292019 -0.0583405810067595)
(-0.00176175513987067 -0.000739046707670877 -0.0555403822518751)
(0.00273662864449448 0.00159247859397003 -0.0559736228897236)
(-0.0203507266769589 -0.00344074298918114 -0.0606312504231122)
(-0.0185550063918284 -0.00180295213489755 -0.0548341157513704)
(-0.0164628029687095 -0.00598040493205802 -0.0592764856155204)
(-0.00593000562787837 -0.00250000287071221 -0.0338757152185654)
(-0.00897603961280107 -0.000197751798508619 -0.0409106575424184)
(-0.0141673393862313 -0.00363050099225524 -0.0362843202788796)
(-0.00985522897151534 0.00388625026892783 -0.0355959879590125)
(0.00113672777626218 -0.0148976681049483 -0.0439861421950486)
(-0.00653065697578685 -0.0134119419907203 -0.0473270776595635)
(-0.00169811111844181 -0.0110164730770487 -0.0448656339139103)
(0.00113712893692535 -0.0148980806874645 -0.048986258807091)
(-0.00734214486826398 -0.0181530582910706 -0.0465738174138111)
(-0.0140289183050145 -0.0124611917455708 -0.0349415102506895)
(-0.0118603396928302 -0.0161234548818876 -0.0232395888725376)
(-0.019530043051744 0.00712051042493267 -0.0309499671070535)
(-0.0164310745991501 0.010096109396396 -0.033282550032701)
(-0.0166773237701588 0.00586833536085495 -0.0357405044175622)
(-0.0163626141910032 0.00305088669541461 -0.02920874596943)
(-0.0137528899066263 -0.00908162141996942 -0.0111913330558941)
(-0.0167138289793664 -0.0052519548989682 -0.014279736413289)
(-0.0166604313182483 -0.0107996049314744 -0.0177772893338955)
(-0.0183211490644991 -0.000177170341227259 -0.00249745360353783)
(-0.0203568576473993 -0.00222454581548702 0.00322054383518436)
(-0.0205936570977707 -0.00392882147523458 -0.00415083881194977)
(-0.0141092032608886 -0.0108361414247219 -0.00653708785098766)
(-0.00358274829216943 -0.0186643760806408 -0.00787676159737178)
(-0.0100903516903582 -0.0177333299251966 -0.0144578056545657)
(-0.00888234781663115 -0.0156738499813974 -0.00994768552763955)
(0.0056036246614002 -0.0163530536773853 -0.0171661361102613)
(0.015110659451615 -0.014261413489166 -0.0222248295984127)
(0.0103948573585304 -0.0145081647127131 -0.0208673318722147)
(0.0124599748803164 -0.0125423049166729 -0.0144569692769171)
(0.0109752006390234 -0.0142288187993925 -0.0258733753485433)
(0.0128363849812314 -0.00993747683982192 -0.0224665851013184)
(0.0154078377553857 -0.0106879429231942 -0.0303154292099275)
(0.0173859012597597 -0.0100967279076578 -0.018810712967087)
(0.0104095971727786 -0.0145313420911325 -0.0308668605051181)
(0.0204495603135616 -0.00132048215201903 -0.0178520351453894)
(0.0135963364009694 -0.011034017750874 -0.00759556775090855)
(0.0135970425191486 -0.0110342362583172 -0.00259578899404758)
(0.0173828092456855 -0.00634532072940595 -0.00688215145814573)
(0.00884659558258853 -0.018147963979447 -0.00239240357799165)
(0.0088453548035961 -0.018147693852065 -0.00739208164808619)
(0.00993951258188213 -0.0148670543567753 -0.0108716087171137)
(0.0101296101263733 -0.0139791400976595 -0.0046905158844665)
(0.000856273107673307 -0.0033679633896042 -0.233938987002791)
(0.00631410932966771 0.00143688705690201 -0.23498454227543)
(0.0154078377467147 -0.0106879429338492 -0.0603154291877699)
(0.0132789541916267 -0.0158140615036853 -0.04642649081226)
(0.00805762996158246 -0.0147904588927887 -0.0460061540219301)
(0.00992283158258189 -0.0148767798491077 -0.0508711906573702)
(0.0135966089733038 -0.0110341021090826 -0.0475956349644641)
(0.015407837755377 -0.0106879429232043 -0.0353154292098912)
(0.0162799894467762 -0.00504106904117824 -0.0369162504342678)
(0.00993502795930786 -0.0148689288731456 -0.0358713123183857)
(0.0135965323226978 -0.0110340783878443 -0.042595686914332)
(0.0173828092455429 -0.0063453207294733 -0.0468821514581818)
(0.0173828092456455 -0.00634532072942515 -0.0418821514581549)
(0.0204495603135487 -0.0013204821520284 -0.0378520351454042)
(0.00559744703321576 0.00217938503730689 -0.0382909829207718)
(0.00961871216647793 -0.00138801157042502 -0.0436641464665556)
(0.00760353783820714 -0.00439273738322621 -0.0352854436503286)
(0.00579196195665182 -0.00519527887883206 -0.0420473091405533)
(0.0104580610256356 0.00352277292219535 -0.0558183197316992)
(0.00789173548603269 -0.00251449102879551 -0.0540984692820744)
(0.00574663750728825 0.00518050895890393 -0.0529541530466078)
(0.0173828092455159 0.00634532072928312 -0.048117848542047)
(0.0168200299533193 0.00182351077297833 -0.0500887295979197)
(0.0138826608854637 0.013390340864679 -0.0503056613590064)
(0.0138824995008159 0.0133904820128779 -0.0403056513563653)
(0.0148329350725283 0.00743603940567056 -0.036419037603288)
(0.015407837755389 0.0106879429231904 -0.00468457079005748)
(0.0138829181629423 0.0133901439840268 -0.000305640657271746)
(0.0087836233568839 0.0181943585383812 -0.0126068247493728)
(0.00878342575460268 0.0181944652059106 -0.0226069287034394)
(0.00899239898346123 0.0166529281162101 -0.0278559885884697)
(0.0138817866591651 0.0133910644868922 -0.0303056603277514)
(0.0133116248030853 0.0151973418191551 -0.0252035799975084)
(0.0110484517738115 0.0140964875553163 -0.0349307221082607)
(0.00878331077240661 0.0181944702607339 -0.0326067776547909)
(0.00878389168826487 0.0181944232544884 -0.0376068305228092)
(0.00458142417269311 0.011702712527543 -0.0360255618850159)
(0.00373344077303304 0.0172123998944923 -0.0303097221591143)
(0.00373360329320188 0.0172125121072894 -0.0253111050031648)
(-0.0014562937892597 0.0127389369745339 -0.0251592677963745)
(0.00348054233838347 0.0107950809883059 -0.0307308868971245)
(0.00755168893852188 0.0118691025528387 -0.0254943700041097)
(0.0103273776476185 0.00270682870625434 -0.241227561000589)
(-0.00920079673643798 0.0154946191986481 -0.0200305532231338)
(-0.00541606268908646 0.0179037625437695 -0.0159848499301212)
(-0.00505678280596157 0.01934731249335 -0.0224585356998028)
(-0.0073184807802558 0.0182261759212349 -0.0284695206725261)
(-0.000446321079378502 0.0205735868248848 -0.0159434027562312)
(-0.000258595193545236 0.0154627049953148 -0.0193418558697137)
(0.00432315104216321 0.0116044207031004 -0.0210105715828361)
(-0.00447136934730157 0.0112913625205116 -0.0156974449226506)
(-0.00219356261726019 0.018136906914494 -0.0267484319078136)
(-0.000512561912299732 0.0204831324703023 -0.0209336801622003)
(0.00373414229284756 0.0172128543941641 -0.0103106571535829)
(0.00727618097891692 0.0142654441394499 -0.0055205123653294)
(0.0008621834735479 0.00648340431586174 -0.0149092207660042)
(-0.00602057168825938 0.00242368677785249 -0.0161527763470388)
(-0.0032672432470772 0.00374170823862836 -0.0207736694497767)
(-0.00194148504032942 -0.00106880629820662 -0.0168512969606532)
(0.00270730534684176 0.00155384025833488 -0.0159729902530652)
(-0.00949635230623499 0.0152371090879637 -0.00497880094160887)
(-0.0133305865414743 0.0152422888718345 -4.82230433021748e-05)
(-0.0176239745789 0.00681010197363583 -0.00395684402938381)
(-0.0159359773610139 0.0103203524346592 5.70021931862682e-05)
(-0.0119763898367292 0.0124816327961261 -0.0136507723719594)
(-0.014965358881537 0.0118659869036257 -0.0187060270791848)
(-0.0136556009123897 0.0101583474729377 -0.0288481173275699)
(-0.00935059375371423 0.0153364041831034 -0.0399969344398603)
(-0.00308649922339544 0.019177579545089 -0.0417979598931202)
(-0.0121028531307623 0.0126596671881603 -0.0336674743546151)
(-0.0149589793312086 0.0118290848462975 -0.0388137232812591)
(-0.0193206960287046 0.00694654319776746 -0.0488848847685227)
(-0.0134619210606872 0.0139123301378687 -0.0599912446087537)
(-0.00820980641535132 0.0100365083276364 -0.0618902126301938)
(-0.013883932469664 0.00719305559539728 -0.0538560086659323)
(-0.0134611762325998 0.00375512964451124 -0.0596950836240386)
(-0.0069850255012499 0.0115761605454926 -0.0558294798064059)
(-0.00226456437449204 0.019312962874043 -0.187623210888316)
(0.00110150362661929 0.0208373157010333 -0.192236262367591)
(-0.00417557316192057 0.0199214330423442 -0.196253546161307)
(0.00216008247969246 0.0192009638513218 -0.197129239793131)
(-0.00419356491680156 0.0155110225658639 -0.193634738769378)
(-0.0133598520542553 0.014142259028847 -0.196366488849207)
(-0.015992434635878 0.00867723033553339 -0.193328734584346)
(-0.015382078644593 0.0132766402027106 -0.191797815535943)
(-0.016424346252089 0.00781904677587984 -0.206164686858687)
(-0.015088228110537 0.0139635375283472 -0.219127677951624)
(-0.0146768717076031 0.0142137745098123 -0.223786605586489)
(-0.00847118387745991 0.0137285676715987 -0.223136020522262)
(-0.0097322603275482 0.00797448025012251 -0.222884729732683)
(-0.00220255174191103 0.0179297994927864 -0.203579818833446)
(-0.0147328887794103 0.0129638880709361 -0.242047236410509)
(-0.00955171018127742 0.0136775800576321 -0.244629373855114)
(-0.00466334128028019 0.0125906124929706 -0.24563157937479)
(0.00918169727601282 0.00690367143945398 -0.238859412982669)
(0.0038896626034644 0.00630435346614655 -0.238567278224284)
(0.00162461322772031 0.0184154506017726 -0.242809729220828)
(0.0079484495308545 -0.0115617928282462 -0.0714216300189372)
(0.00728255192677999 -0.0141217789112598 -0.0672958432038827)
(0.00873790792701203 -0.018151638356263 -0.0724146839378431)
(0.000573156705277589 0.0204897044672933 -0.23428796919223)
(0.00513163843294929 0.0201403463627649 -0.232256286652266)
(0.00402930627298737 0.0174171936085395 -0.228683805131332)
(0.010498648444896 0.017660567232968 -0.226612351934366)
(0.0178926826545513 0.00980270338718685 -0.236738915197738)
(0.0132322957277215 0.0127365488457514 -0.241266601957196)
(0.0136808622128033 0.0144279404532651 -0.236384307929461)
(0.00933281114507813 0.0136201069072622 -0.236295455484835)
(0.00715181402669365 0.0164689227985292 -0.240041777072774)
(0.0107939860516401 0.0163605576826371 -0.244851577228666)
(0.0176376703750531 0.00694576364321805 -0.242807980023932)
(0.0177088929460594 0.00446686030111066 -0.236848822734614)
(0.00744695362813947 0.0175520989535291 -0.195120818437972)
(0.00937028354190061 0.0149664413517901 -0.189495145996257)
(0.00620454880712677 0.0187577185247477 -0.188654910391068)
(0.0196601705417533 -0.00286289060273807 -0.185451747413862)
(0.0188339873293899 -0.00588912723431581 -0.190538712963954)
(0.0195033470957301 0.00103678045640962 -0.191382258046955)
(0.0113407246308549 -0.0159549548159453 -0.0772056761978088)
(0.019800352411913 -0.0017884793577658 -0.209657489581724)
(0.0199760046683719 -0.000306650262975343 -0.204852107873871)
(0.00658260594105235 -0.015918285630845 -0.212403563692521)
(0.0138074723866531 -0.0133666434051145 -0.213719121114783)
(0.0113929025374425 -0.0157550369204912 -0.210407493934261)
(0.0136109766662922 -0.0157158470453322 -0.219851850665646)
(0.00867670611064948 -0.0151938317451583 -0.218285056388695)
(0.00814302995921668 -0.0105339865430818 -0.22024458394401)
(0.00763888249164976 -0.0170846930890632 -0.224401223558079)
(0.015535834772952 -0.0125556611056969 -0.207659078681332)
(0.0103598254455408 -0.0135784536627821 -0.205083435085654)
(0.0154751501777958 -0.0138305888222536 -0.201059269152267)
(0.0158249658150405 -0.00955402670678065 -0.204072530778982)
(0.0088521284490794 -0.0175950839246588 -0.197291368659722)
(0.00539348883972815 -0.0194702223913645 -0.194260664503479)
(0.00282463536096676 -0.0197905643091976 -0.200791385341718)
(0.00243679775876361 -0.0167180028124051 -0.197429385503545)
(0.0182221944601859 -0.00724822728757629 -0.183855921633454)
(0.0186416206929411 -0.00299258738950726 -0.180572539525053)
(0.0156301121399683 -0.00688674961243992 -0.179279914128317)
(0.0199087931998407 0.000186957418726075 -0.242744166133886)
(0.0205331661679 0.00407319181334746 -0.245682948459267)
(0.00281676654834828 -0.0194613086510765 -0.0721346608680012)
(0.000114544445837153 -0.0187720871073762 -0.232365918816192)
(-0.00219446549383529 -0.0174629628874014 -0.220365070424982)
(0.000540224517497696 -0.0191648260566292 -0.244023916036371)
(-0.00788180031630891 -0.0078094097005217 -0.243196786689015)
(-0.0153331534874356 -0.0136050589809314 -0.245717424050406)
(-0.00918075210752298 -0.0148643115783954 -0.245835215563886)
(-0.0133379254984442 -0.00686114569733685 -0.244610373144163)
(-0.0103819799176149 -0.0126173093707654 -0.241543515392709)
(-0.00379936053147603 -0.0145958032785208 -0.243754536975713)
(-0.0165244293274919 -0.010216491922948 -0.242475055536928)
(-0.0178647040329678 -0.00591510591244665 -0.237255688663159)
(-0.0184457882744458 -0.00215189311977951 -0.245921218424902)
(-0.0190026700258534 0.00269727324560657 -0.24208942812026)
(-0.0205303205473827 0.00161609415629205 -0.237882172887026)
(-0.0200811494428907 0.000979063922724166 -0.227555215675281)
(-0.0138347736278351 -0.000660818004713497 -0.222323660788835)
(-0.0197526409591369 0.00452272664478404 -0.224335133308745)
(-0.0195920834747576 -0.00136835910193736 -0.222935579072008)
(-0.0202290322359012 -0.00493246716224233 -0.217631104516312)
(-0.0117859062057537 -0.0160635883946456 -0.234360078456524)
(-0.0114155652841413 -0.0152278572318629 -0.223602519785235)
(-0.0151699496183876 -0.0126385661784176 -0.23144883239459)
(-0.0118363760285842 -0.00654806418929271 -0.228160771623795)
(-0.0127290528807532 -0.00873692323606626 -0.234366734130115)
(-0.0180066782369698 -0.00775837048656545 -0.232711886928524)
(-0.0116795691326675 -0.0164345738953734 -0.229325426710497)
(-0.0071699006201772 -0.0127118913440034 -0.231263526376216)
(-0.00814231271647273 -0.0181770742395944 -0.227398652267331)
(-0.00488203664944029 -0.0179441823528188 -0.232352061811154)
(-0.0130303986607229 -0.0122353532568243 -0.203537642834825)
(-0.0164843092497583 -0.00956849101495958 -0.211983344674521)
(-0.0205409407479746 -0.00406459462575161 -0.207793595445194)
(-0.0170478080530927 -0.0104748358744388 -0.204571187725842)
(-0.0123861205881934 -0.0160815224109494 -0.219133157864532)
(-0.0102361493660566 -0.0168785280159285 -0.212876554482102)
(0.00299699831369005 -0.0108545059664451 -0.071283473276622)
(0.00121874023542028 -0.0150136132632659 -0.0689571881602068)
(-0.00674118666205059 -0.0168235397940412 -0.217659486954045)
(-0.00890944789050628 -0.0189790057355065 -0.220997985999269)
(0.0031274081302573 0.00369434695349149 -0.208554524846873)
(0.00419458713286531 0.0102035025968151 -0.208291048113605)
(0.00519423272809174 0.00767911333320831 -0.215188045530386)
(-0.00100541592922326 0.00774203073299518 -0.209420988076639)
(0.00278724110815326 0.00123290802483088 -0.203364522067188)
(-0.000511278763663624 -0.00193057789618938 -0.209813754023057)
(0.00699018265072928 -9.41697257398717e-05 -0.209547891559115)
(-0.0196501348354442 -0.00358170424798014 -0.202087569388778)
(-0.018952613044788 0.00135805066507924 -0.207419621599473)
(-0.0176695648833948 -0.00566972686027044 -0.196454851515649)
(-0.0150643399753272 -0.0103392664058387 -0.199158923227703)
(0.00538052210883473 0.000573063605697747 -0.19766288752332)
(-0.000924781290378715 -0.00109507804553036 -0.197725497680148)
(-0.00216926120801708 0.00304788569736244 -0.201063957722468)
(0.0014148121598437 -0.00617424132940645 -0.19745817929085)
(0.00488785895233809 -0.00394607631068762 -0.194800960167351)
(0.000576244688067764 -0.00539961645301852 -0.189879828791742)
(-0.00278172924241247 -0.00789463344811558 -0.193599613271069)
(-0.00548083861129402 -0.0169481627552891 -0.199100565225287)
(-0.0132185718055511 -0.010894382511356 -0.19407197093546)
(-0.0115599172452544 -0.012613972669648 -0.185744329027341)
(0.00121598603169893 -0.0203574598973442 -0.164459988332451)
(0.0053960347751936 -0.0186356284248018 -0.181383177430858)
(0.00567659305025902 -0.0199241875507524 -0.175220577951854)
(0.00115766253120239 -0.0185299233214318 -0.174927191726532)
(0.000378922369115591 -0.0181246679265775 -0.179479742267947)
(-0.00167661066014794 -0.0188960344493541 -0.185767439714625)
(-0.00843104074055737 -0.0171302716869032 -0.173596214260111)
(-0.00824780376374616 0.00489101736841239 -0.170445911589356)
(-0.00329270461730944 0.000729078661423715 -0.176202133567467)
(-0.00409423840828027 0.0018553215414313 -0.169725956573221)
(-0.00811402893049649 0.000431881315370479 -0.173781769435028)
(-0.00573895234135562 -0.00523978067281142 -0.174344652761674)
(-0.00994792317671812 -0.00353305016623157 -0.170601149281896)
(-0.0154260816314337 -0.00325610158011153 -0.165761836781285)
(-0.0183468749496989 -0.00111666939241602 -0.17664939168628)
(-0.0185631109581017 0.00271922148694533 -0.173721284514166)
(-0.00705691220554092 0.0159762470785214 -0.187051056090667)
(-0.0110901484639541 0.0173146656093681 -0.15913340339903)
(-0.0180936927776676 0.0095932172703449 -0.150179054263587)
(-0.0123304372324026 0.0155735091321189 -0.128371791089599)
(-0.0156999594778845 0.0134248589771153 -0.132453635931199)
(-0.0199555289388435 0.00613567808997521 -0.132351468428318)
(-0.0185365068060115 0.00298715678717215 -0.128525968111358)
(-0.0188841520584144 0.000873808411808873 -0.133896563363868)
(-0.0203053327160025 -0.00483834605382435 -0.133880478463257)
(-0.013382042379421 -0.0138483739971962 -0.125008087562299)
(-0.0140790710861129 -0.00984648677548499 -0.119808827842377)
(-0.0163423301929383 -0.00950110803206294 -0.134281648305296)
(-0.0134233030012428 -0.0161323919496666 -0.148144142161798)
(-0.00743570672141431 -0.0186119305718896 -0.153130362358524)
(-0.00859080434033828 -0.0138916153747565 -0.149495674688589)
(-0.00772864454643677 -0.0173430362166155 -0.144936937582471)
(-0.0183271051989954 0.00094827334732641 -0.150248177150659)
(-0.0188032455827314 -0.00154462277068534 -0.141849418742725)
(-0.00470965727477948 -0.00322024627903744 -0.141382681885929)
(-0.0083790800903414 0.000894840265250388 -0.145386240346066)
(-0.00326520372459915 -0.000267212829949776 -0.148181201258283)
(-0.00955069849064699 -0.00390880605390798 -0.145459900659996)
(-0.00685625975336975 -0.00754104009558499 -0.146761419768628)
(-0.00275498295336497 -0.00646866398627094 -0.144265142196215)
(0.00221688775869313 -0.00267551253624508 -0.155636099576855)
(-0.000762136208871973 -0.00536979878146801 -0.157957376746625)
(0.00299212115141526 0.000260957409152185 -0.160906143883922)
(0.00607972018542268 -0.00653927005381847 -0.157234085614803)
(-0.0170764321302825 -0.0116276378455548 -0.151996969275059)
(-0.00398023626437373 -0.0161135851797543 -0.149870773765955)
(-0.00734194420750458 -0.0160784311895631 -0.138697386008776)
(0.00576051699110844 -0.0189273755398197 -0.125785413752379)
(0.00987640285134913 -0.0165072426861364 -0.124389573081035)
(0.0150887793516275 -0.0125809509552915 -0.153881334956168)
(0.016411605561301 -0.0117966194726429 -0.158528101154128)
(0.0107974694567338 -0.0135150215521917 -0.14863876899995)
(0.00645225458796402 0.00238013366160299 -0.140754451178725)
(0.000540256147168164 0.00486919786366623 -0.135235381070989)
(0.00856869431939548 0.00560581341206789 -0.136958207732981)
(0.00317927630510103 0.00816151844740871 -0.139197082992686)
(0.00646495241242476 0.002712135529465 -0.132601697583228)
(0.0181896278329398 -0.00631618280069954 -0.149773325648101)
(0.0196332981422401 -0.00171512067293949 -0.15264271412751)
(0.016177232117269 -0.00386151612531704 -0.142194977702063)
(0.0176371115076838 -0.0106655999828065 -0.137757846923344)
(0.0147815254848792 -0.00671226303269816 -0.145718303023349)
(0.0155305463236953 0.011928050706688 -0.138697763703233)
(0.00959808968534506 0.0151154300526159 -0.134178298041505)
(0.00999589361765622 0.0129973297723907 -0.146210790053883)
(0.00229752115334271 0.009746006548193 -0.147210933411289)
(0.00548853806042792 0.0148352146453913 -0.140309540060349)
(0.0176805120214613 0.00877945094165867 -0.144517756344383)
(0.0131590435308922 0.00699076840400364 -0.158225909767008)
(0.0126238540843944 0.0107730713093061 -0.151210044908401)
(0.0100614003899864 0.0113382137834774 -0.159171523363464)
(0.00816323527491161 0.00883433644195626 -0.153258884100568)
(0.0171102720008388 0.00899376267950861 -0.151272895623332)
(0.0156796985459158 0.011817947957205 -0.156322141979578)
(0.00854300781251261 0.0125803351219903 -0.169093154150697)
(0.00706425686214387 0.0190603908126583 -0.158567667738836)
(0.0116763451909979 0.0165465161512048 -0.159561396977015)
(0.00254937739385097 0.0195033977945829 -0.156941234752479)
(0.00735747855115789 0.0168912226257955 -0.176694149826987)
(0.0135239919653662 0.0140926814962218 -0.187370949344502)
(0.0176896789408833 0.0107055798932855 -0.185715671774444)
(0.0162654742033217 0.0126105386326358 -0.19108447067509)
(0.00522871686192218 0.00538089392359247 -0.178254590936776)
(0.009416091681556 0.00987301178947948 -0.18070680084854)
(0.00397532963531529 0.0142788901622519 -0.180204911831234)
(0.00385499199108247 0.0132507732943692 -0.173916324785936)
(0.0124021388984742 0.0140171659403054 -0.175829397118263)
(0.0179298332819063 -0.00371221098828359 -0.164035274953436)
(0.020855717680355 -0.000782327668204548 -0.157356708542921)
(0.0200232667852728 0.000661589536809049 -0.177472804300948)
(0.0123412795837143 0.00118173651412665 -0.172344164036774)
(0.0195972652382387 -0.00245327389459886 -0.171421014603891)
(0.0152799629000116 -0.00192363320793365 -0.175240977170361)
(0.0181096642633257 0.0055908197266206 -0.173950039613655)
(0.0103585409332121 -0.00603317467131885 -0.173443422421316)
(0.00560985477854364 -0.00174894856799276 -0.171073768332122)
(0.0111515134277672 -0.0074191382326021 -0.16687512230137)
(0.0097321119337157 -0.00216610665948873 -0.165205891497727)
(0.00745995616193165 -0.000483836295837288 -0.176908869032745)
(0.0115223836355841 -0.00504344525372651 -0.181389135942672)
(0.0150755453867117 -0.0130863358029384 -0.169191341727863)
(0.0110380717158713 -0.0166137717623929 -0.175720321595719)
(0.0127675620191353 -0.0109290496414214 -0.173371481088123)
(0.0103333113336149 -0.0160155479303731 -0.169689045253733)
(0.0136631962378322 -0.0126389310355884 -0.162588001068761)
(0.0167832881637154 -0.0103725091853305 -0.175447534492094)
(0.00761348846074347 -0.0146190541161975 -0.163598908217303)
(0.0121342355438048 -0.0111404112734005 0.163455726835935)
(0.0159154550814101 -0.0122260600007574 0.181434465914685)
(0.0202104048478636 -0.00448598313632677 0.17899709435564)
(0.0191239027716778 0.00606215289658182 0.179534447317445)
(0.015796079588546 0.00408351382384228 0.175885899024172)
(0.0182426887937853 0.00910135608302086 0.174079078084308)
(0.0197138382677519 -0.000404311956005114 0.161576175481048)
(0.0199876394061548 0.00457684115390957 0.159276519315543)
(0.0203798131224276 0.00196666195360804 0.168072369232892)
(0.0206084074698955 -0.00219315278445724 0.16955987289992)
(0.0186958623997402 0.00656289506992863 0.165170287237025)
(-0.0152760992778135 -0.0134281905668489 0.00447998032494304)
(-0.0140093697130708 -0.0134225889642266 0.00916520416179156)
(-0.0153956135743195 -0.00917698387281787 0.00663943414049516)
(0.0170380189401843 0.010659488914564 0.168893030291517)
(0.0146083144338646 0.00982834532031151 0.165118649926392)
(0.00881159580425447 0.014617385357234 0.168846926773232)
(0.0081037046632961 0.0110582444658976 0.165292353508584)
(0.0118570704747608 0.0100786662516339 0.173029926857603)
(0.00951245369894341 0.0183924527799643 0.16520527127649)
(0.0136093507323791 0.0154528533087594 0.169216753115667)
(0.0165220735639239 0.00569418792304974 0.169103603457004)
(-0.0146405592443256 -0.00619041689488184 0.00166460077138474)
(-0.0139536727934229 -0.0125786048110439 -6.53099892001936e-06)
(-0.0105740586439129 -0.0119721699304622 0.0042479044895996)
(0.0152585187061607 0.0125427305603179 0.157169165244744)
(0.0115591436361993 0.0172330718291504 0.160291336288904)
(0.0177133196166209 0.00984284319969233 0.145972508732934)
(0.0130035373428346 0.0133475537591903 0.153059049579462)
(0.0120962264808195 0.0148668274365207 0.135003299617681)
(0.0109346281236576 0.0158173949429206 0.129020995957984)
(0.00615889676218841 0.0178174278234385 0.131833334727349)
(0.0158826726767026 0.00541167055494969 0.155455365391802)
(0.018685501041653 0.000687247564439554 0.15339896909886)
(0.0195758548111923 -0.00653012798578091 0.155357136560867)
(0.00321851133390617 -0.0189971856786691 0.148117208120655)
(-0.000126318721077686 -0.0179716259424928 0.152179694592818)
(-0.00013273912729593 -0.0145752589172789 0.148850402476155)
(-0.00329737747714024 -0.0196434053415263 0.147947837358856)
(0.00415518077342736 -0.0197873177773573 0.152673629369719)
(0.00824109727771925 -0.0178015371874637 0.157279430586742)
(0.00671613504237506 -0.0164091925089833 0.150030151949725)
(0.00448845862660854 -0.0141242611587915 0.155501014159701)
(0.0152912046253344 -0.011031134440294 0.129835542401466)
(0.0188366130861876 -0.00779627447699812 0.136809327906394)
(0.0102833273501141 -0.0147196253169804 0.129156189223872)
(0.00891208329973104 -0.0188904330894523 0.126281306705409)
(0.0194887220625964 -0.00471099319261653 0.126872995408979)
(0.0157122207001729 0.00598692345994145 0.137739356840596)
(1.48069847778833e-05 0.00416089834756287 0.133993345376899)
(0.00311555232430688 0.00488435331450302 0.128322213565642)
(-0.000345956654837039 -0.000517339590745883 0.132978294444892)
(-0.000885215694740606 0.00181545854718 0.12627368232278)
(0.00307385039461114 -0.00254023531955534 0.137470817268681)
(-0.0015009033412924 -0.000154326415906472 0.140535723735859)
(-0.0075832422639912 -0.0173313931659448 0.128405108126715)
(-0.00532856824851193 -0.0188237358097047 0.13253077717058)
(0.000517570759711564 -0.0195124937608517 0.133095467276649)
(0.000119543477722656 -0.00517516984761051 0.145061912815417)
(1.81309332771953e-05 -0.0119834998611696 0.144161226795211)
(-0.000402495184079228 -0.00865424924537886 0.150716707316986)
(-0.00554312400692412 -0.0106943693181439 0.146545120516535)
(-0.00529699692321673 0.00264059377622962 0.148757646139694)
(0.000980930934525409 0.000169923559352596 0.153800332069551)
(-0.00352239501503774 -0.00179275888188822 0.147662118482444)
(0.00127399140364655 0.00314252558219715 0.148386572385786)
(-0.0205655770522172 0.00150533056223708 0.141120954402989)
(-0.0188387062973612 -0.00204877299193686 0.13340745871324)
(-0.0193142476161411 -0.000252049397580301 0.147123583256399)
(-0.0195897167308613 -0.00342009349979103 0.154366964305106)
(-0.0112272985262058 -0.016523549566505 0.00175974705551304)
(-0.0169644255931277 -0.0109161115828232 0.149171365504402)
(-0.0193014009372154 -0.00525202480971664 0.143718257923542)
(-0.0187269183607026 -0.00751725391001928 0.152492428864173)
(-0.0156608348426688 -0.00359859065182924 0.14837324664019)
(-0.0122555071554023 -0.0131592342979718 0.155733376118056)
(-0.00977141026785329 -0.0169472041182505 0.158370335597113)
(-0.0126787347941579 -0.0150258234625723 0.163340604347372)
(-0.0157066518219061 -0.0130207093722811 0.159693131815999)
(-0.0091432610572792 -0.0180992794719164 0.163709498181015)
(-0.0171486075984685 -0.00330873027249931 0.139506228351804)
(-0.0202508258276479 0.00439471516671413 0.129536882686384)
(-0.017506887188685 0.00850496005349174 0.129146358980572)
(-0.00719984676149676 0.0178229404030515 0.132817299704184)
(-0.00990473220843183 0.0146257952758179 0.128663066069088)
(-0.00923978344580283 0.0167747051508035 0.146846865289363)
(-0.00490456547304196 0.0202313277227554 0.141957939671162)
(0.00140929061394843 0.0198243909032696 0.150929820080716)
(0.00277947520981648 0.0158726776625795 0.153737473932489)
(0.00130318818523813 0.0177295227729006 0.159554340246378)
(-0.00177088322391901 0.014267783695823 0.156142055388599)
(0.0066925040893658 0.0153121881933232 0.157160305190978)
(0.00807934104199074 0.0191615946450796 0.145509492147102)
(-0.0154847516585912 0.0136861546904983 0.140155573927143)
(-0.0122108236780158 0.0125524402460138 0.143313839780231)
(-0.0162243540787732 0.0127684269735568 0.149966026953507)
(-0.0182488999412084 0.00922725210118184 0.152548134546886)
(-0.0188532813604697 0.00673778669021774 0.169889257671202)
(-0.0190417260773926 0.00772896794519241 0.175046155973795)
(-0.0172359565836564 0.0103842990336405 0.181550553757901)
(-0.0184750648563837 0.00366334254345522 0.17946079715048)
(-0.0163798401365419 0.0110794777694333 0.176652235127804)
(-0.0154972725692778 0.0125046168519289 0.159746148362324)
(0.00106600491467728 0.0170433559074424 0.164711259519444)
(-0.00335264800188234 0.0185792408597982 0.162008447674394)
(-0.00913328589695914 0.0164321166328981 0.176152158721378)
(-0.00481658707045484 0.019743947125515 0.182084202865845)
(-0.00495920645557292 0.0184555584039937 0.167790487171918)
(-0.00362119454184681 0.0195899258899055 0.17313244378931)
(-0.0030912938900657 0.0113519524993511 0.174532479416486)
(-0.00571173134274805 0.0133227257572227 0.171010557225644)
(0.00603812154675503 0.0187939072300641 0.176877188392449)
(0.00246459937100974 0.0198698453078442 0.172944934912649)
(0.00162234330290763 0.0129326087152237 0.178901753539157)
(0.00128016643734069 0.012978202142307 0.173958043368817)
(-0.00218830449456774 0.0155902889696938 0.178027991279061)
(-0.0166428234576645 0.00993392790447115 0.186088496268756)
(-0.0127245183050547 0.0127307896247119 0.173013041267135)
(-0.00629479173832302 0.0105553951788531 0.177513000000926)
(-0.00659438165865158 0.00844941099656955 0.169404860765395)
(-0.00874432550542717 0.00599728623284423 0.175425853130185)
(-0.0021992065627181 0.00687028328082023 0.176076624427714)
(-0.017015853363182 0.00249329806608156 0.184215728332527)
(-0.0161822713946414 -0.00694013992662936 0.163882713276847)
(-0.0118636909065164 0.00510468820840175 0.169382955782441)
(-0.0132874919939252 0.00764876889907114 0.175624469175751)
(0.00167681892603975 -0.00564933800577715 0.157425867213979)
(-0.00412548357979838 -0.00640877228297949 0.155165710163122)
(0.000443219563115223 -0.000307887170101743 0.160019082995365)
(-0.00870458729188158 -0.0180589342546005 0.180777299096037)
(0.00473259073990932 -0.0198535178922389 0.17593260361125)
(-0.00497584873839579 -0.0188013982230457 0.158435141980351)
(-0.0156727940936422 -0.0113565458658835 0.167115415151134)
(-0.0194965036403019 -0.00588395199446792 0.169062170669975)
(-0.0130635940099634 -0.0137517262233143 0.174310338243017)
(-0.0164973883202738 -0.011491831675832 0.178462333900021)
(-0.0178079002829507 -0.00781832035048291 0.174521945848964)
(-0.0142703978164692 -0.00684746639556493 0.177474584311126)
(-0.0133596465441684 -0.00849559257714626 0.172609289880702)
(-0.0126788262924993 -0.0154842933153635 0.169984756290815)
(-0.0194856931198794 -0.00731457864700902 0.180898414045108)
(-0.0117713884811504 -0.0130138468572033 0.179205254037296)
(-0.0154859309186862 -0.0125702852629873 0.186155861262111)
(-0.00992822515359224 -0.00865206990132305 0.176627772337818)
(-0.00532467839497739 -0.0190513934789437 0.188325901896091)
(0.00110081522703861 -0.0159531553607496 0.184994953704336)
(-0.0042248020122924 -0.0201735197607324 0.199447705247037)
(-0.00245696864623418 -0.01837169090062 0.193909969453498)
(0.00616385029926452 -0.0150216477295128 0.185120571302688)
(0.0086155535305406 -0.0173551415825526 0.17870225419279)
(0.0123861126725842 -0.0161016755826513 0.182106093904814)
(0.00947526919676387 -0.0186166278639938 0.184673215829902)
(-0.0189966215794917 -0.00457927706958285 0.20326845731194)
(-0.0146896235517072 -0.00923614902722414 0.206170506816332)
(-0.0132992353436802 -0.00384549815160584 0.200303169164655)
(-0.0127289233787404 -0.000538725114878028 0.204425400679863)
(-0.017484356050669 0.00318865574661645 0.214178598701355)
(-0.00885004028531717 -0.016717588277928 0.215685684523478)
(-0.00914034285036948 -0.018003830259721 0.207789578693115)
(-0.0092322031111324 -0.0132459111799029 0.211594394224969)
(-0.0136668281311307 -0.0150323093655922 0.208587217741443)
(-0.0157352863975201 -0.012728954601725 0.212225303708692)
(-0.0149283186555602 -0.0141420011299494 0.217039744203055)
(-0.00585073663588117 -0.0168330522054836 0.212215943738578)
(-0.0113846697956648 -0.011465033825729 0.215639477316774)
(-0.0118237473502751 -0.0144198691408777 0.232520606739551)
(-0.0173862333292838 0.00222594211553332 0.24077627182508)
(0.0190885588877854 0.00488735099943416 0.0575489647479792)
(0.0173859013194916 0.0100967278074581 0.0588107129704351)
(0.0173828092393368 0.00634532073220224 0.061882151460582)
(-0.0175790992317448 -0.00879670133193109 0.243030754893798)
(-0.012485715199409 -0.0158537066142333 0.243726650493394)
(-0.00326932790707614 -0.0192557512006666 0.244242611218012)
(0.00165506953990313 -0.019815202016238 0.242183380748397)
(-0.00780280115064872 -0.0192611076247735 0.239227093679002)
(0.000861968713000012 -0.0206512951694577 0.236757479034925)
(0.00546475618314211 -0.0197430961121566 0.245594735688634)
(-0.00479250554462092 -0.0191354821416062 0.233727415006096)
(-0.00663867911664143 -0.0171489837099402 0.228955363307995)
(-0.00957350870179981 -0.0170711887505318 0.222335972302288)
(-0.00339110946600859 -0.0204506058234968 0.22690969621323)
(0.0147826001818572 -0.0113662336789081 0.233112698855674)
(0.0177165571961791 -0.010081590918147 0.23673891393185)
(0.0189728254422862 -0.00449423527284483 0.221991321814501)
(0.0201606125930291 0.00169713073327017 0.216492534105301)
(0.0207902765502545 0.00242866953793162 0.210167430168752)
(0.0191025198801748 -0.00862214636250908 0.229137908334362)
(0.0193783496571354 -0.00616677768880226 0.238507784581827)
(0.0174916312515441 -0.00627979038459101 0.232666410884615)
(0.0207184147217488 -0.000440895616992744 0.23803154755768)
(0.0125009397166369 -0.0037869147703455 0.235570517375747)
(0.0116661872729184 -0.0072360237857629 0.238587981216406)
(0.0170360192217463 -0.00998776438175626 0.242970382217083)
(0.0158845465213989 -0.00452608187817091 0.244734429486941)
(0.0112542016610012 -0.0128027463074844 0.2437344220669)
(0.0155523399849605 -0.0119711386290533 0.202229652445502)
(0.00735776743380416 -0.0187856511653493 0.193102278010965)
(0.0133272423500502 -0.01597800736266 0.192858830391696)
(0.0152033916395979 -0.0126985438851793 0.186770439774213)
(0.0148329350782717 0.00743603939192697 0.053580962397356)
(0.0128306735707063 -0.0156416455109666 0.206864776898336)
(0.0171247389520709 -0.0058076970860896 0.21239544227853)
(0.0203173828839865 0.000865671751377671 0.221404407009299)
(0.0206973707316735 -0.00314166930777669 0.215854547880963)
(0.0196456931113189 -0.000819168160328089 0.226560584846293)
(0.0199789632396604 -4.90826370365181e-05 0.192050217553337)
(0.0197134082573577 -0.00481046021251407 0.189003617489956)
(0.0193587575132337 -0.00733231015440819 0.193118300930692)
(0.0187748701003206 -0.00306948179786009 0.202268104042182)
(0.0177800330727384 0.0085804216054284 0.200277582791475)
(0.0145267825530688 0.0130941919697502 0.192908635087472)
(0.0140114902323827 0.0128017701031125 0.214725144836499)
(0.013222969823945 0.0156048904689037 0.218403190083375)
(0.00683195887158807 0.0180570762636839 0.222245508561519)
(0.0127870443398106 0.0129069464255039 0.222680729850829)
(0.0091182548848064 0.015425287950839 0.242967817602584)
(0.0122182734854825 0.0129533195426267 0.240256320647584)
(-7.44746746552449e-05 0.0205289735605987 0.220128823742748)
(-0.00808508797059 0.0163840823285311 0.221688535823687)
(-0.0128521609628525 0.0158258162396205 0.227075339104612)
(-0.00760299996913001 0.018107345748733 0.233906112511711)
(0.0178003042397915 0.00231733126151064 0.0530075260731142)
(0.0161458790963985 0.00102594321942614 0.0575386892368134)
(-0.00575161034535771 0.0196674486358767 0.230050097586976)
(-0.00127195446147642 0.0195064500445217 0.23558666758905)
(-0.00355260689301184 0.0156571310352094 0.233474607891351)
(-0.000824923323795993 0.02094193401872 0.230153525514262)
(0.00371359683533907 0.0107416480218069 0.240432955736127)
(0.00125885691107246 0.0166302050221164 0.23957229457407)
(0.00277894233081641 0.0121195495154908 0.236175700911384)
(-0.00307281245765449 0.0138877485476154 0.240390171686712)
(-0.00890097725716379 0.0182249765627922 0.244654545249313)
(-0.0116724189186464 0.0123819825125506 0.242352769069299)
(-0.00283236407092112 0.0195622295829153 0.243586710685097)
(-0.00234733449210466 0.0138860230690627 0.245289847178089)
(0.00271057488902162 0.0141642260908908 0.245503262791609)
(0.0103869857759048 0.0145993753877077 0.0410808469791083)
(0.00882944969901261 0.0154927659614686 0.045860403437805)
(0.0138823237888195 0.0133906186355505 0.0446943510985294)
(0.00420723147871517 0.0200240296852524 0.238116053166919)
(0.0141074981890257 0.0144703473392974 0.0369804461788099)
(0.0102966819546316 0.0112060560796651 0.0372881075800051)
(0.008784050707078 0.0181943786488533 0.0373931295159783)
(-0.00637307359029485 0.0115876577443107 0.244859595277243)
(-0.0167480775578522 0.0117703467780085 0.236013770579846)
(-0.0115376785693324 0.0158498648357333 0.233591833971715)
(-0.0162403069759125 0.0131454738893657 0.228319120023318)
(-0.0176004337817052 0.0110766502142692 0.224361397519487)
(-0.0148582601186242 0.0108055364005494 0.220869783399704)
(-0.0198757327819794 0.00640876014815542 0.221299155678805)
(-0.0156900449653927 0.00651041483706553 0.218003978808102)
(0.000587187539701406 0.0186384595374098 0.203334155798625)
(0.0019129097561689 0.0203531440985813 0.215729481750954)
(0.006538716654198 0.0185286644648464 0.213476265340696)
(0.00917743949525424 0.0184062472325045 0.218126536359147)
(-0.000404952221208605 0.0206283984518763 0.0490540274284456)
(0.00249656035873686 0.0180967900602088 0.0571299931369116)
(-0.0133587546554944 0.0151144851708442 0.0450603849178257)
(-0.0141475337489489 0.00876924777029307 0.0391356788370996)
(-0.0166945338206991 0.0102419231709517 0.0324417397641918)
(-0.0120074158089144 0.0125266212994927 0.03134747317218)
(-0.0184977397593453 0.00759768397858906 0.0230518782056183)
(-0.0157576384836974 0.0106807937768428 0.0251645475057527)
(-0.0039865717212713 0.0162622735783211 0.00284889642630398)
(-0.0043724026073096 0.0175441555482815 0.0179029070258806)
(-0.00853978213781383 0.0158420273554246 0.0150098157155827)
(0.00373350499844548 0.0172124454804223 0.00969053958360704)
(-0.000377358673010341 0.0206643727085334 0.0190473382374716)
(0.0130109937628008 0.0152538460839747 0.0243108753904345)
(0.0154078377553881 0.0106879429231914 0.0253154292099384)
(0.0173859012597598 0.0100967279076577 0.018810712967087)
(0.00878284659840359 0.0181945227350591 0.0173931320041067)
(0.0173859012597578 0.0100967279076611 0.00881071296708685)
(0.0173828092456855 0.00634532072940593 0.0118821514581457)
(0.013882493040715 0.0133904793855291 0.00469439091007292)
(0.00878448271767205 0.0181943497061692 0.00239321844736919)
(0.00249456417160963 0.0180948762109923 0.00212877244618739)
(0.00601819480440518 0.0131139317988342 0.0385119268745582)
(0.0101102690789203 0.0101987518722705 0.0437132039297479)
(0.0031761529417103 0.0125095391482478 0.0441383072356049)
(0.0173859012601167 0.0100967279070586 0.0388107129671066)
(0.0136088742511286 0.0110378839701251 0.0325962271872853)
(0.0173828092456824 0.00634532072940748 0.0318821514581464)
(0.0155253554609246 0.0121131517325481 0.0500338792041061)
(0.013882721670778 0.0133903020522732 0.0546942963694151)
(0.0204495603133894 0.00132048215214366 0.0478520351455835)
(0.0148329350725971 -0.00743603940553477 0.0414190376032912)
(0.0173828092456819 -0.00634532072940331 0.0331178485418585)
(0.0184110346657444 -0.0085820787415046 0.0273314233755939)
(0.0135892580574116 -0.0110318223076237 0.0274057170462568)
(0.0173859012597575 -0.0100967279076614 0.0211892870329131)
(0.0123615891315767 -0.00489529615614279 0.0287848312816575)
(0.0135965520086865 -0.011034084480134 0.0324043745410404)
(0.0124609977283598 -0.0125430385479468 0.0455434515166294)
(0.0105944197140931 -0.0157460647641605 0.0409552876274509)
(0.00639376717802188 -0.0184974675829404 0.0420859164739192)
(0.00742815659778848 -0.0141617454016794 0.0353261440055885)
(0.00124762630525314 -0.0150480388190757 0.0410239510970905)
(0.0105942807595624 -0.015746043535177 0.0559553021728314)
(0.0135971194416525 -0.0110342600563688 0.057404215418816)
(0.0150665809900568 -0.0125702859681586 0.00585950012649269)
(0.0154078377553891 -0.0106879429231902 0.0146845707900575)
(0.0131216747234582 -0.0157996067347726 0.00959246770719113)
(0.00884226444931571 -0.0181471501252217 0.00260693331000348)
(0.0204495603135617 -0.001320482152019 0.0221479648546107)
(0.0204495603135607 0.00132048215201968 0.0278520351453905)
(0.0169444245274638 -0.00359382176327868 0.0282624332224547)
(0.0165455865972631 -0.0053649623386851 0.0232970886400596)
(0.0100864089801863 -0.0147767560611696 0.0241280822343008)
(0.0131895350561642 -0.0126520797234953 0.0191088483495875)
(-0.00032088932286562 0.0114310388457575 0.032342052800657)
(0.0014611380446959 0.00538257447887758 0.0257863257928316)
(-0.00408709369873161 0.00756949272516365 0.024968705116713)
(0.00194731986091922 0.0113468686633306 0.027635103773636)
(0.00177167610144496 -0.00693933854144686 0.00729331275930759)
(0.00578782048912488 -0.00519418351577185 0.0129529064344491)
(-0.000721901564103788 -0.00357313354464067 0.0127094828374065)
(0.000704843140477452 -0.00957829577864565 0.0156980298517009)
(0.00122097041361882 -0.0150197709545248 0.0210415145943724)
(0.000198380486726223 -0.0160026238054384 0.0143205051148304)
(0.00343585889469211 -0.0106131748869051 0.0207816961443334)
(0.00487331041092321 -0.0165950838535174 0.0128422399964312)
(0.00349079023420835 -0.0186412317767813 0.0172543103585832)
(0.00277294189854643 -0.0197076454442285 0.00857651339615902)
(-0.00730919181638254 -0.0177386685236083 -0.000947385869342684)
(-0.0119603674582586 -0.01631229254613 -0.00377573162932645)
(-0.0022169046191606 -0.0194485880455463 0.00654225415332424)
(-0.00749928957224934 -0.0164252612496738 0.00498061862734267)
(-0.0173397813293545 0.00422603505811519 0.0129548117015554)
(-0.018845593580106 0.00507954661943493 0.0183855819750947)
(-0.0170762337654792 0.0006066798020846 0.019204357364608)
(-0.0157271910958702 -0.00848937833711352 0.0297696456845898)
(-0.0158889864915904 -0.00717918016361037 0.0247971938835954)
(-0.013559792271126 -0.0137678306665632 0.0200250499540601)
(-0.00596449537689153 -0.0169543283871067 0.0369458146345895)
(-0.0203222296492182 0.00320127004389817 0.0324195017822115)
(-0.0200088601406859 -0.00127459758419318 0.0338770687158533)
(-0.0180473097664398 0.00616044318635744 0.0360981262566103)
(-0.013407135468612 0.00543552241418271 0.0350825834605695)
(-0.0166028308389181 -0.00568726515266481 0.0457150684894744)
(-0.0207015250501458 -0.00175359296889433 0.0435073630272315)
(-0.0188179975304892 0.00229560904997405 0.0410498148251417)
(-0.01644991950411 0.00572224230186089 0.0442889441820981)
(0.00153356871248391 0.00804991812243351 0.0526536337266866)
(0.00998153266989257 0.00830631220805426 0.0557808564882115)
(0.00211207132963196 0.00401820018834744 0.0577125149213239)
(0.00576727730881179 0.00518776135071267 0.0520408214827463)
(0.00290599407883879 -0.0012023833633002 0.0535168068828962)
(0.0104925448852416 0.00345700092651155 0.0541195900426224)
(0.00389500452852542 0.000156668824080774 0.0599544746404472)
(0.0103862723576179 0.00366618010392457 0.0591340346521177)
(-0.00194083813146314 -0.000414696621296838 0.0559255036713932)
(-0.00216689316632347 -0.0199710316784445 0.0504326627571225)
(-0.00357127127591044 -0.0184624056194903 0.0457100175267105)
(-0.00585422350910076 -0.0170002937140728 0.0519104346578162)
(0.00123226910309828 -0.015027798526954 0.0510222771179629)
(-0.00577455461028207 -0.0128602900995475 0.0557356779650644)
(-0.00169625857736324 -0.011065629886422 0.0501981629845559)
(-0.0151842267488424 -0.0119685641858066 0.0607711886037135)
(-0.011779731812265 -0.0134100971842986 0.0549223664510293)
(-0.0119904604369091 -0.016125430250008 0.0666485114753587)
(-0.00968001973744935 -0.0172670701292527 0.0597891978181273)
(-0.0128803669869496 -0.012782895667557 0.0917710736480459)
(-0.0156170382580257 -0.0136871071507483 0.0809804808105355)
(-0.0151957112768618 -0.0119388199606921 0.0857656291701409)
(-0.0116683313742985 -0.0163169422022858 0.0817026616636292)
(-0.00307781531289306 -0.0192728994508885 0.086884917934295)
(-0.00614107245373077 -0.0195631673394785 0.0758193695208877)
(-0.00306208011421418 -0.0192807322185051 0.0718857189360417)
(-0.000704655916423407 0.00128484661148612 0.0701507052454146)
(-0.00563706141614398 0.000238170895509504 0.0764327939467721)
(-0.00810715972032876 0.00514978737708822 0.0730296387474092)
(-0.00581713596239772 -0.00257177245976416 0.0714064457364895)
(-0.00661769151681015 0.00192342301731134 0.0661290044494845)
(-0.00342398377739123 0.000503392901063109 0.0814150946167087)
(-0.00604075218336088 -0.00551907452792504 0.0863992086722186)
(-0.00599856362789031 -0.00551737355235224 0.0806496656793676)
(-1.25983632663824e-05 -0.00101247003444166 0.0848232315086766)
(-0.0181226007018174 -0.00429552195792282 0.0822971623970728)
(-0.0187684235030221 -0.00105905745412561 0.0789080412016262)
(-0.0195818588018163 -0.00098545856889459 0.0891112952530843)
(-0.0185831939392371 0.000511966732553468 0.083830512887247)
(-0.0115735067291997 -0.00132894941340218 0.0740922647707297)
(-0.00482322530087306 -0.00486602339512495 0.0757252983398009)
(-0.0163536227326592 -0.00299942740963358 0.0741807816706813)
(-0.0165527095126185 0.00542553065202381 0.0642817118315564)
(-0.00689421054676023 0.0063183861773751 0.0680313358432223)
(-0.000114520544385962 0.00647862001822785 0.0723609774434462)
(-0.00405647841392649 0.00767884086665888 0.0749826008847092)
(-0.00698209682649526 0.0115704589247538 0.0691723522826569)
(-0.000420737833533067 0.0206074856973672 0.0640566129583418)
(-0.00721699824884424 0.0176901845744082 0.0714952429882922)
(-0.000417115450554672 0.0206123142919253 0.0690554313276361)
(-0.003982647803999 0.0162651512946437 0.062849968036467)
(0.00505302574257045 0.0186661364562728 0.0779934406799985)
(0.00185094814884665 0.0166154305399257 0.0813538109913549)
(-0.0136555521107082 0.0101584473897935 0.0911522302488929)
(-0.0159312203700232 0.010304137977317 0.0850943294124285)
(-0.0179558629769092 0.0105063307622436 0.107416002252502)
(-0.0194183655678376 0.00575935707105498 0.105863752296255)
(-0.0137537804141733 0.00707432887074856 0.106296012612185)
(-0.0186845075091047 0.00315209112143864 0.10102687012842)
(-0.0164676961121801 0.0100446829444868 0.102579537435866)
(-0.0131890410272608 0.0153459382169038 0.106525166811906)
(-0.00913453470210739 0.0154672803228159 0.115011513496312)
(-0.00361846924030983 0.0179307120979431 0.117906801172987)
(-0.0139941775714482 0.00975011381100528 0.124734481109283)
(-0.0132220830132641 0.0155782410992708 0.121572523581564)
(-0.0197992401532303 0.00621310840159481 0.124385068077374)
(-0.0201598524096816 0.00196987500127832 0.121645536532418)
(-0.0115655490264346 0.00297741044729595 0.125114804695954)
(-0.0148067412324104 0.00167896955996202 0.13038787795451)
(-0.0170976225073207 0.00403744169021538 0.135214378216773)
(-0.013482640491652 0.00801327602280845 0.13186506174692)
(-0.0174597202377249 -0.00834428775348753 0.120815481388695)
(-0.0103320618515323 -0.0139436153273097 0.122192266506577)
(-0.0140690634017856 -0.0124356062290324 0.110226857097115)
(-0.0154508651557714 -0.0109735123641163 0.117517869185651)
(-0.010347548202498 -0.0146739987318967 0.0999812017458343)
(-0.00541311733530526 -0.0159888458687416 0.0977407853647343)
(-0.0200714006365643 0.000410186738398824 0.108855577100932)
(-0.0129947918038095 0.00260864386723356 0.104139412684039)
(-0.0182292743767997 -0.00204013498095984 0.103836404006313)
(0.00149113745244613 -0.000984897866226634 0.0941769073000574)
(0.00546446373355142 -0.00074442267141557 0.0988934413132875)
(0.00208735786388622 0.00525993126666606 0.0985355562004716)
(-0.00103115387047961 -0.00228903854344714 0.102748176237269)
(-0.00832938358980147 -0.00474390163880643 0.111951337977261)
(-0.0015043567232818 -0.00947302265849838 0.115261776723064)
(-0.00794631941945577 -0.0066578845607786 0.117585941634517)
(-0.00679953056285278 -0.0123242928133612 0.113623665667171)
(-0.000283031452632941 0.000739355424897686 0.116870902960058)
(0.00333688169215463 -0.00663029092808467 0.119150451107548)
(-0.00410987861496805 -0.00439559424265417 0.11511618355394)
(0.00326982983876393 -0.00605072015037247 0.114176176823559)
(-0.000923757948118849 -0.000430348681685256 0.110972599188487)
(0.0169710461819598 -0.0020404313622617 0.12183932784355)
(0.0123613416190097 -0.00489551927863217 0.123784850311607)
(0.00913693938505733 2.18690914589799e-05 0.125664116916337)
(0.0124783622483145 0.00193285507645047 0.118432831293169)
(0.0136036074364458 -0.0110363312579852 0.117403530672218)
(0.017353168851252 -0.00632402493019685 0.118114195090761)
(0.0204199356971058 0.00134178594072955 0.117848392493487)
(0.0172860058601122 -0.000620968188997346 0.113795204469971)
(0.0191841461736012 -0.00612989512194793 0.111871360858149)
(0.0184215471104707 -0.00778009833788804 0.10739740796097)
(0.0123615883452103 -0.00489529602666199 0.108784830246696)
(0.0150586857716431 -0.00896025870689052 0.111919240257448)
(0.0129893357068083 -0.0152828241417753 0.122038433433973)
(0.0105940659132736 -0.0157460062424909 0.115955005171294)
(0.00994023970896301 -0.0148669557297823 0.109128409456032)
(0.0150657472336548 -0.0125701583363035 0.105859052771994)
(0.0155693546481785 -0.0134328787254355 0.0999514051194936)
(0.014834056697632 -0.00743404869427259 0.101419209675429)
(0.0204498769052069 -0.00132090554763774 0.107148674577718)
(0.00809353227212466 0.00574197814577778 0.0953530626311041)
(0.00153445260845071 0.00804163367325337 0.092669514121858)
(0.00311566298058966 0.013339436006105 0.0956774824959079)
(0.00351887116834765 0.00351392387313241 0.0929393274560987)
(0.0080751694718196 0.00695780372002451 0.0905826372822745)
(0.00797058912614837 4.43341151661221e-05 0.0925033936002319)
(0.00808286154104763 8.2208923967233e-06 0.0874959833493581)
(0.0191702952566034 -0.00421959241060873 0.0991094527263238)
(0.0155335251119556 -0.000642737282322102 0.10103384841892)
(0.0173827153934241 0.00634531019966001 0.10188233886795)
(0.016943042948327 0.00466696665571284 0.106829920577417)
(0.0204494160443915 0.00132058654014465 0.102852272253211)
(0.0173827767559019 0.00634532417525472 0.0968821966816535)
(0.0138357695068131 0.0016808942151406 0.0960572790063319)
(0.0078083897957585 0.018655899344929 0.122405493895542)
(0.0122709984594818 0.0156095164273511 0.123784051195012)
(0.0138829811825711 0.0133900692845493 0.0646943609268553)
(0.0173828091678759 0.00634532076077056 0.0718821514973505)
(0.0138827531081874 0.0133902593539186 0.0696943463825902)
(0.0204495604984459 -0.00132048239925312 0.0821479653640503)
(0.0171513967977279 0.000798420814565426 0.0735708573683845)
(0.0204495603558592 -0.00132048220858082 0.077147964974315)
(0.0136137092407684 -0.00291363386284194 0.0718253245871126)
(0.011898118819302 -0.00347593565173228 0.0665378181942209)
(0.0126803782022177 -0.00746853344671727 0.0706929152722612)
(0.00804209003232885 -0.0068948173872751 0.0693731526848397)
(0.0181969399369077 0.00398561365772198 0.0803905954519481)
(0.0173828091403458 -0.0063453206531836 0.0731178486584326)
(0.0200008812670989 -0.00484454511740651 0.0666672541549996)
(0.0176916300058937 -0.00291737629722952 0.0622854772227963)
(0.0173828088674181 -0.00634532045569676 0.0781178489611285)
(0.0148329351486781 -0.0074360392598595 0.0664190376096835)
(0.0173828092434389 -0.00634532072778035 0.0581178485443637)
(0.0201994041124849 -0.00201750478449829 0.054016353751064)
(-0.0148037968220017 0.0102765460230701 0.23166712163255)
(-0.0110102930201772 0.0116281818068458 0.228650953722064)
(0.0133526889475452 -0.000622679369567478 0.0812223938381356)
(0.0131180705271356 0.00480064507403092 0.079487846264049)
(0.010594045857063 -0.0157460076402496 0.0759553340616876)
(0.0124585355592643 -0.0125412720442524 0.0805444876771701)
(0.0124594875075865 -0.0125419552419159 0.0705446738073833)
(0.0154078377602901 -0.0106879429695708 0.0746845708005212)
(0.0125080184940726 -0.00191155652155048 0.0765634942668056)
(0.0135822366607172 -0.0110296354322874 0.0873996703852278)
(0.0123615891311589 -0.00489529615607401 0.083784831281109)
(0.00803632742060937 -0.00688366610873994 0.084374972072623)
(0.0141783403432229 -0.0109840537239447 -0.0790733935748075)
(0.0173859368869871 -0.0100966682609301 -0.0838107150623377)
(0.00902767730523922 -0.00939921265522729 -0.0813465433741256)
(0.00576957208333378 -0.0051889410870899 -0.0820471290592823)
(0.00450632149168719 -0.0116816204298964 -0.0839884726573543)
(0.00405919183566758 -0.00807024088486287 -0.077516823607722)
(0.007425755806709 -0.0141614454215928 -0.0796720464495733)
(0.00902767795597214 -0.00939921244417567 -0.0763465429083424)
(0.00787754383859568 -0.00251269116427158 -0.0741070794697985)
(0.0116568442186076 -0.00517370470228637 -0.0810554926917874)
(0.00797625599024185 -0.00676400501102317 -0.0705587086300753)
(0.0123615891738629 -0.00489529609966401 -0.0762151688284153)
(0.010041126103487 -0.00213044532845053 -0.0646467746048479)
(0.0090276782020611 -0.00939921235286867 -0.0663465427671495)
(0.0148329353394882 -0.00743603876750328 -0.0685809624263545)
(0.0173828089773855 -0.00634532083012292 -0.0768821516083671)
(0.0204495603558582 0.00132048220857945 -0.0771479649743167)
(0.0204495602847911 -0.00132048217283709 -0.0678520351775524)
(0.0204495603055828 -0.00132048215779243 -0.0628520351543372)
(0.0200744328595605 -0.00136026996325647 -0.0556533666801075)
(0.0173828092438922 -0.00634532073021882 -0.0568821514587105)
(0.0139019337747063 0.00623724118057554 -0.0789017268635566)
(0.0123615891322322 0.00489529615625071 -0.0837848312824813)
(0.0132004767467609 -0.000809332577051193 -0.0791187436992241)
(0.00816753838720231 0.00588535962749816 -0.0796561722988743)
(0.0084177234195944 0.00217814153508592 -0.0723090742232618)
(0.00480556510450508 -0.000292492854415309 -0.0781792535031669)
(0.0123615891316093 0.00489529615614814 -0.0737848312816984)
(0.017382809142104 0.00634532065445567 -0.0731178486574888)
(0.0175272029725928 0.00391913970970846 -0.0813159737034138)
(0.0173827990353938 -0.00634532295278846 -0.0918821619660158)
(0.0173828061453158 -0.00634532162746533 -0.0868821539955983)
(0.0123615899401212 -0.00489529507585619 -0.086215170762789)
(0.00949004887590246 -0.0108061092191973 -0.0866931755102604)
(0.00902766801434397 -0.00939921456683053 -0.0913465532723104)
(0.0100414401595074 -0.00213066714832172 -0.0896466236555035)
(0.0100408298433987 -0.00213021800844777 -0.0946459497246126)
(0.0173828092377066 0.00634532072363248 -0.0631178485508022)
(0.0195810818818482 0.00414695685303765 -0.0569243454870097)
(0.0140229556539869 0.0149321249689401 -0.0639886064317672)
(0.00727734629186154 0.0142662460681528 -0.0655194225797277)
(0.0120868900390755 0.00970788799215169 -0.06181977039473)
(0.00727670453334089 0.0142657989894797 -0.0605193848951387)
(0.0173859012591994 0.0100967279084717 -0.06618928703176)
(0.012361589131584 0.00489529615614396 -0.0687848312816666)
(0.00878382483501577 0.0181943360260523 -0.0726069604383059)
(0.00878306807088701 0.0181944188099018 -0.07760685715665)
(0.0085936848283245 0.0120135504482453 -0.0926452101411436)
(0.0136091563030235 0.0110379706133348 -0.0874036894174386)
(0.00929518212347353 0.0145275806593122 -0.0869156767186997)
(0.0148332221215719 0.00743552068380297 -0.0964190778030969)
(0.0136046135020888 0.014835027707133 -0.0821412082729706)
(0.0173828046253174 0.00634531738617202 -0.0881178539430833)
(0.00807212153795409 0.00695206178627661 -0.0894004317335277)
(0.0123615891345177 0.00489529615662701 -0.0887848312853511)
(0.0171533563962411 0.012495813336382 0.218155240159082)
(0.0173827994360551 0.00634531363130198 -0.108118690408948)
(0.0138822510456961 0.0133906851017179 -0.105305655443744)
(0.00742379250173683 0.0191969979339339 -0.102346029605836)
(0.014834056825889 0.00743404842725932 -0.101419209680165)
(0.00902767828344361 0.00939921235320243 -0.0986534573161726)
(0.00727528588903336 0.0142648635062256 -0.115520177461693)
(0.0138821219581049 0.0133907942642592 -0.115305678263305)
(0.00727583619306675 0.0142652405385121 -0.110520314707441)
(0.00867595549039006 0.018247822180827 -0.122606629810669)
(0.0138822660957265 0.0133906826511323 -0.11030567900938)
(0.008343024087906 0.0121516297017449 0.218737566374999)
(0.0204494552255348 -0.00132055819065928 -0.102852284538197)
(0.0173827169323438 -0.00634530942178001 -0.10188233315955)
(0.0132008604958119 -0.000809105564710227 -0.0991189313845421)
(0.0173826095465154 -0.00634515874732685 -0.106882900959217)
(0.0123615903216457 0.00489529635209624 -0.10878483277247)
(0.0064985324229061 0.00507743059457 -0.100151714971161)
(0.00833042083275342 -6.3455620165513e-05 -0.102506078944318)
(0.00807025402598384 0.00694853829452937 -0.104409338634271)
(0.00454704473066738 0.00673536024632256 -0.093901514987457)
(0.00431746932874494 0.0115900867745117 -0.0960100333086309)
(0.0110082084582993 -0.00971101636357151 -0.0957081285622853)
(0.0147131071187074 -0.0126273359799919 -0.0997098679815525)
(0.0154047659913092 -0.0106927792156554 -0.110313133818537)
(0.0145839108351041 -0.0127655977493932 -0.114707878080984)
(0.0173828711231033 -0.00634408839921097 -0.111885148837999)
(0.0132017046901868 -0.000807888074951213 -0.109120033521086)
(0.0123619057143144 -0.0048948729644216 -0.106215857099548)
(0.0204511496096403 -0.00131933177836962 -0.112854524701913)
(0.00832943458758501 -6.31953996951338e-05 -0.117507399145747)
(0.00810050878501118 -0.00699237501978303 -0.12061241906891)
(0.00816121471142359 -0.00587435495533081 -0.115353842725158)
(0.00344026901388364 -0.00550266891019832 -0.11704822296696)
(0.00856854195690386 0.00185128652565994 -0.122092407893294)
(0.0101685264669865 0.00521891281593122 -0.127971238238319)
(0.00833064228288858 -6.34202931821761e-05 -0.127485041199094)
(0.00534640431442477 0.00531160578436389 -0.123364679905451)
(0.00257060681386652 0.00514234952819789 -0.115498264687031)
(0.00808541405211113 0.0069768905212731 -0.114389096636119)
(0.00807979255571253 0.00696611618418832 -0.119416864980558)
(0.0017477869590929 -0.00115370570020035 -0.115808849180144)
(0.0039501924120931 0.000129466508971025 -0.124937457851371)
(0.00387281868067391 0.0010863426408881 -0.11984117161881)
(0.012361612992734 0.00489530008508795 -0.118784861229011)
(0.0130003862844609 -0.00419070562375916 -0.115933805881679)
(-0.00484201427741562 0.00445047323240289 -0.115675274595955)
(0.00228864221387165 0.00597649006623985 -0.110105680303483)
(-0.0018383899678893 -0.00124212650601238 -0.11188835273043)
(-0.000956012082505679 -0.0095977058566245 -0.112646732184651)
(-0.000585500894661872 -0.00480478118383277 -0.107599933861468)
(-0.00158603053090998 -0.0098478640829245 -0.104809971692936)
(0.00358999414021803 -0.0108033746895543 -0.109263998997949)
(0.00356636408037855 -0.00605102902894877 -0.110853417231163)
(-0.000232695915071956 -0.0132044319414973 -0.126542848839292)
(-0.00155479531646138 -0.0177275056408767 -0.12754544410395)
(0.000930158085473703 -0.0207899397812545 -0.124124288205965)
(-0.00308291311596402 -0.016211642933495 -0.123202505197298)
(-0.00224826395040006 -0.0190574105418605 -0.114059468721279)
(0.00701301171054309 -0.0139832663736681 -0.10450491911016)
(0.00902774025734782 -0.00939798000868808 -0.11134954271729)
(0.00633248332603678 -0.00809019755316421 -0.1041865207643)
(4.95506044263223e-05 -0.0157244446997259 -0.105695427134385)
(0.00384133923296656 -0.017226910552326 -0.109694615669198)
(-0.00217391602610495 -0.0190961733834247 -0.109048006713963)
(0.00215883654717716 -0.0204048423394839 -0.106435317787965)
(0.0153712211441614 0.00830578513080736 0.218636838680867)
(-0.0083701191609629 -0.0178574022495875 -0.114762112951288)
(-0.00732151126641269 -0.0143245537450841 -0.111660666254579)
(0.00224850868638462 -0.0102290163126632 -0.11756878549984)
(-0.00537804354154706 -0.0145331987483881 -0.11665036302224)
(-0.0042785427128557 -0.00843852687003085 -0.116465084183886)
(-0.00230337833282603 -0.0190540066635675 -0.0990544484306132)
(-0.0070758406515771 -0.0190636015983564 -0.0972019729016825)
(-0.0043749127605389 -0.011325823766601 -0.0993198400574532)
(-0.000970694382207681 -0.00378785004287074 -0.100310764564832)
(0.00353166334613529 -0.00604930625062736 -0.0959330516496209)
(0.00701204441756506 -0.0139827280360666 -0.094503876800739)
(0.00701201756574677 -0.0139835138195194 -0.0995027504754594)
(0.000707894173141538 0.0009535830429398 -0.100993016463127)
(0.00068224789617306 0.000913812804526208 -0.105990033211961)
(-0.000751825744218128 -0.00128314529399162 -0.0951571391037751)
(-0.00347922585434107 0.0040318277110696 -0.101738340482287)
(-0.00820529117222136 -0.00833194866571077 -0.101450142557282)
(-0.012129736853098 -0.00969344815857259 -0.106741361385569)
(-0.0135301705310826 -0.00918241960527543 -0.101231951833188)
(-0.0078796265164044 -0.00296155652492158 -0.100083803690481)
(-0.0127167552002165 -0.00322399155086968 -0.099161953487437)
(-0.0067108529386296 -0.00634260824918625 -0.0957025965528549)
(-0.00592196524831162 -0.00250623526594134 -0.088878591462149)
(-0.00629406811687877 -0.00113033349568704 -0.0958035661758281)
(-0.011059904091414 -0.00434342269569274 -0.0925548133880187)
(-0.00665795780041176 -0.0104389079430077 -0.105460733728102)
(-0.0164964911678185 0.00549305229327622 -0.100700134527208)
(-0.0173257750469221 -0.0085606120970227 -0.109246557468091)
(-0.0191684597361004 0.00521539001547929 -0.0964351190995469)
(-0.0199198967661718 0.000821651777804667 -0.0985553922472006)
(-0.0166394849343411 -0.00165103156137425 -0.101958603584893)
(-0.0194546600344186 -0.00182132252156144 -0.106320812415734)
(-0.0106001741121132 -0.0144890640171559 -0.0999425551507955)
(-0.00960641360459802 -0.0175637849305295 -0.090216634957267)
(-0.0123523075870336 -0.00902672370846142 -0.0962694770926277)
(-0.0177100777662467 -0.00597697965607509 -0.121143145143642)
(-0.0207271606257567 0.00144937885744663 -0.116556611246765)
(-0.0133562990692781 0.00495846106254883 -0.119660279020072)
(-0.0167878589063073 -0.000335341732713012 -0.120019366115376)
(-0.020266850931174 0.0045567148376154 -0.120645167957624)
(-0.018449999689475 -0.00294218373852484 -0.116051632899694)
(-0.00993134824166244 0.00266971855063471 -0.116231804336484)
(-0.00875558494945767 0.00736754211885703 -0.117083986686297)
(-0.00936885675596989 0.00526062721683873 -0.12474966933815)
(-0.0180374884637726 0.00569506995792729 -0.113913742830047)
(-0.0141675547824306 0.00318776110742663 -0.112277377820067)
(-0.0167661007595034 0.00617037167179005 -0.12338260407969)
(-0.013470124051219 0.00801271922214465 -0.115224567993136)
(-0.0119760686881755 0.012481186205047 -0.11865055909808)
(-0.00695868516770707 0.0114323210260086 -0.12082756611799)
(-0.00404107179276717 0.00602492786383253 -0.12321257306021)
(-0.00156415464125656 0.00973254748127211 -0.12017688498801)
(0.0089867762648589 0.00390150818609676 0.239371872267913)
(0.00508015030383804 0.005805911542788 0.238162856434276)
(0.0090472566924659 0.00435553275557774 0.234400500344859)
(0.0060210203226047 0.00109080098405149 0.236955149528796)
(-0.00449734493409029 0.0113385947572067 -0.115667927047221)
(-0.00703854698474315 0.0113668465722705 -0.110803942881169)
(-0.00169706712577167 0.011086579948318 -0.110173826866153)
(0.00909242075091042 0.00368530853364903 0.244869839292741)
(0.0121160643607425 0.00116383280575504 0.242042527048979)
(0.0116451808096864 0.00773067724904366 0.239712630916564)
(-0.00481431627123721 0.004415103091452 -0.110708237815109)
(0.0036600264190965 0.0133224286697407 -0.119320084875723)
(0.00861432918398896 0.012893061634118 -0.120392039463813)
(0.00423332791762603 0.0103953364630139 -0.112325511083374)
(-0.000291291326782855 0.0139438323143764 -0.114188539795072)
(0.0011907970007859 0.0114743577715303 -0.12763047491054)
(0.00185015125651748 0.0166108224816795 -0.123579658565765)
(-0.00543808957874987 0.0170869072710467 -0.116820328806494)
(-0.000446335543794175 0.0205735738897929 -0.12094338282903)
(0.0024904381420112 0.0180910444791824 -0.117870660615434)
(0.0102070138145323 0.0108090707916999 0.23679958314123)
(-0.00309443048799109 0.0191539851795047 -0.111908978119453)
(-0.00880263542174186 0.0157355238630869 -0.110011746834279)
(-0.00918515197115815 0.0172533856974471 -0.105312299274889)
(-0.000573896982427405 0.0146219415898231 -0.106836956705202)
(-0.0106521751848597 0.0176737821809399 -0.11755002625919)
(-0.00753732485067447 0.0173241445611481 -0.123427551720525)
(-0.00309423344729519 0.019154433164503 -0.0969070865842561)
(-0.000404843773967095 0.0206285408520324 -0.100946059229803)
(0.00249279546745991 0.0180932849242395 -0.0978763040873527)
(0.00727535273406455 0.0142649003488435 -0.100520264752232)
(0.00636399434842038 0.0111681400716703 0.244344322307242)
(0.00351252619455679 0.0107340743762823 -0.100717137016261)
(-0.00845885708715318 0.00864939034881835 -0.107123724350452)
(-0.00157013905649871 0.00976166093299898 -0.105234219126623)
(-0.0063278727507076 0.0124545013298706 -0.103517703054565)
(-0.0124543680841417 0.0108166989749545 -0.108712419084692)
(-0.00875408517766125 0.00737863058045882 -0.10211529244766)
(-0.00925283568138254 0.00587908374663694 -0.0949488157361294)
(-0.0138526531673414 0.00922436665740501 -0.0938368346531235)
(-0.0134995245520835 0.00372993781759772 -0.094674690746847)
(-0.00936015507545763 0.0101506504262536 -0.09836322204498)
(-0.00400267165698329 0.00877003095530969 -0.100910620769343)
(-0.00482700439320128 0.00444670968375505 -0.0958510287101104)
(-0.00949957126717032 0.0152351470970518 -0.0949788006042233)
(-0.0178776896220845 0.00904116486617112 -0.0823529141874402)
(-0.0136229831668326 0.0101116035846792 -0.0788092512647677)
(-0.00869240119855013 0.0179954472000055 -0.0846901946753466)
(-0.0135651051510265 0.0148851151369734 -0.0816947291081929)
(-0.0159442318457355 0.0111182637726759 -0.0867689932003945)
(0.00951627561186617 -0.00282925125733396 0.229091311945073)
(0.0114163551570206 0.00107820877103588 0.230992267110265)
(0.00668477240447495 -0.000151310401271685 0.231842772275602)
(-0.0102433173546292 0.0141115869387639 -0.0871295586147072)
(0.00373607425824289 0.0172141659798243 -0.0903096660428675)
(-0.000257999537518955 0.0154631340009616 -0.0943371850766741)
(-0.000421455591425756 0.0206066307736356 -0.0859433326549023)
(-0.00381343016226026 0.0127540473138634 -0.0809783108188429)
(-0.0004407841421949 0.0205808419402849 -0.0909426390411411)
(-0.00146190567591668 0.0150947302957746 -0.0746370409663369)
(-0.000151493341481723 0.0115338416984584 -0.0776411835626983)
(-0.00854155478750258 0.0110084457641294 -0.0795550866541113)
(3.88676601361526e-05 0.0148515845887375 -0.0869444695071652)
(-0.00527328656773725 0.0193436526080916 -0.0877975964710278)
(-0.00753357475403295 0.0173451183763376 -0.0684348063329774)
(-0.0100531528233342 0.0172428267562739 -0.0644088072338699)
(-0.00304415304691388 0.0193001090510708 -0.0670210757337301)
(0.00373369137818322 0.0172125619877014 -0.0753111435596665)
(0.00249462986396783 0.0180949031491522 -0.0628714100696912)
(-0.000257984801739227 0.0154632102609662 -0.0693383260692908)
(0.00183063743522921 0.0110432316988059 -0.067339733083856)
(0.00807218032530686 0.00695217251086536 -0.0644006620620417)
(-0.00458929933686271 0.0115212973282648 -0.0706302469120819)
(-0.00426234208411437 0.00882940298438799 -0.0659024925758888)
(-0.0140768576376419 0.0122328559878852 -0.0651339350583472)
(-0.0188144152188375 0.00262184313419413 -0.0689225631726515)
(-0.0184180072891076 0.00549087233611606 -0.0639314169668466)
(-0.00993611159430385 -0.000424318792095089 -0.0667782172847138)
(-0.0103437016575739 0.0050587968173096 -0.0632825609897573)
(-0.0137946097443874 0.00228505925524231 -0.065451227915953)
(-0.0118510713788903 -0.00230379960917831 -0.0625550921289977)
(-0.0189919045530893 -0.00233532061891252 -0.0675522672520008)
(-0.0164871905320405 -0.00592576677470632 -0.0642690973810977)
(-0.0172044712851649 -0.0108589219015055 -0.0579175791846861)
(-0.0143159676082753 -0.00146653624322036 -0.0690801088475993)
(-0.0100767978974178 -0.00633809098420929 -0.0664336004062787)
(-0.017554439927545 -0.00422508094074952 -0.0730057999947085)
(-0.0182651831336604 -0.00166707226476426 -0.077390977392953)
(-0.0190323718736624 -0.00669283973034793 -0.0774584931485332)
(0.00789206542566346 0.00349952841010855 0.22786625458254)
(-0.0180822245920415 0.0041701104756891 -0.0738137607145686)
(-0.0172232932055069 -0.00418743914817352 -0.0932817700771189)
(-0.0165660419303273 0.00620745715142285 -0.0908459625943417)
(-0.00951693074168544 0.00465332507702007 -0.090303439142687)
(-0.0141175599719009 -0.00133780412491091 -0.0891783590084444)
(-0.00423261114609399 -0.00874269313887735 -0.0891282307203666)
(-0.0100668386244791 0.00066776193196719 -0.093325037566261)
(-0.0102139428953445 0.00157004455725004 -0.0867647494585851)
(-0.0111769824558317 -0.00858455073461235 -0.0879831300616363)
(-0.00955825402323005 -0.00398683563576854 -0.0847904527689738)
(-0.0153858866593397 -0.00487374816039033 -0.0827044245309707)
(-0.0142464061308517 0.000927987585057766 -0.0832082791011297)
(-0.0163197301746585 0.00314728891718567 -0.0791752678229596)
(-0.0135046788986708 0.00639217255718554 -0.0818780705212233)
(-0.00812203767642845 0.00674020984850754 -0.0835680503904384)
(-0.0115731154844604 0.000877445713284079 -0.0790898079261352)
(-0.00983269180405142 0.00648825047435567 -0.073538493642543)
(-0.00456098085994632 0.00205799080974356 -0.0857883048670794)
(-0.00401915019313083 0.00874806040584174 -0.0859078996266655)
(-0.00659321285479921 -0.00189655407090386 -0.0811504382844561)
(0.0047729383730404 -0.00684341041419686 -0.0911153550032371)
(0.00263597040925527 -0.00146131991156838 -0.0890608948893307)
(-0.000656625836600558 -0.00207202324740129 -0.0834871491248884)
(-0.0041444550584372 -0.000575674736997664 -0.076453096158416)
(0.00264053079918933 0.00146364002385948 -0.0709630028921026)
(0.00381763953918633 -0.00333251941855397 -0.0714624620628135)
(0.00257324474817522 -0.00676792353049828 -0.0677473835171757)
(0.00271283042825031 0.00156116697592358 -0.0659724191623408)
(0.000889728066749378 0.00677600029164728 -0.0652682903880418)
(-0.00624878150845172 0.000187592201052283 -0.0636955155867776)
(-0.00897324446272081 -0.000204762672852488 -0.0559135064754922)
(-0.0112059494236775 0.0032535595563294 -0.0702021580024606)
(-0.0102057764204282 -0.000863927550396367 -0.0731444287053254)
(-0.00581185356218216 -0.00661174944328024 -0.0638183700777971)
(-0.00587891602962737 -0.00253265869117319 -0.0688446238502756)
(0.00443340696781592 -0.007512250357079 0.226578586024416)
(0.0122536984298321 -0.00682772380572279 0.230910182744895)
(0.00567198922018835 -0.00684545195300794 0.233460331275077)
(-0.00603131182353193 0.00234999313266469 -0.0711426193343716)
(-0.0015815995382372 0.00442554619290011 -0.0753763810319318)
(-0.00455136128770024 0.0114418858404885 -0.0756416889520472)
(-0.00316769528203927 0.00760051456073602 -0.0786436227704368)
(-0.0071274657752773 0.00364612699954748 -0.0769534875760709)
(4.87545027989105e-05 0.000719983517125595 -0.0791252909814406)
(-0.00879484255779169 -0.00566971754843358 -0.0727768384592507)
(0.00750626929844985 0.00156540549176996 -0.067595717148864)
(0.001259075430118 -0.00326747714670775 -0.076730736048298)
(0.00346882801209263 -0.0132234685442006 -0.0756686207708978)
(-0.00169787310916119 -0.0110166439524172 -0.0698665860497778)
(-0.00161255858724545 -0.00521301499091592 -0.0706584493610867)
(-0.00346487160182176 -0.00551266414265738 -0.0750818697995083)
(-0.00157738630273682 -0.0098026286455206 -0.0648610259842412)
(0.00338920962016812 -0.0107099235098804 -0.0642301891128218)
(-0.00574165001384941 -0.0127971194709711 -0.0642853371130062)
(-0.00300430621626988 -0.0198897827631796 -0.0732793421965318)
(-0.00774513458514153 -0.0174246424136642 -0.066712950296837)
(-0.000251569878476867 -0.0154709457778707 -0.0806812649511913)
(0.00106361394218275 -0.00652072927711107 -0.0832307576194115)
(-0.00250666149092945 -0.00845973792709383 -0.0795750378687088)
(0.0017456452560685 -0.00984570677528406 -0.0876348991962552)
(-0.0070371970293128 -0.00831797067671918 -0.0829076469416265)
(-0.000488834076211471 -0.0144198787751616 -0.0906036806033396)
(-0.00122297469007536 -0.00645329510882958 -0.093607945925703)
(0.00115112256978633 -0.0105939090312514 -0.0973340477435706)
(-0.00294888857888908 -0.0199153343846523 -0.0933110381023376)
(0.00156219141697429 -0.0177591089851497 -0.094145361457876)
(0.00242983172155615 -0.018466341658454 -0.101961495129926)
(-0.000214272816791189 -0.0139366672365416 -0.100975374486467)
(-0.00597070900391182 -0.0157354904036332 -0.100836200634557)
(-0.00194404600553058 -0.0145862985244388 -0.0963057990144574)
(-0.00388269566688269 -0.0105416231583677 -0.0939599630566553)
(-0.0148767110044079 -0.012089200030816 -0.0842694237017884)
(-0.0161527525041017 -0.0109131176967615 -0.0785777776928716)
(-0.0079842395700078 -0.00707601719195015 -0.0775410312276841)
(-0.0137430651269671 -0.00607790861931012 -0.076725693670919)
(-0.0118167763884196 -0.0153418710111171 -0.0758138375692331)
(-0.00730397691997766 -0.0130029191361197 -0.0779280359224544)
(-0.00784788150838984 -0.0103792454110482 -0.0739408989726319)
(0.00768193688540152 -0.00409964148519684 0.223827347608539)
(0.00285269306370885 -0.00194178461267706 0.228638332422165)
(0.0110806069727516 -0.0106790834044949 0.226656670062339)
(-0.0115289956655428 -0.0164155587443576 -0.0432999336996043)
(-0.0134214786680925 -0.0151428742625078 -0.0500436330973367)
(-0.013505289395709 -0.00983151834809144 -0.0483480266782551)
(-0.00306267210938573 -0.0192791676652785 -0.0531139264575441)
(-0.00612737674757218 -0.0151296288720946 -0.0545403739730368)
(-0.00965590114093332 -0.0181979162024771 -0.0532830362385287)
(-0.0119191972204888 -0.0110612580667829 -0.0539397026656959)
(-0.00622965207286009 -0.0104043342328843 -0.0523678291181068)
(-0.00205003469214525 -0.0193819734839414 -0.0578246453112558)
(0.00490660975980055 -0.0166105972658406 -0.057161085384823)
(0.00493240666449707 -0.0166062271252923 -0.0621622480172844)
(0.00428822018164222 -0.019644847025981 -0.0663355295661669)
(0.000695306469663516 -0.00960291983757533 -0.0593109031321737)
(0.0136308895672766 -0.00359295871526315 0.224972797433153)
(0.00490026293766038 -0.0166107462099762 -0.0521610342366931)
(-0.000184572861344119 -0.0148094053614241 -0.054109776739311)
(0.000694775805872241 -0.00960075941720362 -0.0543123745195776)
(-0.00285164819776808 -0.00749022859805442 -0.0488972364156256)
(0.000605648016209178 -0.0152084854129466 -0.0596007371315163)
(-0.00592836181865364 -0.00248138488346109 -0.0488760392816115)
(0.00257882001497352 -0.0051271919780533 -0.0495134860541081)
(-0.00132436271399737 0.00308530968766779 -0.0507493938071121)
(0.00373383002593134 0.00557655542308513 -0.0616472068410867)
(0.00574649577608945 0.00518045964832961 -0.0479542001532261)
(0.00153413964487737 0.00804673918158975 -0.047336636007173)
(-0.00215493389639992 0.00470608722858788 -0.0585466932117414)
(-0.0131963476699388 -0.00246332123594542 -0.054125240426959)
(-0.00789663937488688 -0.00623703818521133 -0.0578785853388831)
(-0.0131361327047746 -0.00206000555944714 -0.0475396907200097)
(-0.0129083173806545 0.00299735576435038 -0.0506976565644872)
(-0.00987254466313273 -0.00573322787449013 -0.0514096624432657)
(-0.0165188389315066 -0.00616414077110559 -0.0501244907951745)
(-0.019582147137916 0.00388693783461321 -0.0540349971059595)
(-0.0184159334234453 0.0083535620282606 -0.0575302975743756)
(-0.0193929853189471 0.00310881925002341 -0.0593285009888689)
(-0.00974097292972491 0.00181733717181523 -0.0462682753560364)
(-0.0163455260614234 0.00607600626813907 -0.0407510274718136)
(-0.0187678888000556 -0.00106286931211357 -0.046092182748234)
(-0.0167977989213911 0.00374306889868265 -0.0464537715447515)
(-0.0204497895505956 -0.00422770275359269 -0.0413121687500071)
(-0.0165405213794522 -0.00625976950008621 -0.0442628599767296)
(-0.0172127488738527 -0.00824416334200618 -0.0386435465246268)
(-0.0132392182151158 -0.00345758731867851 -0.0409885511292846)
(-0.0166273295278014 0.0010434569749513 -0.0371132557586954)
(-0.0179059976057148 -0.0103874686627457 -0.0330790357606549)
(-0.0138239346504552 -0.00703112726765742 -0.0312533788794251)
(-0.00938780508403743 -0.00769503544299954 -0.0465191998545736)
(-0.0191928078658343 0.00490608631076356 -0.0254476570795652)
(-0.0127869544355789 -0.000459359728403672 -0.0320013868363657)
(-0.00176827153570653 -0.000726672284712216 -0.0455416220287668)
(-0.00397533326547993 0.00300976511189528 -0.0425662655620481)
(-0.00485363588598892 -0.00483458311767655 -0.044273132008836)
(0.00210756966463505 0.00527950226564672 -0.0415029430173105)
(-0.0017647208515092 -0.000733680800476725 -0.0405368601764902)
(-0.00380248974776867 0.00701334369637829 -0.0481105082904033)
(0.00118951252915816 0.00332747387052797 -0.0332692291170786)
(-0.00427369436495465 0.009634947512128 -0.0355766306639249)
(-0.00369897098658021 0.00418419879258445 -0.0325868849457237)
(0.00142790109857929 -0.000858294193399342 -0.035823188491565)
(-0.000374921060528367 0.00532201553169676 -0.0375480407517072)
(-0.00496798357254997 0.00269687910664658 -0.0375037012165204)
(3.58535112768159e-05 -0.00281637978345426 -0.031378489908785)
(0.00216546688247145 -0.00533803979507536 -0.0383794256351164)
(0.00328782050869952 -0.00117464244582527 -0.0462391584969023)
(0.0125446592977314 -0.016478975200831 0.226704397615941)
(0.0112052901758667 -0.0146016340806472 0.222726625363063)
(0.00820629966637372 -0.0181068898414558 0.228084144443804)
(0.00152379579165385 -0.008028166805357 -0.042662528488184)
(-0.00502843107340166 -0.00833380845313206 -0.035438241540973)
(-0.00804968750715008 -0.0110416005522976 -0.0323664279949131)
(-0.00955183911604926 -0.00673761987078974 -0.0350816535287843)
(-0.00997322630724059 -0.0110232430331149 -0.0378521128856431)
(0.00339431558404065 -0.0107005558305528 -0.039237840650298)
(-0.00573812273293493 -0.0127866189062775 -0.0392914224289191)
(4.05481312660489e-05 -0.00914031280233876 -0.0348927604579858)
(-0.0030743861680231 -0.0151105348287478 -0.0330018566843621)
(6.97015642485969e-05 -0.0198077559318854 -0.0337563200220844)
(0.00274855117366014 -0.0196751436444075 -0.0414338933979439)
(0.00488705190200206 -0.0166135827699498 -0.0371615413105177)
(-0.00334831926359947 -0.0181349117283045 -0.0430081806618252)
(-0.0030661987236964 -0.0192762578651037 -0.0381114620367836)
(-0.0025794812349035 -0.0200619663015477 -0.0279652547856129)
(-0.00900867340872879 -0.00583434595141947 -0.0403022684851785)
(-0.0105462653125003 -0.0110519578081956 -0.0427328166490001)
(-0.0130175549984975 0.00166270094654119 -0.0426431952103773)
(0.0156011799755634 -0.0133279958584247 0.228338484577906)
(-0.00977569463211319 -0.0150594616088212 -0.0300209874949835)
(-0.00585384063718398 -0.0129275883110717 -0.0243018858232591)
(-0.0190093618754907 -0.00861507359950859 -0.028689204424807)
(-0.0140167645908863 -0.012513921036513 -0.0247649117271821)
(-0.00941101240681985 -0.00948021535642999 -0.0268692331081806)
(-0.00406138562752055 -0.00421649215441098 -0.0250286989191513)
(-0.0124401246078709 -0.00439361060386086 -0.0274580006385964)
(-0.00852147138425546 -0.00375855599389973 -0.0226065965825501)
(-0.0140176871772244 -0.0125078544334887 -0.0297661416305856)
(-0.0109086333270022 -0.0103979649049644 -0.0218659533967601)
(-0.00479619542340248 -0.00962956356509931 -0.0207369957155484)
(-0.015830586714411 -0.00714922455994467 -0.0251689444860602)
(-0.01272785335631 -0.0155917033788579 -0.0185280262822662)
(-0.00743419891619766 -0.0181896570755155 -0.0186712050861854)
(-0.0187000349624685 -0.00407647029889283 -0.0310827868013942)
(-0.0200159252569841 -0.00317574826961897 -0.0365237587341107)
(-0.0201433582468102 -0.00539131808450979 -0.0257607270389636)
(-0.0183436631832675 -0.000943416482699626 -0.026152243373117)
(-0.0164023346111405 0.0055764208109206 -0.0157547065043178)
(-0.0130312501547959 0.00284167982832545 -0.0208341026372739)
(-0.0127893713620259 0.00275655576320052 -0.0257159763202979)
(-0.0137108938077403 -0.00620287062336393 -0.021148750028505)
(-0.00660823749861574 0.00190929401542655 -0.0238702573777533)
(-0.00970849122520762 0.00572462700185671 -0.0163089770620173)
(-0.0194046483863562 -0.00290510026345752 -0.0209800751926659)
(-0.0206836600296279 0.00188573624254335 -0.0216161606469235)
(-0.0172295448770849 0.00933050970975172 -0.0221986825040941)
(-0.0194244553758032 0.0018302679859667 -0.0170960615370266)
(-0.00991353187096764 -0.00517031186398332 -0.0094235420394604)
(-0.0157217944882632 -0.00501442690893636 -0.00279139116901452)
(-0.00995802641391235 -0.00573408105610213 -0.00140897500557951)
(-0.012833544863386 -0.00161722435355912 -0.0080195754139951)
(-0.0167593203541508 -0.0050816201080985 -0.0092415023436463)
(-0.0182943047900836 0.000178577749330265 -0.0122488382923456)
(-0.0116716391229461 0.00317746513164821 -0.0124503919314753)
(-0.00730636350252699 -0.00122632000937213 -0.00561776194333797)
(-0.00905466528253073 -0.000982643108075549 -0.0146548235112427)
(-0.00609103812779926 0.00329703916590824 -0.011379153124625)
(-0.0194930334610925 0.00573603149693315 -0.0088489640234883)
(-0.012516815609105 0.00874236530626587 -0.0051080009384767)
(-0.014991218880239 0.00370859144688004 -0.000319757986736764)
(-0.00988560538150056 0.00633185225579324 0.00137536693130908)
(-0.00946654325987698 0.00506537166627976 -0.00470044647064096)
(-0.00932529783939906 0.0101746209498207 -0.00836144744354601)
(-0.00217864518550146 0.00654684585967282 -0.00763175257411699)
(-0.0082818016371233 -0.0111008753984699 -0.000815954878575213)
(-0.00277651410933632 -0.0199678717854319 -0.00329624164918537)
(-0.00248539709067714 -0.0128955928983568 -0.000521356143779502)
(0.000701668354049776 -0.00958915456311203 -0.00929153859184151)
(0.00291987954557555 -0.0154287296970622 -0.00415914229865059)
(-0.00169692203233144 -0.0110173264230343 -0.0048664127838683)
(-0.000224925893880399 -0.0155219885541237 -0.0106523212607135)
(0.00576264893636792 -0.00518711270808412 -0.00704406600954537)
(0.0017610314486128 -0.000665573295391585 -0.00724492649229001)
(-0.000702919303923012 -0.00317167108098002 -0.0039379253657662)
(-0.00428299871353237 -0.00844580605313828 -0.011455545314837)
(0.0033869021188874 -0.0107135755707483 -0.0142392012881564)
(-0.00574402114349156 -0.0128007258832241 -0.0142941936841467)
(0.000455812963473297 -0.0187461741195271 -0.0168981492530377)
(0.00245440383290531 -0.0200891647828035 -0.010777048004145)
(0.00530768207676857 -0.0164709371087538 -0.0121651315471492)
(0.00471183118432457 -0.00988400998928538 -0.00412005806114917)
(0.000291620776259649 -0.00641135228138178 -0.000135355776851936)
(0.00338966267419663 -0.0107101151452935 0.00077026575885541)
(-0.0041664601725123 -0.00449009443653115 -0.000115072753270121)
(-0.00604942512261472 -0.00562865039878283 -0.00430629041475713)
(-0.00163418800589712 -0.00442525271556984 -0.0124822108170418)
(-0.00377448160134031 -0.000633491217065221 -0.00917464575882525)
(4.37045812574741e-05 0.00487724219879053 -0.00371121594864392)
(-0.00597825877070068 0.00252540844649018 -0.00115203816042515)
(-0.00438978226810617 0.00911842143346318 -0.000598283162512421)
(0.00577847350650889 0.00519080083096561 -0.00295131082664511)
(0.00183093848043738 0.0110440753498806 -0.00233228231509386)
(0.00454661690467642 0.00673514495589299 -0.0089015676106651)
(0.00389500806243991 0.000156809591112604 -4.56400466961864e-05)
(0.0100408106822152 -0.00213021904006156 -0.0046459470020197)
(-0.00060111854467294 0.00330302411890317 -0.0110696182997667)
(0.00884852437509661 -0.0164052792091564 0.233108683929198)
(-0.00449727816813579 0.0113386368356764 -0.0106680318255001)
(-0.00189588146467468 -0.00106907491984959 -0.0217493156406987)
(-0.00205454134829402 0.00128236553152654 -0.0283179715348966)
(-0.00412290853093061 -0.00743064175136469 -0.0299114896533882)
(0.000691925742939709 -0.00960328206015523 -0.0293219446300295)
(0.00331866271814109 -0.0065975687769841 -0.0258323656141655)
(0.00275227275451631 0.00161516468197803 -0.0259771362534976)
(0.00244576934883999 -0.00309680424028697 -0.0222845534103601)
(0.00669461145216181 -0.00398468870380354 -0.0290855606308747)
(0.00839034314984189 -0.011912608549248 0.230700616725463)
(0.00497097368566828 -0.0165596434739263 -0.0271590113331243)
(0.00565396827956785 -0.0163164117285596 -0.0221549534042178)
(0.00132741321066365 -0.00972085852234176 -0.0226474843721673)
(0.00119250412879764 -0.0150209255447327 -0.0239851698534541)
(-0.00354737727147948 -0.0179777358746067 -0.0229661417222932)
(0.0173700092455761 -0.00767098942145093 -0.0265816665351046)
(0.0173828092456853 -0.0063453207294061 -0.0218821514581458)
(0.00902767822426736 -0.00939921234345925 -0.0263465427580504)
(0.00556750832050338 -0.0102125408573967 -0.0194024109714988)
(0.00785199985155907 -0.00250873587216216 -0.0241097320601494)
(0.0123615891315767 -0.00489529615614277 -0.0262151687183426)
(0.0204495603135617 0.00132048215201894 -0.0221479648546107)
(0.0173828092456855 -0.00634532072940597 -0.0118821514581457)
(0.0131314139561601 0.000844634738393487 -0.0208864496325136)
(0.0123615891315767 -0.00489529615614279 -0.0212151687183426)
(0.0132032965186337 0.000807914149539143 -0.0258926224918581)
(0.0127649744464136 0.000224872731994019 -0.0157696443437358)
(0.0123615891315767 -0.00489529615614279 -0.0162151687183425)
(0.00649854730806392 -0.00507741750801518 -0.019855798860841)
(0.0123615891315767 -0.00489529615614279 -0.0112151687183425)
(0.0204495603135617 0.00132048215201895 -0.0121479648546107)
(0.00808979766072806 6.08333201803335e-06 -0.0124978877615472)
(0.00574894096465135 -0.00518111399519969 -0.0120487965763079)
(0.0132043520968563 0.000807383608561062 -0.0108929697078695)
(0.0204495603135617 0.00132048215201896 -0.0021479648546107)
(0.0204495603135617 0.00132048215201896 -0.0071479648546107)
(-0.00408652072636201 0.0048927037150459 0.22855391603033)
(-0.00977630058959357 0.0027484766025452 0.229254386335081)
(-0.00822027763641431 0.00698547667405674 0.227691526208934)
(-0.00472226498123008 0.00186010339549734 0.224945259668978)
(0.0168634910154474 -0.0017514551077615 -0.0036275362182484)
(0.0123615891315767 -0.00489529615614278 -0.00121516871834254)
(0.012787449263465 3.62707612828345e-05 -0.00130219308792202)
(0.0173828092456855 -0.00634532072940595 -0.00188215145814573)
(0.0138249007564875 0.00111328394790639 -0.00608877785598443)
(0.0168475766651725 -0.00200180295857359 -0.00895030101561299)
(0.0169851030532058 0.00510452166953711 -0.00300865472272775)
(0.00902767822426825 -0.00939921234345881 -0.00634654275805019)
(0.00902767822426826 -0.0093992123434588 -0.00134654275805019)
(-0.000783839293300286 0.0023572449351978 0.222897611437906)
(-0.00111939624557927 0.00262482199335273 0.230876617365147)
(0.0173859012762169 -0.0100967278800428 -0.0538107129680056)
(0.00902767822247493 -0.00939921234427165 -0.0563465427586151)
(0.00992474365523195 -0.0148761853327128 -0.0558711829938966)
(0.0096843746192461 -0.0129179578640652 -0.0403469920972429)
(0.00902767822376173 -0.00939921234369367 -0.0513465427581924)
(0.00884478207954534 -0.0181482308820058 -0.0423922566758482)
(0.009027678224257 -0.00939921234346426 -0.0363465427580526)
(0.0105884666776748 -0.00626002600001082 -0.0313748038668802)
(0.00808284675890065 8.22539386633725e-06 -0.0325040266106868)
(0.012361589131578 -0.00489529615614103 -0.0412151687183461)
(0.0125080187635388 -0.00191155662286157 -0.0334365058919842)
(0.0100405903918146 0.00213006098079483 -0.0403610098692846)
(0.00213241008282377 0.0042798483283124 0.227555053097252)
(-0.00166137978434357 0.00805372694542294 0.23117648711861)
(0.0123615891315826 -0.00489529615613495 -0.0462151687183586)
(0.0204495603135581 -0.00132048215202157 -0.0328520351453934)
(0.00816946525336829 0.00588897560119427 -0.0346496958202793)
(0.0055554641052883 0.00620811893482387 -0.028402585043896)
(0.0123615891316913 -0.00489529615598997 -0.056215168718653)
(0.00477583291535677 -0.00648295383059249 -0.0557562511723429)
(0.00816886659890502 0.00588785277353142 -0.0596457285206539)
(0.0173828092393599 -0.00634532073219057 -0.0618821514604047)
(0.0148329350776319 0.00743603939575497 -0.05641903760363)
(0.0173859012597459 0.0100967279076784 -0.0511892870328889)
(0.0133125148557363 0.00549952877859947 -0.05069988312671)
(-0.00520219036184263 0.00931353862483175 0.225297500671375)
(0.0147266134603525 -0.00652657051857971 -0.0511975673232465)
(0.020449560313392 -0.00132048215214179 -0.047852035145582)
(0.0154369146211341 0.00253585223329555 -0.0455105643787828)
(0.0166686732665606 0.0113739784908862 -0.0596451826341607)
(0.016049789944633 0.000447901102234688 -0.0581543079753347)
(0.0171668399671029 -0.00154379109781395 -0.0430817978861714)
(0.0138827592525256 0.0133902532180931 -0.0553056547402249)
(0.008784336414466 0.0181942823556378 -0.0526068532825436)
(0.00727636348556656 0.0142655771414044 -0.0555197099499483)
(0.0087842848377964 0.0181942983132417 -0.0476068605661309)
(0.00727618477657973 0.014265469692214 -0.0405197987298119)
(0.0138826121388644 0.0133903853691749 -0.045305659834404)
(0.0129085336330588 0.00842251334923762 -0.0468906234833043)
(0.0173828092456385 0.0063453207293719 -0.0431178485419079)
(0.00616170746293309 0.00242249093274233 -0.0435036573246953)
(0.0103707861450667 -3.5889532795271e-05 -0.0502047501324574)
(0.0104516465107356 0.00353522044594937 -0.0458194202972451)
(0.008077176152293 0.00696155702201041 -0.0394085564962467)
(0.0158018664525016 0.00336014359608876 -0.0393825126863663)
(0.00876658140846815 0.00909912522940425 -0.044102063011606)
(0.0197109453585757 0.00287044209366316 -0.0353805396664201)
(0.00458265604697054 0.0117032509163113 -0.0510253165378655)
(0.0096216825761581 0.0117305635950125 -0.0483277135903411)
(0.00810956711991556 0.0105925810899624 -0.0327098789462734)
(-0.000220732701766232 0.0155349100580464 -0.03436619334534)
(0.0173859012597575 0.0100967279076614 -0.031189287032913)
(0.0087848264170872 0.0181942590319466 -0.00260693119313357)
(0.00185174399552441 0.016620087417837 -0.00363482375843191)
(0.0126384987786204 0.0151936859470394 -0.00471153800069196)
(-0.00838777817068303 -0.00731994793548557 0.226962234658149)
(-0.00398958822093955 -0.00586212896851124 0.223777403075877)
(-0.00804117593605329 -0.00262077710812367 0.225997328666598)
(0.0138822589309463 0.0133906749210196 -0.0103056897467247)
(0.0110870361656867 0.0166468021027359 -0.0178085633365629)
(0.013882224965821 0.0133907098170768 -0.0153056579568955)
(0.00902767822426827 0.00939921234345879 -0.0136534572419498)
(0.0123615891315767 0.00489529615614278 -0.0137848312816575)
(0.0173828092456855 0.00634532072940591 -0.0131178485418543)
(0.0173828092456856 0.00634532072940592 -0.00811784854185428)
(0.0173828092456856 0.00634532072940592 0.00188215145814573)
(0.0125054222474252 0.00527353398474988 -0.00855318116842321)
(0.00861986375442735 0.00936204475537923 -0.00545185287278687)
(0.00727578629870802 0.0142652118447957 -0.0155188967943285)
(0.0173828092456853 0.00634532072940572 -0.0231178485418546)
(0.013608829004387 0.0110378700694678 -0.0224037877120429)
(0.0173828092456855 0.00634532072940587 -0.0181178485418544)
(0.00889605836687855 0.0102872747616267 -0.0193373111937718)
(0.00576638879322168 0.00518749964175233 -0.0229593549673564)
(0.0057793767936633 0.00519112338855909 -0.0179507986843961)
(-0.0128336013856674 -0.00657544145331712 0.228460119056456)
(-0.0140786384912867 -0.00372985104733387 0.224193961062149)
(0.0173828092456845 0.00634532072940521 -0.0281178485418554)
(0.0123615891315767 0.00489529615614278 -0.0287848312816575)
(0.0107048822535883 0.00516676281899322 -0.0239918335445629)
(-0.0117777176124543 -0.00805363713205674 0.223281716836714)
(-0.000422375463271383 0.0206055656485625 -0.0309457086350899)
(-0.00753119271110061 0.012851315823606 -0.0270594990029892)
(-0.0119201825844021 0.0163030591722976 -0.0294513838803012)
(-0.00452995343554037 0.0113993389650715 -0.030681322476289)
(-0.000404805171361619 0.0206285913411311 -0.0109460911677392)
(0.000362378931107148 0.00952124735883901 -0.0104590458478052)
(0.000326389610957165 0.0138170261627268 -0.00718846103472355)
(-0.00586250819619482 0.0113427765633961 -0.00518861211566943)
(0.00377134508158134 0.0110337315642956 -0.0144705458940516)
(0.00666534929815047 0.0126004856129135 -0.0102240755343262)
(-0.00309419935936317 0.0191545358388067 -0.00690751574867215)
(-0.00304385200170572 0.0193009527021455 -0.00201362496496802)
(-0.00540921344616691 0.0147165484723924 -0.00137093721030665)
(-0.0101600487806357 -0.0106695943983 0.230113244204838)
(-0.0101458394000067 -0.0122401207829052 0.224540234110295)
(-0.016064033479662 0.0108326539990204 -0.0113014517351244)
(-0.010035965401833 0.0109919916868312 -0.0219883252297346)
(-0.000416301779669241 0.0206134085285801 -0.0459452007451723)
(0.00373503092395524 0.017213454299319 -0.045310238277867)
(-0.0122818161594034 -0.00782140639596019 0.233946359721104)
(-0.0067283127176639 -0.0105080118368603 0.235794660594)
(-0.0098628095911227 -0.00663639216015575 0.238175731448508)
(-0.000416972401892607 0.0206126156806959 -0.035945205852126)
(-0.00145289548524032 0.0127472073824521 -0.0451426424978148)
(-0.000220005329115616 0.0155357240130266 -0.0393648028286984)
(-0.0137521244663572 0.0101320633357993 -0.0440537702316746)
(0.000486048118825577 0.0102839550721669 -0.0382077026234983)
(-0.00730371336735576 0.00864371494575238 -0.0408082677611994)
(-0.00313698063281802 0.00187798986218223 0.23534932361068)
(-0.00057680770634747 0.00611309739723955 0.235775122161286)
(0.000990155016803965 0.000366376309614815 0.235557239192486)
(-0.0132761783427123 0.0155758144938425 -0.0449913854986493)
(-0.0177453685732397 0.011090695788932 -0.0474072176574688)
(-0.01496067735481 0.011833411628825 -0.0537732399921327)
(-0.0173374946109421 0.0106772003942611 -0.0620270176643777)
(-0.0125132253393626 0.0158894844995461 -0.0556154573725607)
(-0.00619310124755329 0.0144149957706501 -0.0436897692491814)
(-0.0106991981447182 0.00941590321371687 -0.0374622904517465)
(-0.0105375156159852 0.0110599193321373 -0.0471998594653862)
(-0.013343622383806 0.0151674021401399 -0.0500565667237002)
(-0.00157909266703405 0.0122258953829083 -0.0501990234021747)
(-0.00494581703411832 0.007486030936622 -0.0534831254147245)
(-0.00565647496082226 0.00569524350168725 -0.0620121353350443)
(0.00181055357714551 0.0109859365814035 -0.0623531800792323)
(-0.00228391747373468 0.0131888314922417 -0.0598289123545535)
(-0.00169699909883073 0.0110172711291489 -0.0551404462053704)
(0.00184506034270729 0.0165802448438927 -0.0536067646070831)
(-0.00322968507844825 0.0168093563419104 -0.0565948619145993)
(-0.000417102715609886 0.0206123308440461 -0.0559445780701892)
(-0.00793088427655984 0.0187507300785246 -0.0468720191930392)
(-0.000416442957319188 0.0206132159129902 -0.0509450575278415)
(0.00381761683369412 0.0203489854677182 -0.058109776795686)
(-0.00754466935546517 0.0172913502759227 -0.0534574449892094)
(-0.00306423690499759 0.0192428139336684 -0.0620345227291065)
(-0.00401338433563841 0.0157615575274335 -0.199262559117792)
(-0.00956948940753401 0.0178631117078803 -0.200855976535282)
(0.0117069579775841 0.0152321843483635 -0.202193173498045)
(0.00596011827435167 0.0173684388706208 -0.201687609760057)
(0.00683938548934738 0.00998797223444618 -0.197500075325776)
(0.000269349886719468 0.0116760698897978 -0.19926533762646)
(-0.000621763141754014 0.0110830227550092 -0.188531091957048)
(0.00141626229813069 0.0154964415326002 -0.186285275446034)
(0.000405212666956238 0.00388676241936338 -0.188874543004176)
(0.00113872302825767 0.00577386844890456 -0.196560658606541)
(-0.00162485293459973 0.00349688100272799 -0.193400104315076)
(-0.00131420133080905 0.00844204733966287 -0.193163585084817)
(0.00365528133611706 0.00924329004140067 -0.188877464020471)
(0.00321800002365842 0.00810287152027016 -0.181290066955971)
(-0.0031413090384861 0.00706336439400979 -0.18771548088466)
(0.00418279028932328 0.00932530892957498 -0.202415382854099)
(0.00570561548573195 0.00467201940774953 -0.204620281368977)
(-0.000723036883476259 0.00704641282581481 -0.203765272038958)
(0.00577358639244783 0.00544345696083297 -0.196939403779499)
(0.0104018974114089 0.0065513121843037 -0.195960234704506)
(0.00577512248811426 0.00718365913960119 -0.192361306046761)
(0.0102537657877195 0.00428842005316618 -0.190970270896487)
(-0.00949778579216924 0.0151438102458467 -0.205552845403443)
(-0.00950160739917099 0.0144720080960548 -0.210666135350844)
(-0.0140915098414365 0.0126203303071464 -0.206542498004625)
(-0.0130490765458035 0.0149451098931726 -0.202184643616385)
(-0.0177117277888967 0.00901889870095003 -0.20137630990685)
(-0.0072534758617028 0.0192205402645599 -0.206787490767933)
(-0.0145994900472112 0.0128502940664986 -0.212669006462424)
(-0.0100880518128961 0.0143185191783577 -0.218097466753601)
(0.00242126322237754 0.0134958022902667 -0.20442245121558)
(-0.00523106552852043 0.0111055346923794 -0.205855411946937)
(0.00128376855643191 0.013746687609505 -0.214394027427355)
(0.00178176712221951 0.0106597091159538 -0.217857991975098)
(-0.00353817194706179 0.00835408154886035 -0.218681556735481)
(0.002663410626179 0.00340402925798968 -0.221962852311683)
(0.00558811835284661 0.00874774096999528 -0.223010663448519)
(0.00421334852778571 0.0168425601040653 -0.215896282853316)
(-0.000359218153868334 0.015214985617203 -0.221847959820741)
(-0.00106729104191466 0.0183391831044813 -0.211696970389128)
(-0.00284991897578167 0.0148223985409225 -0.216036025474906)
(-0.00109576324838767 0.0194810855747385 -0.2164787214906)
(-0.0174404032093957 0.0094723161615762 -0.223774379159639)
(-0.0172415774918943 0.00890880934716428 -0.23354686664361)
(-0.014581278795483 0.0130990956642871 -0.232829829120395)
(0.00486088774005333 0.00967774237861252 -0.244553776762953)
(0.00512473923072938 0.0143011260596271 -0.244426735700423)
(-0.00143873474887562 -0.00528292103113782 0.236937280044892)
(-0.00243918475724352 0.015676854084953 -0.242858806399024)
(0.00027154703800236 0.0126179179361991 -0.240114958480809)
(-0.000613366352860898 0.00974267342738076 -0.244968238018987)
(-2.79050386437585e-06 0.002678742514928 -0.245544449931121)
(-0.00304645029065082 -0.00372415059493468 -0.243694451940879)
(0.000360982271639044 -0.00543511064706114 -0.24581496884467)
(0.00240494932750093 0.0143082329771492 -0.231634872108671)
(-0.00246831250497275 0.016104840391511 -0.235724942206361)
(0.00187638084726099 0.0104810034269652 -0.235033276920274)
(-0.00206915155843443 0.0120918278533722 -0.232226324920362)
(0.00313545167961475 0.0155077174854278 -0.236249412228772)
(0.00508022075394951 0.0198963385003259 -0.23796668641794)
(-0.0041966904447269 0.0202478204157892 -0.233942142195289)
(-0.00310433664515232 0.0115614896459512 -0.237341630006059)
(0.0104911525961351 0.0152887319748612 -0.231237536732785)
(0.00835461698363779 0.0182358209441791 -0.234797860761609)
(-0.00382020205380676 0.0053584644663507 0.243671457059234)
(-0.00439155061564869 0.00884468036809177 0.239873824684658)
(-0.00101387216069622 0.0092862116987584 0.244452909405828)
(0.000217268935148906 0.00443609256274859 0.240651217741046)
(-0.00891434033086798 0.0173922619292922 -0.232692882776237)
(-0.0130557418731187 0.0146230836005839 -0.228592721953551)
(0.00347811715883998 0.00725711544635018 0.245393514055787)
(0.00200042052870902 0.0114667404071589 -0.222955965681456)
(-0.0019745910192726 0.0101448381734138 -0.22470401299013)
(-0.00847192910975069 0.00781648344979833 -0.218267103831755)
(0.00161879510218841 0.0196058226265765 -0.220376064238186)
(-0.000448283730762972 0.0203861136612242 -0.227917047404471)
(0.015351282838134 0.0121473104465238 -0.233105647107967)
(-0.00271974203845711 0.00127969972620499 0.245456679494306)
(0.00747543499603473 0.0122548280448919 -0.232249115871802)
(0.00604386458807427 0.0106592183685009 -0.23830494680227)
(0.00895906581151837 0.0103710801659945 -0.242125030125446)
(0.0127145575781621 0.0097557402581783 -0.235602271932033)
(0.00539177472167028 0.00790916383007237 -0.231891085294966)
(0.0123822201379717 0.00835508297541341 -0.244724625352701)
(0.00868214128040277 0.00452486525781588 -0.245158656348635)
(-0.0204353956898778 -0.00528051782949624 0.222555099611525)
(0.0113628970322723 0.017264219196696 -0.210613546692481)
(0.0160340195456067 0.0122148464589051 -0.200450832177249)
(0.016885942329876 0.00734551713261919 -0.203558912859046)
(0.0145305115976964 0.0121675072482631 -0.205815228118734)
(-0.0208041859737056 -0.00327270961162676 0.218668016712797)
(0.0165304241483349 0.0111086727176626 -0.210385465742264)
(-0.0176655074480978 -0.00185116878765121 0.222880332104968)
(0.00683797982216262 0.0114326437787674 -0.218564540086217)
(0.0101033586992688 0.0141282651895977 -0.222864680585407)
(0.00818117581488177 0.000224989450741144 -0.204648681423679)
(0.0119433863577894 0.00364574076133719 -0.207196882494982)
(0.0104233715988539 0.00395959708425802 -0.200845187233905)
(0.0114169466562025 0.0100724029708222 -0.200546281259825)
(0.00829091907329276 0.012360214605194 -0.203107187971108)
(0.00772040243520644 0.00721651192588337 -0.208060212650508)
(0.0114486570531338 0.00833783469175029 -0.205316516754615)
(0.0173591652210022 -0.00824554744920716 -0.196621773154027)
(0.0163590207685874 -0.00263747681256736 -0.196390126971953)
(0.0128414523736476 -0.0091200341493492 -0.194599634550902)
(0.0150822160972332 0.00142206538428723 -0.19064068799336)
(0.0164914252097033 0.00254944545210677 -0.198732222349709)
(0.0143321128901046 0.00814865360107314 -0.194310882126908)
(0.0114370164942012 -0.00493814142857306 -0.188571524834384)
(0.0146417101108357 -0.00940984959069269 -0.187588224343863)
(0.00886989911325641 -0.00231805372012476 -0.191750191392282)
(0.00677579004361545 -0.000158443748721185 -0.187539096193679)
(0.0116259518838559 0.000794547481267083 -0.197269492529605)
(0.0148083790564919 -0.000969531772025063 -0.201446068304969)
(0.0169030448515853 0.00611922376245162 -0.215059138508521)
(0.0194775640084592 0.00194642300354975 -0.217871036955538)
(0.0193618013430395 -0.00378999415880661 -0.216180898805067)
(0.0180046103389954 0.00855922831418088 -0.219286750945768)
(0.0193183650481265 0.00263655196277648 -0.212372420101987)
(0.0143067230090523 0.00024934024227966 -0.21858441331351)
(0.0160902056269907 -0.0049180155570066 -0.219771469404343)
(0.0162145770938019 -0.00925509290559692 -0.215941413942888)
(0.0121476531340195 -0.00423378250555175 -0.205204200852065)
(0.00930426433016401 -0.0116021655206117 -0.21252282770732)
(0.0118381647707908 -0.00767841967381612 -0.208297987447303)
(0.00677175264442349 -0.01768950126982 -0.203141929874365)
(-0.0150007006518592 -0.00795748043735104 0.182641137374976)
(0.00861508743813268 -0.0106579550756133 -0.189438493131182)
(0.00778720560241749 -0.0104754831627589 -0.194416597258916)
(0.0161269619658984 -0.0109487285066163 -0.244992715948595)
(0.0181448736803331 -0.00947644953893905 -0.235649092306565)
(0.0147096380503545 -0.00333974835343939 -0.238630324572192)
(0.0132381640962904 -0.0119814513815104 -0.236168223418458)
(0.0104292039576513 -0.01545419785442 -0.237844272117188)
(0.0106241092331365 -0.00997577543696959 -0.239320416895815)
(0.0040751346943337 -0.0138679046230459 -0.236933246500492)
(0.00880116675815581 -0.0105900430112535 -0.234647155762286)
(0.00635958652685185 -0.0188503538367532 -0.243882202973657)
(0.00687850094250424 -0.0144112896167689 -0.241305422102041)
(0.0111937342928648 -0.0149464437018881 -0.243023206702086)
(0.00871030694328554 -0.0101163161511686 -0.244012760677127)
(0.00544192786535751 -0.00552229655908196 -0.245456075510664)
(0.00133006598366295 -0.00904669820734793 -0.240485903794296)
(0.00777351295374243 -0.00619472992533323 -0.238856801660232)
(0.0119948933301747 0.00332523075887164 -0.235397467559337)
(0.0144610832029785 0.000382160568664253 -0.241341820592715)
(0.0130404538642936 -0.00425399032258386 -0.243381236158231)
(0.00391959299826403 -0.0108875604694838 -0.245342730865444)
(0.0174574992566828 -0.00557250914250868 -0.243608733449679)
(0.0164688628462943 0.00026224212455125 -0.245781928835916)
(0.00355253051777268 0.00539349202609808 -0.244987941411992)
(0.0139836698643364 0.00588166621824926 -0.239935364054835)
(0.0207184147263235 -3.01310222180445e-05 -0.2380315475721)
(0.0176630257775024 -0.00562419185294901 -0.231832065381109)
(0.0195983349614548 -0.00212723917678369 -0.233980196107725)
(0.0182274515883726 0.00229801800084759 -0.232523410481621)
(0.0190992864868596 0.00533681760192422 -0.222427030490113)
(0.0195615979361553 0.00302237546895818 -0.226953195734425)
(0.0196413631062263 0.00037043212215625 -0.222629702433642)
(0.0205506781099419 -0.00245556248218979 -0.22817638765938)
(0.0128129143548191 0.00392616448657234 -0.221399608106796)
(0.0139218569844802 -0.0111825983090467 -0.221464400872021)
(0.00640845242802514 -0.0190743733797759 -0.219762182462609)
(0.0130235691406422 -0.0155324460113803 -0.226065371266233)
(0.0124717564829466 -0.0138375477626434 -0.232185621484357)
(0.00627733593665376 -0.0142993506988125 -0.231400694195268)
(0.0025263436551148 -0.0191985090163322 -0.224957216816574)
(-0.00681501809240327 -0.0082648262848493 -0.223201031271315)
(-0.00186413799395816 -0.00792807100439023 -0.224934773216171)
(-0.00563338239295117 -0.00278446722838183 -0.222074410090111)
(-0.00210248403142081 -0.00644137007472906 -0.219758901060606)
(-0.00211785971592448 0.00369672369149553 -0.223750446061476)
(-0.00930466630817534 0.0015615749720656 -0.221469305368694)
(-0.00527816319918647 -0.0107740627379225 -0.237813684628682)
(-0.0029988303366099 -0.0153370199632128 -0.23896375807607)
(-0.00664542236082453 -0.0197088213070428 -0.238908103758252)
(-0.0167635859093434 -0.0119551677479243 -0.23700141316259)
(-0.0134932600536693 -0.0160375201062085 -0.242615502670158)
(-0.0175142651609756 -0.00936807420296926 -0.226704621168102)
(-0.0107287712580152 -0.0119390179550458 -0.236411808423115)
(-0.0119718407890143 -0.00631299317398632 -0.238607000713332)
(-0.0185335251107127 -0.00171890678069086 -0.232462246937542)
(-0.0182089262506583 0.0063633086641193 -0.229350106347693)
(-0.0148003796115799 -0.0138525506208087 -0.226850446255575)
(-0.0204670166423034 0.00388930367194294 -0.233345179652695)
(-0.0159082324265989 0.00226229156697569 -0.230216000767732)
(-0.0173941144499839 -0.00749549800058705 -0.220119970387666)
(-0.0106494807440504 -0.0156783766778281 -0.206761976351371)
(-0.0109999810336173 -0.0102703615959309 -0.207681040376214)
(-0.00503282900769676 -0.0101318102940249 -0.205403952313594)
(-0.00586458708402629 -0.0111821320200883 -0.20996620900767)
(-0.00348175677813813 -0.0189647068042538 -0.206480072687548)
(0.00315734388717379 -0.0193516949880125 -0.21507519179522)
(-0.00446139268980509 -0.0203521063976766 -0.216015460117669)
(-0.00189356367393444 -0.0162846676697553 -0.214049980389824)
(0.0026408072180372 -0.0145197641133265 -0.219840263007169)
(0.00390934267321388 -0.0125247285336917 -0.215258714329957)
(0.00074062032822854 -0.010010644235091 -0.217747362070854)
(0.000110036913741244 -0.011664899338451 -0.212429272538009)
(-0.00293328388088594 -0.0127519480250452 -0.219077702040067)
(0.00501087812321266 -0.00920616821841621 -0.211852967755308)
(0.00368369406511199 -0.00550744987752201 -0.2180584156671)
(-0.00796284330169722 -0.00697348094105462 -0.215344024857024)
(-0.0118936902058033 -0.00756651646535475 -0.221695178561415)
(-0.011136796238135 -0.0129456685770745 -0.216000758371138)
(0.00126964892472919 -0.007317250880104 -0.214113128045392)
(-0.00111193792637614 -0.00116725174670727 -0.218237477177589)
(0.00228798443335691 -0.00161548721082018 -0.223076975131129)
(-0.00171262870124352 0.00398278825266636 -0.213696117084922)
(-0.00647646946029245 0.00127025955280516 -0.217398417529066)
(-0.00801393370294342 0.0034157088023136 -0.211820508487538)
(-0.00885296180487506 -0.00319324535370887 -0.226052935924608)
(-0.0121301771814175 0.00392600892375728 -0.224355120513162)
(-0.0139410713094725 -0.00112360458640712 -0.227151635636124)
(-0.0110712748679746 -0.00137753569672955 -0.217467044807307)
(-0.0170029127033229 -0.00144828378352424 -0.2156891825306)
(-0.00449236300746695 -8.08399660319647e-05 -0.21294204755914)
(-0.00072909640206481 0.00211860734170453 -0.206564372870242)
(-0.00418668391027725 -0.000896659686716122 -0.206427802282464)
(-0.0141491117850326 0.00290364832480515 -0.213681238560811)
(-0.0092789926793941 -0.00229674690099009 -0.210133325173613)
(-0.0152563501219252 -0.00347844710158819 -0.211917808661201)
(-0.0188155582948002 0.00489665164253858 -0.214953629892984)
(-0.0198200146152273 -0.000378486795870025 -0.211600008204083)
(0.00627031554771214 0.0191528546342341 0.153238743245224)
(0.000968127128119845 0.0164922242448111 0.147561609706849)
(-0.0113101920155245 0.00484156878796581 -0.195452052150299)
(-0.0103131165078493 0.00937717439780613 -0.193555852113243)
(-0.00743096895395439 0.00710713213592365 -0.196455587948137)
(-0.0125810711051329 0.00983849019359773 -0.201012041560819)
(-0.016084712213863 -0.00525268047841262 -0.204953706410012)
(-0.00975012994842865 -0.00754181646963837 -0.196137970380391)
(-0.0082933789815154 -0.0120435659777155 -0.202209639452341)
(-0.0113665468774237 -0.0165364332598154 -0.198044411839472)
(-0.0152271980525277 -0.00194298849575434 -0.194008696195561)
(-0.0141261225064519 -0.000960956295418855 -0.198662089796827)
(-0.0116178630639398 0.000455544192303201 -0.191739642989182)
(-0.00950568923448802 -0.00541082806176965 -0.191209200457142)
(-0.0128947497433611 -0.00308625217288998 -0.187518419561315)
(-0.00689762744049584 -0.00166195403327784 -0.197900648803844)
(-0.0107082150128743 -0.00743175199533311 -0.201376393285329)
(-0.0167730030149039 -0.00501014279900691 -0.190065930690697)
(-0.0194299577553082 0.00282486138004545 -0.190125240777169)
(-0.0197653118698149 9.21062481753616e-05 -0.186120346272963)
(-0.0203440982832144 -0.00207176487590858 -0.191921234733892)
(-0.0193428439743194 0.00588865099114187 -0.181184673163072)
(-0.0146937239203019 0.00309408847671456 -0.184705404192776)
(-0.0181191168158863 0.00946588047117995 -0.188607932041315)
(-0.0172862953875922 0.00373235237464311 -0.194663743514197)
(-0.0147002559887372 0.00421317477717085 -0.190542214645668)
(-0.000694764069401032 0.0200517197485941 0.155583821798534)
(-0.00473746732959099 0.000153875862320478 -0.194202172369227)
(-0.00506791054572701 0.00728503185133881 -0.200941735520899)
(0.00319868594623698 0.010800823126646 -0.193861327366043)
(-0.0040347903077615 0.0108384074524629 -0.197242101729626)
(-0.00166332221683231 -0.00166563407997268 -0.202817466700239)
(-0.00156378729323132 -0.00716178668780373 -0.207958228394518)
(-0.000526255730163433 -0.01016691358548 -0.201525170075729)
(-0.00893353389313919 -0.00322527925488342 -0.203004062135226)
(-0.013555466230594 -0.00127055770448806 -0.203691895917035)
(-0.00749862095385895 0.00385400709676632 -0.20350626259701)
(-0.00536728792494225 -0.00636485083144865 -0.198365736073258)
(-0.00189137171148965 -0.0123345712615898 -0.196954790211424)
(-0.00470037026625228 -0.0162381870358082 -0.189874021893182)
(0.00437029207912719 -0.0121540933765654 -0.200976582376403)
(0.00270870483221781 -0.00988600731309136 -0.207789999884191)
(0.00149998370171716 -0.0156604479392916 -0.202935350504635)
(-0.000846451466933515 -0.0205748096335061 -0.197770667897609)
(-0.00942335515510506 -0.0177628434267101 -0.187671066961131)
(-0.007481373686344 -0.0151549999703423 -0.194303153425764)
(-0.00756985084515812 -0.0185840526889676 -0.203584030499045)
(-0.00833691992252201 -0.0110516891390972 -0.190423824156603)
(0.00583246957374891 0.0116212805706282 0.153957399046476)
(-0.0135303308072432 -0.0127936782449161 -0.180558524486949)
(-0.00998185835607404 -0.0180057925540019 -0.17820429505608)
(-0.0180097672545094 -0.00864108077221792 -0.173721348912281)
(-0.0172757621460688 -0.0115214746078134 -0.177657441922536)
(-0.00242087594290778 0.0141875625456444 0.151167106672342)
(-0.0173835326081527 -0.0106037114335588 -0.16897037602342)
(-0.00955632505898703 -0.0170239228208578 -0.159157417447401)
(-0.0153386539198556 -0.0112128526272342 -0.161271147067967)
(-0.0148090698483958 -0.00830490486582061 -0.165396549315406)
(-0.012379860273148 -0.0161920862291256 -0.167372466062774)
(-0.00364135362002163 -0.0196535843291161 -0.162889626566011)
(-0.00340956920792731 -0.0195608199403324 -0.171078831267138)
(-0.00778108231040918 -0.0151083619625084 -0.164618744757874)
(0.00551142842049568 -0.0136869948368731 -0.157415881481246)
(0.00055397178357741 -0.00997406173261395 -0.158825346763612)
(0.00597870423650719 -0.0100324004184348 -0.153473051147404)
(0.00517041490062807 -0.0133043942360195 -0.172145469254632)
(-0.00389264521592433 -0.0192336058042561 -0.181437508031294)
(-0.00412299554730451 -0.0180248947763476 -0.176104710411832)
(-0.00108878018924409 -0.0142232033664528 -0.175826631280051)
(-0.00424365885333911 -0.014875788073651 -0.171075904700643)
(0.00236736229264095 -0.0197119375547989 -0.169906257866188)
(-0.00457396298924357 -0.0106704288562122 -0.178768714463942)
(-0.00474907030590642 -0.010982192213787 -0.173875073880539)
(-0.00513822773424647 -0.0119402014712884 -0.185830781238557)
(0.00154909439715112 -0.0139578328136908 -0.193376530265549)
(0.00492951118412793 -0.00815823088695708 -0.172089282430275)
(-0.00187452301040208 -0.0126962558237398 -0.182046656720092)
(0.000338655930812763 -0.00705655663833806 -0.173717425355162)
(0.00302311640623842 -0.010937791898148 -0.178199594277)
(-0.000183549018041731 -0.00955193205724709 -0.169035389127326)
(0.000586219982445117 -0.00268294918367743 -0.176087286931497)
(0.00413516801787826 -0.00448764770280164 -0.185400748582633)
(0.00120792693470509 0.000171321388791773 -0.185720326882012)
(0.00107734307650764 -0.00888407924158947 -0.184868752021458)
(-0.00329419970473802 -0.00719195741868503 -0.182941877538826)
(-0.00247514817557747 0.000420364733297672 -0.182677974453234)
(0.00798378340279063 0.0132682814238542 0.147536898614817)
(0.00397431711825764 -0.00539814533516464 -0.179925727011263)
(-0.00668210915091022 -0.00292475707445505 -0.185638002265224)
(-0.00809660964210842 -0.0104631718149322 -0.18216937392763)
(-0.00294667377160424 -0.00370128502185379 -0.16896210903723)
(-0.00524946860996773 -0.00768994170195521 -0.166543058190159)
(-0.00614276733537651 -0.00514373802735641 -0.159317334716141)
(-0.0106861495051046 -0.00624260097120204 -0.166025984662453)
(-0.0097933174647673 -0.00949508989901202 -0.161934478509823)
(-0.000435799199390234 -0.00820473009157065 -0.17912627610138)
(-0.00436526187598331 -0.000732094390110499 -0.161871994885548)
(-0.00755020136814037 -0.0023735173809241 -0.165568307156158)
(-0.00900145894306472 -0.00228662765243601 -0.177875981194707)
(-0.00869492473202537 0.00474344420099926 -0.181185484254293)
(0.00456841183338394 0.002773298229229 -0.183169920790953)
(0.00461340121784991 0.00327705831218256 -0.172899327088738)
(0.00409528974044702 -0.00502704135075597 -0.166307628026237)
(0.00315898017855019 0.00372486957846845 -0.166646264297205)
(1.04541976879231e-05 -0.000662028202901673 -0.164178596896142)
(0.00126168102894959 0.000231755917666491 -0.172364651345999)
(0.00918438295679088 0.00204657881888511 -0.162338668310615)
(0.00619327854994003 0.00163277968092874 -0.15703294014788)
(0.00547755632332583 0.0051202374042334 -0.161720936239474)
(-0.00209643690788112 -0.000133512522524497 -0.157794839671459)
(-0.00175186819092734 -0.00453528305107982 -0.152592489625497)
(0.00168503181341017 0.00502238657914961 -0.156970909440857)
(-0.00876069251164248 -0.00314667263748483 -0.153518868768673)
(-0.00163890845912514 -0.00964976665657698 -0.164255206446412)
(-0.00236078371023894 -0.0142077151014129 -0.158089465625886)
(-0.00780032960311812 0.000514789638470834 -0.158955460557367)
(-0.0114795550579253 0.00238959890184916 -0.165949107404406)
(-0.00221689440127026 0.00623688112704533 -0.164116993034791)
(-0.000711654554521675 0.00761889682112388 -0.168786877357366)
(-0.00477831726092105 0.00908088265909302 -0.167025925901114)
(-0.00250933817545822 0.0137111028308135 -0.172621875583659)
(-0.0033274414203278 0.00829251196273245 -0.172378164000412)
(0.00489199642147505 0.0109786283496291 -0.163463992341972)
(0.0114023044038289 0.00591725001100199 0.165468948822199)
(0.0166393437092392 0.0080907853769908 0.160395860615305)
(-0.0204375253939776 0.000528708069394255 -0.16277068886522)
(-0.0199345438625502 0.00491202527253759 -0.157851424188942)
(-0.0193442500216941 -0.00518332490697757 -0.157904614294223)
(-0.0147375693540311 -0.0062612522830311 -0.160818974857934)
(-0.0185864913389599 -0.0025657808425711 -0.170915773232265)
(-0.013628091149967 -0.00461046805739985 -0.174578052892333)
(-0.00958542702448913 0.00234231054652233 -0.185429344901335)
(-0.0134484756590504 -0.0011100989004516 -0.181963744012645)
(-0.0189708529650668 -0.000445813970429611 -0.181288218768213)
(-0.016101779938887 0.00423743914509769 -0.178518792228453)
(-0.0174780109212546 0.0107765602837466 -0.181020707791284)
(-0.0130742477347503 0.0134476224197412 -0.180818375124547)
(-0.0181917980734784 0.00954838342880993 -0.173614041177513)
(0.013586748647797 0.0143511896180194 0.164377990998633)
(-0.016621262547891 0.0120210762274375 -0.168806449448387)
(-0.0136713121445222 0.0100481644222922 -0.177233033495892)
(0.0121267416504367 0.00898351464477147 0.159713939462727)
(-0.0152781678779397 0.0128429606793245 -0.186811448478627)
(-0.00627118569353143 0.00366218397788242 -0.189201547452269)
(-0.00181849516425957 0.0112890899898183 -0.180909324638292)
(-0.00749985900917745 0.0120380824169505 -0.182127395629518)
(-0.0111424520151661 0.00902362913846625 -0.181302885798975)
(-0.0145316490671072 0.00881364954642934 -0.184398811807539)
(-0.00704815205461334 0.0151584985735273 -0.168166251008242)
(-0.00819543159136762 0.0126097343326183 -0.175092072760706)
(0.00140776838238799 0.00733540499743215 -0.174998182220036)
(0.00375644766696993 0.0151927521143904 -0.167927526047681)
(0.00806800901432057 0.0185176091196176 -0.181435208094451)
(0.00463422518274315 0.0195668717730973 -0.184444963339782)
(0.000192900896946959 0.0208476110683946 -0.182768992017278)
(0.00124358429025837 0.0205692254902049 -0.176571363826571)
(-0.00325225578886642 0.0202509538493051 -0.1722160415603)
(-0.00520261315239041 0.0171324729952534 -0.176387240997369)
(-0.00388020825160044 0.0191999022831197 -0.163151327425621)
(0.000911481011753177 0.0205244906687992 -0.169297525619663)
(-0.0020102794159264 0.0154469106378356 -0.167444286791393)
(-0.00839650543394968 0.0188292113390855 -0.172515293592743)
(-0.00777907997218605 0.0189448668426954 -0.180802833405208)
(-0.00334100318106151 0.0162137853002813 -0.181894610360975)
(0.00208352936868003 0.0202017129021522 -0.164378232555316)
(-0.016694949273136 0.00884382024136142 -0.159241444075959)
(-0.0171879690637218 0.00662948519631594 -0.154362237224823)
(-0.0142311362822716 0.0145105811375308 -0.162082640488259)
(-0.0147533208359981 0.0139310134724022 -0.173058546648222)
(-0.0176265204723397 0.0067808128143005 -0.166284386813192)
(-0.0174965780787894 0.00144757094065958 -0.16882523118825)
(-0.0118989517894953 0.010268206687898 -0.17164496436992)
(-0.0151910778878131 0.00588687952722156 -0.170949715593146)
(-0.0148441283913525 0.00496251827999874 -0.162537232920185)
(-0.0120176599569616 0.00159519417035941 -0.16036067560268)
(-0.0193892424134323 0.00640364202487825 -0.145349421960741)
(-0.0167550306607069 0.0106198809038961 -0.138373496227075)
(-0.0152614602646935 0.0108882745313591 -0.143893271643142)
(-0.0125308722848214 0.0152264204345573 -0.146212443521218)
(-0.00987673229843609 0.017119497698366 -0.14950464380928)
(-0.010993040727959 0.0122961679298877 -0.149476991679553)
(-0.0120415099356045 0.0094079561517563 -0.140841514314224)
(-0.00985728818915065 0.0140110741173191 -0.153927849798556)
(-0.00696181442169858 0.00951597187249718 -0.160582197232658)
(-0.00116446288209774 0.0101855276549621 -0.162228837521147)
(-0.00662948569231252 0.0121760705906504 -0.142627264532251)
(0.000829940962794001 0.0131011628433154 -0.141055308701151)
(0.00324742368868362 0.00647286472029514 -0.150574393462891)
(0.00141271209283171 0.0097024523725345 -0.154817721357492)
(0.00362281574029871 0.0130138659305393 -0.152299537224656)
(-0.00044604404913944 0.0177535498076694 -0.152494295976191)
(0.00501898777913658 0.0190751741033972 -0.151348423090699)
(0.00337739322610529 0.0171960136782748 -0.145275292463841)
(-0.00259301270898161 0.0204667618923127 -0.144258377416217)
(0.00349706676202203 0.0200870239947394 -0.141386955579696)
(-0.0051181448171505 0.0171097219651525 -0.148964259276729)
(-0.00302576375353496 0.0194228895671264 -0.132066466003592)
(-0.00722392959855659 0.0167064027210032 -0.139237954193875)
(-0.00138258344478349 0.00944723912055847 -0.138524106905549)
(-0.00289775360933348 0.00964347531724228 -0.145759067040338)
(-0.00703796112734554 0.0113660254118177 -0.125792015414651)
(-0.00504077726151982 0.00683094653107713 -0.132069570271501)
(-0.00997776677429032 0.0111305790097584 -0.129958323941664)
(-0.00450474216288724 0.0114042017722048 -0.130507128152157)
(-0.00124562244562736 0.0152015770323418 -0.129733020986888)
(-0.0028321247957738 0.0142833403598409 -0.12505986083768)
(-0.017481681949633 0.00884874826006852 -0.127817610489512)
(-0.0157570557583842 0.00713361789719912 -0.134836930820194)
(-0.0122212110272315 0.00641586401981365 -0.13155054882268)
(-0.00819308305411465 0.0112132120991829 -0.134264903629886)
(-0.00999075045040108 -0.000670142305723385 -0.135334122799962)
(-0.013387268638436 0.0138822436591199 -0.13994097938858)
(-0.0193868938957769 0.00296001214605582 -0.138922884711198)
(-0.014732336771557 -0.0011545147056313 -0.138310451535469)
(-0.0141465242638813 0.00517137613002865 -0.139682244445796)
(-0.0100425998201145 0.00545398703046893 -0.136447015901459)
(-0.00822175842451456 0.0057612921498145 -0.142503179466034)
(-0.0138502161877235 -0.00145712269362762 -0.129080029871542)
(-0.0140542227515694 -0.00153217014525916 -0.124150204379288)
(-0.00750428511154092 0.00018213898769619 -0.126294879220869)
(-0.0112745056885388 -0.00824302401028692 -0.126823597533206)
(-0.00866142544937126 -0.00347490714934354 -0.131656720618205)
(-0.00593168646404023 -0.00495698174389625 -0.124833695657179)
(-0.0127740469756603 -0.00594225807427234 -0.130676965609138)
(-0.0186527981749377 -0.00668738976495111 -0.139441289864622)
(-0.0183766085326377 -0.0030538187595787 -0.126120657276521)
(0.0125080187571936 -0.00191155662006264 0.0615634941104561)
(-0.0138592044557869 -0.0133250308958849 -0.138227480904902)
(-0.013221055099526 -0.0148194573736253 -0.143837302499103)
(-0.0159386518699894 -0.0126422496132475 -0.146813535964068)
(0.0204495603054533 0.00132048215788604 0.0628520351544095)
(-0.00960348317026784 -0.0117972485063146 -0.138604803498293)
(-0.00715875122325591 -0.0146369444751244 -0.134424056287864)
(-0.0126377458303993 -0.00818239780875346 -0.137049881696133)
(-0.0116669136627835 -0.0135346216149233 -0.13274941992695)
(-0.0154406899488924 -0.013006217045453 -0.130168823450509)
(-0.0138688858685658 -0.010367390896335 -0.143101217518406)
(-0.0182221615645833 -0.00897650850900824 -0.144096086195253)
(-0.0115068947234611 -0.0124262755905382 -0.152831186221421)
(-0.0185353025671708 -0.00822189901539489 -0.148752895045456)
(-0.0113779471397903 -0.00971455011945893 -0.148260236688708)
(-0.00964773687233328 -0.00474287065437843 -0.141032046479339)
(-0.014372801811442 0.00530938266923142 -0.145789632014579)
(-0.000525081989085075 0.00136786104884036 -0.15344344714861)
(-0.00243019227638615 0.00549312455164043 -0.154569833526734)
(0.00258175601522862 0.00182047922091851 -0.144126253808133)
(0.00693547780867334 -0.00106914971366102 -0.147809548256992)
(3.24881728206425e-05 0.00485590180952907 -0.147395481929918)
(0.00765849363572561 0.00568697440716381 -0.148282186249603)
(-0.00438670453757307 0.00400116513504861 -0.145574619466569)
(-0.00100674462612389 0.00812323156594016 -0.150568331785422)
(-0.00665841843831632 0.00619734616416693 -0.151949389818789)
(-0.00182705502795374 0.000419173132712067 -0.142793880826843)
(0.00303178196017962 -0.00381252147222969 -0.144710512624981)
(0.00597191200438624 -0.00299742420222917 -0.152377722369084)
(-0.00555698356474621 -0.0125570323126865 -0.155262351940561)
(-0.0029487372824093 -0.0199788521172385 -0.152201147540108)
(0.000548835984294661 -0.0199127628605524 -0.155116795534723)
(0.00414541531324305 -0.0175271696873167 -0.153935959902922)
(0.0047315919376341 -0.0199384078950343 -0.160401783899007)
(0.0155060392412403 0.00182447044250782 0.0637897495424024)
(0.00614285319892494 -0.018704245998199 -0.150064211421857)
(-0.000116721035843875 -0.0205371436654161 -0.148096247324434)
(0.00449497871022061 -0.0201158878869451 -0.142118999978707)
(-0.000974045613958466 -0.0150599260233355 -0.145182417947879)
(-0.00379207630521475 -0.0108615970291037 -0.148873614485503)
(0.00198204338207658 -0.00950997963833814 -0.142457925063672)
(-2.92659051940366e-05 -0.0151737194832126 -0.153030220181161)
(0.00272893042211957 -0.0128373911725475 -0.149532192550142)
(-0.000151814533742492 -0.0131941203591179 -0.141217077846644)
(-0.00460079654564659 -0.0133171464660815 -0.143236682024868)
(-0.00549396626711046 -0.00969345861876478 -0.140200796274219)
(0.00319355012838115 -0.0169090900191755 -0.146516634533974)
(0.00667599583780631 -0.0115556703078047 -0.145683095310786)
(0.00466298993165501 -0.0144736215970995 -0.140163379662488)
(-0.000292417190102515 -0.0158773014967584 -0.135511750232305)
(0.00170443105845908 -0.0113444826495246 -0.131485516752223)
(0.00504840542720984 -0.0121019970737985 -0.136424979524139)
(-0.00145957536192455 -0.0110262985112404 -0.13697805675748)
(-0.00456253558792591 -0.0104980785661597 -0.133042024263956)
(-0.00429755163473639 -0.0201052700606371 -0.140386338969677)
(-0.00497961628016332 -0.0188406483264973 -0.133468236692135)
(0.000798015513970896 -0.0193466047375324 -0.132019669642811)
(-0.00721058894831902 -0.0181921146300361 -0.126636779399002)
(-0.00774163453013667 -0.00772304988752778 -0.134960190355698)
(-0.00479022483891836 -0.00225167780363109 -0.135928177803009)
(-0.00314224769426796 -0.0038895480069004 -0.129122776615891)
(-0.00436894923802866 -0.0113475780285209 -0.124408200448139)
(0.00351159138139674 -0.00748546798837984 -0.127266504891889)
(-0.00603360384700611 0.00142903648044604 -0.139043819368683)
(0.00059014851759023 8.12916326504052e-05 -0.138654973012379)
(0.000539124409850306 -0.00294972035634804 -0.134005675218595)
(0.00376054031964428 -0.00381609817114324 -0.137440356188807)
(0.00600268911495217 0.00853492426752794 -0.12750672047914)
(0.00815275540351948 -0.0029297469650776 -0.123580480597201)
(0.0123818414163078 -0.00486811264209208 -0.12124552014927)
(0.0135850255837578 0.000873311743572338 -0.132651338053368)
(0.0192535004058703 0.00120294754290015 -0.141316136893706)
(0.0169721378220035 -0.00115870822591593 -0.136445830207655)
(0.0200183759745814 -0.000702535957357822 -0.126112027198144)
(0.0195319765646083 0.00434800520552072 -0.12688940934756)
(0.0123616946302881 0.00489531392246719 -0.123784966043258)
(0.0192696133775151 -0.00513878667663621 -0.127840216193123)
(0.0167639549051121 -0.00933549203536134 -0.133258273832239)
(0.00811227159161384 -0.00320349583884817 -0.136155511741361)
(0.00867000622809292 -0.00569230458086695 -0.129684160718752)
(0.00687911976400187 -0.0157409021164437 -0.130452099036099)
(0.0125215140278993 -0.015835378947414 -0.128819311247011)
(0.0138248389308041 -0.011104936315931 -0.127568053185936)
(0.00882561978976379 -0.0173276870864822 -0.139028844919066)
(0.0143867542636519 -0.0134420437324668 -0.134848862941142)
(0.00978182746426712 -0.0129197571442328 -0.140879852635354)
(0.0120580806263653 -0.0156656019693518 -0.15461623640965)
(0.0136372332856917 -0.00203191435223951 -0.153712658256455)
(0.0110643198048152 0.00371730064337494 -0.152954755360074)
(0.012569935614085 -0.00151181713988661 -0.146528355038238)
(0.0109824920892665 -0.00892494532249093 -0.155653947942089)
(0.00902429648373318 -0.00685429898794268 -0.151910191594575)
(0.0136241942232949 -0.00836616669637896 -0.150659286847381)
(0.0144674708776905 0.00523456703741495 -0.149133934440563)
(0.0100731016254781 0.00232485872128465 -0.144749573481414)
(0.00687014203484009 -0.00331403824776696 -0.141145600424625)
(0.0113459078604416 -0.000911022957416243 -0.14007714094709)
(0.0051887042419515 0.00219348005247979 -0.151932369423905)
(0.0140524759429171 0.00523708102077934 -0.138744740854181)
(0.00538778658214714 -0.00709661012709939 -0.14892111420441)
(0.00972696088179722 -0.00824226152389707 -0.142861416585254)
(0.0125663837646922 -0.016126296813813 -0.144639366505482)
(0.0200514396031398 0.000273789682791954 -0.147908312459919)
(0.0148506486281638 0.00204599618481026 -0.143578551092733)
(0.0193659727717538 0.00500686119859669 -0.153795368311844)
(0.0128771248566339 0.015935107548267 -0.150231095347658)
(0.0166656720196156 0.011308731818229 -0.131286053551211)
(0.0179300901144965 0.00874669805609134 -0.13548451746219)
(0.0181087892015201 0.00367148709937477 -0.135183554107433)
(0.0187810510838349 0.00596454565461331 -0.140452657992114)
(0.0158446424199752 0.00642353096544518 -0.131631356598128)
(0.0132483179530216 0.0140938874080251 -0.142422519259147)
(0.00866804892043257 0.0182714587716393 -0.142969032467496)
(0.0101761297619209 0.0112459760369613 -0.139379643528927)
(0.0102488121731119 0.0140971761722812 -0.154553547056288)
(0.0174072356749509 0.0101724570053234 -0.160872454534422)
(0.0133413322973805 0.0138975247442059 -0.165261869756279)
(0.00840919872207977 0.007232812323293 -0.157660853117971)
(0.00703374729308261 0.0153198506000277 -0.184838999252696)
(0.00959527580808752 0.00743573095871461 -0.174275814428218)
(0.0166802211519587 0.0112239891772355 -0.177876449647997)
(0.020449563860292 -0.00132048689484515 0.0921479741137995)
(0.0191330918366759 0.00431487670486612 0.0920966395377967)
(0.0173827931465421 -0.00634530908031845 0.0931178680464443)
(0.0193081935708712 0.000777389910679681 0.0975449532013978)
(0.0173828045074765 -0.0063453173009042 0.088117853971975)
(0.0111844996825117 -0.00303127566888793 0.101553844003381)
(0.0123615891230519 -0.00489529615473914 0.0937848312704545)
(0.0195986880439701 0.00383748308441772 0.0864574284646074)
(0.0204495611222282 -0.00132048323339854 0.0871479670249847)
(0.0191729383905298 0.002628807438217 -0.168472273566806)
(0.0153144283770867 -0.00341243707542156 -0.16957122086493)
(0.0191685057033231 -0.00517217050337549 -0.175755451694249)
(0.0183296497223853 -0.00814779714377145 -0.171614871232029)
(0.0160446600120298 0.00192422423855618 -0.16252407371793)
(0.0134916877423382 -0.00102702569603821 -0.159021481000882)
(0.0143403348803432 -0.00733834397883118 -0.162968638522324)
(0.0084018406766681 -0.00253373176016339 -0.159150589703189)
(0.00809769385970535 3.77354214574321e-06 0.0725006773903903)
(0.0125080187342921 0.00191155664402154 0.0684365059243993)
(0.00816977445363591 0.00588955624269318 0.0803519064020903)
(0.00809480309600993 4.62794391408972e-06 0.0825001858002175)
(0.00556454789549223 -0.00227528079540482 0.0783698229184409)
(0.00527983686113639 0.00649440186381927 0.0745094599522094)
(0.00984470749121144 0.0048347913234337 -0.168876019897283)
(0.00899015066914622 0.00880948848318102 -0.166048435047997)
(0.0128369450703289 0.00671865889744245 -0.163220682746586)
(0.0141638789440201 0.0065808629300445 -0.171354948589931)
(0.0152014650500416 0.00222969758858476 -0.156026434835591)
(0.0137328205979615 0.00612673801718302 -0.177039619005826)
(0.0149671771312809 0.012414855457579 -0.170976741143855)
(0.00951335896198575 -0.00101955198340531 -0.183363246598429)
(0.00927733919548316 0.00579043314111204 -0.185156402418361)
(0.0154459167641865 0.00233238454930836 -0.184525355553246)
(0.00902767822424775 -0.00939921234345545 0.0736534572419229)
(0.0116148576672571 0.0155161996752389 0.0759201105947642)
(0.00727618869574157 0.0142654719576559 0.0794802110310653)
(0.00842389467284097 0.0116509585577865 0.0751882695243123)
(0.0138824835030456 0.013390498017828 0.0796943476552263)
(0.0144438898599526 -0.00239432718088685 -0.185061635309622)
(0.0123676286710491 -0.0138341417303146 -0.179132863875667)
(0.0105440537958849 -0.00849048147132632 -0.177545033317444)
(0.00878382510945033 0.0181944573006192 0.0823931704773999)
(0.0151537889628746 -0.0110383689512469 -0.18300693858631)
(0.0138039876312667 -0.0150570989155192 -0.187874748127112)
(0.0079984021036342 -0.0138901488191996 -0.185719870655582)
(0.0106199464521574 -0.00915767861798758 -0.184806496263557)
(0.010016942690999 -0.0182353560174886 -0.183109211043656)
(0.00708952976104076 -0.0190532022830511 -0.186876220338032)
(0.00222561541406807 -0.0158260798132479 -0.18609682081714)
(0.0052498223523712 -0.0143508972587281 -0.190294363961841)
(0.0100999922242085 -0.0160541128405467 -0.1920471196397)
(0.00778465241446043 -0.0116306056992987 -0.181159238940145)
(0.0173859012332052 -0.0100967279462073 0.0811892869780678)
(0.0145501419137084 -0.0101857179885108 0.159092579346816)
(0.00957062013399575 -0.0125129280831849 0.156737350173379)
(0.00803570993296787 -0.0083826098189534 0.152023140906495)
(0.0146449004603901 -0.01136024483371 0.176751893810832)
(0.0141086325174709 -0.0149607405414305 0.173857094091148)
(0.0157147200812409 -0.0124219546435274 0.169866087867986)
(0.00758141435626682 -0.0100226024943869 0.17493704654608)
(0.00257112989532638 -0.0155238264284996 0.171320387610263)
(0.00211427332048449 -0.00698607563661765 0.174156618631164)
(0.00741441393322107 -0.0116477473480244 0.170042099653233)
(0.0130931663988973 -0.00381192717140112 0.178514814305749)
(0.00660517492780794 -0.00321525548629644 0.18054495297529)
(0.0070806181675498 -0.00790204370363292 0.181834698223991)
(0.00962408394905997 -0.00169576973598105 0.175016759149204)
(0.00378447114747879 -0.0115971246435788 0.18775562065652)
(0.000101166643649266 -0.0121603575159223 0.181014353206117)
(0.00564909353208303 -0.0126889676166461 0.180461914320361)
(0.0172800725904128 -0.00782932589696251 0.182716667448378)
(0.0105189971703624 0.00973608558290559 0.0709543646353892)
(0.00882972776177665 0.015492881154266 0.0708604468229913)
(0.0186619671728848 -0.00186551104280672 0.185167655283998)
(0.0202824098331822 0.00267651442161232 0.183501297652162)
(0.0146318065623281 -0.000322877381657816 0.189553908384582)
(0.0154104360072879 -0.00673290670400471 0.189628636389738)
(0.0151089681002791 0.00241669705571701 0.185256464298905)
(0.018713984562802 -0.0089414144869887 0.176889601799405)
(0.0132377802589811 0.000962886288346532 0.177622911378868)
(0.01958521697085 0.00087291385129152 0.17302576842439)
(0.012761719544728 -0.000770554525353172 0.171706473271564)
(0.0170454153419775 -0.00295060208980846 0.172879234489631)
(0.0179391219076336 0.00921631336102552 0.190084271918921)
(0.0174985620111755 0.00877383371024561 0.183917368059459)
(0.0186735110705869 -9.12201132503259e-05 0.178697234848364)
(0.0110860193334852 0.00471339222403686 0.181471245166739)
(0.00718874673252109 0.00313957371282038 0.169518742803325)
(0.00401370615633789 -0.00048907937349708 0.171252153449154)
(0.0118629309838369 -0.00763658431071851 0.171666285270091)
(0.0122633318906792 -0.00138759341092273 0.166885426834473)
(0.00711279448730352 -0.00603023650767768 0.171645217191131)
(0.00496629107767204 -0.00515976663520856 0.166744217640267)
(0.012976017511571 -0.00595667558824166 0.1576287560621)
(0.00758611364307206 -0.00695359086791207 0.1619016588742)
(0.0117365985968019 -0.00621687046701032 0.142044540851512)
(0.011940946820018 -0.00187675218047105 0.144210288784862)
(0.016026772912003 -0.00378477140082785 0.138067878438776)
(0.00827162491974404 -0.00305891370941832 0.140696945253636)
(0.0096573295853916 0.00244758766950352 0.156393502778103)
(0.0106789580765106 0.00762946490888873 0.155176293917704)
(0.0137245108395469 0.00159663949041059 0.151391237388746)
(0.00846204463852495 0.000454902027927711 0.151584521608255)
(0.00433786075730592 0.00486797526207914 0.154755134489241)
(0.00424905404181887 0.00838868225539238 0.15851909141714)
(0.00697399743361961 -0.00347149762399191 0.154589524291761)
(0.00615578331083619 0.00629138693140311 0.163028147818311)
(0.0152735661196525 0.00355831403786833 0.159789996190271)
(0.00653896317968719 -0.00124683205764148 0.160253516325183)
(0.00658952676835744 -0.00827392483877247 0.157032373544018)
(0.0121001752100558 -0.00208453819885338 0.155088949426483)
(0.0102195172017426 -0.00457860264874719 0.149877754945703)
(0.0136617257128673 -0.00811683411500647 0.152355392009171)
(0.0107847083792512 0.00231247669166368 0.161738544201234)
(0.0189278793546635 -0.00787802332978769 0.163762843564379)
(0.0146632214453258 -0.00348989123949334 0.161596959815883)
(0.016554686985424 -0.00843330047120299 0.167934744042353)
(0.0160523368913739 -0.000500638135718125 0.164799780853454)
(0.0156439627293018 -0.0010063358386787 0.157738240667424)
(0.0186065476103042 0.00799856771897073 0.194678012273345)
(0.00933717065593746 -0.00709961431361173 0.146097763668048)
(0.0118469589673812 0.00434910693358882 0.172532417348144)
(0.00877339707825242 0.00726000229067993 0.177113591015701)
(0.0123867146443302 0.0116720261849907 0.178699137107977)
(0.00871582491807833 0.00240915253956485 0.177147489080289)
(0.0127021085893588 0.0128122385655822 0.183606140455807)
(0.0148806195551028 0.013553158609787 0.175087277601111)
(0.0167247724480876 0.00936088218376387 0.15282150272263)
(0.0114025817922931 0.0172735746918096 0.155497955859504)
(0.015022898541735 0.0112445532087062 0.141314172488684)
(0.00992092721247555 0.0178166254510223 0.150458784792472)
(0.0172333202267974 0.0104899090894468 0.132982762649002)
(0.0101754680573246 0.011118285507244 0.132244527899612)
(0.0137285653205266 0.0111000190242048 0.127609155812358)
(0.00517088906672262 0.0124499678380602 0.135882770468917)
(0.0114444766245092 0.00902359700032016 0.138876138238192)
(0.00771085619237575 0.0148074969174848 0.138855703492)
(0.0142677642874886 -0.00847925516823804 0.145681049917732)
(0.011656306616812 -0.0108829771544539 0.142648355497546)
(0.0153054556062203 -0.00953200889970178 0.140626845940768)
(0.0205514034641407 0.00134961111975537 0.148393144264493)
(0.0152681324755263 0.00580169388028661 0.148701954991598)
(0.0173370592086252 0.00572748827191274 0.142091147817633)
(0.0150966793992857 -0.00411035639929001 0.149468207639842)
(0.0164287316724354 0.00105594285688757 0.144286924551426)
(0.00884567055732787 0.00535601164291265 0.14845060672266)
(0.017640082202199 -0.0105053376784853 0.153746928341111)
(0.0192409590297882 -0.00678112275276766 0.143796004182713)
(0.0206096012400957 -0.00156672573968477 0.141067712032883)
(0.0203195174208844 -0.00289805732016442 0.151019251065457)
(0.0043907305976948 -0.00829129114365877 0.143951994298335)
(0.00631773324591077 -0.0122602682568301 0.145423021537861)
(0.00807265857762946 -0.0167813052236213 0.14526129102565)
(0.00631244950017813 -0.0189195227574499 0.141366111147566)
(0.00872439817386296 -0.01373807235279 0.140755988627699)
(0.00734707635977955 -0.014951038455873 0.136361438203434)
(0.0127735650096477 -0.0139044831505504 0.135629424943206)
(0.0100488769997774 -0.00901175445935054 0.137994046976745)
(0.010145701559153 -0.0105175620918114 0.132049186249876)
(0.00381443849985361 -0.0139889474814157 0.130985835391084)
(0.00450512398162316 -0.00674488802236117 0.133742648407274)
(0.00900337760542138 -0.00440092144917841 0.134101835361945)
(0.0181814143066086 -0.00820733476621905 0.149310844103629)
(0.014869842991685 0.00105561970136895 0.136633300126303)
(0.012567491129915 -0.00203484392830586 0.13160367050029)
(0.0200056876716712 -0.00173878379921628 0.135216783020083)
(0.0140121353871664 -0.00628912915791275 0.134305121772184)
(0.0193259048291193 -0.00525092331923465 0.131537186192124)
(0.0193902960816989 0.0021906886442743 0.128619407535135)
(0.00639236572204612 0.0016742973754479 0.136514821894848)
(0.00444828226976265 0.00462439307072077 0.141200865891453)
(0.00466386853286798 9.15238101913967e-05 0.13211563456778)
(0.0102149678890733 0.00231998421850327 0.129921166908794)
(0.0053329867009824 -0.00450889534047855 0.128267155412133)
(0.0039406156996676 -2.52621480478723e-05 0.124922080605736)
(-0.00386470142225044 0.00579366718560328 0.130635681966105)
(-0.00404568457572836 0.0060771643950907 0.125654312648798)
(-0.00241516055299385 0.0116507080095277 0.126840433925708)
(-0.000268292379403217 0.00559173535969479 -0.142200519941542)
(-0.00655286670356608 0.0018436530832705 0.126162868649195)
(-0.00547080390033851 0.000713536842656728 0.132760344907805)
(-0.00189784337311168 0.0059506287308698 0.139095202311907)
(-0.00779907007426351 0.00747269720748653 0.134982491883813)
(-0.00621172455791508 3.6561502461856e-05 0.138231254453096)
(-0.0105803305758877 0.00350939193669506 0.132447729128204)
(-0.00250635596758024 -0.00334671947577631 0.125994236944085)
(-0.00333004822084671 -0.00461016269578865 0.13229418140731)
(-0.00627092867602575 -0.00894338309655395 0.128225737644862)
(0.00147456627576222 -0.0080472675782221 0.127301580243442)
(-0.00921026371972914 -0.00358464000990287 0.138091912047596)
(-0.0128506636639686 -0.00537478229083133 0.141535686998768)
(-0.0164588923300355 -0.00717444236922112 0.135606182901233)
(-0.000112475658751413 -0.0086944565543342 0.134851568204123)
(-0.00331653724791721 -0.0135242725211771 0.131238397689318)
(0.00397525302273118 -0.00816438131845734 0.139127417922643)
(-0.0015263716180855 -0.0035466590475672 0.137728032221861)
(-0.00381627120760769 -0.00630340729144778 0.141495082919494)
(-0.0044170110454612 -0.010729102104448 0.139520406153561)
(0.00213910504815568 -0.0126639998103368 0.139086540915015)
(-0.00693493884372077 -0.00820518808499519 0.135833075073942)
(0.000869146064824672 -0.016512215596522 0.12806092557644)
(0.00154777711379402 -0.0207695368760762 0.139792975514097)
(-0.00406633764881291 -0.0185248673085838 0.140304261798594)
(-0.00884452876642353 -0.0185562603876389 0.143232270228952)
(-0.00264188629190096 -0.0148464297543827 0.137156307949558)
(0.0028020173615666 -0.0171262107321071 0.137190283464194)
(-0.00744179662753473 -0.0146085357138001 0.136026591818856)
(-0.00897106349977069 -0.00946987202522857 0.140225113269196)
(-0.0117713384245449 -0.00741534810634649 0.137225112839375)
(0.00300049088259936 -0.0164289841757727 0.143001939265798)
(-0.0131191944630725 -0.0153321409350919 0.138193534981436)
(-0.0139865653842276 -0.014731851545117 0.144234948370964)
(-0.00920480805023504 -0.0141137346836614 0.142007763987599)
(-0.00888633168524863 -0.018219727934379 0.151615509516981)
(-0.0113296621903086 -0.0123583158820599 0.14869395834825)
(-0.0109232840224019 -0.0106725456744986 0.161669268956212)
(-0.00646474055435366 -0.0115827221123177 0.157453897706017)
(-0.00710161454609749 -0.0146137721171037 0.161682269937816)
(-0.00686804070899672 -0.0109527374324446 0.152240945256808)
(0.00369133037810344 -0.0108891262271201 0.149272086771762)
(0.00529702501304639 -0.0050124542991096 0.147202431730471)
(0.00100896851069493 -0.0105323998642593 0.155229554477241)
(0.00162775741006893 0.000806226652544375 0.143891583309251)
(-0.00387977208523371 0.00745735810956034 0.145618699156882)
(0.00477103510715325 0.0079059759864039 0.145627337907404)
(0.00408246876113645 -0.000451273462178068 0.15015132470552)
(0.000452212160715701 -0.00398451478768412 0.150400299121952)
(0.00599155930017495 -0.00036077769415432 0.144112562514854)
(-0.0110305244637544 0.0109959768199627 -0.157654565290095)
(-0.0154873052213838 0.0134612986351335 -0.156666376564336)
(-0.0120577598269753 0.00865927101424307 -0.153530124375522)
(-0.00695565771333258 -0.00409847106744358 0.14476875799431)
(-0.00683859380748686 -0.000479870377267694 0.154501922320837)
(-0.000549219166216979 0.00462735617626968 0.156465852548721)
(-0.00610633385798805 0.00532186888368076 0.155428987825911)
(-0.0147095795033483 0.00317003103135768 0.141071311252802)
(-0.0109439615641945 -0.000320665509691739 0.143159072317627)
(-0.0157287008826259 0.00251864265255305 0.147244841371574)
(-0.00974459151436343 0.00276871245254966 0.147272211737126)
(-0.0190834736926602 0.00236511028992869 0.155754510721597)
(-0.0186509703411542 -0.00288404219994951 0.158905016254)
(-0.0156127636260837 0.000800213021425217 0.158888896396046)
(-0.0203210557101364 0.00338162569093286 0.150994694628051)
(-0.0172513708017875 -0.0100328776636694 0.144616724092787)
(-0.0127718057861096 -0.00701814808940514 0.152110136570347)
(-0.0116725765913582 -0.00655292031692945 0.146013051346308)
(-0.0140046171350091 -0.0109661390329276 0.140502892475308)
(-0.0126641120476576 -0.0127190555819715 0.130089462220187)
(-0.0140861684354887 -0.0122763216217688 0.125009117716069)
(-0.00671623493734234 -0.0133236064718558 0.12616440750028)
(-0.00574766042781848 -0.0134011254704638 0.119021143815696)
(-0.00182926896913874 -0.010373915025298 0.121443196637081)
(-0.00202214751262084 -0.0128546597004308 0.126297610790304)
(-0.00726239401681487 -0.00882089199381466 0.122498132344016)
(-0.0122669572174639 -0.00489761127750578 0.131885790065693)
(-0.0163993440710445 -0.00582704779347178 0.125776407274118)
(-0.0127965760846122 -0.00185344339710864 0.127120147520599)
(-0.0123091367075875 0.00302270845060059 0.13673236831345)
(-0.0127251598364153 0.0106771768365891 0.137084322438177)
(-0.00782016443103956 0.00429901308887882 0.139769487064259)
(-0.0183384924618771 0.000606236746530248 0.126172216307241)
(-0.0125379375434083 -0.00141402137375404 0.122472768131615)
(-0.0076385889136009 0.0192692011444223 0.137842482766874)
(-0.00435526573587186 0.0139325816874707 0.137297670108418)
(-0.00759058813344539 0.0146318808247461 0.142955640711936)
(-0.00113035735996494 0.0198578735269278 0.137680563550364)
(-0.0110172537844759 0.0157441215554595 0.138064782388727)
(-0.0090475206883166 0.00805053094391992 0.130142893487138)
(-0.00238570123821023 0.0117600108857218 0.131773077319473)
(0.00457883745568969 0.00754476361102261 0.136753109273438)
(0.00961854170659194 0.0103845511890029 0.144039069552101)
(0.000146081566196262 0.0113198832398399 0.140824542142077)
(0.0041269849833499 0.012374190472897 0.144736703760931)
(0.0110849066829808 0.00382353732314079 0.138819468107053)
(0.0119652756696242 0.0039497141746455 0.143740608860973)
(0.000505275630216207 0.0181664589113332 0.132025828086216)
(0.00415932549741096 0.0123508827884379 0.131358553933477)
(0.00186930821671095 0.0192237864771745 0.12694187578212)
(0.000665002554418978 0.0135071749055921 0.135908303760521)
(0.00253589274439722 0.0165813580662851 0.138758083663903)
(0.00664071322976342 0.0194030317161126 0.137832039098201)
(-0.0118246097228989 0.00681309265255752 -0.159567856525412)
(-0.0155716865573033 0.01187125386237 0.0975333465713155)
(-0.0166606741424381 0.00746926634199756 0.0962618094452975)
(-0.0120837404962646 0.00979322492412495 0.100428358550176)
(-0.00857280872301561 0.0171464914257414 0.151503199794485)
(-0.00378486885400729 0.020269287784009 0.150047836658544)
(-0.00175271733248752 0.0200213148943663 0.145436684409184)
(0.00045842392889662 0.00855074081582711 0.154346740436906)
(-0.0115867525303839 0.00964501675865113 0.0957899580341889)
(-0.00821438820527745 0.00791051003459695 0.151966760994249)
(-0.0135383084700631 0.00809394233985087 0.154017995922674)
(-0.0100648639363726 0.00921587685739785 0.157951052168288)
(-0.00842166047048057 0.00989754005745982 0.143813565826568)
(-0.00636596650344701 0.00875925264263575 0.139547005487613)
(-0.0111605416665563 0.00603900504126694 0.142964510044605)
(-0.00650071872587062 0.0123411103613747 0.155936229331075)
(-0.0170295108868259 0.00785116065658858 0.142215517343985)
(-0.0163916081467732 0.0118264035477652 0.145204569460743)
(-0.0100999291661308 0.0109900416373094 0.166429722444454)
(-0.0058770140306817 0.00564569380974329 0.165781647113314)
(-0.00994099360315697 0.00696363514528683 0.163904114929539)
(-0.00614108368748578 0.0120135041456303 0.164038586590098)
(0.00361413224565836 0.00863600958003557 0.166353088694239)
(-0.000126453305133763 0.0118235894663436 0.169246992964932)
(-0.00209721903376163 0.00869613001629167 0.163600227836636)
(0.00570577108952699 0.0182115156721261 0.161867277635792)
(0.00449859300915128 0.0193104829524464 0.167322926073342)
(0.00169857896503844 0.0204006738486774 0.177587606891527)
(-0.000641529584806879 0.0177446671524612 0.169475282508924)
(-0.00506379190916276 0.0193209266464105 0.157983325207843)
(-0.00432870720809769 0.0173319622563183 0.153963275044538)
(-0.00674486536809401 0.0155953958592229 0.159069774477949)
(-0.0099686677173848 0.0174878009617782 0.15583583286431)
(-0.0106858357844714 0.0111750305588381 0.16179608581054)
(-0.0105951152723337 0.0177425060099371 0.162320144690878)
(0.00533783141653477 0.016321342758582 0.171985500257863)
(-0.0029843134741472 0.0199267445998326 0.188759166362607)
(-0.0129189293668683 0.0151958877707794 0.094584911508348)
(-0.00335054373925325 0.0114640916586839 0.187202333264726)
(0.00216273159169457 0.012598339248186 0.185067927957342)
(0.00320369609541048 0.00704489174771966 0.185995503373418)
(0.00129669706638861 0.00895483878663592 0.18104497189979)
(-0.00540394958981054 0.00762653596752659 0.184940026508633)
(-0.00711480722761081 0.00805883385542916 0.190942499116282)
(-0.00969187170576288 0.0106750038541903 0.183750703817009)
(-0.00331637724972821 0.00767073043333698 0.180581257465858)
(-0.0122742438976914 0.00797916897799058 0.186711165374888)
(-0.0104814529437736 0.016300326332055 0.184062119747434)
(-0.00787863690430209 0.0165151408643045 0.187994482630342)
(-0.0106927410086753 0.00187324723209204 0.186166460322461)
(-0.0179985025083641 -0.00700022487019852 0.187253130687745)
(-0.019972429165716 -0.00259893972793187 0.180277480988764)
(-0.0182650385982305 0.00152408417903214 0.168493886672321)
(-0.0193944502812282 -0.00188062079259976 0.172213593706546)
(-0.0102061825488835 -0.00702098681045193 0.089542074726014)
(-0.0122124809480364 -0.00673476097909553 0.0946467070683916)
(-0.00577444518600101 -0.00475714342872911 0.0912747453240756)
(-0.00826063334237453 -0.000603274119521189 0.0905882486951077)
(-0.020149561092023 -0.00253226576835362 0.165231395442753)
(-0.0183573501360832 -0.00940895782623 0.158695279832987)
(-0.00534934091682847 -0.0103647988827686 0.0852311250540438)
(-0.0130526520832161 -0.00522731267923722 0.0861012293092822)
(-0.00998484289643724 -0.0110198846188997 0.0871442670854355)
(-0.0179370955024268 0.00556668892181256 0.16288982720825)
(-0.0171538640211323 0.00596152596419077 0.157645421926545)
(-0.0156140023399285 0.00385929322650505 0.151870889785697)
(-0.0131737154690866 0.00122065605895927 0.154912473809399)
(-0.0135050287435831 -0.00140129529821522 0.16380790761803)
(-0.0145936050646276 -0.00426354409570526 0.157063696832606)
(-0.0106768237441322 0.00150935030330995 0.166764136659665)
(-0.00676059105857706 0.00754330700335309 0.16033806269662)
(-0.0108421437672056 0.00200401684657648 0.16200348370655)
(-0.00680947745969903 0.00136614811287173 0.159879872647537)
(-0.00458949124501045 -0.00515364436771576 0.160551696390918)
(-0.00293187448423652 -0.010535932186919 0.161497981571843)
(-0.00132532106670617 0.00513031571869809 0.171692949436451)
(0.00136809614585073 0.00455441278365668 0.166917532934392)
(0.00388393693847826 0.00251167646453101 0.17863344506648)
(0.000625792823383962 0.00230019121824658 0.175226016757665)
(-0.00272613815885579 0.00323628047182325 0.178957222582969)
(0.0022846010038795 0.00796357962012894 0.175820507866172)
(-0.00200894953496628 0.00265317979568631 0.185856609954641)
(0.00111014376463476 -0.00081222249431294 0.184695798245132)
(-0.00848452087586475 0.00395074067109136 0.179925066393314)
(-0.00973493220846688 -0.003826391500204 0.180899575699896)
(-0.00458542219460514 -0.00156632040267212 0.186145636927595)
(-0.0123016415011011 0.00404496177540515 0.182761731382253)
(-0.00412703951158272 0.00111288052674585 0.174424231747868)
(0.00130624712836233 -0.00208817170429253 0.177963686869726)
(-0.00161433668892198 -0.00478046343564896 0.171362823971136)
(-0.00343067901274227 -0.00170386165536622 0.180241627646115)
(-0.0101789053705173 -0.000267408590349054 0.175912849870515)
(-0.00619143910476155 -0.00327588190491921 0.174645236009535)
(-0.00529308645263587 -0.000380977333039519 0.166348018744123)
(-0.00782691069978317 -0.00334318238023612 0.169217735916766)
(-0.00728690685527017 0.00243581916441877 0.169906986571884)
(0.00157563654834319 -0.00452435615954165 0.18186839555148)
(-0.00235683959002802 -0.0187482852216981 0.178740026625168)
(-9.33654744550712e-05 -0.00997230081748083 0.168728054675593)
(0.00169675972986466 -0.0137298475021599 0.16498676574595)
(0.00668795270885316 -0.0147177820617454 0.165010922970495)
(0.00405165220348472 -0.0121664490756183 0.160141716335695)
(0.00302705682578462 -0.0206024793791155 0.162497810460638)
(0.00839201471654031 -0.01894868456536 0.161770939416845)
(-0.00453368890713665 -0.0193238826696465 0.163682468109171)
(5.84724357611727e-05 -0.019999492404009 0.166909500025768)
(-0.00877931964677133 -0.0116643456741478 0.166229258051745)
(-0.00723926559087088 -0.0170799696563845 0.168325028317705)
(-0.0163719312649833 -0.00963022826906112 0.0905838438233548)
(-0.0104802057176579 -0.0149739106000532 0.193758295119489)
(-0.00910782450374166 -0.0143662763738869 0.183621817692206)
(-0.0100516892877494 -0.0157774544283372 0.188997388624867)
(-0.014988867759515 -0.0134961885515874 0.193998212440084)
(-0.00908437166134114 -0.0172235134483036 0.198165733408435)
(0.0055200059278432 -0.0193874343340297 0.200870391826734)
(-0.00971884502646788 -0.0104669654741736 0.188121736006232)
(-0.00373642396513292 -0.00653849687425162 0.188933679000587)
(-0.00673721675021085 -0.0100229208483248 0.196466587764593)
(-0.00354610835922703 -0.0127716574698747 0.190385232254501)
(0.000213475079967782 -0.012519576374436 0.195929350946772)
(0.00192805610006469 -0.00705154747564259 0.191489032308153)
(-0.00365099591343143 -0.00600073590854542 0.193934131468956)
(0.0019116722593013 -0.0151086248516237 0.190663571407427)
(0.00594885390769143 -0.0180688079869707 0.188696798688794)
(-0.0114030595298431 -0.00915758884903961 0.192758331683268)
(-0.00855592221927291 -0.00566959236174802 0.197635502921331)
(-0.0103224799470206 -0.0107058596188403 0.200668570889197)
(0.00217840260118624 -0.0063207859310015 0.196525057234253)
(0.00322213190746614 -0.00924912260194172 0.201598505316392)
(0.00202617368122877 -0.0160223735137684 0.199105464959306)
(-0.00368535006026545 -0.0118693503681826 0.200912702404078)
(0.000589430620972972 -0.00223763338810418 0.189250297107004)
(-0.000127987436285304 -0.0013603614384258 0.197470426904435)
(0.00576203258801278 -0.00252878052043776 0.193261415155718)
(0.00579983818380502 0.0026953760920379 0.1883227052974)
(0.000426891733998581 0.00213128179119123 0.192625957713849)
(-0.018508789542138 0.00478067019870907 0.193208928688303)
(-0.0206591251180241 -0.00143807793541901 0.195182853977524)
(-0.0201657012099418 0.00129034130710525 0.18998054682821)
(-0.0184684196644326 -4.3824926726254e-05 0.200157729274008)
(-0.0155331901822569 -0.0131101377223094 0.199663713198077)
(-0.0177707045639777 -0.00887183477271624 0.201098731367499)
(-0.0187795197616221 -0.00615424065036804 0.196426116117)
(-0.0201770436909028 0.00507103048520084 0.202257926578388)
(-0.00662471141430056 0.00099324156032441 0.197360898948414)
(-0.0055283572116698 -0.00239929965286283 0.200656816814231)
(-0.0137340949837644 0.000818167295618752 0.199865779102877)
(-0.00471044568828497 0.00300406634688423 0.202197608314011)
(-0.00936712977759058 0.00578829291395411 0.200387487091219)
(-0.0174106166200453 0.00477451775560635 0.209425829750003)
(-0.017861332997467 -0.00411079031259793 0.213255389181961)
(-0.00837902917893252 0.00180465321295804 0.211469698588925)
(-0.0034527503808565 0.00454585599705645 0.218600941521095)
(-0.00566820727389994 0.00594913229823394 0.211581603387366)
(-0.00804371603522351 0.00258809201085547 0.218493460282042)
(-0.00158477584579589 0.00025484142573934 0.211204650594117)
(-0.00208645824778281 0.00386189718980742 0.208073952251487)
(0.00480401401573826 0.00602614540360159 0.207475213075402)
(0.00289537629891301 0.00128154037327524 0.200258065610488)
(0.00446824943082512 0.00688357839918275 0.201490481950841)
(-0.00192544081861678 0.00486390820988429 0.198611871274077)
(0.000124595898806035 -0.000913417301060463 0.203341872059262)
(0.00395920191249587 0.000584370650207345 0.208706123882036)
(0.00206468965492157 0.00315537140382999 0.212505426417487)
(0.00770564041679236 0.00458314413727751 0.213996535419323)
(0.0125926061810617 0.000685052512844406 0.205073660865585)
(0.000757488723633797 0.00581987959673265 0.217874497458239)
(-0.000676212685151929 -0.000407149146553949 0.215938305328426)
(0.00369302109632733 -0.00794418168763581 0.212740548302518)
(0.00170590225006333 -0.00574072178393145 0.218738625360726)
(0.00341496859480452 -0.003375820214002 0.212041773902094)
(-0.00341584748104887 -0.00540483754491328 0.216915195446188)
(0.0060717093869036 -0.00336358361142744 0.204623627386244)
(0.00506607230358695 -0.0039115257210125 0.199885870068343)
(-0.00435937904019221 -0.00334622946702901 0.206239212614328)
(-0.00883399528403721 -0.00197496348901834 0.206683146997788)
(-0.00846329561211353 -0.00692248860564595 0.204961208631048)
(-0.011207118326494 -0.00580252676942459 0.209491360959089)
(-0.00747689697733525 -0.0130984525186775 0.218135376382448)
(-0.0120350638896809 -0.00778582866253569 0.218425955604657)
(-0.00755522722101261 -0.00686760247455368 0.220730601886355)
(-0.00851751014730655 -0.00689624671427494 0.215179861239239)
(-0.00357815461359725 -0.0205124006108881 0.210504951668197)
(0.00032801673676087 -0.019811957669577 0.218253736603794)
(-0.000710779763709803 -0.00780992032876815 0.20935964430825)
(-0.00377065511533056 -0.00460317149285198 0.21134515744683)
(0.0061833375646341 -0.00867935849018419 0.208933597820078)
(0.00229703910065963 -0.0060407862052101 0.205414787657403)
(0.0045978293881701 -0.014515521421074 0.210853040271623)
(-0.000538136976034781 -0.0107434793701069 0.21328493105519)
(-0.00166580494433731 -0.0165608889918951 0.215023665351754)
(0.00208854625996778 -0.0110713597688214 0.217565794310395)
(0.00467219815313176 -0.0144669991275836 0.218564884762082)
(0.00595787206674405 -0.00877027171746901 0.216594533689694)
(0.0010065779763042 -0.019968952526763 0.222943636274662)
(0.000746877477063234 -0.0205575609488167 0.207108171891916)
(-0.014090501342081 -0.0146613948160885 0.222113493531977)
(-0.0184771051037471 -0.0100763375507097 0.219946014344542)
(-0.0181639186717673 -0.00472573671899303 0.0915991385707641)
(-0.0168482133059241 -0.00358231010237722 0.228311166550983)
(-0.0194524763592878 -0.00744642229153805 0.226537465029154)
(-0.0170640853533521 -0.00754907932778809 0.23270665815756)
(-0.0160937573214694 -0.0118189253457862 0.227961025822505)
(-0.0158656874006244 -0.00986595507331202 0.223944478902569)
(-0.0154807700991892 -0.003205893903765 0.2182883207775)
(-0.0204780105240069 0.00117532270924373 0.2244208638732)
(-0.0195491083165769 0.00278606214655584 0.218288718195199)
(-0.0153078213665961 0.00240630380518941 0.225813409180277)
(-0.0182156243273582 -0.000726072413158931 0.231585715126965)
(-0.0191566428497062 0.00557897555277872 0.226314650661402)
(-0.0174826560056647 0.00538396251138882 0.232034267104548)
(-0.0121657378000547 0.00654674682456784 0.22224952450601)
(-0.0146070342775846 0.00781824253433278 0.227212648952539)
(-0.0100129003945139 0.0114778035607706 0.222312778553461)
(-0.0178543534216043 -0.00248872669420128 0.23959828168878)
(-0.00681734734939508 -0.0125861249627382 0.246179063541847)
(-0.00295764271986549 -0.0130178008555843 0.242990696889624)
(-0.0109470021979864 -0.00954223560537983 0.245251221686786)
(-0.015695011285449 -0.0127291886740286 0.246012424017435)
(-0.0104898980232355 -0.0121652359113103 0.240715010129775)
(-0.0049346094659022 -0.0155478555023932 0.239579582694787)
(-0.00922368293722101 -0.0186080564829219 0.234938892244637)
(-0.000978281913495956 -0.0118443362825092 0.00949134110647596)
(-0.00515469094189892 -0.0137753641885414 0.0127512208189264)
(-0.00492589461622694 -0.009104621984874 0.0111159665062456)
(-0.00648223377962008 -0.0116193083278695 0.00716719245271177)
(-0.00103259516611778 -0.0109808188334792 0.00384082384802602)
(0.00429749963881786 -0.011998621013945 0.00877158366783373)
(0.00122145004392889 -0.0150134068529448 0.00602469638999201)
(0.000129972338506531 -0.0141268049203939 0.239951273496772)
(0.00035567812508523 -0.0103688875329771 0.245031972052928)
(-0.0102856406688005 -0.00162263663465327 0.24342392066325)
(-0.00591907059475784 -0.00236193296453198 0.244672215233535)
(0.00230024039405541 0.00135829731704304 0.218771903582076)
(0.00562361072137763 -0.000134473949060601 0.222741071066834)
(0.00541520148121062 0.00509688005391277 0.221753036422136)
(-0.00564239666586488 -0.000933508220846531 0.219816956047679)
(0.000487889615610403 -0.00221585722892773 0.224824602070756)
(-0.00153918160456014 -0.0123124893041559 0.222384815092924)
(0.00500371255776796 -0.0137067710315142 0.223961798669188)
(-0.00345171316873086 -0.0186555049885235 0.220708215851507)
(0.00276303136068767 -0.0183531645637331 0.232421886879701)
(0.00743376155872962 -0.00924249400899058 0.221869828445255)
(0.00570394380186179 -0.0045514929965209 0.219964365035259)
(0.000151157145396863 -0.0073822429434994 0.222543447560043)
(0.00307232938282784 -0.0125882664147925 0.228628128852661)
(0.0137068521427239 -0.00539125871250086 0.220520749193898)
(0.0135958767316053 -0.00945953071693156 0.219070309317885)
(0.0154380196646999 -0.00798879845628847 0.224987296302217)
(0.0188693685469101 0.00437434568967796 0.224442387582187)
(0.0177842982140095 0.00529312813384008 0.231819926236392)
(0.0196124094175695 0.00190539797746728 0.233982561201267)
(0.0195684323983877 -0.00336240890809785 0.241968614015072)
(-0.00298499683934001 -0.0199652863759874 0.011723052286963)
(0.0174056749563341 0.00134410584387437 0.242107250671862)
(0.0154664330932279 -0.00341259461421271 0.239082324182301)
(0.0146327343522819 0.00288187172345645 0.238740771006065)
(0.0131827387937498 0.0073816786567072 0.244776628727485)
(0.0187154060525006 0.00578590733204623 0.241588885792398)
(0.0171213924554406 0.00627643570566781 0.236885023242173)
(0.0172973965851639 0.0109563434957917 0.236092318211564)
(0.00379872383151226 0.00199725351756907 0.243148091867)
(0.0198098408373027 0.000485999290214752 0.246164059073127)
(0.0147525065767061 -0.000172153713275384 0.24554022656231)
(0.0065999767588495 -0.00929627526546791 0.245395811717006)
(0.00453997153540898 -0.0134134653897178 0.243730830422052)
(0.00245276095880955 -0.00215267823071788 -0.213812483321988)
(0.00652888022344809 -0.00743932415644696 0.23860838837883)
(0.0105139281619756 -0.00544706128561184 0.244811086490711)
(0.00358641414494277 -0.00384726210805416 0.242952985698378)
(0.0090870483285285 -0.0170647436776922 0.245839537713512)
(0.00760121441132687 -0.0178802471797289 0.238658102813929)
(0.00361650751039227 -0.0047681133149856 -0.209751866476772)
(0.00979280318323705 -0.0141905681255684 0.189259645595293)
(0.00445563550393981 -0.0147854180980649 0.195303145020092)
(0.00690431510104548 -0.0109981996187472 0.193847576966948)
(0.00931040435881968 -0.0146518446829695 0.195504610838886)
(0.00642618518084494 -0.0136946800850917 0.201668282658219)
(0.00334556086471575 -0.0152550899017419 0.204945028845687)
(0.00763715371216823 -0.0172912987885165 0.205677602130228)
(0.0141616738971687 -0.014335763189827 0.217679471814839)
(0.0157349700646194 -0.0124142113714861 0.212495175275234)
(0.00851639114683741 -0.0169929716297414 0.218211380287611)
(0.0163698813761174 -0.0133516023228217 0.222603681584445)
(0.00988643785152032 -0.0118045904280672 0.217974382220577)
(0.00989357779315266 -0.00712619888906859 0.213130008225722)
(0.019879969296257 -0.00249097050422494 0.211163215331341)
(0.0166238362690901 -0.00571004630831896 0.206114786020877)
(-0.00340314656496414 -0.00849116837301762 -0.213291831777268)
(0.0166279999874629 -0.000699521115913822 0.207996534318115)
(0.0120576931850419 -0.000181864404739003 0.21270112971685)
(0.0155741204190989 0.00436408225990065 0.209505330868485)
(0.0122723646842958 0.00305314170796446 0.216836621014107)
(0.00951353117006086 0.00332140191832038 0.202467851158473)
(0.00798977403773941 0.0113841342609826 0.200217571995463)
(0.00754681711560499 0.00600189380523902 0.195780086817475)
(0.00771640014808615 0.000332662024875412 0.198813700874126)
(0.0127331397153588 5.96536562537797e-05 0.197322746670018)
(0.0131206677515783 -0.00481517382439124 0.200105964163113)
(0.00901799895545054 0.0010018834858973 0.192722260878765)
(0.00420439894942171 0.00179851955877133 0.19551433025329)
(0.013538838662228 0.0060514586790613 0.190618809977779)
(0.00772839108105291 0.00766132229794102 0.186359470906982)
(0.0175412452386769 -0.00445900174940408 0.197175871857849)
(0.00658881853473807 0.0185708245156824 0.187693047022785)
(0.00751667732894644 0.0158923029149441 0.202589079947184)
(0.0114006794363605 0.0163495827883334 0.199024795566854)
(0.0147903254974092 0.0127853566024229 0.200931875698823)
(0.00917462833194379 0.0106914231755446 0.19480856614213)
(0.0122794702413511 0.00627161486606357 0.199806871727587)
(0.0121581913609051 0.00708126734103986 0.205206204301736)
(0.0108445282270777 0.00921354167911377 0.212064224838129)
(0.00851977282879892 0.00755096176522507 0.217631402457905)
(0.0183301592567605 0.00908462439319448 0.214271306277371)
(0.0177501202458923 0.00895704969845928 0.208006261201801)
(0.00658206568429646 0.0161899864799234 0.209048771989696)
(0.00147588668182791 0.0174941934725639 0.208312962835035)
(0.0165762544550089 0.0115671453377889 0.24428461010043)
(0.0109007342756014 0.0164404732677599 0.23614944593357)
(0.0134865913402811 0.0151017354321086 0.228374808058966)
(0.0159291306391147 0.0122993155586549 0.230803407047707)
(0.00935130372512667 0.0155965672256727 0.231725208129905)
(-0.00450307484110265 0.0182449164619554 0.224548916920136)
(-0.00752511270638963 0.00779781234866692 0.220619029801804)
(0.0105035294051172 0.00813282274445358 0.223687134502174)
(0.0139392816908353 0.00534248371951827 0.228243061067527)
(0.0107286828253702 0.00826853143748701 0.230653529448721)
(-0.000580257581700843 0.0124586686434283 0.225261195070518)
(0.00246585415923957 0.0166521816587981 0.2261226757532)
(-0.00122937189145894 0.016275276476758 0.221641353927922)
(-0.000293729969487959 0.00750520867057146 0.223386436437391)
(-0.00265539631885681 0.0113449481626128 0.221239560774947)
(0.0045517662054819 0.00884655738721227 0.219123665723922)
(0.00960631025406111 0.00337269349034505 0.221092245281183)
(-0.00834069626169772 0.015628444066545 0.227732687905726)
(0.00538877817063954 0.0133700201866066 0.227748510403257)
(0.0108965897174647 0.0119020127591361 0.226539674046989)
(0.0068843485424672 0.00885661984742203 0.226862665510217)
(0.00707126387811845 0.0123908667832308 0.223302407178916)
(0.00480319364353811 0.0189705783716898 0.232969136038091)
(0.0056244590214154 0.0194553856580842 0.228010110541314)
(0.0084756369557233 0.018676469906053 0.239506992883634)
(-0.00602875182674118 -0.0139455598919586 -0.222638953224498)
(-0.00862676412704648 0.0145895073181485 0.238522787396711)
(-0.0194049320826874 0.00628130589031245 0.23649001642248)
(-0.0193220143594304 0.00674504464526785 0.241449053608985)
(-0.0153307352780529 0.00897201977635598 0.242078253710601)
(-0.0148652013130109 0.00771736445284096 0.236512550461778)
(-0.00865513793894882 0.0123483477156637 0.233941104527989)
(-0.00961885893562528 -0.0122623172430079 -0.226923039500073)
(-0.0106387853240241 0.00308171188752448 0.239577909241153)
(-0.0108505271614552 0.0085672518031737 0.238723893193897)
(-0.0128775113010421 0.00397999843768627 0.213692884945122)
(-0.0121778746652225 0.00904415065741767 0.21614009372117)
(-0.0134614798813538 0.00227397777931016 0.219059627468718)
(-0.00906428163380761 0.0023831610278385 0.224019693460883)
(-0.0112767264810231 -0.00186725654862136 0.220575980278385)
(-0.00654249455637955 0.0177592408288011 0.211739394724941)
(-0.00263083305649919 0.0206767186753088 0.212659813652399)
(-0.00212148894830595 0.0141036593893834 0.209769735930185)
(-0.00655940608234646 0.0105432845920607 0.208149144266158)
(-0.00934958115051946 0.0138230904232377 0.211196295535458)
(-0.00622145197346781 0.0146162939450455 0.204927609782143)
(0.000442811471131247 0.0126381838125154 0.213722281996994)
(-0.00431887538220024 0.0146729255691475 0.216929580727044)
(-0.00803904981738318 -0.0105325287088414 -0.219179280143893)
(0.00331688888303156 0.0155790543441345 0.216075816386724)
(0.00283740758371246 0.0155314002479771 0.220402677773497)
(-0.00748044878417531 0.0100530081449393 0.215896446314321)
(-0.0128646993568037 0.00864988854902665 0.21030489806874)
(-0.0142293944076692 0.0135721433923729 0.217016556963545)
(-0.0151969918821549 0.00973533360873859 0.205823637871032)
(-0.0139976457104988 0.013575198535192 0.20238162952039)
(-0.0174366516207999 0.00691062721722161 0.197872962550831)
(-0.0115930188645447 0.00914384566752799 0.193141927860729)
(-0.00646585051811494 0.0135847539591002 0.196677529790705)
(-0.00962403021588723 0.0168658694059966 0.200897313835437)
(-0.0122003818658317 0.0146587259029292 0.197012098170979)
(-0.0119650375509019 0.00275978784687456 0.195716954318673)
(-0.0127928193441332 0.00994144300531217 0.198648474524938)
(-0.0175049631706659 0.0103586190669184 0.1907064479149)
(-0.0134729892559986 0.0144826843346714 0.192175359090336)
(-0.00476279278415983 0.00932378599170868 0.203010608772627)
(-0.00954383680976715 0.00885195180263329 0.20441852291972)
(-0.0125924738437886 0.00386409731023823 0.190608800690608)
(0.000564434663889413 0.0106755750989554 0.198462670381092)
(0.00407283098789357 0.0139583249433435 0.190433487089447)
(0.00059642688354543 0.0172593951931609 0.185375957537434)
(0.00831668631692415 0.0122811309075012 0.185536940568603)
(-0.0014797584777113 0.0114077822838908 0.191964096261949)
(-0.000991912153027892 0.0167777027729903 0.193430611196981)
(0.00349816829477519 0.0198733338224375 0.192380854293384)
(0.00409437926358647 0.0194521765695116 0.197319125190159)
(-0.00661037489132313 0.0183393812859342 0.192006489609094)
(-0.00463897740653376 0.0193930491328194 0.196596649459788)
(-0.00389078669370401 0.0162506185751086 0.185661265803929)
(0.00244860244820559 0.0209039528315763 0.187443309165836)
(-0.00753559637439932 0.0173334464082293 0.0565169722502987)
(-0.00304384094417601 0.0193009702440825 0.0579865264651625)
(-0.00755586657470309 0.0172266088443659 0.0516751087278456)
(-0.00309424974079761 0.0191543861752453 0.0530930286346507)
(-0.00169717963363395 0.0110171415923567 0.0548587627144578)
(0.00249279415217514 0.0180932842821799 0.0521236843606751)
(0.0087840074641358 0.018194305739827 0.0523930771445808)
(-0.00156103465436827 0.0123101311696343 0.0598013784338828)
(-0.00708047183949351 0.0116880872628312 0.0591247874287744)
(0.00454750022592156 0.0067355894245347 0.0610986633585254)
(-0.00934465815535817 0.0101591913535449 0.0516314324319327)
(-0.0138522195598859 0.00922372228414301 0.0561635513874303)
(-0.00946105859621074 0.00507431731757636 0.0552995364446736)
(-0.0120872304843513 0.0126413807621933 0.0613300984486659)
(-0.00849827266629857 0.0158540687493265 0.0650051440589106)
(-0.0182967501444951 0.00908243036277984 0.0474871038231583)
(-0.0193960481850563 0.00778581906067051 0.0549869055631904)
(-0.0134560743716092 0.0139217442478396 0.0500861645776213)
(-0.0140801701392027 0.00981178056094205 0.044834469177753)
(-0.020159557760519 -0.00420079586958319 -0.228424193830242)
(-0.00620696907406619 0.0103798843124316 0.04730017476636)
(-0.0115977484786626 0.00348873205877118 0.0475268563748309)
(-0.00845776163670726 0.00864710582589234 0.0428780449402595)
(0.00373480506948997 0.0172133196836234 0.0346895517494959)
(0.00548831368386649 0.0111364212932796 0.0340175805906797)
(0.000837587840282452 0.0114939933555651 0.0373702237561598)
(-0.00504139705641996 0.0198483675947557 0.0356403368156347)
(-0.000424836222324546 0.0206021881227948 0.0340573161046068)
(-0.000446603135590947 0.0205731960272754 0.0440572033364214)
(0.00626071398911756 0.0195181991639989 0.0481045890662978)
(-0.00051292298588637 0.020482562791555 0.0390677438924308)
(-0.00290213247258197 0.0167435013326036 0.0425216734341986)
(0.00635027664918793 0.0194712500958814 0.0430841175675278)
(-0.00753961038350652 0.0173107385640829 0.0415707668507005)
(0.00223099492365337 0.0164721499518023 0.0472729789317964)
(0.00184791673897527 0.0165974660524487 0.0414186050786375)
(-0.0131696162966097 0.0152153903673016 0.0264127368799341)
(-0.00980329894899328 0.0172200071102499 0.0291885782817763)
(-0.0121071190297742 0.0126619708687052 0.0163783438067768)
(-0.0161078801618361 0.009936622949667 0.0144613754280174)
(-0.0135605739029606 0.0082648634508761 0.0197506030983224)
(-0.00999084531585778 0.00627343021220214 0.0164598512494273)
(-0.0099027652581152 0.0114057843419312 0.0228145758775102)
(-0.0131836818400961 0.0152945099448315 0.0215119949699654)
(-0.0178952686373465 0.0102355296244355 0.0188617132611187)
(-0.0140167031285827 0.0125125913375869 0.00975898054211041)
(-0.00698810257830319 0.011562289205937 0.009172330503361)
(-0.00991182275511911 0.00620977915848688 0.0114480718327338)
(-0.00960231286567031 0.0171396900153804 0.00982518680813525)
(-0.0177504277407431 0.00961148701027656 0.00999097415675734)
(-0.000988714929652639 0.018788004295021 0.0070459301477337)
(-0.00615124257089682 0.00544608573487548 -0.2438768438906)
(-0.00425590401596611 0.00137212594279654 -0.242071823929498)
(-0.000922511125666743 0.00801354385469966 -0.240731542649539)
(-0.0086124976948927 0.0157861501987415 0.00500422715543141)
(-0.00812121260922099 0.0067410495784194 0.00643197599596598)
(-0.00449993038432385 0.0113461772683763 0.00432184299911613)
(-0.0135244278285717 0.00653813535386059 0.00629942982299845)
(-0.0141343764826438 0.00146271042349287 0.00413861404391585)
(0.0018104796052145 0.0109858665130899 0.0026315013765748)
(-0.00151670312858267 0.0125125913375869 0.00975898054211041)
(0.00291777571565017 0.0119455519475771 0.0163613273541983)
(0.00348573578021954 0.0107850365898449 0.0092538777449591)
(-0.00412170339866173 0.00743553737205966 0.00990967771212675)
(-0.00412346772672598 0.00742836432709905 0.0149144453650581)
(-0.00177651182483241 0.00674213721204967 0.00444069380886631)
(-0.00504350629861172 0.0157608754695092 0.00937975151388526)
(0.00387815713283348 0.020281965682109 0.0267321576838655)
(0.00249247059801084 0.0180930620388192 0.0221307794084652)
(0.00513681441562108 0.0196026829023786 0.0140211988230499)
(-0.0030891851062513 0.0152395057595998 0.0231141080134672)
(-0.00458737880604146 0.0115131473540038 0.0193713135464353)
(-0.000130226819123185 0.0113985024714859 0.0223866945315171)
(-0.00668599521288158 0.0103576431050977 0.0279585832877286)
(-0.00829056257384876 0.00655051684879489 0.021413598758773)
(-0.00366537614484623 0.00318795166276734 0.0199023083443023)
(0.00454646249423344 0.00673506724182679 0.0310984290315964)
(0.00902767822426511 0.00939921234346034 0.0313465427580509)
(0.00817109258840269 0.00713122290915099 0.0256450421306829)
(0.00450026794808945 0.0143862285951089 0.0303342496799004)
(-0.00417895082779526 0.00469774286149747 0.0300188707072923)
(-0.00398786979160236 0.0178894631943701 0.0279128822887939)
(-0.000347214340785733 0.0207028807694979 0.029055113957171)
(-0.00398578714615368 0.0159487991160023 0.0330123253806913)
(-0.0051154526679132 0.0106646965261171 0.0328233413054465)
(0.00878349387492178 0.0181944302788249 0.0273931702116673)
(0.00727569540528961 0.0142651747763343 0.0244799393683553)
(0.00504192188952229 0.00991445206415509 0.0230009731458669)
(0.0173828092456847 0.00634532072940635 0.0268821514581459)
(0.0173828092456853 0.00634532072940604 0.0218821514581458)
(0.00882810311279898 0.015492870788267 0.0108604213771071)
(0.0138814756298287 0.0133913331766647 0.0146943130205983)
(0.0138818111869957 0.0133910392615221 0.00969436005933307)
(0.00902767822426827 0.00939921234345879 0.00134654275805019)
(0.0132687716622932 0.00847718189517142 0.00446974597071915)
(0.0100219107558719 0.00861456157883859 0.0091478484556542)
(0.00727427599479034 0.00245240999558322 0.00330940218562759)
(0.00977202071854868 0.00145931564927465 0.00901461418193633)
(0.0204495603135617 0.00132048215201895 0.0028520351453893)
(0.0123979291749316 0.00662038148864574 -0.00355510466812262)
(0.0173828092456454 0.00634532072942516 0.041882151458156)
(0.012361589131577 0.00489529615614238 0.0362151687183434)
(0.00878490305859182 0.0181942269862342 0.0573930565349215)
(-0.00600153907939054 -0.000510624615901916 -0.235563465456992)
(-0.00342616507849395 -0.000526803943655806 -0.231760417184233)
(-0.00729559710817898 0.00276541374916237 -0.231059146839279)
(-0.009189601746079 -0.00315581035389951 -0.232227244235812)
(0.00878488508294106 0.0181942161282901 0.0623931794977754)
(0.0045155020515796 0.0116796588005394 0.0589777329004726)
(0.00902767821791948 0.00939921234625511 0.061346542760486)
(-0.00870830802725936 -0.00176651175139761 -0.240333496074009)
(-0.00389808013123146 -0.00279182070786883 -0.238926663302923)
(0.0148329350741053 0.00743603940188969 0.0485809623968918)
(0.0173828092455132 -0.00634532072928126 0.0481178485420485)
(0.0173828092450632 -0.00634532072895569 0.0531178485425524)
(-0.00627802106778273 0.00554489957255812 -0.237887948095714)
(-0.0121840062590224 0.00261643810281359 -0.23482237421817)
(0.0100408520482261 -0.00213024871901249 0.0553541288388296)
(0.0102600346706992 -0.00638491657820428 0.062711031563337)
(0.00902767822426803 -0.00939921234345878 0.0586534572419495)
(0.00789147731112317 -0.00251471002107764 0.0509013285603398)
(0.0132046512895577 0.000807233277708105 0.0491072235267258)
(0.0164430044637569 -0.000650108974616614 0.0454706717152864)
(0.0123615891315767 -0.00489529615614279 0.0487848312816575)
(0.00816257001511599 0.00587600949784196 0.0453518548769162)
(0.00809829853415917 3.56465882638224e-06 0.0425004441235846)
(0.00803875923153592 0.00688837864504182 0.0406186834795674)
(0.00333264852424178 0.00449556048630343 0.0427192463557823)
(0.00555389596669768 0.00230746181129222 0.0367452410725656)
(0.0132050132577673 0.000807051431763975 0.039106930147647)
(0.00809726687394611 3.79948998841861e-06 0.0325006017283215)
(0.00916100664852078 0.0148338447017466 0.0333822091092113)
(0.00258219047017709 0.00616860831828604 0.0358999562329246)
(0.0204495603135581 0.0013204821520216 0.0328520351453935)
(0.0123615891315767 -0.0048952961561428 0.0337848312816575)
(0.0149260971554502 -0.000407546910886443 0.0338034411411449)
(0.020449560313562 -0.00132048215201937 0.0371479648546119)
(0.0204495603135631 -0.00132048215202076 0.0421479648546155)
(0.00803445215777133 -0.00688002543593608 0.0343709264739188)
(0.00808015536386062 -0.00696713512747226 0.0393775623821792)
(-0.00264642618791405 0.00475637720735366 -0.231484741644578)
(0.0190853030523242 -0.00587475526477389 0.0435408141252313)
(0.00902767822426824 -0.00939921234345882 0.0436534572419498)
(0.00743070386588999 -0.0141613367900487 0.0453260268772976)
(0.0173859012597573 -0.0100967279076618 0.0361892870329127)
(0.0130088922899012 -0.00733284515109343 -0.236691340165639)
(0.0160492257375257 -0.0114773188817405 -0.240140905726453)
(0.00884599207684551 -0.0181476464055976 0.0326078347607107)
(0.0124602025324298 -0.0125424682256995 0.0505449529810487)
(0.0090276782242682 -0.0093992123434588 0.0536534572419498)
(0.00742790451566732 -0.0141615910697359 0.0503280492712789)
(0.0135972024834823 -0.0110342857463802 0.0624041835404029)
(0.0105942864503466 -0.0157460444046566 0.0609552981683819)
(0.0173859012597576 -0.0100967279076613 0.00118928703291315)
(0.0109743776911678 -0.0142296731480149 0.014126761030739)
(0.00880152334402565 -0.0181531817948539 0.00760079582638387)
(0.00650022414498681 -0.00507862069668465 0.000143761301866408)
(0.00902767822426825 -0.00939921234345881 0.00865345724194981)
(0.00789148546671694 -0.00251467821313763 0.00590185957066226)
(0.0123615891315767 -0.00489529615614279 0.00378483128165746)
(0.0197539888940648 -0.00404456112430192 0.00321527521877048)
(0.0157385463449284 0.00247908082705138 0.00915114651497683)
(0.0132047623195615 0.000807177495201003 0.00410707994040369)
(0.0204495603135617 0.00132048215201896 0.0128520351453893)
(0.0204495603135617 0.00132048215201895 0.00785203514538931)
(0.0173828092456855 -0.00634532072940596 0.00811784854185428)
(0.0123615891315767 -0.00489529615614279 0.00878483128165746)
(0.0173828092456855 -0.00634532072940595 0.0131178485418543)
(0.0173828092456854 -0.00634532072940594 0.0181178485418544)
(0.0204495603135617 -0.00132048215201902 0.0171479648546107)
(0.0123615891315767 -0.00489529615614281 0.0137848312816575)
(0.0125080187635424 0.00191155662285894 0.0134365058919801)
(0.0079120099200063 6.41611242569633e-05 0.0175137771646441)
(0.00797974092205163 -0.00677112490699272 0.0194422558803514)
(0.00653130455730378 -0.00927810800537276 0.0155014058908413)
(0.013131618330684 0.000844528670514574 0.0191136718186341)
(0.00353836233723422 -0.00421505510871792 0.0176554099740647)
(0.00801550107560772 2.96683625921408e-05 0.0225083963918426)
(0.00126399667299383 5.09879943276204e-06 0.0187365036697775)
(0.00530781895207295 0.00643623556589503 0.0195230187924153)
(0.0123615891315767 0.00489529615614275 0.0262151687183426)
(0.0128968577397657 -0.00102955496280828 0.0237342388261219)
(0.0127032478542308 -0.00753991351132134 0.0208268540671276)
(0.0132047318769345 0.000807192789577318 0.0291068159819777)
(0.00808992521804581 6.04700672616376e-06 0.027501996333159)
(0.00803974458050975 -0.00689028532166916 0.0244009944698481)
(0.00902767822426825 -0.00939921234345881 0.0286534572419498)
(0.00745396175322977 -0.0138677379255844 0.0299311984455498)
(0.00637630911262741 -0.018601388346486 0.0226336806038048)
(0.008367009926392 -0.018147187034043 0.017626660767943)
(0.00835903897861271 -0.011867277649381 0.0194771681655109)
(0.00883109100393157 -0.0181459286891399 0.027609775717189)
(-0.00271119325750786 -0.0199479926459838 0.0167504302710228)
(-0.00741889625988878 -0.0193706300276262 0.0197919863542309)
(-0.00902660479698046 -0.0155348407485784 0.015008738808645)
(-0.00644098431201216 -0.0197630811942482 0.0250047190646766)
(-0.00569628994613442 -0.0126994457500553 0.0207273828614676)
(-0.00169725562471544 -0.0110170870634826 0.0251330926337732)
(0.00348777840144542 -0.0105308205874472 0.0258153344770133)
(0.00115144670223337 -0.0149188899569328 0.0260142156015979)
(-0.00157116833456486 -0.0122596168319164 0.0301416407302504)
(0.00346305728070974 -0.0105757178995472 0.0308114457038259)
(0.00329573203015398 -0.00602603760292629 0.0291525501231462)
(0.00388109393221806 0.000646834714842686 0.0136912630319687)
(-0.0016425947474457 -0.00437810314155273 0.0197480578844616)
(0.00291120099503248 -0.00511722006700804 0.0235378882960824)
(-0.000713526001851556 -0.00315794021390105 0.0260364641785769)
(-0.00417895082779407 -0.00718056656307944 0.0299971652626861)
(-0.00659485934004545 -0.00189791040576042 0.0238498156831604)
(-0.00371224596252912 -0.000520214687753705 0.0308532478041149)
(-0.00841942760792729 -0.00402369326156695 0.0124124620073157)
(-0.0041833847539397 -0.00432672278626831 0.00951196842575759)
(-0.00380879495477448 -0.000618290364836951 0.0158040153594219)
(-0.000825845283898912 0.003496406780837 0.0140527132772127)
(0.00573495625937204 0.0051774925430908 0.0120469100976276)
(0.000509985787777051 0.00764808368559962 0.0115617943178044)
(-0.00330850995697301 0.0009570533227803 0.0104548581596096)
(-0.00105551254994392 0.00201245803375089 0.00124389019850177)
(-0.000869435218818164 -0.000427010084556636 0.00597141228286317)
(-0.00597247664417982 0.00255241958327923 0.00384731023481934)
(0.00308493360417319 0.0058411244344942 0.00158320390640513)
(0.00454667021413242 0.0067351717850542 0.00609898637547711)
(-0.00926317152226202 -0.0154035538733845 0.00996968189578816)
(-0.00787235188412637 -0.0103772985140829 0.0160560696430191)
(-0.00336444537645847 -0.0180347032744243 0.00205262216386034)
(-0.00718791311612063 -0.0143762964900972 -0.00514803809862122)
(-0.0183357544055576 -0.00922144605492655 0.00260694598207903)
(-0.0202540612442313 0.004316385344533 -0.000431766700452084)
(0.0125811733798312 -0.00902076637500444 -0.229941361497316)
(-0.0108031033858205 -0.0112733464795156 0.0122966361039413)
(-0.0184166541392136 0.00507420640513929 0.0061003190901492)
(-0.0165490072083065 0.0103849666856837 0.00540811670645951)
(-0.0182647819928588 -0.00166868579086369 0.0126101063141268)
(-0.0132556035516584 -0.00254291081762208 0.0159148172012159)
(-0.0174763329625675 -0.00694929914056681 0.0170849174472784)
(-0.0188870668663452 -0.00304670487632041 0.0238090675482045)
(0.0131634545098214 -0.00502600886176551 -0.232853048112487)
(-0.0132522255799932 -0.00222730123547676 0.0209161307409751)
(-0.0187418267396878 0.00433730388027216 0.0276094312376813)
(-0.0182550422833062 -0.000612858882749635 0.0288389150190446)
(-0.0130199194103412 0.00289477016573874 0.0241516987546265)
(-0.0132464931600525 -0.0021707498933573 0.0296103752090633)
(-0.0130258280439692 0.00274400730603347 0.0291382028013689)
(-0.00991492866150174 -0.00530027493687711 0.0285948678224386)
(-0.0102400297197512 -0.00607768921499507 0.0236188561231614)
(-0.0089364623666614 -0.00559970062223181 0.0172929649571723)
(-0.00866071374787504 0.00207494918729227 0.0268752821050051)
(-0.0199897680339443 -0.0054611924608865 0.0291389039646419)
(-0.0152257404389725 -0.0119071842840551 0.0158178341398844)
(-0.0133361849572261 -0.0152002105902874 0.0299779998533465)
(-0.012122900502025 -0.0160310312482946 0.0253414052704107)
(-0.0133580756176244 -0.0151362462444551 0.0449522647790777)
(-0.014085255906322 -0.00984875050655523 0.045190982245421)
(-0.0134565157028868 -0.0138934074743767 0.0399112587074429)
(-0.0167912775893613 -0.0116710582950994 0.0373742582877242)
(-0.0108528980930493 -0.00963813365040559 0.0382938420866986)
(-0.0030517000331125 -0.0193105518154412 0.0320134562974975)
(-0.00354173200850897 -0.0163164485394851 0.0232842996479146)
(-0.00709746601745507 -0.0152188759549504 0.0267291055114936)
(0.00373476687575796 -0.00940124357556864 0.0415892261335483)
(0.0011515336693846 -0.0149177224948417 0.0460109324715474)
(0.00068931472251418 -0.00961498172080771 0.0456856933342634)
(0.0011529871083548 -0.0149198816675824 0.0360142371319199)
(-0.00574222104239575 -0.012802107592331 0.0457075819934355)
(-0.00432019552918556 -0.00661132792419468 0.0484314165045028)
(-0.00623523991124298 -0.0168413532226672 0.041821928526315)
(-0.0108358466451363 -0.0141825735327747 0.0358005085097853)
(-0.00169630511291659 -0.0110177689882363 0.0351334063219263)
(0.00152179828443897 -0.00804717473727444 0.0373487524565084)
(-0.00802249245756125 0.0067892431860251 0.0323650254458952)
(-0.0028836085154625 0.00969538642485606 0.0398725869336041)
(-0.00479909166410086 0.00443880667440476 0.039276692851359)
(-0.00478757036349947 0.00217113056644553 0.044220855895572)
(0.00216939653290701 -0.00168971091383511 0.0409337704462525)
(-0.000962026919223121 -0.000462624340025086 0.0459595872262306)
(-0.00158017013920273 0.00981178056094204 0.044834469177753)
(-0.000266894022814379 0.0028916205245839 0.0385095787033992)
(-0.00383761819689549 -0.00302079030519532 0.0381243554274788)
(-0.0199890997568633 -0.00205508374515946 0.0384526538789864)
(-0.00949433393437153 -0.00500449776249144 0.0346847391704519)
(-0.0118031419728662 -0.0099087684902115 0.0316179235436984)
(-0.00745628710782957 -0.013531814414818 0.0312498348816408)
(-0.0165185758386782 -0.00579885140210045 0.0357773472375155)
(-0.000470369506140723 0.00213563200328678 -0.238144965757081)
(-0.0128451976594383 -0.00166071469755655 0.037101882566585)
(-0.00721158744000695 -0.0098764660344959 0.0347746662173738)
(-0.00930785000568488 -0.0104982536546856 0.0276141597457695)
(-0.0166791700175122 -0.00559138861493511 0.0407718612597139)
(-0.0134979118352108 0.00380057200776912 0.0402756857661553)
(-0.00906861775210451 0.00106511278697815 0.0410606743090362)
(-0.00910824973975981 -0.00384641580310614 0.0398009085440516)
(-0.0136785439249162 -0.00164809555750717 0.042944896060574)
(-0.01355728608594 0.00611486613531955 0.051284446500256)
(-0.0206673210997061 0.00288069666476448 0.0494942032010527)
(-0.0207077139751038 0.00274941153695667 0.0543021136721767)
(-0.017455707286375 -0.00412097371910663 0.0567252296654528)
(-0.0195699320617618 -0.00671214701228406 0.0493211376075277)
(-0.0194787726661507 -0.00369308597637146 0.0639387000317711)
(-0.0146405199123515 -0.00619063412581557 0.0616651462573143)
(0.00217026849453302 0.00466771023749269 -0.234222272021135)
(-0.0156714435483878 -0.00524601635815709 0.052294445442149)
(-0.0143502485664272 -0.00130666467945109 0.0608699394137625)
(-0.0119446673421549 -0.00321364117701568 0.0566488554925851)
(-0.00595529815418344 0.00255150420252397 0.0488446972546733)
(-0.00905345921863868 -0.000981538967127893 0.0453440767853614)
(-0.00482507464780153 0.00444459598636164 0.0541480274143854)
(-0.00141517914201693 0.0126974859586084 0.050078511113305)
(-0.00471467400630428 0.00652291237726523 0.0629340912858442)
(-0.00597730722766589 0.00252808304431666 0.0588479700956454)
(-0.000203633323734737 0.00753974392218531 0.0604756455548974)
(0.00274903205179666 0.00160847154450273 0.0490247609823837)
(-0.0010555118092047 0.00201245699538271 0.0612438889343206)
(0.00578139403641398 -0.00519264057471875 0.0579471980954021)
(0.00455054782309332 -0.00673712156712513 0.0638897967244023)
(0.00338968357858379 -0.0107101183691285 0.0607702729165469)
(-0.000713948333735598 -0.00315548953107017 0.0610330844925504)
(-0.00159308824288715 -0.0077439109576471 0.05760400577546)
(4.2825858807126e-05 -0.00487209281501586 0.0486695290940168)
(0.00374993452536042 -0.00602528987823834 0.0515782336615475)
(0.00471227901399616 -0.00988526099614803 0.0558782917669041)
(-0.00773088014270516 -0.00581167257476351 0.0569773882949376)
(-0.00577379316724086 -0.0142956180967118 0.060358483986349)
(-0.00452634279475106 -0.00969384247811547 0.0635096915590128)
(-0.00809752763017454 -0.00445824689232911 0.0619899004353643)
(0.00692329725889656 -0.00756816488535852 0.0476490449638811)
(0.00116290998205903 -0.0149337262580421 0.056040692342604)
(-0.00277231638085932 -0.0199693158088887 0.0567042777331332)
(0.00353360123100782 -0.0196043870712702 0.0527803997509493)
(0.00644166112726067 -0.0193318316047151 0.04718336234617)
(-0.00336185412756068 -0.0180357205517001 0.0620537394940793)
(-0.016813765430657 -0.0116016019193052 0.0522608478804437)
(-0.00664485845686949 -0.0136561785390115 0.0660472851563289)
(-0.00101877002540491 -0.0133409301403379 0.0607311561114505)
(-0.0163649259137666 -0.0108357305560621 0.0673524441021724)
(-0.0102600380076885 -0.0121978582470393 0.0721611700955255)
(-0.0102792074510286 -0.00999228887168478 0.0671739286049675)
(-0.00986877619766156 -0.0123596331487628 0.0626830044529593)
(-0.0152526485757147 -0.0120506066858143 0.0757751592888654)
(-0.00719588987748727 -0.0149583004962588 0.0820520214655926)
(-0.0075459675919286 -0.0152417551292115 0.0883987575154472)
(-0.00816171694609987 -0.0110060064490999 0.0926416272908958)
(0.0048399365926349 -0.0166061064640794 0.0928422750640229)
(0.00339435757843574 -0.0107005965669359 0.0807622214158584)
(0.00113660222067011 -0.014897556049525 0.0860138841071338)
(0.000693670313556748 -0.00960020713084261 0.0856851629311602)
(-0.00169810956241343 -0.0110164741939474 0.0801343721730264)
(0.000695352020157327 -0.00960300720128146 0.0656892286488293)
(0.00122138472124777 -0.015013318589087 0.0660246903178718)
(0.000694781474511456 -0.00960077905393163 0.0706876688759585)
(-0.00573698871944984 -0.012787869109458 0.0707095756135696)
(0.0011383437720893 -0.0148995687077271 0.0710133121561716)
(-0.00101910685048667 -0.00237783972188806 0.077768560483097)
(0.000693525540540922 -0.00568576839815103 0.082103550548976)
(0.000636199788260358 -0.00971146798188884 0.0756948349573753)
(0.00126628903682527 -0.00326132130810745 0.073269360332922)
(0.00454975101740785 -0.00673672118387823 0.0738902001318599)
(0.00572062885416275 -0.00196512212330461 0.0668292896712676)
(0.00123331734352053 -0.00328992117506166 0.0682689462497557)
(-0.00482743074708002 -0.00454215441845219 0.065713994603447)
(-0.0104412565367398 -0.00735490871559135 0.0744768368005184)
(-0.00924985330043722 -0.00543437109171386 0.0696916629963761)
(0.00531696015450875 0.00329407012394175 0.0667534095875044)
(0.00268286753888099 0.00420116548580355 0.0813264102501586)
(0.00332246074949773 0.00603797424575719 0.0858129932116697)
(0.00816945850629481 0.00588896622992189 0.085350315765965)
(-0.000962976297251499 0.00380290063209188 0.0852967493841388)
(0.00239170852775948 0.000370980937170479 0.0891171376469723)
(0.00317311750958658 -0.00637959176462866 0.0891634065359001)
(-0.0015643417563022 -0.0066460832851371 0.0920381746072825)
(-0.00897667973301105 -0.000198597376238269 0.0840893951503382)
(-0.0131213605019021 0.000687843681755245 0.0925096109012544)
(-0.013639600452403 0.000431334760114142 0.0825003695129801)
(-0.00970839279218267 0.00567721264805232 0.0787417405870091)
(-0.0165797257520677 0.00556679678052519 0.0842491731057569)
(-0.0166923756640433 0.00584151162393607 0.0892954810289311)
(-0.0165593813733324 0.0108582357733716 0.0795006485665563)
(-0.0163773065250494 0.00604933309737113 0.0792406471060015)
(-0.00995058801746389 0.00472067923407731 0.0887038667159333)
(-0.0195798543556126 0.00387299794589719 0.0709362551000883)
(-0.0169877822443057 -0.00733967557046855 0.0713396406778456)
(-0.0206486479186539 0.00220369215843183 0.0655318464025854)
(-0.013169325361999 -0.00264143779244773 0.065886239323827)
(-0.00994777522461849 0.00473077817657504 0.0637353051205894)
(-0.0134618636802787 0.00380232823180239 0.0702992587112225)
(-0.018396606484268 -0.000989222431664794 0.0688298844813118)
(-0.0137831577216215 0.0113220735080194 0.0747766437446622)
(-0.0131856801830735 0.0153232387668557 0.0665575774862153)
(-0.0106739975218153 0.00939256387658602 0.0657558108093784)
(-0.0131245727773634 0.00795991801485236 0.0613680847089509)
(-0.0172978973352294 0.0109302132176564 0.0625641220819961)
(-0.0044995608609109 0.0113463951225427 0.0643215612039457)
(-0.0175058041745006 0.0103429507363618 0.0695022256788209)
(-0.0119352265051323 0.0103524648854166 0.0701923094996622)
(-0.0016970004863636 0.0110172701682122 0.0698595625163426)
(-0.00757073761600351 0.0125906078988985 0.0778870188931983)
(1.49265023909635e-05 0.0115304456002177 0.0773586593390781)
(-0.00262984231791248 0.0139514986800654 0.081105910248929)
(0.000121600600133905 0.0161992633578745 0.0759737038858773)
(0.00373514951113807 0.0172135288275495 0.0696899132223208)
(0.00393524266909999 0.013644904902617 0.0742518692680354)
(0.00373549029001694 0.0172137502991228 0.0646902383352072)
(0.000736080839476703 0.0131460335890334 0.0646295869883413)
(-0.000416449973391321 0.0206132099281545 0.0740549504978881)
(-0.00731846047596085 0.0182262854672637 0.0915308203314594)
(-0.00254631429919264 0.0196713713429261 0.0836356797108102)
(-0.00332054351999414 0.0182362294354565 0.0881531539144412)
(-0.00727271855481901 0.0142007862838412 0.0866423988452898)
(-0.00753881062985925 0.0173265077749695 0.0815032129776971)
(-0.00308401987431902 0.0191850146893907 0.0781904444158939)
(0.00248967014955231 0.0180904276783615 0.0921283958169988)
(0.00458135054692857 0.0117027100337247 0.0839744536723532)
(0.000679939010435831 0.00869947465510184 0.0819353325422113)
(-0.000220737166519975 0.0155349018366515 0.0856338132693453)
(-0.00898716370729658 0.0102882069078035 0.082961690110305)
(-0.00416642734443083 0.00736312490613248 0.0849536232185152)
(-0.0131774045578888 0.0152651764396725 0.0863783446317595)
(-0.0120710214708208 0.0152112589804669 0.100171007275163)
(-0.00475980786739443 0.00908274253221642 0.0897154432285164)
(-0.00473040168834697 0.00704615006532119 0.0942985952499072)
(-0.0116101436943049 0.00539524629786748 0.0931046618876149)
(-0.00252207701804032 0.0113453554512409 0.0960804518995793)
(-0.00890218768444886 0.00579393729372231 0.106418916715279)
(-0.00471972641953092 0.00690306737302984 0.0993202944063037)
(-0.00679812624199906 0.0110756773196255 0.100619338881125)
(-0.00426300913745804 0.00882853600421264 0.104097776242931)
(-0.000512501454829579 0.0204831382700976 0.099066361024836)
(-0.0051273402560458 0.0197884551734646 0.10592060812827)
(-0.000225390863476463 0.0155258554389286 0.105641631431987)
(-0.00253735943338013 0.0150478895304842 0.100806887305358)
(-0.000441322916291297 0.020580068168261 0.104057466824422)
(-0.000426348870722839 0.0205992426061242 0.109057011096763)
(-0.00518203900592573 0.0177032431981915 0.110878720492849)
(-0.00513833703584587 0.013573352419776 0.105127009024538)
(-0.00754128372963589 0.0173006660315663 0.101531490697514)
(-0.00758448669847515 0.0155691005032105 0.121697114592183)
(-0.00421575858295831 0.0196170669890001 0.122502726618762)
(-0.00452691315147094 0.0122390027211234 -0.210973912975567)
(0.00522382635241322 0.0138151104029774 -0.211300075386031)
(0.00683629381158048 0.0150197507960669 -0.206856180073319)
(-0.000398434932532359 0.0206315141846705 0.114054267610511)
(0.00146614221392615 0.0188134509653888 -0.206545935805935)
(-0.000223987496661612 0.0155301214400299 0.11062841240812)
(0.00727559685404311 0.014263900751465 0.109482559251814)
(0.00186436174365505 0.0111376357840174 0.107628382462527)
(0.00363680094638132 0.0105867365844731 0.124271324128482)
(0.000238339179889457 0.0165424963488541 0.121943761152591)
(0.00829670733182898 0.0123107992745693 0.124019356763643)
(0.0118222868403748 0.00598881657884729 0.125626797871661)
(0.0135439049783852 0.0110842934941871 0.122608425478179)
(0.00747862802925396 0.00933406077892756 0.128012067030073)
(0.0045075243553058 0.0117536688717356 0.11397232903768)
(0.00373313433916017 0.0172128426324298 0.114689277504504)
(0.00902766068479316 0.00939802013709651 0.111349612788588)
(0.00454634607021449 0.00673500952227047 0.111099117655308)
(-0.00274247935186808 0.013037523017861 0.12176554323534)
(0.00354315322253403 0.0106884812799378 0.119279690153982)
(-0.00659193527664199 0.00188812751470594 0.121138454355016)
(-0.0114965609570896 0.006779904769581 0.118072723236217)
(-0.00801186220167921 0.006907947906865 0.112579611578622)
(-0.0099290422927641 0.00268561240644011 0.113761978794317)
(-0.0156268812062878 0.00914174837458898 0.120284126932602)
(0.00572191150547732 0.0189837227971842 -0.2118296326924)
(-0.00970105986259433 0.0149129132272433 0.110070980888273)
(-0.0179252790119155 0.00846074820029012 0.112356069267379)
(-0.0197193174117439 0.00679303291973605 0.11955169227557)
(-0.0180080899461092 -0.00241554961663325 0.118819604900529)
(-0.0103123896312653 -0.012208206825712 0.117210489427236)
(-0.00828671799795729 0.0118202838280605 -0.202076918397045)
(-0.014240241245318 -0.00761007680803524 0.111635438353579)
(-0.0117670845640671 -0.0162705730785394 0.106614322580197)
(-0.0140636024315933 -0.00973490454016405 0.105201219331109)
(-0.0108928704840636 -0.00952322913184183 0.0985198379102896)
(-0.0199334897128596 -0.00750174982238427 0.0950947176960249)
(-0.0163130753861902 -0.0104510499703573 0.0964134634929658)
(-0.0205098733337431 -0.00163845843335032 0.0997965234665573)
(-0.0165627225010836 -0.00592590425233425 0.100773402427804)
(-0.0158910485222735 -0.00126955904762186 0.0974867522172509)
(-0.01530815445998 -0.0125921980978904 0.10034015595669)
(-0.0195441129006658 0.00319381068577708 0.0959247420051126)
(-0.0165317940811273 0.00396433825457789 0.109934954857705)
(-0.00981580979438215 0.00551300781664465 0.0987943737040589)
(-0.0132475511958549 -0.00241407242334313 0.105898251540713)
(-0.0136271795572999 -0.0003014672497381 0.11247008125289)
(-0.00743175045604216 0.0147195074977637 0.0964737680249842)
(-0.0191909041467691 -0.00831127503573329 0.104059912854389)
(-0.0101835543266066 -0.00539389436031844 0.10359407220279)
(-0.00659983106587302 0.0023052424436376 0.0964463673029224)
(-0.00660493863976619 0.00190598914594625 0.101132633000459)
(-0.00253152641353073 0.00425639344642628 0.102689557042461)
(-0.00103967333651572 0.00365646595685531 0.09529979333284)
(-0.00609462082980848 -0.00559964958915326 0.100691579223321)
(-0.0041415699378084 -0.00055492187069293 0.0935468080462521)
(-0.00845771815639398 -0.0086893035408982 0.107291990483494)
(-0.00574230232979498 -0.0127976693304134 0.105712908039546)
(-0.00169350198785032 -0.0111946399264654 0.110205764565208)
(-0.00407756724673405 -0.00756708968832436 0.10449305667419)
(-0.00410245112447354 -0.00422471582161273 0.10818595911983)
(0.00266486459828353 0.00221294470610172 0.10647590997916)
(0.00454701366391689 0.00673534482812279 0.106099029284656)
(-0.000964720448603197 0.00379981973086201 0.0902896474396655)
(0.00448596318278215 0.0094093518712624 -0.0420113635851594)
(0.00133605026850537 -0.00798481554553753 0.0973604705801858)
(0.00537707047590115 -0.0164169721727762 0.0978482119375536)
(-0.00148626586484536 -0.012629506772196 0.100237580185981)
(0.00151193781493003 -0.00710966127839916 0.105692503515629)
(0.00335065854350376 -0.0107722751109827 0.100786235057969)
(0.0010992621483472 -0.0148934739081581 0.0960062105931259)
(-0.0039706620147948 -0.0102779222477996 0.0960732300177082)
(-0.00247696273120396 -0.0199799412637807 0.0966969845380423)
(-0.000170416753838952 -0.0156226948488364 0.104329946845738)
(-0.00335484370164733 -0.0181375884398243 0.106900930204233)
(-0.000299334101594583 -0.0179601703320338 0.0924616758603628)
(-0.00188994913187194 -0.0201927249769627 0.101715851659795)
(-0.0105257914305922 -0.0171120515765118 0.111423508058477)
(-0.00725127749159002 -0.0174908933405442 0.0932239374006843)
(0.00163149711532876 -0.0204149012735576 0.107399212057941)
(0.00559504387565602 -0.0163561849037778 0.102833943991832)
(0.00998832149754505 -0.0181134231023173 0.0964408103726314)
(0.00535198615173456 -0.0164547046328051 0.107834387820648)
(0.00339162765901061 -0.0107060937148213 0.110755759071977)
(0.00812367506055088 -0.0070471163445586 0.104385527274154)
(0.00525536692441079 -0.0164862181332251 0.112835511369329)
(0.0100873921791904 -0.0147764463291071 0.104128016496518)
(0.00123919158624312 -0.015037291350523 0.116023654969234)
(0.00344739022050056 -0.0106035512307072 0.115777065163161)
(0.00919490257228599 -0.00922490569319487 0.11056962308084)
(-0.00304306075722212 -0.0193353795237124 0.112009558562771)
(-0.00344569530388581 -0.0179670613788872 0.121935745263047)
(-0.00410135010252528 -0.00434154945566845 0.119905187948057)
(-0.00817991200455339 0.00734119613210809 0.121459166097662)
(-0.00411058107528844 0.00748294812682908 0.115134818212021)
(-0.0127518817244125 0.00204117767828524 0.117784993824916)
(-0.0055299580657597 6.43034490224501e-05 0.116313979107581)
(-0.00417705733820107 0.00452170524798526 0.110102284739897)
(0.00407846125310003 0.00466279986053946 0.122068088893323)
(0.0206515498112492 0.00238459623056363 0.123238026026643)
(0.0157163644403261 0.00289511468638827 0.124766091024165)
(0.013552306838575 -0.00339992990025895 0.118624482072071)
(0.0154763903691967 -0.0106152762100667 0.124687957751123)
(0.0148715224674029 0.00731790155999193 0.118577652118522)
(0.0123615855757526 -0.00489529557065197 0.113784826602543)
(0.00810421508025602 1.54715918252712e-06 0.117499822682708)
(0.0123630333371643 0.00489336473653242 0.111217963687503)
(0.00789098438066071 -0.00251481343752923 0.110901942744113)
(0.00693154881905223 -0.0144129121623117 0.120329105036534)
(0.015080306079758 -0.00598224457404033 0.128981385276647)
(0.0101670432329813 -0.00517673990556263 0.12796376468087)
(0.0173858999969132 -0.010096729740893 0.0961892844244734)
(0.0122501732809875 -0.0129872012860424 0.0958604222511603)
(0.00803686296192111 -0.00688470418345176 0.0943807216843046)
(0.00807764995503145 -0.00696244407899634 0.099395392807077)
(0.0173827915585641 0.00634412840881189 0.11188522322168)
(0.0154046515031224 0.0106928644030707 0.110313378539976)
(0.00903145281870776 0.0093920751071883 0.116357787411759)
(0.00341496124551437 0.00551467275033287 0.117037892001535)
(0.0164362319105369 0.0115063273637032 0.115815203214488)
(0.00814210929898029 0.00707211697207421 0.120617772937303)
(0.0100540256671206 0.0139894494426023 0.11966841806361)
(0.00727709969041123 0.0142658429238427 0.104481225940732)
(0.00878064584016447 0.0181959478272115 0.0973930992746863)
(0.0138809347202697 0.0133919263435358 0.0946942528843003)
(0.0138792542982763 0.0133936788302152 0.0996942006668712)
(0.00803901171731443 0.0068890063895922 0.100618025268374)
(0.00902746850761545 0.00939905542342125 0.106347312963165)
(0.00198822928908986 0.0097618758493213 0.102344445217149)
(0.0166283332750758 0.0105122744415785 0.105266139661427)
(0.0125662388161796 0.013350968966243 0.104484666283151)
(0.0170073605142516 0.00975568620614753 0.0934747586288757)
(0.0166260422198757 -0.00348292100698066 0.104920273933442)
(0.0135316154680515 0.00589273331166752 0.0935893976242415)
(0.0132004222431449 -0.000809360043441986 0.09088116990485)
(0.0125586569579448 0.00330548991061301 0.0876306225806916)
(0.012361658987868 0.00489520277855172 0.101215331095359)
(0.0173859112533303 0.0100967111672744 0.0788107135461752)
(0.0124347409487912 0.00854807924570437 0.0757083742030289)
(0.00372294663091102 0.0133075032282741 0.0906731028639404)
(0.00878209974383826 0.0181948992677871 0.0923931481147549)
(0.00878306742405164 0.0181945944077925 0.0873932242711207)
(0.0103079760678137 0.00988084145984789 0.0830120967066855)
(0.00902767820197555 0.00939921235291182 0.0663465427677889)
(0.00458075526648333 0.0117023784614997 0.068975323254818)
(0.0173828092233929 0.00634532073885894 0.0668821514678868)
(0.00803274327548723 -0.00687670262626993 0.0793704443167088)
(0.00742285216467397 -0.0141615497200561 0.0803274676102508)
(0.00809825575402825 3.70217634595527e-06 0.0625004706019034)
(0.0186578520213549 0.000233123429190158 0.0683360343408701)
(0.00682137310130093 -0.0122498373164208 0.0643641637719002)
(0.00742583986575836 -0.0141614955544011 0.0703276922311561)
(0.00884627696243129 -0.018148203946584 0.0676077314096227)
(0.0104095071866814 -0.014531409682114 0.0891331507125032)
(0.00921800474393145 -0.0171576823447313 -0.0877838931871591)
(0.0128051218582085 -0.0155928043736342 -0.0840253760822684)
(0.00825392292499272 -0.0187531093664335 -0.0830298839080356)
(0.0180209926608122 -0.00388343110509459 -0.0716927329849447)
(0.0158553960526365 -0.0115235907396254 -0.0659278371807507)
(-0.00169859821903856 -0.0110161235115788 -0.0748652036740727)
(-0.000766540420965573 -0.0161073492454753 -0.0754277503144063)
(0.0121763719212239 -0.00856187713374118 -0.0726451398044798)
(0.0078992857342325 0.00326892298183903 -0.00856900915544626)
(0.0121170169000912 -0.00212429057286949 -0.0713845447823588)
(0.00733724997813779 0.00996809884838432 -0.0718875883456865)
(0.0126236858185971 -0.00701990141941171 -0.0635135535344753)
(0.0190853031412272 -0.00587475512224978 -0.0664591858652879)
(-0.00937647831891036 -0.01003305192269 -0.00910149148595274)
(-0.00392222044138374 -0.0127380026102303 -0.00925090057249904)
(0.0154196464866177 7.29830376411618e-05 -0.0631490831050114)
(0.0173898051539542 0.00308935533708969 -0.0677779886605124)
(0.00781414421993104 0.0015750161892075 -0.0852867196585357)
(0.00126662493926841 0.00436569233617212 -0.0865357307311606)
(0.00630021011056439 0.00227297955022759 -0.0904545938626961)
(0.00454668227302523 0.00673517785364791 -0.0839010490453824)
(0.0139213014152852 0.000748118413691325 -0.0913359133932441)
(0.014598163808918 0.00102313252302037 -0.0864950299910501)
(0.0158406759043381 -0.00310207803301712 -0.083443398884019)
(0.00937681747100794 0.00870965827638526 -0.0844005647598455)
(0.00813429213386815 0.0118132692399734 -0.0769844569865644)
(0.00648345774549869 0.0186936328487347 -0.0676325632791482)
(0.0115305560332262 0.0110232500481629 -0.0664750477810177)
(0.010019421840372 0.0176203797109362 -0.0629223691218963)
(-0.0022770784574158 -0.0192327468039028 -0.0483327865969977)
(0.00456884629930367 0.0116977304820854 -0.0860231141825285)
(0.00919181181067803 0.0116132265495085 -0.10571669165185)
(0.00803934607584366 0.00688946757850224 -0.109384840648334)
(0.00729380810134394 0.0189518342395279 -0.108503087813882)
(0.00934221191168161 0.00857896488901936 -0.124047132124251)
(0.00523586838358628 0.0145419298339367 -0.126371656572418)
(0.010943444037044 0.0135315818264108 -0.125305517925003)
(0.0118777373734702 0.00930187918364113 -0.112143178344368)
(0.0083449981194511 0.0023810832017939 -0.112831485923778)
(0.0180149387556647 0.0094422615458637 -0.112854151878656)
(0.0149469705632089 0.00906314263755737 -0.117808626271235)
(0.0198380999321821 0.00298933985552468 -0.097597735184139)
(0.0192301096949647 0.00418123718751098 -0.104026527492075)
(0.0153845371700535 0.00122280476406246 -0.103293296606258)
(0.0179842923497293 0.000717897832944497 -0.108131159280155)
(0.0110680789729957 -0.00872524672735954 -0.101613078554564)
(0.00645791924041844 -0.00164906310289046 -0.107333275874376)
(0.00704038159262223 -0.00414769612409366 -0.0994235263161528)
(0.0092790941682825 0.00414279398387727 -0.0961663762243734)
(0.0129929432862714 -0.0158933377845411 -0.0964888254131832)
(0.0166585571732738 -0.0115818215292027 -0.0954031595783347)
(0.00820877482191639 -0.0183045516545717 -0.101420864674699)
(0.00876994169873404 -0.018073207027691 -0.1071241694415)
(0.0168320503021434 -0.0113116580285068 -0.105444059230425)
(0.0115419792398725 -0.0139899606426718 -0.108306845659707)
(0.00701163155219658 -0.0139825276610822 -0.114509299454065)
(0.0111044222528354 -0.0156584032689342 -0.11674876914721)
(0.00655284628935016 -0.0146061105878957 -0.119664267115703)
(0.00739372837190848 -0.0191243668015935 -0.112675385138304)
(0.00279577237685931 -0.0198886803107453 -0.114253717685967)
(0.0109012120365703 -0.0109425203610596 -0.122101750884245)
(0.00297146962912507 -0.0125710391420892 -0.122427797691946)
(0.0154723457547029 0.00171149471772278 -0.120729285620485)
(0.0136446937610152 -0.00598221452448623 -0.128599963124437)
(0.0116308014750153 -0.00916457912868979 -0.117650469915899)
(0.0100371084729259 -0.00381066782336412 -0.111216587864019)
(0.0134278012411576 0.000700588730301788 -0.115900397314425)
(0.0184771821310825 -0.00711920987164008 -0.123511027595704)
(0.0132542324672293 0.00151437484197766 -0.127350419898629)
(0.0202534824135781 -0.00278462922526034 -0.118833946031034)
(0.0157250298036148 -0.00289764546026844 -0.124760284216384)
(0.017619840005402 0.00298894950994067 -0.113265641135358)
(-0.000614540090252005 0.00476585722587435 -0.119996973239902)
(0.000752647727534838 0.00420966379326532 -0.124764045944327)
(-0.00241428099123574 0.00105121106177299 -0.126440513700102)
(-0.000409041179486463 -0.000533085084893612 -0.121899864153761)
(-0.00326033900077282 -0.000383401687526633 -0.116910882068609)
(-0.00390040880900389 -0.00384665302724816 -0.120376857286261)
(-0.00927148474027381 0.00605389926801214 -0.112281905217476)
(-0.00757535943917398 -0.00127490029218932 -0.111152825158618)
(-0.00829158978226626 -0.00477251891954287 -0.118038116972521)
(0.0013488860065037 -0.00517990399482796 -0.121486969959492)
(-0.00776718122548205 -0.000214604830152963 -0.120874916966498)
(-0.00934473425154798 -0.00853441692723767 -0.122199470419782)
(-0.012728315428111 -0.00316007269036353 -0.119176738639146)
(-0.00935778123291761 -0.0120817250220359 -0.11644702913349)
(-0.00604563612900298 -0.00512450092758512 -0.113569128150511)
(-0.00648599068919111 -0.0137931986500083 -0.129600615378682)
(0.0038203158017424 -0.002805590439249 -0.128802453413886)
(-0.0025426077351621 -0.013650154023906 -0.110120905437328)
(-0.00559241054575545 -0.00974798074136502 -0.110415945003875)
(0.00050388934132639 -0.0161005074133356 -0.119198885317418)
(-0.00878698046132349 -0.0141151517631612 -0.120881434295922)
(0.00151224728119073 -0.0142723264084264 -0.113100265903294)
(-0.0119748300262994 -0.0146916800329559 -0.11308971765621)
(-0.00871890882254744 -0.0106763943459564 -0.092925704511919)
(-0.0061042892703911 -0.0153234687357553 -0.094122914579742)
(-0.000939696853433753 -0.020140485781251 -0.0889647273243687)
(0.00502667726861724 0.00175502384716296 -0.0958747468916337)
(0.00156563174455922 0.00592553662349698 -0.0991444062596778)
(0.00353436461909706 0.00479418274762095 -0.104073322065162)
(-0.00417081311771739 0.00220192359140408 -0.106144182495539)
(-0.00936177955155845 0.0019573849357878 -0.0981060898885634)
(-0.00218007164255364 0.00189843828436699 -0.0902118019745793)
(-0.0158208865351959 -0.000658766322731736 -0.0964035407441663)
(-0.01709774793512 -0.0074196607838103 -0.104398299616705)
(-0.0113648837799682 0.00478979544962795 -0.106578254680561)
(-0.0172523650753754 -0.00626941859992898 -0.0979510735281308)
(-0.0206043122375763 0.0027254201132881 -0.0892683524872807)
(-0.0155846455718018 -0.0136080937633654 -0.10932842072494)
(-0.012832832855141 -0.00918677308521666 -0.113470145397289)
(-0.0150050699797091 -0.0135407050999725 -0.116838979440308)
(-0.0101145635197292 0.0125789796158145 0.103623276776753)
(-0.0187046158491886 -0.00466452170398455 -0.110996417358937)
(-0.0179287184475274 -0.00828736061502542 -0.115166512204698)
(-0.0136028407918291 -0.00366121105487351 -0.113465940465619)
(-0.0189995687002124 0.000415885353996019 -0.112198152112308)
(-0.0167530739125446 0.0117464213484405 -0.117348519610296)
(0.00442852739993005 0.0106359597058228 -0.105621168959344)
(-0.0100266322053266 0.010728171188334 0.107922805012857)
(-0.00155097830410822 0.0131353372554024 -0.0993928392302403)
(-0.00199573583142394 0.00931649087198289 -0.095723561588601)
(-0.00459661580063199 0.0115396365098861 -0.0907478850546421)
(-0.0153546054838616 0.0131627313332819 -0.0989494014868945)
(-0.0148176355354568 0.0136994358641363 -0.0910608637224039)
(-0.0116366699392481 0.010942764818012 0.112513162582417)
(-0.0169231225616755 0.0113200075546186 -0.106117910196095)
(-0.00941998691105688 0.0101934273622724 -0.0906353185025019)
(-0.0100654807874293 0.0097724428807258 0.0875265609010259)
(6.17458032085453e-05 0.00948474130081396 0.0872730220442879)
(-0.00299086404405469 0.00684784111129155 -0.0902322273677697)
(-0.00146277313785031 0.0127465721521858 0.0910373058949861)
(0.000878528940568775 0.0097496678397018 -0.0831612899300021)
(0.0016948923766725 0.00795913082849033 -0.0899388702564656)
(-0.00418245922847588 0.0132816066641955 0.0740751988165827)
(-0.00151214692980533 0.0137958116899717 -0.0648383469005982)
(-0.00939309654002708 0.00979468262409604 -0.0672906437314505)
(-0.00427981390249959 -0.0019806762751838 -0.0595719150755862)
(-0.0139659100199008 0.00655947340762541 -0.0675614953913562)
(-0.01815439313671 0.00856236452287061 -0.0771270443017978)
(-0.0175563039682267 0.00881364480930652 -0.0707458781518615)
(-0.0162353035476547 -0.000283972815979194 -0.0618520286841739)
(-0.0122051353071796 -0.0145522168571053 -0.0807006978448039)
(-0.016150024702369 -0.00618573705111508 0.0783848106694068)
(-0.0206377056870322 0.00134257757614835 -0.0819198111954556)
(-0.011420540973278 -0.00988271558237479 0.081597624598533)
(-0.0188267499060289 -0.00845044204836578 0.0861753805091586)
(0.00043850897321611 0.00484888608476056 -0.0817469556977453)
(-0.00153275085156008 -0.000173555872763489 -0.0687957480347241)
(-0.00222901426425336 0.00308021338226876 -0.0644389058884246)
(-0.0100315378068848 0.00466594558158153 -0.0555907417738423)
(-0.00365229834489174 -0.00652239385371774 -0.0550652919011335)
(-0.0012711242599135 -0.0156361588034024 -0.0641847486138751)
(-0.00648760271502642 -0.0100379796367537 -0.0686333283018741)
(-0.00510590827138573 -0.0147939409803306 -0.070968103808447)
(-0.00703926383105691 -0.019024843831708 -0.0762274168435772)
(-0.00534924787553748 -0.0166927483164253 -0.0812118247737695)
(-0.00329955289382389 -0.0198440431912749 -0.0673470091976186)
(-0.00670683934118371 -0.0192149508025854 -0.0866557751960785)
(-0.00416803852968015 -0.0144387061171022 -0.0871078346702863)
(-0.00648199417720543 -0.0191560865454935 0.066949630489511)
(-0.0121193352090812 -0.0150289063343982 -0.0707129434863152)
(-0.0142558784111907 -0.012340356642947 -0.0662341468378642)
(-0.0122824010936543 -0.00804330896222988 -0.0615296654493219)
(-0.00280087185170558 -0.0182011250161872 0.0793369841062244)
(-0.00653065098388383 -0.0134119439306164 0.0776729256043769)
(-0.0110208943160665 -0.0171454606276439 0.0748382274144502)
(0.00379005493674953 -0.0112810451178465 -0.0470541263892583)
(0.000176897915785071 -0.0200065486448674 0.0752061400039616)
(0.00838332603517474 -0.0048755440583233 -0.0493690998011582)
(0.00395082421394368 0.000732309462449504 -0.0512639580870232)
(0.00024121856174957 0.00603188059405191 -0.0543302041022314)
(-0.00786755591002967 0.00486074895587558 -0.0497440460338624)
(0.00178593360777787 -0.0148997644967311 0.078563019587223)
(-0.0109831713942353 0.00616169562599123 -0.0434748937226227)
(-0.00557868989362561 0.0112256084115857 -0.0472675627629062)
(-0.00360343683164092 -0.0148817265769813 0.085058065190871)
(-0.0204408773099154 0.0037518671235184 -0.0435927760354727)
(-0.00298370683556296 -0.00632468678985158 -0.0394055500151379)
(0.00385133257912559 -0.00671039501382584 -0.0321974069900604)
(0.0153644740252089 -0.00474158092952797 -0.0307521889778677)
(0.00592540777231872 -0.0124203759076376 -0.0332365775948279)
(-0.0077433498795573 -0.0187740337569801 -0.0328166509874852)
(0.00534909820086081 -0.0199069860778997 -0.0321440722634117)
(0.00171953722907016 -0.0146282863705759 -0.0306813362699073)
(0.00360739910742352 -0.0196679846685406 -0.0466812006819965)
(-0.00790170190037227 -0.0174129201594662 -0.0398813722110603)
(-0.0123809207646554 -0.0165237524635019 -0.0370619292445989)
(-0.00870083796193818 -0.018031150920214 0.0467116952526187)
(-0.0148519303455912 -0.0125858084311588 -0.0398001377499747)
(-0.0144648304513586 -0.0130090652121052 -0.04465617074069)
(0.0020830741625059 -0.0171609824284795 0.0615364327543659)
(-0.000172732476568636 -0.0203840664680705 0.0651435797673656)
(-0.0110804699454448 -0.00909493790015909 -0.01664149328201)
(0.00651796288625703 -0.0189879226840845 0.0566573603764046)
(0.0066899616160761 -0.0138587363534743 0.0582786276334174)
(-0.0100744096880076 0.00529032636337012 -0.0305158636840637)
(-0.0131266923948977 -0.00279744413624977 -0.0165729490686312)
(-0.00928617511580103 0.0114494191116124 -0.00103279627369054)
(-0.0152229287068099 0.0033454496391851 -0.00834998660356215)
(-0.0136065075414899 0.0143650419427329 -0.00907506164148941)
(-0.0210166930396224 -0.000803874991725406 -0.00767528838668788)
(-0.0105869156453653 0.00126960911798928 -0.00188278898394365)
(-0.0106434523694893 -0.00182540607063703 0.00260448703612468)
(-0.0149350985242405 0.0130720364460006 -0.00403773150636995)
(-0.0192084354433904 5.8275113349885e-05 0.00786716555758564)
(-0.0141543151268562 -0.00375135022168575 0.00871953276729293)
(-0.0194480594099423 -0.00607614399882519 0.00653410408720584)
(-0.0183000539198899 -0.00942818694697677 -0.00405263482644476)
(-0.0129997554939852 -0.01433392115538 -0.01275724356844)
(-0.00416901686596822 -0.0185324130648959 -0.0128683058211502)
(-0.0136491901753439 0.00358333294351451 0.0592122764804882)
(-0.018682539369226 0.00176191637563549 0.0598980507461193)
(0.00134784998712788 -0.019123815892445 -0.00036497853147027)
(-0.00960672418320418 0.000335568200742822 0.0613654044531506)
(-0.00655192285577906 -0.00503412074522301 -0.0148887136812416)
(0.00131806423494355 -0.00632967648731035 -0.0185808559160648)
(-0.00766816486764124 0.005927763778341 -0.020666067230863)
(-0.000690608404859656 0.00802178896029304 -0.0213178458658628)
(-0.00446724881410882 0.00573068133074347 -0.0273981697842813)
(0.00182115512926022 0.00298917504246763 -0.0211717135292818)
(0.00227459826793263 0.0082063195257787 -0.0255024306342417)
(0.00574596843944404 -0.000144229505770973 -0.0195220235858171)
(0.000172922779559747 0.010971535494004 -0.0176326748267199)
(-0.0132254071436064 5.89612418835186e-05 0.0520790812008093)
(-0.015720601019029 0.00110526420044392 0.0340715181366199)
(-0.00733657357072985 0.000868698097167634 -0.0302331018884885)
(-0.000283658108682338 -0.0121140514887704 -0.0182738013628265)
(0.000563081205379283 -0.0202905504666855 -0.0230862744009065)
(-0.00750472574632822 0.00204410961719456 0.0349415967850692)
(0.0103184717722875 -0.00929682530413085 -0.0179914031670953)
(0.0192570603030612 -0.00206068317666688 -0.0270053455905868)
(0.00856305420159991 0.00127430844678021 -0.0277786740934538)
(0.0113041853306846 0.00569086823554895 -0.0189365870300085)
(-0.00263534002640038 -0.0059207866660295 0.0343853653462661)
(-0.00607049783268476 -0.0123036335275069 0.0398226951835561)
(0.00684946779872742 0.00520755616578351 -0.0131886241599352)
(0.0123615891315767 0.00489529615614277 0.00121516871834254)
(0.00635115423120665 -0.0100020017462933 -0.0103852282778154)
(0.00743934123455012 -0.0138952411214051 -8.34992498684107e-05)
(0.00447377677767967 -0.0201260032598138 0.0040936447228002)
(-0.0132391494746201 -0.0109911002229258 0.0247936693004274)
(0.00820733162870149 -0.00922632847312149 -0.0441430974618799)
(0.0151557818337677 0.00236336035239852 -0.0329400980531816)
(-0.0106179736356585 -0.00765923898165034 0.00776792402876397)
(0.0155633919890216 -0.00172143961048932 -0.0534639794570443)
(0.00864379592423461 -0.00140256829491401 -0.059071750983781)
(0.0118906352736985 0.00320346933059814 -0.0612764607819845)
(-0.0183214411585782 -0.00813495513948606 0.0120708594943169)
(0.00486222911547305 0.00912881471668059 -0.057675657992395)
(0.00997888059240067 0.00961761271609596 -0.0548892196524736)
(-0.00134954196898411 0.0152019601354201 -0.0119152730891151)
(-0.000526163867213228 0.0071804282561458 0.0192070398173645)
(-0.00390170111935982 -0.00714027756164184 0.0153216206312152)
(0.00548799393393598 0.0191296955614166 -0.018215566492244)
(-0.0078910518472468 0.0185007575684912 -0.0113593776977715)
(-0.0137011248667318 0.0143264600180141 -0.0249363563694005)
(-0.00618906067414763 0.0191810280012246 -0.0346283843881266)
(-0.00475861691399466 0.0149949013040537 -0.0377298549539836)
(-0.0146012776663816 0.00784370460427163 -0.0486204811844488)
(-0.0093670658505526 0.00932581633035073 -0.0523250725020795)
(0.00415413903076859 0.0189922276602657 -0.0407575487257565)
(-0.00766240176464736 0.0157349004415707 -0.0582068304415994)
(0.00233072238341315 0.0140416159218413 -0.0586428976555741)
(-0.0078331729351672 0.0188072616606044 -0.190860752810871)
(0.00163733640057708 0.0199571753973165 -0.20166813926912)
(-0.00826532090213676 0.0154301786651939 -0.196227165089826)
(0.00224322980115838 0.0164344885943375 -0.192670755016593)
(0.00952088847317554 0.010128797910609 -0.191863112087332)
(-0.0066948908221206 0.011468624411713 -0.189283780795891)
(-0.00877627485286816 0.00685676296435867 -0.187027835617061)
(-0.0124035777096866 0.0084841320719122 -0.189372955007567)
(-0.0116809190619757 0.00735378751874248 -0.205216542424379)
(-0.0112601263637212 0.00846243292980378 -0.21019151705994)
(-0.0118847026880481 0.0171269665984774 -0.214087114976341)
(-0.0176464264123981 0.0103015574224814 -0.216073054789725)
(-0.0142177497282689 0.00583456140996034 -0.220356233379984)
(-0.0137121252977666 0.00761935932579044 -0.2149502793805)
(-0.0178314316632632 0.00855711662577311 -0.211127134232387)
(-0.00982527340728722 0.0111321665594937 -0.214340914566671)
(-0.00513677022096165 0.0160260572096955 -0.220575452833206)
(0.0064235251497804 -0.0193344450539534 0.0371776902159413)
(0.00178070609307221 -0.0197322477383263 0.0430072740804161)
(0.00928685224936345 0.0111124938950621 -0.213963718486057)
(0.0130571218968989 0.00322201062391564 0.0437660541336193)
(0.0122240504206329 -0.0030965298054577 0.0431116327669621)
(0.0190853030528596 0.00587475526398819 0.0464591858747701)
(-0.00600780055248919 0.0179009976861726 -0.213053107367616)
(-0.0106171510939429 0.0178163000276595 -0.221601413192009)
(-0.00608713398878759 0.017678460515957 -0.226126058696382)
(-0.00724918284204619 0.0130464258146992 -0.22878426507285)
(-0.0144810518722435 0.0097604618509184 -0.227854838587574)
(-0.01292715807738 0.00625334182880958 -0.231875055540535)
(-0.0104075150043826 0.0117044742159587 -0.235318439783349)
(-0.0114061487203016 0.00692126409054243 -0.238310648102293)
(-0.0101467310693095 0.0171001512209513 -0.237436013455203)
(-0.014251103210421 0.0141503380226779 -0.237225021791372)
(-0.0148293084359184 0.00707946850545153 -0.241083908765096)
(-0.0189185757380351 0.00869148180278025 -0.238039557262489)
(-0.0108108310003267 0.00892840323697004 -0.244071847858414)
(-0.00755062473495864 0.0131423432716612 -0.239356455460008)
(0.000621387630928284 0.0081358448467707 -0.230495752756312)
(0.000110367195930332 0.015427361670259 -0.227453607523319)
(0.00197699556057569 0.00759876197926634 -0.226126354482799)
(0.00519619436070063 0.0124430835680855 -0.22852609904453)
(-0.00722828277515597 0.00572004624813954 -0.227444164465931)
(-0.00661175682520561 0.00882268257024495 -0.232372460986118)
(0.0141992288856818 0.00923622792869529 -0.229775008461974)
(0.0169240664081664 0.012398298673977 -0.226218988827745)
(0.0141558431476656 0.0153652726339919 -0.227724495122377)
(0.0117419152292736 0.00979431169228399 -0.225842437688478)
(0.00768299133663075 0.00330719377651793 -0.224639852902932)
(0.00993739783666812 0.00778236065723794 -0.230587802334416)
(0.00573740803103918 0.0181149101280792 -0.223317384419342)
(0.00858635711267931 0.0184955095394622 -0.219191235746278)
(0.0148578014926917 0.0144287228068243 -0.222579919348876)
(0.00847045909864022 0.0159207171251234 -0.214814009604284)
(0.0147167219890621 0.013923284769787 -0.213734574252462)
(0.0134894269935373 0.0108769065298111 -0.219613250895988)
(0.00461449755431422 0.0117202406735035 0.0489735669284898)
(0.010214298028243 -0.000627649832534816 -0.221066768260572)
(0.0107353748034242 -4.49451738732908e-05 -0.226859210837148)
(0.0153855960996709 0.000232924847764705 -0.227560089364959)
(0.0091103619580599 0.00668096825511429 -0.219656971773822)
(0.00866253188348717 0.00287198337739227 -0.216412528503423)
(0.0120172647846623 0.00599056959442057 -0.213336944743881)
(0.0137356756185346 0.00480916921727363 -0.226055688954161)
(0.0171535545128751 -0.00309998106160789 -0.22425111542688)
(0.0118718263707194 -0.00471648367559071 -0.227625626994706)
(0.011398852762644 0.00202153608508876 -0.230815902644803)
(0.0188526192451775 0.00720592289584176 -0.22931956161418)
(0.0153578256157894 0.00591203849200601 -0.233246272270648)
(0.0157839400535136 0.0121657102458226 -0.245570366526649)
(0.0102545955502574 0.0117892369365938 -0.208345939402347)
(0.0178015941580058 0.00634663806129762 -0.209506634315724)
(0.0185575431512462 0.00731198396466008 -0.197575125972282)
(0.00361578256316171 0.00027633852166118 -0.193003142851346)
(0.0127853355765725 0.0125100967140235 -0.196142060037071)
(0.0132802545452179 0.00783023724384132 -0.188130343547154)
(0.0117511956162152 0.0147133031066609 -0.183326558778195)
(0.013606286283792 0.00979011492424319 -0.183539552653958)
(0.01808001827552 0.00711534124677816 -0.189062209591229)
(0.0189624636461252 0.00736227802254719 -0.181864217037025)
(0.0205377028252411 -1.53977890207182e-05 -0.19754102782046)
(0.0188060494245627 -0.00471264619662461 -0.202801336552928)
(0.014189498883831 -0.00562673312827046 -0.199573212752324)
(0.00681816601956113 -0.0050657632867112 -0.199139799014666)
(0.002474774557862 -0.00919094422344284 -0.193598007653345)
(0.010367675172825 -0.00453998153766097 -0.195750953716845)
(0.00389801399040649 -0.00483009070934122 -0.203962607750247)
(0.00715641571143262 0.00433413453795426 -0.212161683851968)
(0.0118017480200174 -9.55285856375587e-05 -0.214309734460761)
(0.0156461337196441 -0.00466588882736246 -0.212883964291108)
(0.0102727140320915 -0.00473425163315382 -0.2149585045487)
(0.0169273576490591 -0.00821632776737433 -0.208663123360039)
(0.0111472880994603 -0.00333722457508128 -0.210368136400617)
(-0.0015031801908858 0.0162467629650414 0.0370845424638155)
(-0.00572857009180612 0.0135560552473321 0.0378019205107437)
(0.0075350079889581 -0.00871075305247762 -0.206659024314968)
(0.00453761056570228 -0.0147829186783045 -0.206930663983026)
(0.00902905748965197 -0.0115037999961375 -0.199326705148651)
(0.0133558994689752 -0.0147885830214787 -0.196762726510763)
(-0.00237185636383549 -0.0168505274793344 -0.194864510999383)
(0.0164735900700632 -0.0117056841662918 -0.191216383576288)
(0.00832885739106687 -0.00295571015785625 -0.230150933847091)
(0.00863327167681024 -0.0187202764389737 -0.23465310455022)
(0.00984591340919799 -0.0168548280830678 -0.229349774046656)
(0.00748814584568188 -0.0188508180549543 -0.239371710995731)
(9.06533683122035e-05 -0.0196881254745177 -0.238295997853385)
(0.00459004359983114 0.000821718208918451 -0.228072814425646)
(0.000844905058919327 -0.0106126966975435 -0.232271424334859)
(0.00193499452048756 -0.0149555187137046 -0.242334492261331)
(0.00445235320947052 -0.00834892113551595 -0.2368194870107)
(-0.00400447872037572 0.016592466644406 0.0480146801376782)
(0.0101557403500618 -0.0124561937114763 -0.22831013636296)
(0.00574548010527415 -0.00965912050483824 -0.227744966161276)
(0.00290775107122531 -0.0134673318542832 -0.228280682175506)
(0.000494919990153558 -0.00606100138530304 -0.229528156463999)
(-0.00111810192448069 0.00166235608333997 -0.228455789987682)
(0.0107342363275223 -0.00763073761348145 -0.223209877775038)
(0.017111040276269 -0.00762414216768232 -0.225911145688352)
(0.00780769987160981 -0.00576718808702202 -0.22596524971539)
(0.0065212782158129 -0.00301895070321609 -0.222363420370973)
(-0.00547872804628056 0.0125185740320767 0.042823238505075)
(-0.008856301181702 0.0144039523764991 0.0461575645691813)
(0.00159264461126893 -0.0107403150964471 -0.222474686157019)
(-0.00302657863403305 -0.00412799746259249 -0.215350804627878)
(0.0172274707173575 -0.0116274509538916 -0.230532064250615)
(0.0056678707078579 -0.0189176081561484 -0.228407348656784)
(-0.00281952017325355 -0.0172450018353304 -0.225984871148923)
(-0.01482190584648 -0.0116248740070493 -0.219540206147331)
(-0.00292551138586064 -0.0122718957295997 -0.228632485856526)
(-0.00592832363748706 -0.00757871315460715 -0.230430355695395)
(-0.0147768083793045 -0.0138798756330941 -0.212384011774511)
(-0.00574931282424102 -0.0126594989186082 -0.21437271801638)
(-0.00658042849636121 -0.0151119634215004 -0.235698603775919)
(0.00388557519271963 -0.00666416134110171 -0.223374002465711)
(-0.00329499916931881 -0.00229564168520931 -0.226489289954326)
(-0.00398656488369903 -0.00546891298790614 -0.234627427005309)
(-0.00792453420804211 -0.00916281851519267 -0.234291443090473)
(-0.00185191334891041 -0.00912059042836483 -0.243779320531096)
(-0.0139213466927418 -0.00319993881737665 -0.234311061262196)
(-0.00835715651762679 -0.00389564589460483 -0.245625578264894)
(-0.0073673307292752 -0.0188495137310945 -0.24454331461252)
(-0.0105709706753572 -0.0171796630076131 -0.23849589758377)
(-0.0105415543858438 0.0170867593445275 0.20745995432675)
(-0.0146220463804675 0.0144054047378111 0.210467454618606)
(-0.0201563906846462 -0.00624482798260368 -0.243248776096728)
(-0.0122453353685257 -0.00239623066291222 -0.243509242491141)
(-0.015521977857922 -0.000597405272213842 -0.237890333984704)
(-0.0160531948065807 -0.00433745348383977 -0.241552311424767)
(-0.0118471536009465 0.00215943386425301 -0.243072387553996)
(-0.0164964490278416 0.00949468556658037 0.214201097667914)
(-0.0201708079949394 -0.00215814590963509 -0.241341972613987)
(-0.0187810578899458 0.00178449158674524 -0.219326793872044)
(0.00785372207214721 0.0137944569994636 0.214564480154655)
(0.0035118628484755 0.0075704344973112 0.214843265621041)
(-0.00424129869444591 -0.0204609187823964 -0.211182926953787)
(0.00161706834287129 -0.0198867898333429 -0.210134440347101)
(-0.00167869263789472 -0.0139397651111506 -0.206996421049598)
(-0.00477385136653992 0.00443651070568595 -0.207942269269995)
(-0.00507508533826877 -0.00461582024476449 -0.210970666423773)
(-0.00668741628732524 -0.00539715744931899 -0.20629731104447)
(0.0037833999197959 -5.02948145409915e-05 -0.218549788529759)
(-0.00936344079771661 0.000294202970098545 -0.206357230734119)
(-0.0118771635179935 0.00340251654087701 -0.201674142068895)
(-0.0119364213453559 0.0030222070980898 -0.209298221900751)
(-0.0140971624203258 -0.00690814950603908 -0.215099310758292)
(-0.00816540520442507 0.00325797679782535 -0.198569568672177)
(-0.0184876613253519 0.00346176470328489 -0.20287621575479)
(-0.0197096518733406 -0.00150995799241536 -0.197705515511437)
(-0.00558280439635029 0.0111398057192127 0.230783781628836)
(-0.00294649822653522 2.41673355973707e-06 -0.189195919850121)
(0.00508386234841226 0.0046014744204668 -0.188691798356872)
(-0.00401362429263292 0.00594914977259358 -0.183056749104666)
(-0.01633264763092 0.00095285358050559 0.23619816348596)
(-0.0124783185965886 0.00430563073349477 0.23483500300227)
(-0.0149811842010873 -0.0142186632131381 -0.190005699804808)
(0.00236752144485766 -0.0200165463615166 -0.189229169150825)
(-0.0164972992714233 -0.0100504070374581 -0.185804683395728)
(-0.0099654019072511 -0.00945268755811773 -0.177343332907319)
(-0.00746957399995159 -0.0117229064222345 -0.170325051058559)
(-0.0118156936195049 -0.0134099754140118 -0.174846882757497)
(-0.0126325254157626 -0.0119626400466432 -0.170543107994502)
(-0.0128111772080417 -0.0072468329992182 -0.170140475331039)
(-0.0131681592931331 -0.0144130380832417 -0.157312765356201)
(-0.00985251875325822 -0.00802769494223551 -0.156553754042515)
(-0.0166965334756808 -0.0106272017503443 -0.156559767528391)
(-0.00431934454805311 -0.0125394530718099 -0.166516358772898)
(0.000615319902269373 -0.0134782183671411 -0.166413030060034)
(-0.00453117010756196 -0.0191369167164782 -0.157694295647709)
(0.00903561316710689 -0.0170672520558717 -0.158986950853409)
(0.00686563834702145 -0.0187138969161009 -0.166212318371361)
(0.0082748991241949 -0.0016885441258243 0.242974566818973)
(0.0101292375108156 -0.00176395808094335 0.238957930705525)
(0.00085837354057639 -0.014797111091918 -0.161384976886536)
(0.00388597347526796 -0.0098618232756693 -0.165010273044006)
(0.00770502010707969 -0.0115188826511739 -0.168319924697144)
(0.00623181819817554 -0.0150077584525368 -0.176983225768676)
(-0.00826774873242944 -0.0153173445752496 -0.181803665607518)
(0.00183092799399144 0.00125620902564907 -0.179813802688486)
(0.00975469141837135 0.0173581474301759 0.226955109788176)
(-0.00412432206532161 0.00615823327502804 -0.177492403414061)
(0.00473537910517285 0.00723830023823528 -0.170666739860731)
(0.000354803123920361 -0.00527946115059375 -0.16339684128095)
(-0.00484553453397258 0.00435584644627312 -0.159819211950746)
(-0.00489990997630126 0.00968075146315615 -0.15653792510612)
(-0.00822266161404755 0.00472398925268237 -0.16333676691469)
(-0.0166381664466822 0.000912947652671377 -0.157988112551553)
(-0.0131995031156284 0.00938649717837894 -0.164029441721397)
(-0.00948228528952426 0.00877621259600099 -0.167470198711884)
(-0.0132663972591217 0.000509967407132001 -0.170306426371292)
(-0.010514959765433 -0.00382191859975438 -0.160779221214061)
(-0.0154169768062949 -0.00176186252417613 -0.153101874704427)
(-0.0126353592823766 0.00240431766422591 -0.155871517626295)
(-0.00987172109028755 0.00532012676280744 -0.175907653028239)
(-0.0102694366605136 0.0109741569754355 -0.185434715627866)
(-0.0122660294460811 0.0154691266667058 -0.167713867249455)
(-0.012456426846668 0.00172018636110026 -0.177381409324316)
(-0.0196294714596333 -0.00563149152568418 -0.178190441275663)
(-0.00210624308242796 0.0136870306433578 0.229668008187192)
(0.00202569410490549 0.0135871816629565 0.232003285920693)
(-0.00307569190222888 0.0109707137020489 0.234526796920083)
(-0.0183314754868009 -0.00471542714538574 -0.183829020641531)
(-0.012050463426508 -0.00683102618406393 -0.183040417216023)
(-0.0106409703528539 0.0165774655733011 -0.177912520888005)
(0.00578183036221802 0.0106743490069972 -0.184092985172549)
(0.00951968309909438 0.00406533245668063 -0.180766716137623)
(-0.00583435329022305 0.0065108737976614 0.236284356366919)
(-0.00874604648529161 0.00763208000123343 0.232544780346535)
(0.000831251432760471 0.0169687278033284 -0.173089166164426)
(-0.00234800258149521 0.0193126806452813 -0.157906376624265)
(-0.00608558851172178 0.0152944519225648 -0.159531633580881)
(-0.00963992041296254 0.0153139112787636 -0.163002665820524)
(0.000586962787066765 0.0166475315902673 -0.16158425017647)
(-0.00443863166176656 0.0131356804538169 -0.163819449373612)
(0.00516716341332213 0.0190620254100193 -0.171573279733871)
(-0.000682194652780034 0.0141523260542748 -0.157865137974228)
(0.00566438938695406 0.0127927320170807 -0.158153400389656)
(-0.00562926169683789 0.0116116994732447 -0.151278827781329)
(-0.00661099502208849 0.0184336802543068 -0.155523421218606)
(-0.0101751535823782 0.00681160231216359 -0.147252593693315)
(-0.0124668753420015 0.00131351401080531 -0.146966926064953)
(-0.0107943406735186 0.00156748908190912 -0.140668864716745)
(-0.0150386708845884 0.00172115633221882 -0.142573315048179)
(-0.00976169056067496 0.000746414144651819 -0.150852330089524)
(-0.00959445449032799 0.0178646016540037 -0.143535048172654)
(0.00493972953184561 0.00677731124239897 0.23184254332802)
(-0.00652744827047443 0.00201499865216359 -0.154816041848965)
(-0.000674150570361724 0.0138541800146684 -0.146859083115405)
(-0.000376346480010284 -0.00127001815620817 0.240241654713575)
(-0.000135918335750028 0.0155136482186285 -0.134420688628118)
(-0.0037845976692135 0.0199926524896082 -0.126346897372775)
(-0.00725568607554037 0.0160630885655296 -0.131368975115486)
(0.00293798540165858 0.0192299436196455 -0.129593467821604)
(-0.00340936341791209 0.0199168353545629 -0.13751644880569)
(0.0056597264763979 0.0175038448216026 -0.135908658477953)
(0.00777361503391245 0.0118496675151385 -0.131108951125331)
(0.00101681928394738 0.0111305075728008 -0.132581578913297)
(0.000476213260899327 0.00559409545833716 -0.129512371012919)
(0.00874851784549116 0.0180347429381065 -0.128125955148015)
(0.00530549722991241 0.00737407356737157 -0.132826769805717)
(0.0110532045504736 0.00893400297814816 -0.134382456424229)
(-0.00419427225750318 0.0132558365042546 -0.13641615895883)
(0.0124163719860687 0.00971949930067634 -0.128823885090935)
(-0.00666618418543758 0.008061502699094 -0.138040115057905)
(-0.0169776125894578 -0.00805065473675065 -0.129321348969844)
(-0.0159036199473039 -0.00323106490154614 -0.133818956987574)
(0.0069180281480092 0.0109643808306936 0.232688411641979)
(0.00227157141455441 0.00896228552454662 0.229044982966082)
(-0.0115423982295155 -0.0165326728418416 -0.128606647475611)
(-0.0201233239693085 -0.0046345114805434 -0.153341775960452)
(-0.0196141874571489 -0.00370639910652975 -0.148751382184715)
(-0.0208221745391906 0.00190757140239615 -0.145770108748233)
(-0.016607667287165 -0.00153560120974548 -0.146001892742846)
(-0.0202648035562167 0.000948022237105896 -0.154422022554668)
(-0.0141814802891796 -0.00553771731179984 -0.142118885361942)
(-0.0132961444532019 -0.00426001220545759 -0.14836249756828)
(-0.014680395046694 0.00387032738574138 -0.150804527216006)
(0.0141226996327083 0.00531744871458183 0.223185448987316)
(-0.0141278034441254 -0.00741342189969158 -0.152613453378263)
(-0.0058646104030603 -0.00689813799763007 -0.152695871888195)
(0.000390813368155883 -0.00713901032566844 -0.148063308817962)
(-0.000265752072097425 -0.00971133324178719 -0.151961951528997)
(-0.00899774297293761 -0.0123563534682838 -0.14307614373495)
(-0.00016527816766348 -0.0177819056108941 -0.140828941635197)
(0.00811252696386462 -0.0142456518896227 -0.152732174474603)
(0.00454299682977671 -0.0170317866478337 -0.134532789360906)
(0.0070474723793256 0.013973838409453 0.238831497611546)
(0.00254143187887501 -0.0208054948007348 -0.137700653036018)
(0.0181806727323836 0.010168609003815 0.226870031067213)
(-0.00132137624542941 -0.00722702263799541 -0.131931823963712)
(0.00585191422404043 -0.0131290554696492 -0.126434976035411)
(0.00508221626021697 -0.00783892726565744 -0.133229860618246)
(-0.00085279056854781 -0.00550236597568633 -0.137727050203646)
(-0.00633912486446778 0.000910431936524241 -0.131483066760339)
(0.0122473511086329 0.00804834905874391 -0.14439153086845)
(0.0134269610730717 -0.00398112981532782 -0.136268076158382)
(0.00864172651428898 -0.0078316168912746 -0.138430101979639)
(0.0101257868025422 -0.00964783975729871 -0.133824723395076)
(0.0199849275949456 -0.00571114985192293 -0.135843609793138)
(0.0132293629983995 -0.00727985460717076 -0.139626334158291)
(0.0191100328541168 0.00102655570955924 -0.131350965697158)
(0.016729857657325 -0.00390319877496408 -0.132397137642349)
(0.0146623492771012 -0.011124341250379 -0.14196515675846)
(0.00889654485239129 -0.014637830529297 -0.135134118121727)
(0.0161866346172299 -0.0120198278241 -0.147440850174718)
(0.0171923188184891 -0.00737258425951358 -0.1548635297946)
(0.0144969769644101 -0.00567150142209951 -0.1583053063432)
(0.0190067294481915 0.00585348365088169 -0.15882516732251)
(0.0110760980633768 0.0169847939425219 0.205985512239361)
(0.0184759194806706 0.00929399839898291 -0.168653045445448)
(0.0138152506500581 0.00931562594124745 -0.167232409357675)
(0.00828102287475527 0.014433956848859 -0.163372338351698)
(0.0107912008983534 0.0129594005070887 0.190118554326552)
(0.0160490169574102 0.012685084989764 0.187451423179557)
(0.0113107922768192 0.0161568788861449 0.186595067903453)
(0.0181034170301942 -0.00905694141336831 -0.166266996308403)
(0.00854366232274575 0.0170478808521835 0.193550979181187)
(0.0100475781999106 0.00408162398482928 0.0643975508426708)
(0.0191587595390988 -0.00712247289054451 -0.160527771115339)
(0.0134935676256263 0.00130220010351659 -0.179841830745507)
(0.0125741708493861 0.00682470989173706 0.185577702897419)
(0.00937105758566212 -0.0100079389763492 -0.162293395223153)
(0.01696405926269 0.00226864914211488 0.199091504992918)
(0.020681069489543 -0.000557349228954467 0.197417897844791)
(0.0189382270574322 0.00426271657814432 0.204758115776992)
(0.0107847845507534 -0.011053082601896 0.180139404040729)
(0.0144149516766175 0.00503698599828911 0.195424696756814)
(0.01116098035478 -0.0144199547575842 0.169902653854009)
(0.0119762335622984 -0.0161166530523212 0.165613074898192)
(0.00666661758527878 -0.00965925439869262 0.165925615761933)
(0.0142297376533836 -0.014689067774368 0.157682931143665)
(0.00642773790560962 -0.0197414022760846 0.16919008198545)
(0.00360160084593267 -0.0202785189958124 0.157363286334762)
(0.00954408149420953 -0.0173966303798428 0.173849466370058)
(0.00984098350186897 -0.0109975625165286 0.185298882802028)
(0.012879015165174 -0.00661398330879195 0.183277998888392)
(0.0100002777641089 -0.00973227519201057 0.190197796236528)
(0.00898999656879203 -0.00496794188279607 0.187242713037408)
(0.00407947445231201 -0.00682366503649989 0.186821699122953)
(-0.00176432714118127 -0.00835447382405213 0.184030715630092)
(0.0114004884459908 -0.0063963986378813 0.194296337419398)
(0.00721488322826625 0.00231886691216948 0.182422741700599)
(0.0123324571422505 -0.0016686173881075 0.185496187327877)
(0.0188702994501193 -0.00728636177953103 0.172309429293009)
(0.0170639035200526 0.0105983412444067 0.178818537839738)
(0.00485325273512236 0.00392394882142133 0.174357467800753)
(0.00268641837274994 0.0069537409206147 0.17056870729284)
(0.00680621550525047 0.0116957434638536 0.172822261140579)
(0.00769417881750537 -0.00115333941270693 0.16579918765217)
(0.00328263055597187 -0.000444349392824918 0.163861031716722)
(0.020239329026196 -0.00365648759933953 0.165221842969679)
(0.010324949746579 0.0179332685390949 0.17201889823079)
(0.0181486852056813 0.00487212692873383 0.219234828225419)
(0.00668043655754284 0.0121743365448685 0.178463310592649)
(0.0105677829479789 -0.0121893369982159 0.213380145157103)
(0.00358285897905236 0.00922950680342534 0.191199920855982)
(0.00939234066863285 0.0170174702066624 0.18121832714155)
(0.0115564155078698 0.0170668794211718 0.177050683529515)
(0.00773902985192302 0.0142071122700935 0.161837163694462)
(0.0148186032552018 -0.0120156952176324 0.196315734146128)
(0.0113518162749258 -0.0162582196250125 0.199730379364053)
(0.00925238968101296 -0.00933190619544177 0.197971267392238)
(0.00968009279477513 0.00967655950918114 0.15047353643648)
(0.0143643929986167 0.0127666959693993 0.147960723256369)
(0.00494468118426989 0.00810786906721557 0.151229461032723)
(0.000136554350952637 0.012737431401462 0.162001322145856)
(0.00261786071344288 0.0207898535753753 0.143058763369729)
(0.0112392165473763 0.0160203860253682 0.142068820759609)
(0.00689556307489545 0.00633706725696944 0.131794644049783)
(0.01175550666848 0.00678902904470087 0.134233089775266)
(0.0182252819952937 0.00824510207946402 0.126054733762414)
(0.0190951375366799 0.00585456703206656 0.116454212248071)
(0.0102552751921405 -0.0113558373899279 0.237597912420421)
(0.00557292381004164 -0.0124805121744204 0.238709369618428)
(0.0134468846971773 -0.0145293949040954 0.148757250209192)
(0.00971171557039353 -0.0116051269103353 0.148573421086884)
(0.0143641012310992 -0.0143530503250695 0.142182646152147)
(0.011319504124475 -0.0165969844047454 0.152591151042818)
(0.00657467320987396 -0.0134051199877361 0.126022683482529)
(0.00696357845851317 -0.00920576766345546 0.128288878455702)
(0.00459815442327114 -0.0067608147249245 0.123896156410844)
(0.0129425008488161 0.0007303784152253 0.235271038646598)
(0.0153693692212029 -0.00201615691730119 0.126343194437209)
(0.0147923971937894 0.00414877279584057 0.131167501190939)
(0.0198111143466618 0.00300063638935405 0.134302344027681)
(0.00850172389405524 -0.00415003494866366 0.120841806583679)
(0.00917335905786252 -0.00847858562610222 0.116223286954805)
(-0.008123601889319 -0.0040850912434767 0.126034811071282)
(-0.00770737231522782 -0.00315179996043991 0.133771221953725)
(-0.00761720569518099 -0.0124592370168774 0.131398565558995)
(-0.00337991735164691 -0.0203407313130542 0.12826829586563)
(-0.0117662509539624 -0.00721133784226152 0.12553020416392)
(0.00513979599789181 -0.0183807075455891 0.132521962574267)
(-0.00601288913444855 -0.0154470716648879 0.145725439569285)
(-0.00414389625486043 -0.0157027650680878 0.153462407857351)
(-0.00170069777001153 -0.0142253807250724 0.157322016123906)
(0.0161314213130414 -0.00139308991892022 0.232283617305153)
(-0.00615929230502544 0.00157152798974064 0.143243227872091)
(-0.00683507706720614 -0.00397989417185948 0.151079635481575)
(-0.00890969738687188 -0.00810635761075327 0.155253307794912)
(-0.0113210715378636 -0.000891592159087427 0.158473753523496)
(-0.00945321635633714 0.00274382209164949 0.152129731239678)
(0.00129270331160503 -0.00776625268628832 0.241037488536835)
(-0.0123655602704346 0.00786419690539733 0.14908692442309)
(0.00258311556268191 -0.00943584151510803 0.236000314036364)
(-0.0196837690648258 0.00553650072534851 0.145292126255992)
(0.00329472989825346 -0.00366734172545196 0.237350175423108)
(-0.0183855668493024 -0.00802392650843726 0.139946630383665)
(-0.0159074641623704 -0.0126798605112928 0.135286142676165)
(-0.0113202188240033 -0.0168910504478924 0.133590495712051)
(-0.0168115887852902 -0.00963674567380291 0.130405520417631)
(-0.0206028494720452 -0.00351492172714888 0.126219742447518)
(-0.0180795825894781 0.0092537539262424 0.134804205804854)
(-0.0151112295848848 0.00408039911508798 0.121247675711604)
(-0.0161851907379808 0.00446400163932869 0.115491280414722)
(-0.0143219029287526 0.0140642101350162 0.133050328951973)
(0.0173556346910379 -0.00462274618261235 0.228112869245023)
(-0.0196248464130184 0.0055179447756945 0.13892622826071)
(-0.010101440219951 0.0119547594676212 0.133646521846903)
(-0.00689978821497705 0.0130079490961525 0.149517347109108)
(-0.00355750772436584 0.0146041143083301 0.146565852961031)
(-0.0018738359445687 0.0157511250864379 0.142135238205643)
(0.0015278215434036 0.00896762039528892 0.133437660564625)
(0.012857415449289 0.0017326627168767 0.225864660531755)
(0.013572948025619 0.00603480362107984 0.23346756479224)
(-0.00395912607596597 0.0162510364060648 0.127174594985002)
(-0.0024832882910047 0.00883591653846575 0.157945078157087)
(0.000911637937784662 0.0105781062243439 0.148335584778037)
(-0.00286432915449255 0.00857549122180891 0.150295742351677)
(-0.0138656436369885 0.0147217643855468 0.154732452211223)
(-0.0133553761043186 0.0158134235375684 0.147986269733497)
(-0.0176841704553884 0.0107771740909133 0.163830740696555)
(-0.0139578660943629 0.0149242578524093 0.163864180029884)
(-0.0156203328026291 0.0112264651867458 0.169000575498352)
(-0.00957751497457153 0.0167383317895341 0.167618471253274)
(0.0147410417543511 -0.00103799840457904 0.219707335773617)
(0.00977160347887315 -0.00161615576098815 0.219826701381106)
(-0.00519834211550004 0.0121616618808261 0.181772231133525)
(0.00553625105638602 0.019859984718942 0.182736778573563)
(0.00560777885836662 0.00771941557746812 0.181947907229737)
(0.000901524515297775 -0.000430816105383313 0.167636963029767)
(0.00755282602477287 -0.0187091184778137 0.222529007555746)
(-0.0121949128340477 0.00817325851000558 0.18022887252714)
(-0.0132597017545438 -0.000763910256826292 0.179749349904209)
(-0.013075224332425 0.0125337808289417 0.187313196343024)
(-0.0136632656089178 0.0150766170031761 0.180301465456794)
(-0.015841368085052 0.00312948636131989 0.172912533262971)
(-0.0192663909679342 0.00628753643651697 0.186926089209697)
(-0.0144875599678413 -0.00271256546149393 0.175538200921321)
(-0.0168781033396504 -0.00216597609581723 0.186903905064998)
(2.69896320881819e-05 -0.0158772645243233 0.227744465900845)
(-0.0112335175995377 -0.00619718640315898 0.185450030448106)
(-0.015609922858693 -0.00486460678111939 0.191258387818105)
(-0.0176250327956425 -0.00979376512963558 0.191524477504165)
(-0.0114634962064038 -0.00229030187492052 0.188906814445765)
(-0.0051874818318929 -0.0129805834532988 0.226760459956687)
(-0.012404447963662 -0.0162462282088142 0.228284967520577)
(-0.0115650440659252 -0.00296309621988916 0.171944741845061)
(-0.0108888511195002 -0.00703066431024623 0.16882438978801)
(-0.015478088373215 -0.00336110652307993 0.167622814074384)
(-0.0125918917688452 0.00574066221561143 0.158604803496511)
(-0.0110094129537481 -0.00610929989124292 0.159524498483578)
(-0.010719420299514 -0.00519096368418473 0.164081656271588)
(-0.00449922864815282 -0.00636224796705649 0.167140656127854)
(-0.00348968217645338 -0.0122421115551145 0.232169172222871)
(-0.00330870188785797 0.00260100041277388 0.162534842298919)
(0.00190458207692272 0.00387897686559677 0.161654277282469)
(0.00204848888776624 -0.00818797751349357 0.161748124522446)
(-0.000522173617352027 -0.00428277115513408 0.163877559071317)
(-0.00604031582905551 -0.0061247613854564 0.179646846212933)
(-0.00464139324621833 -0.00890851948316397 0.176268739419871)
(-0.00598557457729221 -0.010744540335371 0.184965155258817)
(-0.00567941993840217 -0.0103172612948713 0.222491303411754)
(-0.00636964445913234 -0.00544467596645927 0.184951634537023)
(-0.00477105804847399 -0.0159001510026049 0.184653481983809)
(-5.69689644513987e-05 -0.00804250895441703 0.178116989188861)
(-0.00155906657311937 -0.010736451858251 0.173243579904391)
(-0.00497725849674183 -0.0126646911265077 0.180659130158564)
(0.00320003679281576 -0.0151001684268655 0.177020928710182)
(-0.00337839293834596 -0.0163538232850415 0.173916781363899)
(-0.0077898153308494 -0.0130475125316895 0.175797980281879)
(-0.00315157372341841 -0.0100666229362698 0.217802330531778)
(0.00212835052192232 -0.0197366118053638 0.180357015652922)
(-0.00047090490228501 -0.0205898274420329 0.172725145958828)
(-0.00545420034958971 -0.0199489734052489 0.171707658942978)
(-0.000423092932987013 -0.0169172411642043 0.162034298015227)
(-0.00128683556317437 -0.0143493836636555 0.168390342625071)
(-0.00675382406335528 -0.0102390003392805 0.170265584772575)
(-0.0117932093146939 -0.000288063896460647 0.226323835035652)
(-0.0094056228356866 -0.0176673880632013 0.175063855709965)
(0.00251258796613812 -0.00872124161338486 0.230779011282219)
(-0.012259799572537 -0.0161019277294714 0.201987253518125)
(0.000642531861948689 -0.0204748733065376 0.196338601598337)
(-0.000476516744478901 -0.0195369252277979 0.202106116772568)
(0.00140548285321443 -0.0198317135492817 0.190233072461121)
(-0.00398036700227535 -0.0151796912844661 0.197212526447689)
(-0.00613544886402551 -0.019805567729112 0.204463871444693)
(-0.00903562792207665 -0.00262719465909546 0.19390252064379)
(-0.00395664570527479 -0.00191973898571142 0.191917018381222)
(-0.00238392058765452 -0.00688906681605756 0.202311498529726)
(-0.00572222185065712 -0.00956868418086732 0.210141227105489)
(-0.00878081867195568 -0.011816155765545 0.205330579605624)
(-1.36643546155238e-05 0.00602142369798016 0.189309332699516)
(0.00133001412434424 -0.00449174364229653 0.232555900841133)
(0.00186846428914237 0.00619004014523796 0.195317837088855)
(-0.00301832133956503 0.00686625014120732 0.193515967940489)
(0.00421090483843067 0.0139233611133367 0.196532460664619)
(-0.00582732056745099 0.00281538887939786 0.191572382651833)
(-0.0144665824265992 -0.0013127963975572 0.194938901606841)
(-0.0111561255308402 0.00417010774356024 0.207744174792254)
(-0.0132942523020397 -0.000597009376957383 0.21036382356917)
(-0.015546620113048 0.00416113634009245 0.203279196491702)
(-0.0194131669649996 -0.000931970235909432 0.209682409101572)
(-0.0187681902099859 -0.0062746706087295 0.207601900339666)
(-0.0130666220287146 -0.00466803880360369 0.214123879222107)
(-0.0157230248673089 -0.00932129024970999 0.216216031953966)
(0.0011728591340405 -0.0141228129162615 0.234940770784959)
(-0.00776328207469879 -0.00134769345016511 0.215860923595853)
(0.00506006828710203 0.00028109107710612 0.214591787667778)
(-0.00100973102178781 -0.00235542479491003 0.220018178972212)
(-0.000444940246156659 -0.0165632036253788 0.210042680379685)
(0.00364755832444957 -0.0200944783743116 0.21438987438928)
(-0.00523349408840726 -0.0146421944089078 0.20751208495203)
(-0.000931319294882014 -0.0119792357366368 0.205908502512927)
(0.00818568836240881 -0.0181823634291785 0.212254946450628)
(-0.000626923256016867 -0.00620699071424343 0.245637652121281)
(-0.00166900189943338 -0.0101073630893718 0.23835610152751)
(-0.00487282338802935 -0.00691130639424457 0.244564757389822)
(-0.0146476759032397 -0.00323533950424572 0.233463964724215)
(-0.0195583587707835 -0.00379082953919767 0.234714161690324)
(-0.0120098325536481 -0.00225092744379783 0.23733920096371)
(-0.00911040070523952 -0.0151866610540765 0.237618840162267)
(-0.0189531519278265 -0.00694078985768857 0.238187864388466)
(-0.00482904158906847 -0.000246951565689687 0.239978018175447)
(-0.00784899482826574 0.00194321926360086 0.234056030860252)
(-0.0141129061887668 -0.00871324248810503 0.238466679011186)
(-0.0180290086095611 -0.000974225366510951 0.245064835410681)
(-0.0134062810006001 0.00342546888901638 0.245379205070644)
(-0.00929251754483406 0.00737198574625771 0.24467458634993)
(-0.0133953120428913 -0.00451470774522169 0.244601523389653)
(-0.00770798035443717 0.00226577011948145 0.244518056882459)
(-0.014182527821182 -0.0146419753890434 0.237161763114486)
(-0.016368196897799 -0.0126426551226438 0.24110671515086)
(-0.00697204787157857 -0.00965166474235391 0.241647709693091)
(0.00374393897223282 -0.0182068486814973 0.226245350091938)
(0.0177828370797166 -0.00857936021572166 0.221294898712614)
(0.0166551366472234 0.000791777716089017 0.21355262951154)
(0.0124531882720328 -0.0151706166822122 0.238407799316388)
(0.0170721549624148 -0.0109343995139123 0.207452327764696)
(0.0127655321813528 -0.0162693073437887 0.212655270681695)
(0.0117610550210386 -0.0094753191090085 0.208488600121974)
(0.00998782627242369 -0.0123067115510953 0.205012319908419)
(0.00809069742898599 -0.00788551860970937 0.203572222327713)
(0.0106340260609491 -0.00395672080770805 0.206954796534174)
(0.0185945815534082 -0.00870465489508883 0.21651981723322)
(0.00978610731350762 0.0124075738174698 0.208747037550385)
(0.0149653602803476 0.0129665186749565 0.209886289771387)
(0.0179042343368526 0.00943107804346782 0.221894292879869)
(0.0112659814350329 0.0119560968173752 0.245713934176482)
(-0.00616157466341926 0.0192458327867102 0.239116622118341)
(-0.0102098172371916 0.0172843623107279 0.216500551769753)
(-0.00467751644291466 0.0201896358439286 0.217946936898865)
(-0.00439888652409801 0.0198473230208208 0.204665825544337)
(-0.00211769217312238 0.0135255172332308 0.202293515814767)
(-0.00109749568815331 0.0068607670783015 0.211717943787144)
(0.00580896018661705 0.0101011269839571 0.210676540386712)
(0.00448286228022606 0.0119397428550151 0.205106986263772)
(0.000289329851874214 0.00932951899801994 0.20556672829593)
(0.00253910013375196 0.0131218977422149 0.0537704954484374)
(-0.000952446941059119 0.00553094610070375 0.0487438273724218)
(-0.0125147345067768 0.0137669553619732 0.0547444227169149)
(-0.0111669736948927 0.0127432523744976 0.0390959023586827)
(-0.0111550164967546 0.0161723971715222 0.0357614490167237)
(-0.0119385598138374 0.0087695891495939 0.0283448947861571)
(-0.0134251124552683 0.0153433011738301 0.00541951624863826)
(0.00465694662845125 0.0144878955482215 0.00566790687575944)
(0.00324786942341879 -0.00217902123749625 0.00839764223529203)
(-0.00466599659761347 0.012007866666284 0.0144851553420516)
(-0.00217341453174822 0.0183888100260148 0.0132182215245795)
(-0.00915104647763354 0.0182818033449508 0.0228868554905068)
(0.0115918464754577 0.007463523596489 0.0214433899905207)
(0.00778213050082766 0.0117239030813527 0.0186943344511774)
(0.0131898231809077 0.00832184512346191 0.0166320843525093)
(0.00961918689062052 0.00806534052257548 0.0507259017775999)
(0.00777993261666253 0.0135588488693978 0.0538929847555178)
(0.011331462120791 0.013853357862725 0.0590498676170761)
(0.0125351151123069 -0.01479124728699 0.0360851239347858)
(0.0111859919650992 -0.0107522705120576 0.0388401303770291)
(0.00158984258436681 -0.0190983865175888 0.0301772577892868)
(0.0113485519107944 -0.0171032518505745 0.0492116587515105)
(0.00444482819974175 -0.0200837624840927 0.0690943032916527)
(0.0136265689689512 -0.0149131261661048 0.00161512106255615)
(0.0156978945018721 -0.0018611645084799 0.0120772967906304)
(0.0165857979076938 0.00362505476779645 0.0172300760933293)
(0.011659171823368 0.00517025741821013 0.0310477560300476)
(-0.00018734149159679 -0.0199031793801006 0.0241702555643036)
(-0.00189682789967974 -0.019867460693537 0.0393733913386231)
(-0.00866994338339546 -0.018180309414647 0.0308218684936339)
(-0.00822186915305582 0.00148648798812583 0.0183965283769415)
(-0.00297110723949516 0.00252277542978038 0.0252246714420459)
(0.00228493044621048 0.00105682983578081 0.0289857835148923)
(-0.00075830763582677 -0.00128170277761814 0.034843212924874)
(-0.00579959964078764 -0.00743240556159005 0.0218189774142905)
(-0.00628085820204958 -0.00348112762684487 0.00516789234360125)
(-0.0114501722804174 0.000476553062703301 0.00935856279575783)
(-0.00727810480253994 -0.00852050067498372 0.00326627947725513)
(-0.0103761069271864 0.00127648353018902 0.0140199223666016)
(-0.0122706627824605 -0.00812972177931692 0.0198277281194475)
(-0.0202884696205107 0.00278572016634652 0.0227700500627506)
(-0.00618126468998563 -0.0077718412694637 0.0423295823391327)
(-0.00159425909597118 -0.0105486552430361 0.0413542099399221)
(-0.00119325323573426 -0.00536010291121707 0.0441114988789648)
(0.00376759776756357 -0.00339331561376677 0.0358164694725176)
(-0.00233171149914397 0.00618069787997133 0.0346290633698013)
(-0.0102697509941483 -0.00599140329210048 0.0450183980323444)
(-0.0087461723064272 -0.00563084548871174 0.0521364439315696)
(-0.0164212211145728 0.00106365930632036 0.046770387337045)
(-0.0162190204967229 -0.00867714419814105 0.0558935404280057)
(-0.0119886807576154 -0.00918249171636368 0.0583589226544475)
(-0.00790570403928254 -0.000634718179729742 0.0552825024473421)
(-0.00279779702206827 -0.0011105486443576 0.0507790704586535)
(-0.0072402995788563 -0.0100686302755398 0.0511299506162056)
(-0.0126238191602195 -0.00984157750324299 0.0509461391282303)
(-0.0141080018315941 -0.0152336683722779 0.0504982544412641)
(0.00345483481684807 -0.0188406260008399 0.0818280742853508)
(0.000333246679635399 -0.0116647131938248 0.0906253391171414)
(-0.00413450389367666 -0.0101619245541584 0.0749349751117745)
(-0.0070809401079788 -0.00634040080584114 0.0960086307722973)
(0.00425845841325318 -0.0193622175303503 0.0877915723187817)
(0.00425635389586999 -0.0114357725841478 0.0935189195367257)
(0.0112858035492718 -0.0106646406030141 0.100276379852202)
(0.00564958117289054 -0.011531905664395 0.0864397562856708)
(0.0103341305076543 -0.0175340658895686 0.0842143131930907)
(0.00533633439996397 -0.017772892601292 0.0755739429915337)
(-0.00332335729564346 -0.00667962466181401 0.0698788230217225)
(-0.000520006032249141 0.00568544420345674 0.0673384908873227)
(0.00150466584257597 0.00233983200440633 0.0758621464450771)
(-0.00385765412272016 0.00038834445708798 0.0879086964738294)
(-0.00231452433053711 0.00509811274392255 0.0804706770672867)
(-0.00818249937604661 0.00447138364110911 0.0839784301239093)
(-0.00989775916576112 -0.000239635523007373 0.0790105770824325)
(-0.0100891797347991 -0.00125563462654707 0.0971036065634081)
(-0.0201166988168737 0.00304227444572183 0.0769094958882609)
(-0.0128300115416352 0.00358046942270799 0.0756020914947632)
(-0.0180527713960465 0.00806957669919886 0.0750168810888413)
(-0.0108548128705811 0.0155873662166979 0.0746090060784054)
(-0.00327278649620168 0.0165388432855569 0.0679708443405265)
(-0.0021223333669642 0.0198966005084688 0.0927641116266603)
(0.00382724209875206 0.0202494348263116 0.0967530546185406)
(0.00402302735430728 0.0202518165950538 0.0863870116889964)
(-0.00924843148637957 0.013959917432899 0.0914395160542177)
(-0.00273324036267464 0.00940596166900495 0.108891915264755)
(-0.00422820806038799 0.0129075844220159 0.113130641940303)
(-4.6454380400352e-05 0.00605131176367298 0.11328702446358)
(-0.0128000416185151 0.00642724186998925 0.111117525793881)
(0.00184609731348229 0.016587087741191 0.101379890448798)
(0.00606476376908525 0.0193118098154681 0.102744806022066)
(0.00479956013445851 0.0198191949410255 0.109363181584344)
(-0.00551030133213149 0.0193929375264667 0.0962698070380781)
(0.00392900442207506 0.0193125122556739 0.119433307132327)
(-7.82894695055085e-05 0.0145464286326602 0.116301263003329)
(-0.000780639959262231 0.00734647468759796 0.119651328277174)
(-0.00906032695935771 0.0116496315707933 0.118934807468164)
(-0.0070316101149381 0.0121491735102947 0.124626192810655)
(-0.0152930982153959 0.0139194490666077 0.113463980913973)
(-0.0192004755922632 0.000300862653353209 0.11349663523376)
(-0.0101224050004824 0.000373610973367463 0.109380566563169)
(-0.0043497502653614 0.00124857797925531 0.10595092452483)
(-0.00956678577490661 -0.00163509688693372 0.118486545891413)
(-0.0133515522590998 -0.00432499569749977 0.115329250143429)
(-0.0194766237569798 -0.0056105094038674 0.114212849944396)
(-0.0198498606760503 -0.00510017354328277 0.109698783421354)
(-0.0122216081607164 -0.00982589491595974 0.120947850709447)
(-0.0179638560623994 -0.00928676901101361 0.108416042257612)
(0.00313123458270425 -0.00294406290474962 0.10792637255435)
(0.011413830520931 0.00112425545574763 0.107508251820954)
(0.00399099428543466 -0.00213781867870699 0.103215972059962)
(0.00378087724811355 0.0020201963763109 0.11242161331141)
(-0.00518750799914622 -0.018226552063391 0.116384238414051)
(-0.00086741495422449 -0.0193672895980216 0.117914028942855)
(0.00488653391641194 -0.0191738778817919 0.11807642338117)
(0.00166628339650715 -0.0188208087594294 0.122704577832126)
(-0.00874696865493614 -0.0188146435737103 0.121800928020224)
(0.000741310246331021 -0.0142570696075063 0.122622094604221)
(-0.000533598147846719 -0.00156750749326404 0.121812823731922)
(0.00387999257842132 -0.00172922518475361 0.119890590295189)
(0.0084824173958188 0.00507654118704487 0.114142183215223)
(0.00952364858599295 -0.00953257557620876 0.121995477784867)
(0.0148329811530154 0.00743592955328421 0.0885809673986631)
(0.0112489839078196 0.0118744183007861 0.090199677969757)
(0.00770640096484551 0.00218230922438089 0.1019633751289)
(0.0132193079877426 0.015490591339798 0.110408285779562)
(0.0104979630905782 0.0172116575983417 0.114520035268598)
(0.00836431978796733 0.0126700829518514 0.0984053673636446)
(0.0188094738492791 0.00879976022749843 0.0859649903212308)
(0.0168270497344257 0.0121519461293051 0.0889185085751414)
(0.0131403589747252 0.0160065012683008 0.0850808718259357)
(0.0148329478173793 0.00743600897844084 0.0835809637863673)
(0.00770181284742734 0.014836381068806 0.0661780224411284)
(0.0155021482762795 -0.00208282205449219 0.0861724253830507)
(0.0139677501974439 -0.0144716123598467 0.0661446198953629)
)


// ************************************************************************* //
