/*--------------------------------*- C++ -*----------------------------------*\
  =========                 |
  \\      /  F ield         | OpenFOAM: The Open Source CFD Toolbox
   \\    /   O peration     | Website:  https://openfoam.org
    \\  /    A nd           | Version:  12
     \\/     M anipulation  |
\*---------------------------------------------------------------------------*/
FoamFile
{
    format      ascii;
    class       labelList;
    note        "nPoints:26206  nCells:82268  nFaces:189431  nInternalFaces:139641";
    location    "constant/polyMesh";
    object      neighbour;
}
// * * * * * * * * * * * * * * * * * * * * * * * * * * * * * * * * * * * * * //


139641
(
1
3
74196
8589
3
8578
74183
8
1565
48755
8
8803
48755
800
48755
52684
4206
74940
75583
75818
3479
48843
36
37
52
11
8777
61167
12
1420
8778
13
1420
9460
61166
8776
8782
47274
47276
16
22
9279
25
8607
19
1354
64189
19
9028
9506
9065
53208
21
6225
57012
55739
57011
24
9280
59019
24
25
52579
59018
8611
52586
29
31
35
32
33
603
29
34
917
1286
1521
33
7975
57814
32
34
1539
1090
35
9344
1537
1280
75259
75583
75777
75583
75585
75798
1682
53259
68580
42
1126
1822
52
75800
75815
42
1682
53511
53259
53264
47
978
51026
45
48
9324
50
579
50
51027
53080
48
9327
49
9332
50
51030
53082
597
599
53509
68513
75259
75817
54
67770
71693
68516
76350
71282
71284
76605
604
31188
31190
84
85
90
71343
2167
2173
58368
60
2244
36885
2224
39833
8639
8640
9119
65
9131
9450
41259
8638
8642
1067
8640
9453
9124
41253
86
8636
8640
8687
1859
8628
9448
33191
6456
8622
8628
8620
8626
9439
33189
8621
8623
9440
6456
8623
9230
91
9438
26940
6462
9438
9440
9446
103
2064
9433
8665
36955
842
850
2064
9433
79
2252
3386
9150
36955
8666
8672
4903
4922
4935
82
104
2447
31462
9006
9435
71487
80993
81073
81166
17955
81064
81065
87
19411
81090
1066
1067
8688
90
71389
71402
89
91
2021
93
41200
71342
71479
92
712
26940
33188
9438
9446
41199
95
98
41287
2019
27162
98
2493
8651
98
7731
41289
9283
141
142
34749
82170
102
787
41226
32800
34901
38654
79650
788
2065
9432
7498
8668
31464
31465
29693
32200
32201
32606
2226
9070
9068
9069
27964
1839
9319
2231
7988
31494
9067
9068
9069
2226
26996
27000
32800
34732
36912
82201
2443
9168
36952
8675
9164
67171
8685
9162
119
141
41361
74408
2445
8675
8677
2318
7423
8614
141
35410
75258
121
2832
8743
78575
78584
78586
75404
75467
75804
124
6784
75803
126
2503
126
2491
8742
8650
19542
2829
2849
8744
2503
9312
20619
9312
9313
43491
131
2585
2780
20618
9312
22863
43491
136
151
2837
2838
152
2705
6880
143
45446
45447
2838
21753
45446
140
2810
150
2494
6880
45442
139
2807
9363
2798
8659
2705
78741
79926
144
34464
79650
8436
45442
32757
38404
79650
8437
45444
45445
2837
21753
149
2730
2794
8646
2792
9366
2791
8649
152
2969
26127
2810
2811
8701
25994
155
3426
22089
45287
8699
45289
181
193
197
28471
163
9304
9306
159
160
2958
161
164
2693
166
23690
163
165
163
164
8747
8749
20865
166
9310
7822
23689
168
171
2636
43710
77432
170
171
2609
24856
2611
2944
24860
8939
9377
20106
8940
8942
9370
8940
8941
8942
8944
8940
9370
9372
4488
45513
45514
2787
3378
3413
3425
3346
8697
25951
3347
9407
21000
3230
9136
9138
74642
79828
79870
3283
3379
6613
58603
3379
45092
3462
6612
9135
186
37015
38357
82207
38000
79763
80059
2856
2859
25813
194
2857
25814
196
2512
3382
192
2512
25813
25814
2856
25582
25818
2865
20763
37804
79879
80119
195
25813
2856
3380
25818
3383
3389
25965
38357
74642
199
202
2583
6396
26149
6390
8738
9265
205
212
79173
79179
9404
8735
8736
9264
3925
5875
6443
79077
5891
74804
82122
210
213
3333
208
209
21915
213
21916
45184
210
43466
3329
3452
213
3328
21916
43598
229
5891
74608
215
216
7470
3437
9247
43554
7467
23760
8716
8717
8718
8903
8901
8904
3436
3438
7014
221
222
8706
3469
8709
9248
223
9248
9249
227
228
3469
45647
226
228
45648
227
24137
43828
8711
45643
234
5817
44326
4065
6335
13002
77008
3605
13018
76906
77039
68683
77030
77031
3769
77381
77400
77506
256
74826
79160
236
13000
13001
4058
13012
238
4083
4088
4081
4089
243
3977
6601
286
3977
16493
286
294
16493
289
3634
3636
3984
284
287
3637
245
246
322
247
321
247
3681
393
388
3824
4229
251
387
388
8974
389
4228
4770
326
4245
14142
325
388
8974
14139
3624
9196
255
263
3625
3624
9192
5866
74826
79663
291
3618
3640
15764
3980
3985
6598
3981
3986
285
293
3983
3635
3976
3981
263
15389
15390
15393
9192
9192
9195
9198
15389
277
302
353
74199
9197
9198
273
3936
3939
277
320
74179
82146
3853
3855
18493
3872
3895
273
3855
3933
3936
275
3880
7171
3942
3945
3933
3943
276
3893
18714
282
3880
74197
74200
6538
6639
8103
8898
9187
9191
281
8102
9188
8101
8898
9187
3878
3911
18497
18500
18501
288
4020
16493
18279
12615
14137
3619
18280
291
4024
293
3978
18280
3634
3636
3619
3635
3976
6601
14261
18279
4278
4487
4555
298
4275
16444
298
4044
4221
15409
299
352
4218
365
4316
6509
303
4533
16516
17096
74473
75077
82080
15171
16514
4533
15169
15172
4532
4534
13122
13124
4316
6503
17094
311
3709
3716
13166
4805
4806
18002
310
4800
4801
4805
4798
4802
4804
4798
4799
320
347
82121
3679
12274
12277
315
3675
4818
12276
15186
3672
4039
4888
3671
3674
3676
78639
319
323
324
4153
321
322
8618
74178
3773
4154
3686
4272
4272
13377
13366
13378
15371
12433
14143
386
8975
334
335
392
331
8982
12336
3864
4746
6412
6427
331
333
12340
334
12342
335
4408
6426
335
14224
8982
13381
3861
4406
4411
3861
3863
4404
339
343
4480
4554
346
4374
4382
341
4349
8922
342
343
16185
4384
16782
4512
368
4508
4512
8925
4480
8925
8929
4480
82140
82146
355
4280
4551
4275
4276
4278
4551
3728
15438
8633
74195
74224
74239
356
4275
4484
74211
82141
82247
356
357
4211
357
4558
4217
4551
4557
4147
4507
12304
4142
4490
6529
8932
4142
4169
4464
6534
4553
4554
8929
366
367
13121
4315
4316
366
367
367
6512
4457
8924
16795
17375
17379
4582
4585
4587
4588
4689
9252
429
456
4940
5254
9179
9180
9181
17557
9179
9186
4719
9184
8906
8907
8906
9176
17549
7376
8908
4692
9255
4726
4728
8948
7161
7164
17124
407
69909
73695
81919
4722
4723
8948
7160
7162
4641
4642
7137
7396
387
4664
4667
390
395
4250
4251
9402
3682
4272
6426
6427
8978
3773
4747
3681
3683
4246
9402
398
3844
4778
3851
4777
6399
3850
402
403
14531
402
404
4777
403
3847
3851
6444
404
3844
4778
3632
4762
8980
4928
4929
78614
78630
412
73694
81778
409
410
10531
11673
11672
11677
5493
11672
78438
2506
3392
4797
11657
27280
73789
81978
5286
74472
75092
75795
416
11673
11677
11678
417
5013
5521
5013
5513
10224
10225
10226
450
454
73393
73417
421
423
4912
9831
423
427
9830
424
426
425
7935
13867
9831
425
7935
427
13868
4912
5482
11658
5011
430
5413
12002
12004
445
8973
456
458
12002
520
5390
43907
433
5005
9355
5004
9047
435
437
5087
5086
5302
468
5300
5303
5306
464
470
441
5054
5951
5073
5729
5864
442
73366
73426
81685
5197
5950
72904
73194
81682
496
5632
5952
502
5063
5693
447
5088
5052
5132
5143
9200
451
452
5335
451
452
73187
73188
81895
8118
8118
13840
72886
73363
81805
5156
8115
13840
5089
8973
458
4938
5089
461
8160
10354
5144
6836
8147
10362
8153
8154
13594
8152
8158
8971
10300
5192
8149
8176
517
27521
80623
81966
5302
5305
471
5120
5301
472
12034
472
8179
8181
10195
5299
6877
8176
5299
5300
5303
5523
475
5115
8115
476
479
480
478
5158
8119
483
5527
13839
5333
8117
8986
479
5330
483
8119
481
482
5330
5331
5337
5337
5534
9785
8124
486
5526
24381
486
5062
5234
8991
5240
493
495
4992
491
494
7343
516
5778
13645
491
492
9357
9787
495
495
9790
494
4993
7341
13842
4994
528
5019
5953
5913
5917
5920
499
5909
5917
5919
5912
10120
501
502
504
5701
9207
9208
527
5687
517
522
69820
73091
5690
5699
12003
509
5055
5729
9750
509
511
9748
509
510
511
537
5015
6660
6659
537
5014
512
5016
5200
9752
515
4947
5779
518
9038
9788
9038
9357
9787
5781
8036
81786
81847
5838
9361
4949
5779
9788
5389
8991
5394
8993
9224
73097
81844
81975
7282
7295
73701
81955
81975
81983
5837
7197
9051
69888
73702
80460
81967
531
9207
5952
9110
10120
531
5027
9207
5027
5888
5063
535
5064
5069
5949
5049
5064
5949
5071
5945
5065
5230
5948
547
12176
71622
71999
6659
540
541
71721
542
6047
542
71974
9423
71973
5976
6027
71256
545
10366
69852
9421
11215
13816
1840
6090
9067
550
81357
81361
550
18555
71860
72123
556
567
571
6092
14684
71379
555
14684
72056
72415
565
6050
6093
39356
556
6092
6093
564
571
6052
8293
13216
71860
72159
560
577
13710
81279
559
6109
6125
6126
36022
39710
1206
13697
81292
563
7428
8295
35751
563
9087
39356
39363
567
566
9087
570
6092
570
7428
9087
7426
9086
39357
39357
39357
573
6215
9018
575
9118
9142
12941
14473
71952
81292
7006
6219
9056
71800
71908
81292
6219
9144
6220
8491
9324
581
6220
8491
9092
6247
9106
9339
9341
681
699
920
72704
9107
9293
587
588
6296
589
6256
589
60823
62829
62397
9099
9302
68177
592
594
7002
593
8575
595
8574
44102
595
44627
44103
601
1682
76340
76592
76607
68509
68510
71693
53268
76574
76592
68509
68510
70274
71834
68581
76572
603
1092
1095
1090
1091
31189
71282
76352
27728
28642
78121
76284
76290
76355
78139
609
610
27136
78110
609
27730
73743
27186
27133
78114
612
27133
30145
78128
30153
78129
661
30153
78144
659
661
30153
658
661
78145
617
618
626
619
621
653
621
625
78009
620
657
30240
78167
78161
1084
57074
77979
78039
624
626
627
648
630
77979
627
78010
644
57761
629
636
78020
630
631
26993
646
77964
78039
633
57357
77691
77702
57337
77695
77711
57211
77694
77727
77984
2170
2172
77707
639
8728
640
8725
33146
639
641
8730
642
26993
641
30657
642
30676
33148
644
645
656
647
655
647
650
28788
648
649
26992
648
651
28785
651
28790
28786
654
655
656
28633
655
657
657
28029
28631
28026
28030
30240
660
30147
662
30152
31879
662
28033
28667
28703
34080
669
675
1861
667
669
1862
667
668
671
1931
668
672
28838
672
675
671
1860
1932
1931
28841
674
677
1872
1926
679
1946
676
678
677
678
1873
679
28855
28857
687
689
1870
1019
71865
81299
683
689
691
685
1945
32136
685
1946
28533
32138
687
688
693
692
1897
690
1925
693
694
694
697
32136
693
696
702
697
696
697
30085
704
30081
703
1919
1950
17506
71201
81262
737
80987
81230
81278
702
703
704
1922
705
31293
705
30080
31294
708
709
1905
32650
33720
34981
34985
1900
1911
30626
32748
1917
29241
31311
1883
1884
1887
2021
33186
714
2024
36939
41303
33168
41294
2043
2054
39400
718
725
2054
718
721
727
728
2054
726
727
42657
721
724
725
2056
723
723
724
34913
726
35095
34909
2055
733
728
2069
39397
731
29035
36035
731
733
42655
732
29039
733
34888
35095
735
744
2090
740
742
29036
738
742
746
15195
81298
81592
739
747
33219
741
33219
29037
29042
29037
33228
29037
745
747
40642
745
746
2092
42198
747
2118
749
750
2126
751
2124
2115
33217
2114
2129
754
756
30658
756
2124
2132
755
2123
30654
2126
33156
2130
758
33145
43221
2130
36819
761
2261
30061
761
762
763
2264
2287
2275
36971
2287
35591
2308
27704
34019
766
768
770
767
769
2382
30979
2352
36213
39383
771
774
2381
772
35714
39383
772
773
35717
774
776
2387
27453
782
784
2390
778
780
779
781
786
786
35717
784
785
41247
781
783
2387
782
783
2389
28949
41238
786
35716
35720
788
789
2410
33177
2411
36921
791
1251
47959
1254
47200
52089
794
3496
52302
796
3497
48699
795
1295
53001
796
49687
1297
52999
801
1571
61769
799
1566
61766
800
801
1567
801
1565
1570
61768
61769
61770
805
3500
49954
805
806
49957
815
1383
49959
8802
46943
46958
815
816
1383
3504
810
811
813
47765
816
47768
47773
812
47765
814
48301
814
816
1394
3503
47766
1593
52715
69170
819
48396
50169
820
8829
48413
52342
56057
822
823
825
61258
57082
63472
824
47721
825
61257
62376
63441
828
829
50178
829
830
832
830
49214
8811
49215
831
49213
836
49836
833
836
8806
834
8810
835
48293
836
48294
53377
838
50695
62372
839
1630
62374
1632
56895
1450
3509
48771
55999
6557
8674
9157
843
851
846
847
7495
8667
8674
9148
847
2064
848
869
870
868
849
28871
851
2081
851
2067
2080
853
854
62836
51882
56222
871
58334
62837
856
857
3516
861
56006
860
3517
3521
859
862
52396
890
3518
862
3522
862
50348
51650
864
46808
52872
55371
866
46812
47589
867
46810
46811
46812
867
47590
8870
869
2290
870
2086
2087
872
873
877
56222
879
880
1654
879
880
900
67758
876
877
879
878
891
56217
878
56223
56221
67759
883
884
46810
55374
884
55376
55378
8859
8866
8860
886
3520
47197
889
1526
3519
889
47195
47197
47193
47197
56186
1525
47197
56186
893
900
895
896
901
896
897
56217
896
897
905
46862
898
904
58567
52383
899
58417
901
67760
901
67758
903
8861
55383
913
55018
905
908
907
908
909
910
909
46862
52589
911
58567
52592
911
912
58675
58416
52590
58672
8880
50544
55019
920
922
81271
81278
49779
50550
55011
917
918
1534
47334
47427
3527
47328
927
2139
2320
2323
922
14710
924
2137
2248
2319
14832
81254
925
2291
925
2102
2248
928
2122
2137
2138
2322
2106
2121
2319
2140
2210
32051
931
8840
8846
48084
48092
53296
8840
47876
48097
934
935
2142
26985
951
2372
2136
31666
937
942
945
47878
939
48235
939
940
941
8837
8833
943
8832
942
943
944
947
48093
947
948
47879
946
51350
948
51353
48094
53464
950
952
953
26990
951
2386
952
26988
31676
956
30423
2374
2396
2398
32027
38971
39450
2384
2395
2398
958
2206
30429
2178
30429
33817
960
39454
39471
961
32023
962
1959
27502
1956
32938
1963
1968
34900
1965
1979
32247
1972
1983
36092
967
2150
2199
2427
968
2204
34089
34095
973
27156
28954
971
34207
37001
972
974
37005
975
27157
975
41221
975
43046
41220
977
980
981
982
9328
979
980
53077
989
52944
9327
982
984
989
983
985
990
992
986
990
991
7705
988
992
50490
991
57158
992
991
1529
50492
994
1228
6231
51495
995
1227
49837
51493
6230
6233
48467
1000
7706
53217
999
1003
7709
1000
48325
1540
51721
1002
7711
50473
1003
48326
1547
48327
1005
1006
7714
1007
7717
1007
1008
1563
48900
7712
50473
1010
1011
1014
53395
1012
1357
53393
1013
6226
47999
48848
1015
53392
55742
1023
32321
78599
1044
1600
46405
51354
1020
1025
1026
71201
71800
81275
1028
1029
1024
1027
1028
38815
1029
9287
80150
1026
1030
1034
38813
1030
1033
1029
80147
9287
38690
9287
80148
1031
32319
1032
32317
1033
33912
1034
33907
1036
1036
1043
33911
33907
33908
1038
1040
1041
41197
1039
2208
33911
33908
33913
38058
41248
1043
41248
71612
71659
71801
38813
1046
1048
1048
46337
51390
1047
1598
1599
7719
51392
51354
51389
1051
34623
38247
1051
32583
34622
1053
38246
1053
32582
40991
38248
1647
1650
1056
1060
30317
31547
41390
41391
15346
71656
71802
81198
1060
30316
39437
1060
41064
41390
2256
1064
1065
2328
1065
2295
35853
41256
1064
2293
33153
2298
2326
41252
73583
79762
1068
9450
1069
2327
8688
2328
33167
1071
8601
80077
80062
80060
80062
80063
9237
80060
1077
9239
1076
8584
1078
80045
1078
80033
80028
1674
9455
77708
77941
77957
77958
78037
1082
1085
8583
79899
1210
14948
15471
72689
57761
77963
78022
8587
79898
8588
8597
1089
8596
1089
9235
74338
1092
1093
1095
9347
1094
1094
8613
3524
9345
8759
8766
9236
74358
1101
51989
51990
52404
1135
71655
80743
81267
1101
1239
6201
51989
47372
1792
76194
78120
1110
1111
52400
1106
1109
1316
1106
1113
49329
1109
56253
1108
1112
1292
1110
1114
52401
1112
6185
52399
1113
1114
52408
1114
6185
49330
1116
9240
9243
74241
1136
76193
76204
1141
8764
74531
1120
8763
74509
8761
1125
9243
1124
1125
74175
1124
9242
74181
74236
1128
1684
1128
68585
68737
1693
53259
1131
1132
50967
1131
1315
6188
1133
56251
1133
1148
52052
1356
1139
1140
54782
76285
71957
81162
81272
1137
54918
1138
54919
76220
1139
54779
54782
76220
76301
1143
1143
1155
81726
1148
1150
1356
6187
1146
1150
6198
1152
1380
6183
1151
1152
57379
1149
1151
53030
1151
53031
1171
1154
1155
74551
1156
74533
74574
8754
1162
1164
46727
1160
1161
46744
1160
1162
1165
1163
46745
1166
1174
1182
1163
1699
54245
1165
1698
1167
1702
1181
1701
1168
1182
1703
1701
57807
1170
1171
46643
1186
1381
46646
1380
53628
1175
1176
1180
1192
1175
1177
1195
1178
1183
1177
1191
1180
1183
65745
1179
53796
1179
46744
46746
53796
1199
1183
65746
1701
65745
1185
1186
1382
6180
1188
1408
1188
1188
1189
46644
46645
1211
1411
46793
1193
1196
47732
1192
1197
1194
1197
1198
1215
1198
1199
1704
1196
47737
1197
47739
1220
58287
47373
62468
64166
1202
1205
1211
1411
6171
55261
1208
6169
6203
1209
6171
6176
6171
6202
12941
18065
81229
1209
6170
6171
1209
13215
71843
81216
1214
6170
55262
55263
1214
55265
55266
49746
1216
1220
1218
47732
50555
1218
1219
68342
50554
1220
59449
1704
46929
62457
62466
1224
1234
58389
1224
1225
56495
1370
1385
1373
56180
6167
52263
54068
1228
1229
57148
9096
57145
1233
1235
1397
1232
1234
1237
1234
1235
51864
1237
1404
58390
1385
1400
1237
58395
58397
1241
1242
9036
1241
1243
1241
6174
9031
6201
1243
9065
53208
47371
1245
1248
8606
8612
1251
47961
1247
1252
3495
1248
1251
1249
1250
3490
8604
8606
1252
1254
1260
1309
1401
17138
52301
8767
8771
1258
1259
1264
1269
1261
51995
51999
1723
51999
1275
51999
1430
70519
81107
1723
1726
1727
1263
1264
1265
63127
1729
58259
63122
1265
1276
61131
1267
1268
50592
1413
46970
50593
62363
62367
1274
1276
1271
1733
1734
46976
1272
1274
1732
58372
1289
1294
70647
72026
1275
1734
47145
58375
1280
57814
57816
1279
1285
64185
1284
47430
1282
1286
1283
1284
1287
1283
57816
1285
1288
47429
1290
64182
1287
1288
1521
47426
16720
70591
71425
57816
57817
1292
6185
6194
1293
52403
1309
1338
81048
1297
3494
1298
3499
1298
3491
3497
1300
1304
1301
1302
6228
6230
1303
48315
1304
55777
1322
56095
1306
1313
64169
1307
1310
1311
1312
53236
1311
1313
64179
1338
69530
1312
1327
47375
53233
53230
64171
64178
77714
77957
77983
1316
6190
56252
6193
1318
3502
1319
3498
3501
3499
48698
1455
1482
53562
1323
1325
1323
1326
56095
1325
53806
1326
53804
47002
47374
64165
1329
1331
58378
1330
1736
1333
1335
1735
1332
1337
58256
1333
1336
1334
1335
1348
1739
51801
1337
1344
58120
58122
17911
81122
3502
48568
49955
1341
6157
53225
1342
6214
53229
9021
53235
1499
48357
53221
53223
1345
1348
1346
58120
58573
1347
58570
1349
1353
1349
1350
1739
1351
52679
1352
1353
52683
1354
47370
1354
58569
1356
6187
6188
6192
6226
1364
48355
48361
56197
1365
47886
59097
1361
1365
59100
1363
62974
1363
48355
62975
1364
62977
1365
1384
1367
1550
63145
63150
50616
61132
1372
1376
1379
1374
1378
56488
1371
1373
1379
63023
1373
1374
1375
1375
46937
56180
1377
1378
62456
1379
63028
62457
63021
1381
1382
6181
59097
59102
56506
1388
51590
51591
1388
58295
61134
1389
61134
1390
51594
1391
58296
1392
1584
50869
58297
62681
1396
1405
3505
54473
1395
1396
3503
3508
54478
1398
1404
62825
1402
62822
1400
1402
1403
46968
51864
16752
70527
70533
1416
51864
51865
67750
1407
3507
1407
1436
3506
54472
54475
1411
6202
1410
6180
6202
6172
6200
1415
1416
1418
1414
1415
1419
62367
1417
46970
1417
46968
46971
1419
62822
62368
62823
1426
9456
1422
1426
74152
1425
1427
74163
1424
8784
74154
1426
8778
74156
1426
9459
9457
74150
1429
50885
58616
1431
48474
68632
70533
71456
81097
1585
53549
1433
1436
3506
1438
1435
1438
1439
52897
1440
54442
1440
1438
1439
3511
1449
54435
1443
1446
58604
1445
48202
48203
54685
48474
54686
1448
1503
70519
81107
48200
54686
1447
54686
58614
1467
58610
1471
1476
19896
1450
48777
3510
1452
1454
1460
1455
1458
1454
1456
1480
1462
67752
1456
1459
1482
1458
1461
50592
1459
46805
53563
1461
1463
62364
62363
1463
67754
59024
1465
1466
54417
55163
51684
50412
55164
1472
48200
1469
1470
1640
1472
1473
1633
56210
18596
19871
81087
1622
48201
1623
1636
58402
1478
6164
6167
6204
1477
1479
6160
52259
19945
71917
81087
1490
6206
1479
52263
52261
1483
1488
67753
1487
1488
1501
1483
1485
1484
1486
1487
56870
1486
53567
54814
1500
62843
1491
1492
6158
1491
52262
1493
52303
1493
1511
6208
1513
1495
1499
1500
53298
1496
1499
1497
1501
1498
1502
62976
53220
62975
53221
53298
1502
62844
62848
1524
71917
81103
1505
1506
1642
1634
48121
1656
64056
1508
1509
1511
1514
52915
1510
1517
52916
1512
1518
1512
6209
1514
52922
52918
52920
1516
1517
47211
1519
6157
47212
1520
1520
1520
6213
47427
1523
54856
56544
3488
57000
71858
72703
81166
1526
1527
3526
3525
47195
1530
7708
1531
57158
1531
7705
7706
57160
1662
24195
73000
80647
1534
1535
1538
3527
1537
3525
1538
3524
8613
1538
1539
8613
1541
7708
1546
7707
7709
1544
47164
63004
1544
56162
58426
58422
62995
1546
1547
7709
7713
7710
1549
56155
58421
1550
1551
63145
56157
58421
58423
58425
1561
4040
44741
79349
3484
79584
79684
79689
1556
8259
60904
1556
1557
1560
1558
9462
1558
79349
1562
3479
1562
79279
79282
79349
1561
60905
60908
79274
48843
1564
48907
7716
48916
1572
1568
1577
61767
1569
52685
1569
1577
48541
1571
61771
1572
8261
8256
1575
1582
1575
7716
1576
7718
1579
54907
52719
52726
1580
1582
1596
1580
1582
1581
55496
1597
55500
50870
50873
50875
50870
62682
1586
50885
50886
50873
50887
1588
1592
51613
1591
1602
64327
1590
1591
1592
64325
1593
69169
58646
1593
52716
1595
1596
1601
1598
1597
1601
1599
1600
1601
46403
1604
1612
1604
1605
1610
52128
1610
51613
1607
1609
56485
1607
1609
1611
57081
1614
1613
1614
1615
63473
56486
48533
1613
57083
1614
1615
64327
63472
59978
1639
24133
80643
80666
1618
1619
1620
7720
1621
7721
1621
54513
1626
54512
1623
58610
63040
1627
1629
1627
1629
54519
1627
54512
1629
1645
7722
1632
59685
1632
50753
59688
59694
1640
47611
56213
1637
1642
47611
1640
1642
1643
1640
1641
1638
47613
47610
47611
56214
24259
72944
80667
1643
64464
1644
1644
64462
64062
1646
7722
56513
1647
56512
56514
1650
52067
1652
56512
1651
1652
1653
46911
52065
1653
56512
46913
58334
67759
1658
1663
1666
1663
1666
1667
1660
1670
1677
55905
1761
55902
1668
64066
64068
64066
77690
70409
72944
72993
80644
70460
70859
81662
1664
48121
1761
48124
1666
1669
1670
1669
64056
1669
57865
64057
64066
1672
52067
7725
52066
56915
1675
1677
55904
57521
59500
69570
58097
58113
77981
58374
77715
77717
58113
57544
69571
77699
77703
52577
58680
59018
52580
52591
58671
1683
53509
68513
1683
53511
1690
1691
55106
1689
1691
1694
46725
1693
1695
68737
1689
1696
1698
46726
46727
46730
46723
46724
46725
1693
1738
1812
69956
70309
1695
1696
1697
57810
1697
57804
57796
1700
57804
46727
54248
1702
57809
65748
1703
57808
1705
59449
68154
1713
50554
68342
1709
1711
50557
1710
1711
1719
1710
1713
1712
62865
1714
56431
1713
68347
68346
1715
56432
1716
1717
1718
1719
1722
46832
56441
1720
1728
58258
1720
62865
62867
1727
1729
1730
58262
1725
1728
1729
1738
1804
1815
70343
1726
1727
46832
51993
1730
58261
1732
58372
58373
58378
1733
1736
1737
47146
1737
46981
1737
46975
69461
80535
51797
1741
1742
1743
1742
1744
7984
1745
29483
31811
7984
29491
31813
31811
31815
31818
1748
31815
1749
1751
31821
1750
1751
1752
1752
29922
34816
7972
1754
2366
7967
1755
31877
2363
27267
27272
2388
7966
31490
1759
7954
33061
2391
7957
33066
7955
33064
33075
7952
32213
33061
55898
55906
1766
53726
57409
78002
53690
54115
77948
77952
53528
53689
53699
1769
77950
78031
78041
77947
78017
1777
77950
77999
1773
1775
56989
1771
1780
1775
1778
54117
1774
1776
1773
1774
54391
1776
54392
54395
78031
1776
54117
1780
54765
1780
1781
1780
1783
54767
1782
1783
54116
54144
54155
54150
1785
1788
54142
1791
54143
78171
1787
1792
1793
53242
1790
46408
1789
54162
1790
53248
1791
46409
1793
1796
1794
1796
78065
54761
55936
78098
78172
54762
78118
1798
49219
54774
54776
54773
54918
1800
1801
1805
54783
54782
76375
1803
1814
1809
1814
72011
1805
1807
24647
69476
70304
50994
56154
76280
76345
76363
76365
1819
50965
1816
1818
1819
1816
76361
1811
1817
54648
1821
53201
1885
1901
80220
1817
1818
53272
76375
76388
1914
69461
70121
76388
76603
53271
54648
1821
1820
76388
1821
50965
53202
46358
53264
55106
1824
1826
2257
1827
2258
1826
1828
1829
35121
1828
2260
35123
1831
1832
6071
34867
1832
6070
35121
35124
2303
6071
1835
2343
2378
2345
6061
1837
2379
1840
1841
1839
2230
9320
9322
9323
9317
2380
9317
29983
1845
31903
34120
1844
1848
34118
1845
1846
31904
31901
1848
33287
34119
33284
34607
2213
2250
1852
8630
1854
8642
1854
1855
1934
8631
1932
1857
1929
33182
57212
1858
33180
1864
1927
33189
33190
57212
1862
1862
1874
1866
1867
1878
1865
1868
31476
1867
1868
1869
1875
1928
1869
1974
1974
1871
1872
1925
1873
1874
1876
1877
33663
1878
1880
1879
30786
1880
1884
1924
1910
80220
80454
80499
1886
1887
1894
1955
32039
1955
30787
70082
80629
80630
1894
1954
1924
1899
24509
69956
73077
1890
1893
1903
1954
1892
1893
29242
1894
1954
32038
1917
1897
1921
1920
6614
1922
1902
1951
32747
1901
24552
70085
1917
1952
69982
80630
1909
34986
1917
1918
1920
1923
29670
1908
1911
1909
1951
34985
29670
33721
34983
1912
34983
34984
70073
80219
80505
1918
1916
32649
30626
30629
30630
30637
69449
72999
80218
4786
4788
75775
6614
34986
1921
1922
1923
1921
1947
1926
1945
1928
1929
9443
1988
1991
73675
81754
1933
32592
1933
1935
1935
1938
8631
1944
1938
1939
8687
1939
1940
33165
1944
8688
33167
1942
1944
1942
28842
28903
1943
33166
1944
32592
1946
28532
1948
29251
1949
1950
29251
1950
30104
31293
32750
34981
31311
32748
28886
36935
38971
29259
1959
1961
1962
1958
1962
42649
1960
39474
42651
1960
39471
1963
32884
1963
1969
1965
1968
1971
1967
1977
1969
1970
42649
1968
30962
1969
1971
1973
36089
1972
1973
1975
36096
28877
33667
1977
1983
1982
1983
1985
1979
1981
1986
30616
1980
1982
1981
32246
1982
32244
1987
1985
1987
37607
1986
36233
1995
43105
9451
69430
80185
9449
25182
69866
69910
6432
8622
8625
78574
1993
80535
81740
2004
30616
30618
69910
73075
81761
1995
1996
30616
36233
41217
1998
41206
41217
1999
2007
2008
2000
2004
2000
2010
2009
41206
2101
2198
79964
2008
28953
28954
2005
2010
41221
2007
2008
28954
2007
2008
28951
28956
2010
41208
41223
2018
8652
8655
74027
2015
2016
2030
2016
2032
2452
74028
2019
2020
27162
2017
2020
27320
2017
2033
2018
2019
8655
27316
2027
2028
2023
2027
41200
2024
36939
41198
2025
2026
28895
2027
2028
33170
33172
2030
2035
27322
2031
27319
2033
2034
2033
74872
2035
2038
74862
2037
2038
2045
74868
2038
31255
33372
2040
2042
2044
41295
2041
2043
27440
28933
28936
41294
2044
2052
39394
2046
2048
74835
2050
2051
31254
2050
2051
27540
33603
2049
2050
2059
74841
31253
2053
2054
2055
27440
2056
27439
34909
74836
74839
76135
2060
2061
27542
27543
2060
2061
74842
27540
2063
2063
2070
74843
2072
2068
9434
2068
2080
33178
2068
41231
33177
39399
42658
2072
2074
2078
2073
2079
28608
35203
2073
2079
27543
2075
74839
2076
2082
76176
2078
2084
2078
2079
34443
2081
28864
33179
2083
2084
33620
76158
2085
34432
33838
34440
2087
2088
28863
2254
2089
28869
2105
2255
2091
29036
38346
2092
38347
42198
2097
28126
28128
28130
2095
2098
34588
2096
28128
34594
2097
2100
33836
2099
34587
2100
33621
34592
33626
79872
79993
2105
2255
2104
2105
28865
2108
2109
31539
2109
2107
2108
29639
2109
2319
29636
2111
2113
2115
2116
33218
33226
2113
2117
2118
40641
2114
2115
2117
2116
33216
2127
40642
2120
2210
32046
32048
2121
32050
2122
29637
32046
2124
2126
2128
2126
33155
33217
2129
36005
2129
2133
36003
2131
30651
2132
36819
2133
36820
36865
2136
2140
2375
2142
2373
2375
2141
2142
2322
2323
32046
2324
2371
2141
2323
29655
2455
34476
34551
2146
2443
33162
36952
8679
28919
36895
2147
33161
2148
2441
2149
2152
34087
2151
2442
2151
2152
2430
34089
2155
2158
31533
2158
31535
34544
2157
2163
2157
2158
34473
2460
32354
31536
2161
2165
8726
2161
30323
42642
2171
9232
2164
32355
33349
2164
32360
33350
33353
2166
2167
2171
2168
2170
8726
2170
2172
8729
2173
6772
77696
2173
8728
77705
6770
2176
2199
2428
2176
2177
28226
2421
33717
2185
2421
32177
2407
33818
2180
2404
2414
2182
2190
33816
2394
2397
2408
2192
33819
30818
33423
34465
2186
2414
2416
2188
2418
2191
2418
37083
74317
79871
79884
2189
2419
2417
2418
2193
2414
2193
27067
2193
29201
32178
33362
34463
34958
2197
27914
31905
2197
9004
27531
27534
31906
74405
74642
2201
2203
34095
35065
2202
2204
34666
2203
34667
2204
35066
2207
2384
2394
2395
2397
2394
34626
41197
2371
2383
2323
2222
31189
71228
28957
40991
43037
2214
2216
2217
2218
34604
2216
2218
30212
2250
34608
27245
30219
2221
2222
2224
2221
31188
31193
27467
31192
2223
31192
2225
39829
2225
2235
39833
2230
9066
2231
2232
27000
2229
2232
2251
28729
2232
7983
9068
27014
9066
27000
7988
29454
36056
43036
2237
2239
2242
2236
2244
2242
27467
2244
35230
2239
2240
2253
35228
2243
2243
28883
2242
2243
27471
27470
27454
2246
2246
35230
35231
36883
36886
2248
2322
2324
2250
6088
28428
6084
7984
28731
8666
9160
31454
35227
2255
2289
2291
39438
41064
2258
6075
2259
31613
2260
29721
28664
29726
2264
2265
2268
2268
2269
2271
2269
2271
2274
35225
2275
2267
27708
2267
2270
30054
2268
30062
2270
31454
31455
2275
2273
2274
35224
2275
36971
35233
2277
2279
2285
2280
2284
39439
2279
2283
2297
28889
2282
2281
39437
2282
30318
2283
33150
28890
2285
41261
2294
35851
2287
2309
27702
2288
2313
35591
2290
2291
2293
2296
35852
2298
2299
2297
35855
2298
35854
2297
2299
28889
28893
2304
2306
2334
6069
2302
2303
6071
2305
34867
2304
2306
2307
34868
2307
30307
34870
2310
2311
27703
2313
2314
27705
2312
2314
2315
2336
2315
2316
35578
2317
2317
38892
2317
35579
35576
2445
36944
2371
2375
35410
79871
79878
82200
2385
2399
29634
39198
2328
33154
2328
41251
2331
2332
30313
2347
35110
35118
2333
2347
6068
2333
2334
6069
30306
2341
32544
32800
80083
2338
31027
34019
2338
2355
31027
31029
29674
2340
31027
38892
2342
2351
38891
2376
37790
77182
38892
38902
2345
2346
35113
2345
35118
27717
28609
35117
35119
2349
2351
2359
38891
2350
2356
2352
2360
38569
2355
2353
2354
30979
2356
2357
30986
2358
2358
2358
30981
31029
2360
42901
42905
2362
2364
2368
2366
2366
2369
2365
7966
2367
27273
31490
2368
27283
2369
27269
27274
2374
2377
2373
2374
2386
2377
2383
79997
82165
82210
2383
2379
28609
2380
6061
29984
2382
28822
28823
30980
2394
2396
2784
28860
82237
2398
28948
2393
31479
2390
27689
2409
33174
2392
33068
2393
31481
30424
2407
2784
34887
38629
2401
2420
6062
79392
43688
48055
79974
2403
2406
2408
2404
2407
33815
2406
2406
2415
2411
41239
2411
28907
33174
2413
2449
34325
47960
32128
32131
79598
2415
2416
2417
32176
2422
2449
6143
80703
2422
2429
2424
7948
33079
2425
7951
32212
2426
32214
33084
33090
2428
2430
2429
2433
2435
2446
27500
2435
2436
2436
2440
2436
2437
7946
2447
2439
33979
2439
2440
27497
33985
2440
33979
2442
2443
8675
8678
8679
33194
8614
28919
2447
33206
9005
27531
31459
31468
3701
42710
2451
3659
40099
42637
43962
79535
82220
2453
74030
74861
74874
33622
33625
33626
33624
78208
78215
55577
79468
79471
2464
3694
79653
2459
55827
79465
79480
46221
78239
79468
55565
55577
78233
32353
55672
78250
46184
55565
79475
2466
20845
78272
78279
2538
40051
42637
2467
8744
20845
20846
2467
2468
2675
2470
2676
2470
2671
78253
2669
78280
78278
78280
78289
2473
20981
78235
2474
2670
21054
2671
78261
2476
20983
78240
2478
2637
20985
2478
78223
78245
2482
2483
2615
2622
55884
76121
78220
78221
55848
78192
79448
2483
2484
79448
2637
2615
78226
2486
2616
19672
2607
18859
2489
2607
19670
2594
21442
76167
76174
2598
19671
19735
2584
19552
19905
8650
19540
75449
75467
75797
8653
9284
74032
2838
45446
78741
2704
2709
2836
2497
2498
2728
2499
26953
2499
2500
2501
21212
2501
2502
26402
21213
26403
9314
19542
2733
3006
26404
2506
3388
2507
2508
3384
4797
6375
3392
11657
20760
2511
3392
4797
2815
3384
6411
2865
2517
6596
9405
9406
2517
2518
26133
3270
8738
45435
2519
2527
26135
2519
45432
9405
21047
26134
45437
2521
2880
3384
6411
2878
6375
2855
20758
25817
2856
2859
3391
2528
2531
26152
2526
26136
26153
2527
2528
2529
45080
2529
23713
45084
2531
2532
43896
23713
43897
26156
26273
2534
2535
26273
2536
2540
26274
2541
43896
2537
2547
2539
2555
45867
79535
79544
2541
2558
44006
2546
24942
43898
2543
2913
25031
2544
2560
2915
2545
2564
6406
2547
2556
2555
2735
2550
2553
2735
2551
2554
2738
2554
2555
2553
25016
2613
79388
79405
80017
2557
25018
2559
21749
2558
2557
24941
2735
24944
2559
21739
2563
2564
21343
25033
25035
25036
2563
2567
21343
25035
2567
2565
2575
2608
2621
2690
79915
2571
2578
2569
19545
19946
2570
19949
20621
20188
20623
2572
2577
2578
2580
26591
2577
2580
6386
2580
6386
26197
2578
2579
6390
26146
26147
2579
6385
25366
2803
2822
45165
2817
2842
45164
26146
19914
19947
2586
24468
2774
2780
43492
2876
22192
26607
2590
2595
21152
21574
2590
21151
21573
76138
2592
2593
2599
20739
24481
2874
22356
2596
2598
2596
2597
19736
21442
19737
25967
19733
2603
2605
22355
2601
2603
24481
2602
20730
24480
2606
24477
2604
2605
2606
2912
46020
2911
18860
19674
34619
79165
79409
2610
2611
23683
43710
2909
24479
23058
23060
23063
26192
74292
75243
82177
2616
2617
2620
19673
2620
2624
2618
2618
2619
2626
18861
2623
2624
78190
2650
31702
48776
2624
2625
2639
2625
18858
24789
2641
18862
24783
2628
2632
45296
2629
2633
2644
2631
23063
2631
2635
20603
26193
2634
23063
23064
23065
2634
2648
2635
2869
20604
77424
77426
77432
2638
2639
2643
20985
2640
2642
2643
25493
2642
19041
25493
2653
2647
45076
2646
2647
2648
2649
2655
2882
2654
2649
2869
25984
4199
31686
74292
2652
20986
25289
2653
20978
20978
20984
2655
2656
44047
24999
44050
45076
2658
2665
2659
2665
8210
2884
26309
2662
2928
24936
43990
2662
24937
24998
2663
2664
22020
43991
25000
44047
2916
2919
2667
2668
2673
2670
2672
20279
2669
2676
2671
2671
2673
20282
20288
24397
2921
2923
2677
20846
24822
2678
24398
2678
24820
24393
2930
2952
19133
2847
2851
2852
24826
2949
2970
25886
3104
3110
3131
3141
2685
2686
3205
8693
26346
2687
2692
3137
26345
2689
2691
8200
20024
25069
26064
77301
79952
82183
3035
26064
3143
3205
24989
2958
26666
2695
2696
2967
23637
46036
2697
2956
2968
2960
26663
2699
2964
3000
3005
24072
3059
8189
24412
2702
2810
2813
2704
2756
39105
74203
2706
2708
2813
2813
2834
2710
26027
2709
2711
2712
2711
2712
26034
2861
3002
24718
43830
9381
9389
2868
26024
2718
24719
43831
2719
22148
25930
2719
24720
19292
25932
2721
2725
25930
2722
2723
25931
2724
23503
2724
25936
2726
20999
22149
23501
20998
45464
2889
2908
26952
2730
2794
9363
8659
2733
26403
2734
2736
2734
3006
2737
3020
2741
3031
2763
21749
45520
28525
39105
74410
80099
2742
2748
2744
2743
2745
3037
2744
2745
24488
21126
2747
2748
2749
2767
3046
2749
3037
3047
2751
2755
2763
45520
2752
2764
2759
21443
2757
2760
2764
2763
21443
25016
2762
45521
30918
80099
2759
19986
19979
19981
21443
19981
2761
2771
19977
2762
22869
2764
45522
2766
2768
2769
2776
25942
2768
2769
3046
3052
2771
2773
24466
22873
2774
24467
24470
2774
22871
43492
2777
2778
2778
2779
2782
26016
2779
25942
25943
22863
2782
2783
26017
8657
26018
28652
82201
3416
20997
46193
3415
7222
46190
8704
9408
45513
45514
3377
7222
25959
19318
20996
25952
2792
2794
2793
2794
9362
2808
31382
74428
80070
31921
78582
78592
4759
23298
23301
78579
2799
2807
26011
2802
26014
2809
18898
26011
2807
2809
23665
18900
26011
26012
2804
2809
2818
22035
23665
2807
7807
23665
2808
31329
43242
74409
2994
79785
2812
2813
26128
2834
20816
2865
26162
26297
3392
20762
26296
2821
2823
20880
2820
2823
2840
2819
2822
2821
18898
2822
45162
18897
20883
2823
2825
2830
2832
2828
23296
2827
2829
2849
2831
23290
2830
2831
2830
2833
23289
23304
2833
78575
8743
2836
2836
21344
25821
25822
2844
2862
19285
2841
2842
19289
20880
2843
22188
2844
22189
22183
2846
2847
43490
2848
23060
26192
2849
2851
25982
2852
2994
42490
79949
79979
24827
20846
2860
20770
26298
2858
20761
20769
25815
20764
20770
26298
2858
20757
25818
2860
3381
20769
20906
21344
26031
2863
22184
26608
19285
19386
22183
22192
24121
3383
2868
21069
26025
2868
2891
21067
26290
19584
2873
2875
20735
26609
2872
2876
23629
2874
2875
2876
26606
20734
22353
20742
23626
2880
2881
26058
26211
2879
6376
2880
6409
26206
20716
26207
19010
25001
2884
2886
8208
2885
8211
2887
26313
2887
2888
20521
26314
9374
20525
2890
2892
2893
2891
19972
2892
26290
2894
2908
19973
19975
2896
2898
2901
26295
2900
26291
2899
26616
26618
26623
6383
6409
6382
6383
26294
26621
6383
26623
2904
2905
2907
2905
2908
2906
2934
20687
2906
2935
2908
19975
2910
24477
2911
23683
2912
46019
46021
2915
21395
26617
2915
6406
26620
2919
2920
2919
2923
18822
2921
2922
19458
26520
18820
2923
2922
2923
2945
2928
2931
19126
2927
2933
22017
2929
2930
2952
2930
2931
22007
2933
23621
2932
2932
19128
19131
22014
23624
2941
20686
2936
2939
2941
26951
2939
2940
19599
2940
20689
21484
26952
2941
19600
2943
24858
25542
2944
24471
24474
24863
26515
2947
2949
2952
2953
23621
2949
2950
2970
2951
2953
21760
2952
20772
21759
23617
2955
2958
2960
2961
23690
2957
2960
2961
23637
2959
2960
26667
23636
23687
2963
26517
26519
26640
2965
2967
24073
2966
3004
2967
2968
26661
26665
2972
2973
2975
2976
2974
2975
21760
2975
2976
26127
2974
21757
21756
21761
25887
2981
2984
26643
2980
2981
2988
2980
2982
2984
2983
2986
26639
2983
2991
2985
24701
2987
19324
2988
26645
2988
19325
24699
2991
2992
8201
2992
2997
21106
3016
2997
21107
21111
31428
79984
2997
19331
21107
3013
3083
31334
79677
8201
2999
3002
22246
3005
22245
3002
3003
3002
3003
19422
3004
19430
19431
24074
24194
3021
20133
3010
3012
19822
3012
19936
24420
3011
3012
24422
3014
19823
3014
25168
20679
3076
37461
79307
25162
25292
3016
3018
3023
3019
3029
21110
25543
3019
21106
3027
3021
3031
20134
3024
3026
3027
3024
3027
3028
3028
3030
8199
3030
19118
3029
19119
19122
25065
21022
24491
3033
3034
8197
3040
26065
3035
8196
26063
3047
20942
24485
24487
24485
3040
8197
24646
3040
3051
25270
26069
3044
3045
25577
65674
3043
3057
24867
3044
3045
3056
65734
24437
3050
3049
3050
3052
21684
3050
21682
21683
24644
24645
24646
25945
3054
3057
20124
3055
3068
20129
3056
3057
3069
24868
3059
3061
3062
8184
3061
3063
3062
3078
8185
8184
26246
21118
24412
3067
3075
18875
3075
3537
77097
3067
3070
19054
3071
24808
3069
3070
3072
65749
3071
20128
3074
3074
3534
3075
3089
77069
3075
3077
38210
79335
3083
79722
80114
3079
26244
9380
26243
3084
3085
3092
3082
3084
3086
3096
3094
3543
3087
3289
3096
18878
18878
18879
3089
3543
3134
43528
79965
3089
18875
18876
3542
3543
77073
3093
3098
20551
3093
20553
3097
20549
3095
3099
3542
3097
3098
3097
3099
24562
3541
3104
3107
3107
3171
20609
3104
3105
3110
3108
20610
26196
3106
3108
3113
3107
3108
3170
26195
3111
3112
3133
3169
3111
3112
3113
3114
26536
3128
26537
3116
3545
25644
3126
20696
26157
3118
3120
19564
3119
3121
19565
3121
3123
3122
3123
25429
20695
25504
25643
77001
3125
25643
25644
66238
3126
25645
20697
3129
3131
3130
3133
3132
3133
3169
3132
20654
26535
3132
3140
31322
79794
80136
3136
25207
26347
3137
25208
3143
25206
3142
3162
19802
3141
3156
3141
20651
3142
20657
3144
24995
25376
3151
3551
20911
25428
3148
20868
24641
77032
3148
20864
20917
3151
76997
77002
77033
64609
76844
77174
77202
25523
3158
3160
20106
3154
3157
3168
3158
3161
8943
3157
3161
3162
3157
3162
8939
3160
3163
19801
3161
20104
3163
19802
25138
25145
8938
9379
9384
8937
9379
9388
3168
8945
8943
3171
3172
26224
3176
3174
3176
3175
3177
26130
3179
3177
26221
20605
3179
3181
21174
3180
26130
3181
3186
24567
3183
3185
26595
3184
26594
3187
26596
3186
26593
3190
3189
3190
3191
3194
24560
3191
25051
21592
3197
25139
3196
3197
19718
3196
3196
3197
24560
25137
3199
3201
3200
3202
25988
25144
3202
3203
24997
20426
24988
3205
24990
43818
44745
3211
45786
3210
3311
3210
3211
3316
3212
3314
3212
45787
3214
3471
3215
3310
3472
3304
8708
8710
3218
3304
3293
45932
3289
3350
74450
79847
3223
3325
3369
3355
3374
3376
3367
3369
3375
3430
3229
3430
22577
45090
46194
3229
3353
3429
3229
3433
23982
43790
44717
46189
3327
9135
45092
3285
3456
44642
3235
3236
44647
3240
3241
3243
3235
3241
3280
3239
44605
3237
3457
3238
3239
3240
3241
3245
3282
3246
3247
3251
6140
3246
3247
3282
3245
3249
3247
3278
3254
3255
45897
3250
3251
3252
3253
3255
3254
3255
3260
3262
45894
45896
3257
3259
6397
3264
3267
3264
3265
3276
3261
3261
3262
3263
3265
3264
3265
3273
6141
3268
3364
6397
8737
3271
3273
6397
6395
45431
9404
45431
8739
9405
3274
8737
3274
45434
45474
3277
3277
3276
3277
45524
6141
45525
3279
43934
3281
43935
3281
44606
3282
44612
3284
3285
3286
3287
44769
3287
3461
3288
21819
44645
21815
44650
43610
79988
3291
9137
24031
21821
44452
3297
3300
8711
3294
3295
3302
3303
45932
3300
8710
3298
3302
3303
44331
3301
24137
3301
21863
3300
3301
3303
8712
44410
45934
3306
3310
3309
3310
43802
3309
45931
3308
21773
45934
3309
21776
43804
3312
3314
3470
3313
3471
3318
43805
3317
3316
3317
22905
45791
3318
22906
22901
3322
44747
3321
3322
45786
23480
45789
45350
45788
3326
9139
3325
3326
46194
3367
3431
3367
9139
45240
46188
3333
3337
3330
3333
3334
3335
3334
3336
3338
3459
3338
3339
44752
3335
3336
3337
3339
43600
43818
23841
79702
79883
79997
80083
3343
8701
3360
8703
46186
45513
3366
3372
8617
3347
3348
3426
9409
3415
9267
25994
25953
45507
45512
3350
33769
79669
79849
80114
3354
3356
44946
3376
3435
3368
46188
22065
43930
3371
3373
46195
3362
22090
43927
3358
3365
4546
43932
3359
3363
3435
4546
44946
3376
3435
44947
4546
45288
3363
44946
44947
8740
9264
3435
46186
3371
3369
3429
8617
46188
3374
3373
3434
44944
8703
3428
3431
44717
3423
3407
3411
3461
20760
20768
20768
25813
26159
26058
3389
3390
3393
6557
9149
9157
3424
3535
43045
74612
3391
11657
25582
3395
25965
3394
3396
3395
3400
26158
26161
3405
3398
3406
3403
3407
3403
3404
26486
26492
3402
3405
38649
79705
79706
81304
3404
26488
3411
26486
26488
3406
26486
3412
3410
3423
8704
3410
8704
19315
25958
25959
3413
26492
9408
26494
3419
74572
79649
79718
3418
3418
25951
45506
45507
45516
21001
46190
3544
42647
74571
3422
79641
79754
4488
8697
8700
8702
79692
79710
9408
74569
79718
79768
8704
25956
8699
21000
3529
3604
40223
79639
23371
45087
3430
22576
45087
46194
3433
21825
45088
22578
45453
45086
45240
8716
8718
8716
8717
8716
9247
3440
44170
3465
44134
44171
3442
3443
6145
3444
43467
3444
3463
6146
44116
3449
3450
3450
6156
3449
3450
43512
3449
45218
45228
43510
6151
6154
43466
3454
6154
3455
6147
44173
44170
3458
3460
3458
44646
43818
3461
9139
3464
3467
3468
44123
3466
3467
3468
44134
44128
8705
3471
3472
43805
3474
52879
3475
51694
52884
51693
51685
51693
3478
6223
6222
6224
55168
9462
3482
56541
3482
3483
53425
6221
56542
6223
53426
8839
79273
79277
56541
57000
3488
9092
53080
3488
57000
3489
53079
54856
8608
3494
3493
3494
3495
3496
52301
3496
3499
3499
3502
3502
48688
3504
3507
3508
3507
3510
3512
3511
3513
3514
56004
3515
56003
3516
3517
56005
3520
3522
3520
3523
3522
3523
3526
3527
16705
25580
65837
77254
3554
44603
75060
77109
77237
77312
77339
3532
3606
16705
77247
25580
63963
77095
77272
77275
3537
65697
65749
43128
79537
79633
65749
65754
77271
77093
77271
66108
77083
77115
77284
3554
42673
79691
81304
65763
66087
77117
77283
3545
77046
77088
77090
74550
79755
79757
24562
25642
3551
25429
77001
77033
76872
76895
77019
77043
76904
77014
77032
9308
77000
77034
25522
76873
76957
77040
25519
25523
3621
4067
16341
16343
16341
16344
76982
6484
79753
67010
76987
77053
77066
3557
3561
3608
3559
3562
16289
3560
16171
76983
76989
3611
16175
3616
16175
3563
16247
77081
3563
16171
76993
3565
16677
17339
3566
3613
3612
3615
16683
3568
16658
77122
16664
16678
77303
3573
3574
77048
77070
65892
77049
77051
3574
3576
77048
77049
77052
77054
77079
77075
77102
77055
3576
3577
3599
77285
3577
16838
3598
3587
16601
17485
3582
3599
77078
77285
77092
77093
77104
77111
3582
3583
3596
3584
3591
3590
3591
16597
77079
77285
3586
16596
16609
3589
16598
16611
3588
16585
16604
3589
17250
3595
16596
66131
66131
77078
66131
66188
77264
77080
77106
77107
77133
3596
3597
3603
16599
3597
16598
16776
3600
16778
3601
16842
3600
3602
3603
3602
16840
16839
16839
42513
79691
79804
68695
76921
16659
16804
3612
77303
77316
77373
3609
3610
16245
16243
18579
16289
18695
16288
16289
18696
16681
3614
3615
16265
16274
77386
77316
16172
16344
16172
16177
16288
3619
3979
3978
3627
3701
3741
79555
3622
16340
17846
16925
17852
4079
9394
77389
9195
3783
15393
3628
3995
15040
15198
3757
42415
43525
3629
15200
15040
15044
3631
3990
15193
3997
15201
3633
4765
4225
4742
14842
3983
3636
4020
14135
3639
3654
4017
3640
17360
4024
15767
3642
3645
4736
3647
4739
4741
3646
4764
4766
3646
3647
4741
4743
4738
4744
4745
12998
3649
3651
3652
12291
3651
14121
4023
14124
14131
14132
14124
14131
3653
3655
4025
3654
3655
17355
4018
17355
17357
4732
4740
4768
3658
3660
15280
4735
4737
4768
6484
74827
79633
4736
15278
3662
3665
4234
3663
4233
4731
3664
4730
4733
4774
4231
4734
4029
4036
4039
17531
3669
4239
4730
3670
4773
4776
3670
4237
4729
4260
3675
3677
3673
3677
3678
4033
12272
3675
4818
3679
4820
17762
4820
4820
17604
12272
12276
3683
4256
4775
3686
3683
3687
4258
3685
4257
12918
3687
13379
3687
4272
4315
6507
3690
4107
6518
6504
14246
4058
13210
17848
3693
15746
15751
4057
13207
79544
81379
6332
13016
13022
13023
3698
12539
13019
3698
14275
14277
13020
14275
6473
6535
4143
6529
13355
6465
79638
12536
13187
15616
3704
3706
6325
3705
6327
13189
13194
76665
3707
3712
13192
3708
3712
13188
14485
4799
15274
3741
40099
79563
79699
4168
4183
14588
3715
13224
3722
6325
6327
76695
3715
6324
12107
13222
3718
3719
13164
17543
18003
18002
18003
13164
13166
14515
3721
14512
17543
14511
15864
17541
6322
6323
4074
13109
16517
3737
6316
15635
3735
3737
15636
3730
4492
15563
4194
4203
4217
4484
3731
4204
4483
12793
3731
3733
4483
12794
3733
4212
12795
4492
3748
3934
3740
3742
14354
3739
3742
3743
14504
3738
3740
6314
13518
3740
13517
6465
43426
14508
6312
14501
13467
13473
15080
13515
14501
14761
4088
4099
15451
4089
4097
18066
3948
3951
3750
3753
3952
3751
3752
3759
3753
3756
3959
14561
6307
13256
13465
15446
17370
18504
14475
14476
14477
42208
79420
79517
3896
3901
3901
14475
3761
3771
6307
3762
3772
14382
13258
14381
3768
4006
3767
3777
3766
3788
3791
74819
45790
74819
79582
3768
3779
4008
3771
9396
3772
4084
9398
3772
13503
3774
3775
4154
4687
4682
13365
3882
3886
3778
3793
4000
4002
4004
4002
4007
13049
18496
18501
3782
4685
4155
4678
3869
3787
3798
4001
3790
3999
4001
15040
3798
3801
3793
3789
3799
79551
3796
43940
79607
3798
3995
3796
44055
74668
9124
9127
9131
4000
3797
3990
3997
3797
3987
79462
79577
3801
3806
79567
3801
3995
3997
3982
3988
3987
3990
3993
3805
3810
4669
4672
4671
15178
3807
45790
79374
79411
79570
5891
5933
48358
79262
74665
79214
79422
79565
3812
3813
3812
3815
3818
4669
14663
3815
4753
3815
3820
3817
3818
14416
3819
14147
14417
3819
3820
4665
4666
4241
9402
12520
3823
4246
14140
4227
4245
4227
4241
4245
4228
4240
4756
4267
4755
4758
3828
3830
4283
15495
3832
15496
3832
4757
15500
3831
4763
3832
3839
3840
3841
4281
3835
3839
14183
3841
4285
14185
3837
3842
3838
3840
3839
3848
4761
4284
3848
3850
3845
3848
14183
3847
14530
3846
14184
14462
3849
14461
3849
3850
3849
4294
14523
3853
3855
3877
3855
3894
3942
18498
4306
6440
6445
4319
6433
6439
3859
6401
6405
4358
4359
3862
48861
75024
79569
4403
4409
3873
3903
79644
4389
4403
6427
4389
9400
3871
15390
3868
3870
3885
3969
3868
3883
3869
3871
3871
3970
15391
18493
33320
43624
79566
6006
41809
74665
79374
3880
3881
18715
3878
3892
3912
7181
3892
3912
3881
3910
7170
7175
18714
7177
7180
7181
3883
3889
3885
3900
33320
79554
79659
3888
3887
3896
3890
3899
3889
3891
3972
3890
3891
14472
3973
3894
3905
3911
18500
3933
18493
3898
3901
3904
14474
3899
3904
3902
14472
32147
45388
74816
3904
12189
45388
74704
79327
14471
7174
3907
3909
3940
7175
3911
3912
3910
3918
16961
3914
3916
3922
3940
3953
45150
79051
79355
3917
3926
3920
7159
3919
3920
16966
3920
3940
7159
3922
3923
3926
3931
8110
3926
3931
7128
5866
75053
79179
7149
3929
3930
8105
45246
48844
79270
79511
8104
8111
7127
8112
7127
47875
79272
79557
79972
3937
3938
3937
3938
3939
3947
3943
3943
3960
12266
3942
3945
13050
15455
3945
12263
13056
3947
12263
14576
12266
14571
3952
3954
3958
3961
14568
3953
45327
47875
3954
3960
14568
3991
3959
3961
14567
14572
3957
3961
14563
3958
14565
3959
14561
14567
14562
9199
12612
15397
4015
9194
12614
3965
4016
12613
3967
3968
14601
3967
4009
14227
12194
4011
4012
3970
3971
12082
15398
3972
12083
3974
3974
12190
12079
15003
3992
14259
15193
14135
3980
3980
17293
3984
3984
3983
18279
3985
3986
6600
3988
3989
3993
18279
3992
47909
74705
79276
3993
14261
4105
8787
79269
79277
3996
3997
15198
3999
4000
4001
15046
15043
4005
4037
4133
44741
4005
15046
14225
14228
4010
4014
4008
4009
14225
4011
4011
4011
4012
4013
4016
4014
4015
9196
4016
9197
4018
4022
4024
4019
4022
4023
14131
4021
4022
4023
14130
4028
12291
4027
4032
4035
4031
12269
12289
4030
4031
17528
4030
4032
17529
4032
4036
4034
4036
4039
4035
12272
4038
4040
79272
79557
12269
12273
12275
4105
79274
4044
4048
16444
4044
4045
13321
15409
4045
4046
13327
13329
4049
4050
16405
4048
4050
16472
4049
18481
4050
16408
4055
14240
15749
4053
4054
4056
13029
4055
17269
4055
13030
14241
4057
15745
13029
13208
4061
13211
4060
4063
17848
4063
17846
17850
4064
13000
8890
16342
16346
4064
16346
16346
4071
8889
4069
8889
16342
16345
16346
8745
77007
77021
8745
16345
76891
76897
77007
77018
8890
13000
4073
14280
15861
4078
13380
15863
16523
16528
16530
4076
13109
16523
4077
4078
13111
4078
13116
13380
8888
77406
4081
4085
4091
17341
4085
4088
4090
4099
4084
9398
4087
14388
8886
8888
8886
9394
9398
4088
15450
4090
4091
4097
17342
4094
6502
6513
6501
12145
14246
4095
12139
4096
6515
12147
6501
6516
4098
16197
4100
17369
4100
14289
14295
4102
4103
15726
4106
12393
13261
4104
13260
15330
78651
79268
79602
12395
15726
4109
6491
12155
4109
6493
13149
12160
6491
6493
6494
4112
15439
16392
13065
16552
18502
4115
13263
14795
4115
13260
15331
13271
15329
6480
13524
14174
4119
6481
14170
14172
4138
6527
12130
14165
4123
6667
15576
78789
4122
4125
14719
4127
14797
78714
52861
78714
4125
4127
4130
12543
14724
4130
4135
78682
78686
6668
78685
78777
6668
78710
78728
78744
4131
78677
4134
12543
78672
78679
78683
4144
48205
4135
12293
12547
4136
15688
78679
9211
14162
14581
6478
14163
6470
9209
9211
15142
15687
15688
78680
4150
4163
4507
4143
4152
4169
50229
50235
4171
4181
12302
4161
8931
4149
8934
14535
4151
4172
14104
4150
4505
12307
4167
4152
14105
13355
4154
13363
4681
4157
4158
4686
4157
4158
4159
14542
4677
14208
4165
14209
4161
4164
4169
4170
4163
4164
4167
4170
4172
12305
4176
14549
14592
4171
4182
4176
4174
4175
4184
12305
12305
4503
4507
14106
4174
8934
15105
4175
15106
12302
12301
27591
4674
14546
15178
12378
15532
15553
4182
4496
4497
4314
76840
79405
80017
4184
4497
4184
4185
12231
4499
14431
4481
15561
4188
4498
15564
4189
4198
4481
4482
4192
4201
14375
4192
15063
15538
14376
15210
4501
15563
4481
4482
4198
4200
4204
4203
4204
4482
4203
15563
4482
15565
36194
75243
82112
12790
15565
12524
15208
15209
75587
75612
4483
15271
75581
75588
75779
4802
75777
75780
4208
75582
75584
75807
75581
75585
75587
15272
74844
75588
4214
4215
4216
4219
4217
4213
4216
4219
4220
12798
4501
15438
4486
15438
4492
4221
4223
4486
4223
4222
15407
4222
4223
15408
4668
12427
14149
4762
14841
4745
12977
14844
9402
4243
4254
4241
12430
14139
4231
4735
15280
4235
15275
4233
4234
4238
4730
4235
12310
12313
4237
4239
4261
4260
4239
12218
15319
4770
4243
4244
4254
4266
4772
4249
13505
14138
4770
4248
4252
14408
4249
4253
15184
15179
4252
4253
4252
12523
14407
4254
4256
4257
4265
4258
4259
4258
4263
4260
4775
4265
4264
15317
4263
4264
13047
12918
4265
15318
4269
13505
4268
4269
4772
4271
4767
4271
4271
13506
15509
15503
48696
75270
79368
82169
4465
4471
4555
4556
4277
4487
4467
4556
4280
4472
16377
16445
4283
4763
4283
4284
14586
4285
14188
12211
4288
4289
17130
4292
4293
4462
4295
17426
4290
16378
4304
17494
4549
17011
17428
4303
4544
17427
4461
17427
4305
6444
6445
4304
4466
17428
4299
4302
16935
4298
4299
4455
4458
4550
4312
4550
4303
4460
4550
4302
4303
4476
4550
16004
17012
17007
17011
4306
14657
4307
14656
4318
6440
4309
4323
4326
4327
4452
4325
4331
4313
4328
15920
17858
4313
16935
4511
4317
49162
76843
6513
17094
6512
48676
49073
79161
4319
12905
4320
15627
4340
6433
4325
4453
4456
4323
4330
4350
4348
4332
4508
8927
4330
8923
8930
4332
4453
4456
4329
8930
4330
15924
18064
4455
4509
4452
4335
4442
4530
4335
4448
4531
4443
4446
4337
4448
4525
17285
4338
4436
4443
4444
4341
4346
15626
4341
15628
4342
6402
4352
6403
15476
15628
15630
4345
14626
15630
4346
4355
14625
4351
4450
34619
34853
49162
4350
4452
8924
4350
16419
16420
4352
4355
4356
4358
4354
4357
4363
6431
4359
6405
4360
4358
4360
4359
13157
4359
13155
13414
4425
4535
4536
4399
4535
4536
4369
4372
4365
4371
4373
4387
4366
4388
4372
6428
4368
4370
15215
4373
15310
4370
13157
4371
13153
4372
6431
4394
4384
4421
4377
4378
4379
4543
4377
4385
16428
4401
4420
4513
4380
4420
4381
4385
4386
4421
4421
4515
4554
4385
4386
16427
4386
16434
16783
4388
4393
4410
6423
6425
4391
4392
4406
12464
4393
4411
4394
12463
4394
15309
4396
4400
17132
4397
17133
4401
16428
17136
4412
4414
4516
4543
4538
4542
4413
4520
4413
4543
4418
4521
4535
4541
6426
4411
6425
4410
6423
6424
4407
4409
12461
4409
12468
12470
4411
4413
4542
4540
4418
4541
15782
4418
4419
17963
4424
4426
4429
4537
17963
4431
15899
4421
4514
4423
4427
4436
4424
4528
4428
4524
4426
4522
4523
4428
4433
4437
4430
4430
4432
4435
4432
4537
4435
15902
4434
4441
4435
15800
15800
4440
17285
4440
4441
4439
4441
15793
4440
4444
15804
15802
4446
4534
4447
4448
4445
4447
16162
16166
17095
16163
16164
4629
4696
17190
48676
49641
50998
4632
15941
17188
4457
8923
4469
4491
79205
79408
4511
8927
4508
4460
4509
4461
4545
6937
16983
4462
4470
49492
79337
79962
12305
4478
4487
4494
4547
6937
4475
4487
16448
4477
4495
4547
50634
50674
79202
4485
48893
75280
4477
4552
4475
17129
4474
4549
17010
4548
16984
17009
4478
4544
4548
4552
4508
8928
4512
15560
4486
48927
74282
79188
45507
4491
79194
79301
14585
79201
79294
4501
4500
4510
4518
79233
4495
17426
4552
4499
15561
4499
4499
15560
15567
4590
79015
80164
49968
50200
50309
80145
4504
4506
12301
27591
4506
12301
12302
4751
7800
80179
8926
8922
4514
4517
4515
4553
4517
4519
79010
79264
23007
80157
80170
4538
4542
17132
4522
4537
4535
4524
4527
4526
4529
4528
17285
4528
4531
4531
4532
4534
17096
4539
4541
4540
4542
4549
4547
43928
17012
16983
17129
16443
4558
4561
4562
4612
4567
4568
4710
4568
4652
4563
4565
17712
4566
4568
4565
4566
15770
17499
4567
18437
16568
4711
4699
4703
16564
4603
18343
18659
4572
4573
4599
15857
18439
4595
4697
18441
4579
4580
4598
4577
4578
4579
4577
4578
15833
16785
4693
4580
17719
4593
4597
15860
4582
4583
4690
4689
4589
4693
16784
4588
4589
4689
4691
8947
4588
16786
17375
4689
4692
7344
17373
16787
7800
78306
6820
78945
79252
80181
4593
4657
4691
4690
4595
4596
4656
4598
4597
4657
4598
18441
4607
4697
4698
4618
4751
78959
80156
4606
4656
4697
4603
4608
4610
18660
4611
4606
4609
4608
4609
4655
4607
4611
4699
4610
4611
4698
4653
9186
17712
4614
4617
4700
4615
18182
4640
4620
4623
4637
4620
4660
79267
4620
4638
4701
4622
4624
4631
4695
4624
4633
4627
4630
4694
8919
8919
17186
8917
8918
4630
17185
4695
4632
4696
4633
4635
4634
4635
4637
18685
15935
4638
4701
16069
4638
18685
4640
18174
18180
4714
7161
7163
7163
7392
4646
4649
7138
4645
4647
18798
4650
4650
4659
4648
18796
4649
7390
4650
7391
4658
7116
7381
4653
4654
9184
4707
4706
7386
7397
79120
79250
79266
4663
4664
4667
4664
4666
4665
4668
14147
4666
4668
14141
15173
4672
4753
4754
4672
4674
4752
4675
4676
14548
4676
4748
4750
4752
14541
4678
14543
4749
4680
4685
4688
4687
4747
4687
4683
4687
4688
4684
12919
4686
4688
14208
4686
4691
4693
8947
8915
8921
4696
17191
18345
4709
18654
4701
18181
18808
4703
4705
4710
4704
4709
4710
16575
4707
4708
4708
4709
4711
4711
4718
17121
17386
4714
4717
4716
4717
4718
4724
4718
18174
4726
18172
9181
9183
4721
8951
7162
4727
17123
17124
4724
17115
4726
17116
4760
78580
79003
7394
8948
8951
8951
4730
4773
4733
4734
4733
4735
4768
4737
4739
4740
4740
13100
4744
4745
4764
4745
12981
4766
8979
8980
8983
4749
14547
4754
79120
80170
4754
4756
4772
4758
4767
78577
78580
79002
4790
7796
4763
8979
4765
15499
8900
9189
9191
18468
4774
4776
4778
9403
14142
8935
75926
75969
18000
74618
75970
74685
75782
75813
11652
74552
75959
74437
75968
76004
11789
12054
75929
75953
11654
11761
75957
11756
12051
75873
75928
5321
11654
75198
4826
75826
75872
79003
79005
80155
4896
78848
78859
78898
17069
54137
78394
78531
4861
78557
78558
4796
54352
78556
4803
4900
54479
78899
78465
78540
78561
4805
4804
74913
4802
75780
4806
17998
4892
54894
78826
74940
17999
18004
4816
18641
75900
4810
17804
17808
15946
17807
17808
4814
17812
75876
4812
15948
17807
4817
16629
4815
4816
4817
4815
75904
17811
4817
75901
18259
9509
78611
5495
53666
78439
78644
78456
4889
78613
78639
4825
15789
75883
4824
4825
75881
4827
75880
15791
18318
4827
4832
16128
18317
75840
75855
78381
78520
4830
4835
78514
78525
4833
4839
15807
4832
75837
78514
4834
4834
15809
16129
5421
75864
74413
75842
75864
78550
4838
4840
4848
4846
17244
4841
4842
4842
4845
4850
4844
78525
4846
5442
75862
78375
78543
4845
78507
4850
78509
15808
17283
4849
4854
78512
4852
16155
17243
4851
16158
18375
4852
4852
78510
4854
4855
18415
4857
18375
4858
4859
18589
4858
4859
4863
78539
4858
18394
15886
4861
4862
15895
17065
78466
78556
4865
78556
4865
78560
15886
15887
15894
18589
15896
4872
4876
18367
4868
4869
18150
17067
17071
4870
4871
18154
4872
17072
4872
18073
18368
4875
78484
78489
4880
78483
78486
78489
4876
4879
18369
4877
4878
17707
18367
4879
17711
4880
4881
4882
78486
4884
4885
17703
5495
78439
78630
78415
78458
78488
17705
78624
4929
4955
78455
78621
4955
78407
78415
78443
17525
17600
4914
78402
17761
78461
78624
17598
78407
78453
78624
78832
78840
78875
4898
4935
4936
75827
4895
4934
75848
4897
11931
75848
78825
78893
78906
11927
11930
4903
76088
78370
4935
4936
11434
78823
78859
78894
4904
4932
75832
78542
4925
78380
78386
4907
78528
4925
75841
75821
75822
75828
4907
4923
11440
75822
4922
11437
11679
11681
11655
11761
75913
75918
4912
4916
11658
11753
74563
75796
4916
11750
11757
4954
78629
78644
4916
9832
9852
4917
9848
11757
9849
11754
11774
11773
12055
75198
75897
4921
4923
11437
11436
11899
4926
11433
4926
4925
4927
75827
11432
4931
4932
4936
4939
78439
78612
78444
78643
11815
11836
78530
11834
75831
4933
75831
4936
78541
9834
11809
11435
4941
5090
5250
4941
5155
5253
4954
6664
78621
4941
5089
5092
5254
5110
5288
5312
5309
5310
5311
5333
5529
5542
9672
4947
4948
4949
5483
4947
4948
9789
9800
9799
5755
5551
5565
9955
4957
5484
5487
5753
5484
5753
5754
4957
4958
9858
10529
78412
78405
78608
54838
78396
78479
78500
5486
4960
5489
5490
5567
5580
11768
4961
9899
4963
5489
5744
4990
5006
78478
78500
5754
5757
4978
5763
8996
9896
4972
4974
4976
4967
4976
5590
4971
5576
4969
4972
5600
4970
5595
4974
4975
5599
4973
5587
4977
5602
4974
4975
5589
10084
4977
5588
11182
4981
5764
5496
5761
11974
5502
5761
11973
5763
5766
5772
4996
5773
8993
5501
5505
5750
8996
5609
9551
13715
4986
4987
5611
10494
5613
13597
4988
4989
5612
5615
9783
5627
10239
78357
78437
78493
4992
4995
11885
4994
11886
4995
10187
13842
9794
13821
9225
43907
5001
5732
5006
78367
78827
5392
10070
11868
5001
5735
5807
5428
5443
5821
5830
5818
5828
5829
5465
5468
5471
5469
5472
7196
55017
78477
5454
5458
5832
5009
5832
9747
5459
5833
5011
5479
13792
5475
13868
5513
5517
11678
5519
10224
5016
5196
6661
5197
5199
5632
5637
5890
5628
5629
5638
9112
5318
5319
5324
5023
6636
6644
5029
5043
78347
5024
5026
5210
5202
6644
6629
6644
6658
5207
6632
9208
5341
5342
5350
5351
78360
78861
5031
5033
9843
5032
5211
6634
5041
6665
5034
5214
5206
11486
5344
5356
5358
5360
5124
5343
5356
5873
5886
11617
5042
6669
6670
5040
5044
6670
9842
5041
5211
5042
78357
78437
5211
5215
9843
5719
5727
5823
5713
5718
5814
5048
5383
5384
5400
5130
5382
5229
6679
5232
6610
10071
5232
5239
11867
9200
9203
5057
5869
9760
5055
5059
5864
6659
5061
5072
9761
5835
5061
5072
9774
11822
5060
5864
5865
11852
5065
5231
5899
5071
5240
5068
5240
5943
5068
5944
10080
5070
11851
5071
5948
5240
5526
5073
11824
5074
11821
5728
5731
5937
10062
10080
5926
5934
10103
5078
5079
5244
5081
5080
5923
5245
5246
5082
5914
5083
5242
5085
5955
9661
5085
5913
10036
9656
5087
5092
5091
5092
5095
5096
5096
5265
5266
5097
62113
76827
77642
5250
5267
61802
76841
77673
5135
5141
5271
5275
5104
5133
5134
5106
9915
77454
77631
77638
77639
64837
72243
77178
77591
5133
5136
5135
5137
5275
5111
77174
77221
5108
5133
5287
5288
5291
5134
5279
5110
5113
5309
5289
5314
5116
77108
5113
5114
5312
5309
8117
5158
13840
5118
77164
77166
5329
5335
66870
77163
77203
5305
5319
5322
5299
5305
5124
5193
5363
5366
5367
5126
5138
9307
77023
5358
5364
5379
5381
5127
76904
77004
76893
77014
77015
5130
5398
5138
8749
9308
77045
5401
5397
5398
5401
5410
5398
5414
5137
5278
5136
5140
5139
9306
77013
5277
5280
5141
5261
5264
5271
5272
5276
8973
9202
5151
8144
5148
5152
5147
5260
5266
5255
5267
5273
5153
8155
8159
76813
76815
76971
76978
5160
76855
76953
76962
10338
13934
5153
8142
8144
13934
5161
5164
10354
5250
5251
5157
5190
5189
5334
8118
5162
68778
76960
76965
5162
76970
76972
8141
8402
76793
76922
5164
8401
11032
8143
8405
68810
69214
76812
5167
76262
76263
76496
5171
73202
76261
5169
5182
8403
5172
5181
5172
5178
8129
5173
56211
76584
5175
8137
73352
77787
77793
5176
8137
10182
5176
8140
8139
10178
5178
5179
8133
5181
5184
76267
76499
77795
78069
8402
5184
8126
8133
5189
5186
5187
5190
8128
8126
8127
5189
8126
5194
5238
76319
8121
8115
8120
8122
8151
8157
8971
5367
5368
76242
76254
5341
5342
5343
5198
5201
6659
5199
5203
5200
9757
9756
5202
6643
6661
5204
5204
9556
5210
9557
5206
5208
11486
6633
6635
5208
5209
11484
11492
5210
12050
76307
76324
76329
78052
5214
5215
9838
9843
9845
11488
9844
5220
5222
11574
5218
11866
11869
11870
10071
10093
5221
5224
6676
11871
5221
9842
6669
5223
5224
11575
5225
11876
5225
11866
11870
5234
5239
5389
5235
5236
5229
5231
5237
5235
5236
5231
5236
5234
5233
5237
5235
6610
9206
5949
5239
76327
78045
78078
5395
5247
9956
11966
5244
9661
9662
5246
5247
5922
5245
5246
9662
5247
11963
5915
10036
10121
75828
78528
78532
5257
5253
5259
5283
74269
76045
76056
5694
5695
5256
5257
5258
5273
10050
5259
5259
5681
5683
5264
5269
5265
75869
76029
76040
78383
5264
5265
5266
5271
5267
5274
74339
76059
76087
5270
5272
10082
5273
10049
12007
74310
76032
76056
5276
5277
12008
12010
5279
5280
5284
5293
5282
9917
5282
5290
9919
9917
74310
76006
76061
5291
9915
5287
5312
5339
76003
76005
9915
5289
5295
5292
5293
5294
5293
5297
5296
5316
5297
5298
9916
5296
5297
5298
9733
11911
5302
8181
5304
5324
5325
5304
5308
5308
12034
5308
5328
12037
11999
5310
5314
5313
5333
5315
5338
5315
5316
9726
9728
5318
5350
5351
5352
5327
5323
5324
5322
5341
75775
75956
75981
5323
5351
5325
5328
5327
5352
11510
5328
11996
5334
8117
8986
5332
8986
5333
5336
5335
8986
5337
5338
9786
9725
75919
75982
75989
5365
74679
75955
75982
5346
5345
5346
5354
5362
5347
5356
5349
5354
5353
5354
11518
5350
5353
5353
11508
11515
11654
11661
75912
75915
5365
74634
74679
75994
5374
5366
5374
5375
5362
5374
5362
5375
11450
11514
5369
5371
5381
5367
75811
75820
5368
5372
5374
5370
5385
5376
11441
5372
5376
5373
5375
5377
11452
5377
11442
11453
75836
75838
76043
76080
5382
5384
5383
5385
5387
5385
5402
5385
75855
78375
78565
5388
11441
11613
5405
11627
5395
5391
5393
5395
8999
9222
5393
5734
9222
5396
5773
5396
11874
5403
5410
5421
75837
75843
78514
5401
5402
5404
5405
5404
5407
5406
5406
5408
11625
5408
5417
11993
11624
5414
5418
16412
5411
5412
5414
5416
5419
5417
5419
16412
5415
5416
5418
9203
5705
5420
9204
12004
5420
16412
11994
74413
75823
5427
5429
5807
5427
5428
5807
5431
5735
5807
5426
5429
5436
5427
5433
5803
5800
5430
11690
5431
11879
11878
5433
5434
5435
5803
5805
5448
5805
9560
5436
5450
11695
11691
5439
5441
5821
5440
5446
5821
5446
5448
9560
5445
5452
5453
5443
5811
75825
78506
78516
5481
75600
75683
75705
5447
5457
5449
5449
9569
5450
5451
9561
5451
9563
5819
5821
5454
5457
5819
5829
5500
75628
75635
5457
5458
9745
9559
9747
5460
5461
5467
5833
9048
5462
5463
5466
5467
9763
5464
9044
5465
5466
9772
9047
11995
11849
5469
5471
5472
5471
5473
5474
5477
5473
5478
5479
5477
9830
5479
9830
5477
5480
9773
9772
5479
13791
9830
9833
75327
75712
75722
7933
7935
5487
5755
5485
5755
5487
5488
9799
9802
9857
5753
5491
9858
9903
9922
75600
75606
75608
75712
11666
53856
78405
78443
78450
78616
9509
78611
5499
9880
10063
5499
5508
10076
10081
5738
9894
10068
10076
5740
11974
5511
75534
9891
10064
5504
5507
5507
8996
10079
5737
5761
10065
5737
10064
5508
5526
5738
5737
10077
11851
5742
10064
10065
5520
5523
12034
75602
75608
75713
5514
5523
5524
5516
5519
5516
5520
5517
5520
12036
5517
9724
5521
5522
10194
5521
12034
5524
5524
5525
10196
5525
10195
5769
5530
5534
5529
5535
5536
5533
5543
5532
5536
13839
5532
5536
5537
13565
13798
5535
12020
5535
9785
5543
5545
5539
5545
5546
5541
5542
5545
5546
13570
5544
5556
9953
5543
5544
9674
13568
5547
5558
5556
5558
5558
5559
5561
5551
5563
5565
5551
5552
5559
5557
5556
5557
9953
5558
5561
10325
5555
5563
5572
5560
5562
13980
9954
5562
5561
10333
10328
5563
5574
5565
5567
5574
5568
5567
5570
5580
5568
11769
5570
5571
5573
5583
5583
5572
13731
5573
13734
5574
5579
5583
5584
5577
5578
5584
5581
5587
5585
5590
5580
5581
5582
5582
10083
11767
5586
5586
5586
10370
13733
5589
10083
5590
11185
10085
13712
5592
5596
5600
5593
5601
5607
5594
5596
10038
5598
11639
5596
5598
5600
5601
5602
13724
5599
9641
9642
11187
11183
5605
5607
9539
5605
9540
11525
5606
13715
11186
13716
11187
5609
9552
10585
5610
10588
11306
13716
5612
5613
11521
5614
10581
9578
10585
5620
5627
5618
5620
5622
9780
5618
5623
5627
5619
5621
5622
11881
9782
5624
11885
11891
5624
5625
10236
13821
5626
10237
5627
10239
5636
5636
9205
5637
9110
5632
5633
5638
5634
5634
5635
5642
5871
5640
11826
9110
5952
5640
5641
9112
11784
5641
11829
11828
5643
5868
5649
11826
11831
5645
5649
5868
5647
5856
5867
5648
5657
5857
5648
5863
5650
9707
5650
9706
5652
5654
5853
5858
5655
5656
5654
5655
5661
5850
5658
9971
5657
5854
5659
11942
5659
11713
11943
5662
5663
5850
5663
11643
5668
5851
5897
5664
11642
5670
11640
5666
5668
5843
5897
5667
5669
5671
5847
5670
5670
5671
11640
5676
9890
5674
5680
5683
5674
5678
5682
5691
5677
5676
5684
5847
5686
5678
5679
5842
5688
5684
5839
5684
5685
5683
5685
5683
5694
5848
5686
9889
9890
5689
5690
5693
5689
5693
5840
5692
5693
5695
5695
12001
5695
5697
5704
5706
11992
5700
5708
5700
5701
5701
5703
5702
5888
5702
5704
9208
5705
12003
5705
11994
5708
5712
5709
5710
5711
5880
5709
5887
5882
5886
11622
5712
11623
11993
5714
5717
5878
5874
11616
5718
5719
5824
5718
5721
11398
5718
11397
5720
5722
5721
11458
11457
5727
11456
5724
5725
5726
9760
5727
5869
9761
11853
5727
11855
5729
5730
9750
5731
9749
9779
11822
5734
8995
5739
75066
82150
82151
5735
10070
5775
9891
5769
5756
8080
80547
5742
10076
5743
5764
9897
10067
10068
5752
9893
9900
5757
5765
74518
75066
78568
79416
75053
77050
82152
82157
5749
5756
5759
75100
5757
5768
5771
77050
82157
5763
9898
5758
8997
9894
5765
9899
8056
77050
5776
5760
6339
75100
6218
75019
75129
10066
5774
5791
75047
5765
5766
5768
5772
9898
5772
5777
9220
5771
75038
77074
82123
75049
77071
8990
8999
5786
78731
5776
10067
10068
9218
9894
7340
7342
8033
9038
7342
9356
9361
7342
9356
5826
7338
8042
5784
5815
8040
7332
8047
10918
7320
8055
8063
75046
75048
75052
5790
5793
5799
5797
5799
8069
74698
75063
78731
82158
5794
7326
77101
82123
5797
8069
8070
11346
7319
7321
7321
7322
7329
5796
5797
7326
8071
7322
7327
5872
5883
5809
6159
75014
75098
79571
5811
5812
5809
5806
45471
79390
79917
5812
5808
43555
48406
74608
75098
79173
5812
5872
5873
5874
9560
6443
74623
74667
82085
5825
5877
5816
8050
8042
5891
43995
79437
5830
5830
5836
5846
6443
43534
5823
5869
5824
5825
8036
5836
5895
43534
79365
5834
25019
5832
5833
5834
9045
25019
25019
5865
9759
5916
74693
9052
9360
5841
5898
5842
5899
5842
5844
5847
5845
5896
5898
43995
74804
78901
5848
5898
5852
5853
5893
5851
5853
5852
5894
5855
5857
5858
5861
5863
5859
5863
5863
5862
5860
5892
5861
5862
5893
11821
77258
79179
5868
5892
5871
74586
78578
79077
80196
5890
5876
5879
5884
5878
5879
74623
75053
80196
5877
5878
11614
5881
5886
5883
5885
5885
5887
5884
5886
5888
5890
5892
5896
5931
78173
79417
5897
5905
5946
5902
5906
5905
5936
43995
74678
78754
79582
5905
5937
5939
5925
5935
5908
5925
5924
5929
5910
5918
5912
11462
5914
5920
5953
9703
5915
5955
5955
5918
79467
79711
82085
5918
10121
5920
9303
9205
9303
5924
5930
5924
5927
5927
5928
5929
5935
5930
9957
5930
9956
74693
74823
77989
6091
74695
74804
79412
42696
77240
79809
5935
11970
9874
5939
9874
5938
5947
5939
10091
9873
5942
5943
5945
5948
5944
5945
5946
5948
5944
5947
5947
5951
9112
74805
77974
78138
79417
8967
9422
8966
9428
8963
9426
8952
9426
9419
9420
5962
8962
9419
71598
5966
8959
5965
5966
71601
9412
80264
5968
9414
5969
69538
9412
69528
9410
9413
5973
9410
5974
5975
71251
5974
71494
71243
9411
9411
10992
11176
13913
69926
69930
69931
69933
5981
5982
9425
10720
5981
5982
10423
11171
11172
10419
5985
5986
13750
5985
5986
5987
5988
10422
10720
69970
5989
74131
5989
11014
13884
6000
5994
9417
74142
5993
5999
6002
11374
6000
69416
74127
74131
69428
74114
69416
69428
5999
6000
6001
43835
74678
74694
80733
5998
69418
69958
80189
9415
69418
69961
74127
13881
6003
13881
13886
6003
11375
13886
6005
6008
11379
11380
6008
74115
79356
79411
6008
6009
10943
11155
10948
11149
11155
6011
6012
6014
10971
11154
73505
10949
11364
6015
10973
13951
6015
10971
13937
13938
6017
10773
11371
10730
13822
10589
10675
10676
6029
9513
6021
9514
6022
71263
8956
71264
6026
9528
6025
9523
6026
71150
71051
6028
71454
6029
71225
71229
9522
9536
6032
9535
9537
71124
9520
9538
6036
9519
6037
6038
72110
6037
72077
72070
6040
6040
6041
72093
8968
6042
6044
71932
6044
9517
71931
6046
9516
6047
71969
71977
6049
35623
6050
6051
35627
41470
6093
7426
8292
6763
36643
35722
36645
37708
38637
6114
37706
6098
6114
6128
6060
6128
6060
6097
6096
6130
6091
74695
78918
6066
6097
6065
6067
6132
7548
6066
38700
6067
38701
35117
6071
6077
6078
32199
6076
6078
31619
6076
6078
6076
31613
6080
32197
31618
6081
6082
6085
32607
6083
6083
6083
32603
32602
6088
6086
6087
6089
32607
6088
6089
28426
9320
79392
82122
7548
7553
9072
6168
32639
34858
77186
6097
40908
38701
6099
40040
40044
41366
6104
6117
6103
6106
38637
6103
6104
6105
38636
6105
6119
6108
6107
38639
6108
41382
6123
41380
6111
36024
6111
6112
36023
6765
36019
6114
6128
37707
6117
6118
6118
6120
6127
6119
36573
6122
6123
6121
6122
36391
36392
36570
36569
36576
6765
35724
6126
6127
36388
6129
6130
40040
40906
6763
36051
42690
35536
35541
6134
35625
6135
6761
35629
6137
36228
6137
6139
36230
36050
6139
35619
36226
35628
36229
43934
45896
6142
45894
45542
45899
42678
42710
79974
9097
9118
64179
43466
23948
44121
6148
6154
6155
23962
6151
6152
6156
6152
6155
45834
6153
43514
43511
6154
6155
45833
43510
43514
6212
6163
6206
74765
76864
82168
6164
6206
6164
6165
6204
6163
6165
6206
6207
6167
6169
6203
34853
74696
79390
6205
6203
6176
6174
6199
52403
6178
6181
6183
6202
6182
74518
75043
80496
6179
6197
6200
6181
6200
6186
74623
79647
6198
6192
6195
6196
80685
82085
82092
6195
6191
6191
6192
6191
6193
6194
6198
6197
6198
6201
52399
55264
6205
6208
6209
6211
6217
9032
9024
9116
6213
6214
9017
6219
9016
6217
9025
6739
9141
6339
74717
75050
9146
9326
6223
6223
56570
55164
52878
6227
53805
53806
6230
48313
6230
6233
6235
6233
6235
48455
6234
6235
51492
6237
6238
6240
6241
6249
6239
6241
64318
64321
6242
64317
6249
6250
63673
68074
68077
6245
6252
62391
62406
62394
6247
68029
68133
9108
64321
68130
63667
68072
62394
68075
62402
68116
68470
76935
77031
68116
68237
76894
68470
76907
76934
77016
62403
6258
44320
76896
6259
44322
76641
76650
77006
62897
64223
62898
62910
6266
67203
6264
62907
6265
6267
62908
6266
6267
67204
6285
7854
61194
77676
6271
6275
6283
6272
60506
67203
6273
6274
6273
6276
6302
6275
6276
60498
67764
60507
61228
61273
61369
76743
6280
7857
60612
60972
6285
63533
67205
6281
7858
7863
77469
6284
9098
6284
6303
6305
62909
6288
44457
44863
77482
6290
44864
77482
6289
77471
77635
44455
77484
77488
77491
77492
77449
77475
77482
77635
6293
6294
9106
6295
9293
6295
68026
9288
6297
68610
6298
68609
66726
6300
64226
6301
64228
66725
66726
67203
6304
9100
9102
67764
67766
9098
9102
6326
6336
74462
82159
13502
6309
13471
15723
6311
13466
13474
6311
13242
13469
77478
13465
13510
13516
13510
13518
77618
6316
12601
6316
15634
76719
12602
6319
12736
76712
74783
75043
80496
82136
6320
6322
76713
76714
76722
6326
74201
74770
80471
6324
12110
76698
76713
6325
74721
80581
6328
76664
76699
12534
13190
76947
8327
74731
77099
81849
6333
76917
76949
76952
6333
12529
6334
12698
13022
76914
9391
68586
74731
75088
81849
6338
9391
13015
13017
77039
74734
82151
76890
76891
77019
6342
6343
10980
10656
10987
73665
10655
10978
13843
6345
9525
10984
11189
10537
14010
6347
6348
6350
11190
9532
73734
11126
11142
6351
9534
11294
14038
6351
9533
11125
6359
11293
14036
6354
11293
69775
11294
69770
73765
6356
6360
6362
10709
69758
69775
69777
6359
6360
11293
6360
6361
6362
10714
6361
14042
14043
10715
6364
10671
10710
69777
69778
69779
6368
9521
69823
6368
6370
10936
6372
10438
10480
10481
10935
6370
6371
10479
6371
10936
6372
13589
13706
6374
10485
69839
9515
10482
69818
6379
6409
74266
74797
76593
74266
74273
74641
6380
6382
6383
6382
6407
6388
6389
6394
6389
6389
6394
6392
6464
74273
9266
8731
9266
6447
8336
79957
79989
74448
74641
9263
9264
9406
21046
6398
6397
9263
21046
8733
9266
26199
6445
6402
6433
6403
6403
6405
6408
6407
26616
6428
6431
6423
6428
9400
9401
6415
6467
7334
6415
6469
9127
36917
36915
6417
7335
8559
6418
6421
8558
8555
37515
6435
8632
74267
74448
6422
8556
37515
6425
7297
7298
7299
74459
74771
78513
82159
9439
7252
63621
74249
75277
79552
6442
8516
8519
8520
6438
8526
8530
8521
8524
8534
6440
6446
6453
7201
8514
63621
74804
6449
8324
77099
82136
7232
8512
8513
6450
8507
8509
8512
6452
6458
8496
6453
6454
7201
8495
8496
8497
8500
9440
9447
6459
6461
9229
6459
6460
6463
8496
6463
7193
9230
7192
9447
8499
79300
79546
6483
79563
42718
74793
79538
79563
6468
6469
7335
9123
6531
12373
15260
6486
6530
9211
6486
12372
14585
6475
6506
6529
6476
74527
74793
80725
12134
74589
74633
79646
9209
9210
14168
14161
14162
14161
14164
6489
6490
6526
6482
14172
6521
14163
43426
74788
80703
79420
79517
6488
6494
6526
6533
12373
43437
74432
79646
80403
6489
6525
6521
14171
6493
13519
6518
6496
74792
79642
6526
6522
43128
74595
74793
81297
6498
74593
6518
6520
6522
74527
74588
74589
6504
6505
6516
6517
6517
6520
6504
12142
15170
17094
15169
15170
15171
6519
6507
6533
14585
6515
6514
8765
74386
74389
15169
15172
6511
8763
74509
74510
74424
74514
74530
6515
6523
74507
82252
6516
6519
6520
6525
74426
74511
82254
74386
74434
74558
79761
6527
74386
74512
79761
82222
14585
6533
14164
9209
14583
8305
74638
75095
77099
12134
8931
8932
8931
8932
6537
6541
6737
7106
7648
8895
8896
9190
6540
6734
7642
6541
7655
6736
7650
6544
6545
6554
6551
74614
74649
81849
6553
6624
6623
6547
6622
7102
6624
7093
6549
6550
7085
6552
8097
6553
6554
17209
8326
74504
82082
6554
17207
6560
6563
7640
6559
6560
6559
6727
6563
6733
6570
58763
67612
6563
6726
58764
64333
6566
8326
74401
74502
6568
6725
74627
81940
81969
6569
6571
6578
61668
6578
7074
6571
6571
6725
6726
67612
6575
6602
7083
6577
6581
6586
6575
6576
6577
7084
7084
6577
6603
17333
6724
6724
7077
61668
6585
6595
6584
17288
6583
6584
6597
17289
6584
6585
17288
6586
6587
6603
6589
6630
6673
82229
6729
74400
79998
6591
6594
7075
6605
7056
7067
61725
6608
6616
7067
61725
7051
7071
6597
6600
8732
8736
6599
6599
6600
17292
17294
16493
18280
6603
6604
8097
7049
7055
61725
6616
7040
7072
6713
7052
7072
65517
7049
7050
7040
7067
64245
6611
6680
6674
10093
45092
9138
44453
45092
29670
6617
7040
64246
65519
6618
7041
7072
65528
7050
7054
6620
6712
65517
6716
7635
6622
7103
6623
6624
7094
6712
6714
6716
6707
74428
82226
82238
6642
6689
6693
6692
6714
6715
6636
6637
6656
74404
79790
6634
6665
6666
6633
6636
6638
6635
6638
6635
6666
6666
7101
9189
9190
6641
6685
7021
6642
6686
7023
7628
6644
6657
15187
53210
78648
78802
10552
15187
78635
10543
10553
78635
78844
6650
6654
6681
6650
6651
6653
6652
7022
6655
7024
6654
6655
7015
7627
7017
42953
43016
79660
6658
6660
6661
78641
78665
78804
78813
11662
78403
78838
78408
78418
78846
14789
78761
78786
6677
9842
52861
52862
75755
78746
6728
52941
75750
78719
6729
43354
82250
6675
6678
6680
6678
10093
6678
9206
9206
7008
7930
7936
75615
75574
75577
75817
6685
7022
6686
6693
6696
7930
75580
6692
6693
6691
6692
7631
6707
42678
79978
81463
6715
7632
6695
6696
7927
6697
7920
7926
6698
75616
6698
7921
75625
75552
75621
75686
75696
6701
75621
75660
75687
75696
75626
75695
75724
75626
75661
75684
6706
6709
7924
6706
7921
75686
6711
7922
29645
42656
6709
6721
10759
6711
10146
75552
75618
75633
75696
6713
6716
7032
6720
10143
75695
6720
6721
75644
6720
6721
10147
10149
10146
7918
10140
10143
7914
10170
10762
10763
7074
7076
6727
6727
78718
78720
78727
81463
82240
75755
78704
78743
78796
78700
78701
78724
78751
7910
10757
10804
78688
6735
7642
6735
6736
6738
6738
7105
7110
7875
10551
78628
78438
78610
78618
6788
29453
82206
6744
6759
7354
7361
6752
6756
6757
6748
6756
6749
7374
6749
18680
7366
7375
9173
9174
9176
6753
7057
7361
6756
7062
18679
39307
74406
74644
82214
7060
7066
7044
7347
7358
7358
7359
6813
39258
74324
74407
36228
36051
36228
6764
36647
36051
36020
6767
64235
76428
6768
64236
76406
7131
76407
7134
76393
76479
6771
9232
6772
7414
42643
6773
7409
7414
7416
39947
77724
77729
6778
6780
7412
6777
7408
77737
6779
6781
42298
6780
6781
42299
6781
37263
39947
77730
42299
7168
77871
77883
6789
7406
41132
41858
9314
9315
75407
6787
8021
9313
6787
6797
75374
8022
9315
6805
74626
41126
77902
6791
77862
77873
6794
7183
6794
7184
77911
6794
77855
77925
7185
6796
6797
8017
8020
6797
75384
8022
8016
75363
75390
6800
6803
42817
7404
40295
6802
6803
40294
6803
76439
76444
42817
69572
77756
77927
74326
82211
82219
69561
69584
77751
77835
59900
69585
77932
77934
66670
77922
77928
7997
21767
75299
6811
21768
51446
6812
7990
21920
22284
74326
74644
82234
79025
79038
79081
79095
6821
79029
79078
79103
30918
74332
74421
80099
39829
39831
71545
76347
6819
7965
7970
79019
22291
79018
51137
79100
79243
37699
79048
79231
7775
51349
79045
79075
7765
38588
75283
6832
7765
36725
75368
6826
75287
75293
75160
75171
75350
6833
75350
75401
76372
36724
75174
76341
6830
6832
36722
76342
6831
36722
75286
36771
76335
75338
75368
36724
75172
75173
7743
75162
75163
75410
7733
9285
75424
6839
10351
6840
6848
10322
6840
6848
8152
8150
8158
8971
8475
10300
6843
6872
8483
6847
6857
28980
74417
6844
8484
8485
6846
6876
6846
6875
8486
8485
8487
6849
6884
74403
6850
6853
7219
74648
6852
6854
8166
8174
6854
8166
6857
74537
82243
6858
6856
6858
6860
6864
6865
74415
82241
74415
74624
82141
82194
6865
8172
8174
6866
6870
8481
6867
6883
79812
82204
29331
74216
74396
82163
8480
8171
8171
8480
13930
6868
74261
82199
74318
82163
82171
6870
6871
8480
6872
6873
6874
8481
8483
6876
6876
6878
6879
8179
8181
8177
8178
8490
78741
78615
78632
78633
6886
7214
7247
6884
74403
82208
38863
74276
7212
7213
7241
7213
7224
7245
6889
7200
9354
6890
6891
7205
7197
7198
9042
7200
13772
6894
7214
7245
7268
7212
7221
7209
7221
49019
79405
80012
82183
7203
7221
7253
7216
7218
7253
7214
7246
7249
7255
6900
6904
74381
75243
6905
31725
82191
6907
7269
7275
6904
6998
80307
82187
6907
6909
7269
7273
6954
74381
32264
32528
82180
7285
7288
7291
8987
7258
7272
7243
8088
7271
7287
9213
9162
36944
6929
34567
35515
82112
6915
6983
7436
6914
6915
6981
6985
6982
32264
32437
37913
74313
6975
6977
6978
8229
6922
6966
6923
6966
6971
6921
6964
6968
8231
6966
6969
6923
6924
8234
36216
6925
6931
6926
8234
36406
6931
8236
6930
6931
6934
6940
32264
32437
74300
6932
6934
6936
8236
38025
74304
74351
82110
6936
6938
7447
8235
17428
6939
6940
6961
6962
6962
6953
7454
7455
7456
6943
6947
6946
7473
6945
74352
82107
82110
37913
74340
75074
6948
8243
6949
7454
7454
7456
38149
6950
6953
6958
6955
6958
6965
79907
79931
82105
6959
7070
32528
80307
6963
7447
6957
6963
7450
6959
7450
7452
7452
7452
7455
6961
6963
7446
7447
7448
7445
8235
6976
6977
8610
74304
82176
74280
75074
75256
82176
6970
6971
42927
6976
6971
36215
6979
6983
7433
7434
6974
6978
6975
7433
6979
6978
8233
41885
6982
6983
7437
6982
6989
7430
6986
6988
6994
6988
6989
7429
6987
38120
6988
6990
38121
7429
6990
7431
8226
6992
6995
7423
6993
7425
6996
6997
36904
6995
6997
38120
38122
38120
75030
75252
79935
7611
43716
7001
8575
8568
44094
7554
7512
7513
8246
8247
7006
7008
9144
7007
9142
7009
7011
7009
7012
7627
7011
7013
58890
9147
64180
7013
69168
58891
9245
7016
69168
7017
7020
58311
7018
7019
7025
62385
7020
63522
58310
7024
7026
7024
7028
7030
7025
7027
7027
7028
7029
62386
7029
58167
62387
7031
7628
58167
7629
63568
7033
7637
7632
63567
7038
7344
9252
9256
7038
7348
7349
9254
9251
9254
9258
9252
9256
16793
17373
9251
7349
9256
16796
65515
65517
65519
7635
65516
65517
7045
7047
16043
7045
15872
7352
17741
7048
7351
16045
7048
7356
16044
7357
16047
7053
7076
7054
7069
7075
7078
7072
7056
64237
64240
7068
64238
7058
7060
7059
7359
7061
7063
7362
7061
7066
17029
7064
7066
15877
17030
7065
7364
7066
17039
18377
64247
7069
63742
64237
7073
79938
82184
7074
75196
79907
79947
64237
7077
7078
59858
63742
7080
59865
61668
67612
67615
74226
74291
75257
7084
17320
17331
7085
8097
8098
17327
7087
7087
15911
17329
8098
8100
7089
7369
9174
17547
17586
7104
7211
74378
77182
7099
8907
17145
8911
16372
17549
7094
7096
18017
17208
7096
17204
17211
18008
7098
7099
7377
7100
7378
7380
17146
7383
17147
7102
18007
7103
18010
9189
7308
77259
77262
7106
7109
7107
7113
7115
7648
7109
7112
7113
9114
7110
9141
7112
9117
9141
7114
9117
7114
7115
7660
7661
7118
7378
7118
7119
17141
7388
7389
16949
17522
7123
8107
18035
7122
8112
18026
7124
18030
7124
18037
8114
18031
7126
7390
18304
18745
18800
8110
8113
7129
7151
17876
18027
18033
7136
17004
17347
18305
7133
7134
7133
62186
62445
7135
62182
7135
63419
62188
7138
7148
7140
7141
7142
7142
7146
7148
7142
7393
7143
7146
7396
7397
7144
17100
7145
7146
17344
7147
17345
7148
17346
17347
7151
17443
7151
17441
17445
17876
7154
7155
62187
7154
64869
67570
62185
64877
62188
63415
63419
7158
17049
17441
7204
32544
77182
79631
7159
17051
17440
17440
7163
7394
7394
7395
7394
7395
15759
17122
64869
64870
64871
7167
7169
59454
59455
64871
7169
62063
7172
62066
7171
16962
16802
7173
59454
7178
77883
7175
18714
7177
16797
18715
16802
7179
67611
77874
59450
67609
7182
18715
18503
18023
18497
7186
59678
67772
7185
59939
66902
7186
7187
59679
59940
7190
58520
63259
7190
7191
59592
59595
63261
63214
63238
69566
7193
8494
8499
8498
8503
8505
35248
7198
9355
13790
9355
13782
7199
9353
9354
7200
7202
8508
8510
35242
7207
7209
7211
32702
80009
7209
13774
7207
7210
7217
7218
8094
13773
13774
13775
8094
10373
13779
32626
77263
7253
7242
7216
7220
7225
7226
7242
7218
7220
10376
74390
74503
82093
10158
25994
7228
7247
7250
7229
7247
7226
7227
10160
7229
7228
7229
10998
10997
7248
74202
80020
82193
7234
7237
37848
7234
7235
7236
8514
8515
37848
37850
8511
7238
35820
7239
37848
8515
7239
37855
42254
37851
7243
7259
7279
7245
7253
7244
7249
7268
7247
7250
7422
8048
74412
7259
7251
11052
7260
11052
8519
8526
7277
7422
36839
74378
7259
7260
7270
7284
11248
7258
7263
7270
11248
7273
7267
7266
7264
7266
11050
7264
7278
11217
7272
7265
11219
7267
7279
7267
11051
7282
11246
11258
7274
11258
7275
7294
8988
7286
7293
11256
82034
82208
82210
8987
9214
7291
8987
7284
9212
7285
7288
8989
11250
7294
9213
7295
8069
8988
8989
9214
9215
11245
11249
7290
11255
13801
9212
7293
11246
11255
9213
11192
8088
7296
11191
11341
11342
11249
11250
7295
7296
11346
11194
7302
7311
7300
8551
7304
8550
8551
7303
7302
7304
7305
37679
7306
7310
7311
37673
7306
37677
7314
36169
7312
7313
8555
7422
8048
82191
7310
7311
7315
7312
7314
7315
8554
36158
7316
7317
7317
36166
36169
36159
7333
8053
8064
8063
7321
7329
7330
7326
7328
7324
7325
7329
13760
7330
13928
7328
13758
7328
11314
13757
8055
7415
8048
74353
75254
8046
11272
8046
8049
7335
7336
8560
37922
41151
7338
13642
13648
8041
9132
9133
7343
9357
7343
13651
9038
8033
7353
9251
7346
7350
9254
7354
7350
7352
7355
7350
7351
7351
7357
7356
9255
9258
7355
7358
7357
7360
7361
7362
7362
15877
7424
74308
74314
74316
18377
18681
18682
15844
18679
18683
7373
18683
7368
7369
9173
7370
7372
17587
7372
7374
7372
7373
15848
7374
18702
9172
9175
8910
8912
7379
7380
7381
7382
7381
8908
7383
17141
17140
17148
7385
7386
7387
18798
7388
7388
18795
7389
18794
7391
18801
18305
7393
7397
17098
17098
7400
40378
40581
7400
40376
70975
40377
40380
40791
40884
42819
7403
35991
39289
39287
40880
40884
36838
41735
42594
37763
41725
41728
7407
7408
41136
42880
41858
42298
7410
77722
7412
7416
39947
7413
7420
38565
7413
7421
42398
7418
8048
74394
82164
7417
7418
7421
35234
39948
7420
7421
35237
36957
38568
82180
74308
79787
82165
8614
36891
35641
8292
35633
35634
9086
39357
7431
7435
8228
8298
8303
7436
7438
41888
7437
7439
8227
7438
7439
40552
40550
7441
8216
8359
7442
35713
8352
41973
7444
8215
8370
35712
38041
7449
8237
7448
7451
7449
8240
35347
7453
38641
7453
8241
38642
41780
41778
7459
7460
7462
7974
7461
7463
7461
7973
7461
62750
57813
62752
7464
63264
7679
63265
7466
7471
7488
7470
9245
7468
7469
23759
7489
23758
7470
7471
9246
7490
7473
7474
7476
7475
7494
7477
7481
7481
8243
7479
7495
7480
7481
35258
7480
7496
36941
36942
35256
7483
7485
7486
8253
7485
8250
7485
7492
22103
8252
7487
7493
8253
7488
7490
7490
7491
7493
7492
7493
43817
22107
7495
8674
7496
7499
7498
9155
41231
8672
9148
41229
7505
61752
7502
61419
61750
61760
7503
61755
7504
7508
7505
7672
7989
61753
7507
7510
58706
7524
7993
7509
7992
61626
7510
61627
58709
8248
23362
45793
7517
45798
45993
45796
45797
7516
7517
7530
7516
7518
23938
7519
7532
7519
45993
7519
7520
23947
23368
23947
45799
7524
7534
7523
7536
58705
63627
7525
7535
7525
7994
58706
7529
8203
8205
35414
7528
8467
7529
8204
8467
35413
7531
7533
7557
7533
24218
7558
7535
7539
7536
7540
7544
7538
7541
7562
7539
7540
7542
7542
7543
7561
7545
7545
7565
7545
63620
64255
7552
9079
9348
8202
9085
38589
38590
7550
35539
7552
8203
9083
35417
8202
38589
8203
9083
9076
9084
38785
7560
45270
74728
74736
77262
79960
7557
7560
7558
7559
23412
8244
23413
8244
7562
7563
7568
7565
7566
7565
61070
68498
68503
7568
7569
7577
7574
7578
68398
7571
7571
7576
7571
7578
7573
7576
7577
67877
7575
61071
7575
68399
7579
63496
7579
61070
7579
8006
7581
8570
44169
7582
45294
7601
8563
45295
7586
7588
66204
7585
7590
7592
7587
7658
7664
7587
7663
8013
7589
7589
66205
7591
66212
7591
7595
59822
7593
7594
7658
61793
7595
61791
59823
61796
7600
7603
8561
7600
8561
8562
7599
23586
43717
8561
7601
8563
7602
7603
23587
45301
23585
74307
74353
74394
75080
7647
8028
58483
7607
7610
8027
8032
8025
9274
7609
58484
62720
7610
8024
62722
64216
43458
43460
7616
43456
7615
7624
7617
7619
43454
7618
7621
43452
7617
7618
7618
43453
43452
7620
23773
7621
23901
44280
7623
7624
7625
9250
7624
7625
7626
45650
23901
45644
69168
7629
7631
7633
7632
7633
63567
7632
63569
7638
59116
63567
7636
7637
7638
7639
7638
63328
63327
65516
7641
7642
7645
64334
7643
7644
7645
7655
60374
60370
64335
7647
61792
8029
61795
7649
7651
7654
58509
7654
7655
58506
58509
7654
7656
7657
58468
7745
7850
7929
82189
7656
60367
58507
58509
7735
74278
76792
76994
9507
9508
9507
58506
58572
7665
7670
7664
7665
8013
7668
7670
66468
7668
68398
7669
68401
7670
66203
7672
7993
7989
7992
7676
7678
8030
9289
7675
7676
59120
60602
7678
59119
7677
9291
60603
7943
62284
7985
62286
7684
8044
60053
7683
59727
60054
7685
7691
7686
7687
8045
7686
7687
8068
60059
7689
7694
7699
7692
7701
7691
7692
8066
8068
7925
8067
7694
8067
59722
68234
68230
7697
8074
58860
7697
7699
61580
7698
62029
7700
8073
7700
68233
7701
7919
7925
7703
8085
8092
7704
61777
66693
66697
66698
7708
7708
7711
7713
7715
7712
7714
7715
7717
7718
48909
7721
7721
51388
51392
54941
7727
7728
56914
7728
9262
57194
7727
7727
7728
56915
57189
7731
7737
9285
7732
7734
41290
7732
9283
7740
7737
7746
75137
7741
38767
41291
75255
76258
82109
75142
75380
75381
75423
7740
7739
75161
75164
75410
75156
76392
7741
7746
7742
7744
38767
39266
75400
75423
7747
39267
74272
74311
76258
7747
75397
7749
7750
7757
75166
7755
41765
7751
7755
7753
75158
37152
40997
40998
40999
37836
40995
75159
7755
40999
41775
41767
7757
7758
41765
75167
7759
7761
75284
7760
41768
7762
35454
39029
7762
75286
7763
36722
36723
39030
75254
78593
82190
82191
7766
7767
36725
38125
38127
39035
7774
7776
75324
7850
8031
75254
76211
7771
7777
37147
38126
38588
79070
7773
7776
37135
7777
79123
75324
79060
79123
75323
75324
79046
37153
40118
7778
37137
37147
37132
37147
38129
7781
7783
7785
36279
79045
79050
7784
7787
42608
7787
35932
7785
7786
79061
7789
79071
36209
42604
7789
38773
40013
38771
79049
7792
7793
37262
37270
7792
38779
38869
37269
7794
7795
37258
37262
79211
37353
38325
38327
79033
80173
9445
23302
78577
7802
38688
80167
80168
78959
79217
79241
79260
50232
79035
80171
80180
38689
78998
7804
7806
45205
7805
8266
8478
7808
9365
7808
22038
7808
9368
23666
21765
45206
45760
7812
8464
23949
7812
23950
24140
8466
23950
7815
23955
45665
7815
8465
23951
8291
8456
7817
21925
45211
7818
44725
7819
8414
44964
8407
23767
7823
7824
23575
7824
7825
45041
7823
9311
7827
23692
7827
45042
7826
44319
68214
7827
9309
8347
23839
45534
7831
23572
45041
7831
21700
44320
21705
45043
7835
8393
44079
7836
7837
7838
7835
7837
44085
7836
44087
8391
7842
45926
7846
8390
45925
7844
7845
8427
44371
7845
7846
8429
45925
7844
7847
44372
7843
7846
7847
45927
44375
7847
45928
7851
21827
43989
7854
7855
7856
61370
76994
82186
7852
7853
7856
21827
43641
7856
7859
7856
7857
43980
76726
76734
7858
77676
7859
7864
7865
7862
7863
77491
7865
7866
22889
22893
7868
7870
24010
7864
7868
7865
7866
7867
7868
24015
7871
23795
44864
44865
7871
77619
24012
43727
44456
44465
7874
23562
43715
77416
44463
45686
10531
10533
7878
7879
10553
7878
7882
10210
7881
10549
7880
78844
7881
7884
11299
10458
10445
10455
8095
63331
7885
11296
7886
10459
7887
7888
10461
7889
11298
7889
14084
7894
14083
7892
7900
7892
8095
8096
68948
68952
7894
11297
11348
7898
10801
10805
13897
7897
7898
10893
10805
10814
11351
14083
7900
7902
63248
7901
63253
7902
7906
62922
7908
61842
7905
7908
62920
7906
7907
62922
7908
61840
7910
7911
78700
7913
7912
7914
10756
7913
10724
10804
13895
7915
7916
10727
10168
10668
13823
61779
61843
13756
13890
8072
7921
7923
7922
10865
10863
14012
10864
10867
13564
14012
7930
13564
10523
13564
13870
75247
75254
82143
10519
7937
8037
8044
63270
10280
75594
75409
75413
75417
10279
10280
10281
7939
7940
68833
7939
7940
7942
8034
59704
9290
9293
7943
8030
8035
75831
75849
78530
78542
74278
76211
79413
82190
33078
7949
33080
33081
7949
7951
7951
7953
7953
7956
32211
7955
7956
7957
7959
7961
23299
23300
23306
79002
7963
7964
7968
7962
23300
45325
45328
7965
23299
45267
45328
7969
23306
7971
7969
23252
45265
7970
22288
31877
34818
34817
7975
9346
7975
57815
9344
7977
22292
23249
23014
23251
7980
7981
22284
7980
22297
23010
22287
7982
22286
23011
23021
44178
7984
7986
7987
61751
61752
61747
62292
7991
21904
23019
21906
45292
7993
7994
7996
7997
21992
75312
7998
75301
21990
21768
21903
8000
21878
75316
8004
8005
21880
21767
22411
75147
8003
8004
22412
8005
43547
43551
21872
43548
68398
8008
8015
75351
8010
21877
8010
8012
44360
8011
21879
8012
8018
22927
44144
66203
8016
8017
75385
8016
8018
8019
8020
8019
44145
23433
23434
23435
22866
23519
23520
8024
8028
58487
8027
8026
8027
8028
8029
74728
82089
82164
9277
64220
13646
8035
59708
59706
13647
8038
8039
63269
63270
61043
68833
8041
10916
8042
8043
10917
13581
8045
63271
8047
8054
8050
8054
8062
8065
8053
8059
8060
13924
13927
75075
75080
75094
82137
11274
8059
13924
8061
8099
75015
8058
8059
8063
8064
8065
11082
74765
77050
82090
8064
13927
11084
13927
8067
59727
8071
11343
13679
8073
8075
8074
8075
8078
8076
8079
8079
68599
8079
68600
68597
8099
82089
82142
8082
8083
68599
8086
66702
66705
8084
8086
8085
8087
66698
66692
8092
9212
8091
8092
8091
61779
8093
61778
8093
61777
13776
8096
63332
17319
74728
79579
15911
17206
8896
18476
8897
18468
8105
8107
8105
9191
8108
8900
18479
8108
8109
8114
9187
18035
8111
8113
8114
18027
8121
8131
82079
82133
82134
8120
8124
8122
8125
8128
8124
8125
13880
13841
10558
8135
8136
10565
10567
8130
8133
8132
8140
8382
8145
74475
74723
8134
8138
8382
8136
10176
8136
8382
13628
8403
8139
8140
10177
10184
8160
8146
8972
10354
11034
13933
8156
8264
74625
8148
8150
8162
13933
8154
8160
8155
8162
8157
8152
10354
10391
8972
8336
74474
74496
8162
8162
13933
8971
10312
10355
8164
8168
10314
10322
8475
10321
74195
74290
82134
8168
10322
8168
8170
11307
8170
8172
8174
11054
11057
8175
8173
8175
11063
11067
13930
8178
8178
8490
8182
8183
8488
8490
8183
10191
10199
8189
8187
8189
8188
8189
24415
8190
24415
8194
8194
8195
8193
8197
8195
24643
8195
24416
24643
8197
8264
74198
74268
74475
8200
25065
24701
9072
8205
8205
8459
8468
8209
8212
9372
8209
8211
9374
8211
9370
8430
8442
8399
8416
8359
8351
8219
8221
8335
8219
8350
35774
8222
8224
8225
35865
8223
8223
8224
8338
8338
8300
8228
42694
8228
37386
35936
8230
41886
8233
41890
42134
8232
42927
8233
42016
42134
41879
8237
36407
8238
38026
8239
38029
35347
41939
8241
35347
8242
35348
38642
40638
35256
38149
45274
8247
45796
8248
8251
8249
45796
8249
8255
23360
8251
8255
8254
22103
8255
45793
8257
8258
8261
8259
9462
8259
60295
8260
60296
60907
8262
60297
61772
8265
60296
60626
74268
74617
59050
60297
8476
9364
8268
8273
60633
8269
58995
8270
8279
8271
58990
65312
59044
65311
8273
8275
65312
8274
58993
8276
59049
8276
59044
59045
59045
8278
8280
58991
8279
9484
58990
58994
9504
60976
58992
60970
60976
45203
45758
8286
8474
8285
8287
8288
8463
8286
8287
8472
45753
8289
8290
8464
8291
8465
8293
8627
74468
75253
8296
35648
35778
35779
45212
45665
8301
8303
35635
8301
35636
35638
8302
8303
8303
8304
35865
8306
35866
8324
74624
82099
42287
43288
35639
42284
43288
8309
8319
59902
8311
59904
8311
8312
58818
8315
59903
8313
8320
58819
8315
8317
8316
8317
8318
59896
8319
8319
59892
8321
8322
69046
61603
8321
58831
8322
59894
69047
9476
58947
58949
58954
8328
82161
8329
9479
58950
58956
74429
82245
74285
75095
82082
8336
74474
82162
8333
67373
8332
58951
58953
58954
8332
58954
60447
67218
58951
67217
8340
35774
35775
8337
8341
82147
8340
35774
8339
8341
8342
42327
8343
38154
8342
8343
42328
42331
8345
8348
8395
8412
8347
23766
8347
8357
8348
8350
8352
35773
8351
8352
41972
59400
64537
64541
68873
8357
8358
45532
8358
45652
8357
8358
45534
45653
35711
8363
9486
59390
9489
59390
59395
9495
59394
59397
8368
59398
65856
8365
8367
8378
8366
9468
9486
8367
8368
8379
64174
65857
8371
8384
38040
8371
38042
8373
8376
8374
8375
46003
45657
8376
22844
8389
44080
8381
9461
9464
8380
9464
9467
8380
64123
8381
8388
64118
8384
8385
8386
38749
8397
35575
38747
36524
38751
39953
9460
61170
8392
8391
8393
8394
8393
8394
44080
8411
23771
8398
8399
8400
8398
8399
35575
39949
8422
39956
8403
8405
10182
8405
10178
10182
11043
8409
8414
45211
8408
8411
8414
8410
8412
8410
8413
45210
8412
45212
8417
8419
8422
8417
8422
8421
8419
8420
8423
8431
8424
8421
8430
8425
8424
41358
8426
37238
8426
39956
37237
8428
8429
8438
44371
8431
8432
8447
39212
8434
8437
8438
45538
21764
45444
21753
45445
21751
45443
8479
74230
79932
8489
75245
79938
82143
8442
8446
8449
8447
8447
8449
8451
8448
8450
8455
8461
8446
8448
8459
8453
8461
8450
8455
8453
8454
38673
8454
8455
38676
39205
38675
38676
45665
8458
8460
8469
8459
8461
8461
8462
39933
8471
39933
8466
45754
8465
8466
8468
8469
8469
8471
8471
35413
42297
8474
45763
8474
45758
45757
10309
8477
8478
45202
45198
79947
82149
8482
13899
8483
11286
8484
10913
10912
8488
8490
8488
10198
10197
74283
74293
74380
53081
8493
8494
39548
8505
35248
9446
41201
8496
8500
8498
8503
8499
8505
8502
35242
8518
8537
82097
8506
35243
8506
35246
79928
82192
82193
82209
35246
8508
8509
8510
8513
35817
35818
38942
8512
35819
8516
63621
8517
37852
8525
37853
8610
74350
8521
8521
8524
8525
8523
8524
8538
35603
39062
35597
39062
8527
8528
8530
8542
8530
8532
8534
8533
8535
8544
8549
8535
8544
8543
8544
8538
8536
38661
8538
41185
8540
74232
35602
8543
8545
8550
8567
74228
82182
8545
8551
8543
8545
8546
8546
8547
8548
8553
8549
8552
38658
38660
8553
8553
37680
37673
8555
37516
8557
37513
8558
41664
8559
37921
8560
41145
8573
8564
8570
8573
8566
8568
8570
8573
75251
82095
82209
8571
8570
8572
44169
8572
44094
44096
8575
44093
8577
8578
8766
8766
74186
74499
74189
8581
8582
8581
8595
79743
8754
79744
8584
79890
80044
8586
8587
8588
74343
79897
79912
9242
74174
8591
8593
8760
74477
8593
8594
74487
8762
74516
79721
79729
79745
8597
74347
79914
8601
8602
8602
8767
80079
33870
33969
79819
79833
80064
80056
8605
8608
9271
8605
8608
8609
9273
8607
8609
8612
9268
82105
8612
47961
36889
74286
75196
75252
75257
74250
74631
74632
75093
45240
74238
74257
82247
74238
74242
74419
74722
8622
8628
9227
74277
74453
74496
82079
9444
9437
74290
74331
8630
9120
8638
8639
8636
8687
74625
79989
82130
74224
74290
74331
8635
8637
81735
8660
69426
73466
79762
8641
8661
8640
8642
9129
74125
74142
8687
8644
8646
8648
8659
8648
8647
8648
8657
8649
8649
8656
75454
75797
8653
8655
8653
74035
74036
74126
74141
74147
81736
8657
8658
26013
8659
26014
9417
69968
74142
73463
73464
8667
9148
9160
36954
8672
9149
8671
9500
73347
73492
9156
9433
9155
8894
8672
73058
73328
81712
81717
8671
8673
8684
9529
8673
73062
70327
73467
28919
8678
8683
8893
33194
8682
33193
36945
36951
8684
70063
73487
73490
9167
9168
33197
9164
33197
36953
36953
9529
81725
9167
8893
33194
8943
8946
8692
8695
8936
73083
81717
81718
8694
8938
8694
8695
8696
26346
26348
45505
46192
45506
45508
45516
45512
45506
45510
46192
9267
45505
45513
8709
8711
8708
8709
8708
8709
8713
8713
8712
8713
8786
72971
72978
72979
8717
8721
8723
43554
8901
8720
8904
45221
8721
8723
43566
8722
23762
43556
8902
45238
45241
46189
8727
8730
8727
8729
30323
8730
8730
8733
8741
26151
8735
45433
26148
8768
72985
74081
8737
9406
45434
8741
8741
21047
9404
45431
19544
20619
8744
20845
76891
76895
76936
76937
77006
8749
24640
77045
68116
68153
76935
77025
8758
8773
79784
74436
74547
74557
74561
8753
8756
79724
79725
74559
8756
8757
79774
8758
79779
79780
8760
74490
74480
8762
74534
74513
8764
74510
74507
74543
74546
80126
8772
8785
72995
8770
8775
8771
79858
79854
72982
73019
8774
8775
79772
79859
8777
8782
8783
8778
8783
8781
8793
74157
8781
8782
8792
8784
8797
8784
8786
73019
73025
74085
81679
79273
79587
8825
74056
80207
81669
8828
44737
79533
79585
8804
72936
74106
8794
8800
50484
8796
46941
8795
74159
8795
8796
8797
50481
8797
46940
8799
8802
8830
8801
8805
8831
8801
8802
46942
50485
48841
48842
8808
74107
48391
50483
8807
8810
8809
8811
8820
72748
81616
8814
8850
47606
8875
47604
8813
8813
8815
49217
8814
49215
8816
8816
49828
78406
74741
74683
74699
74738
78166
8823
8846
8849
8823
50519
50546
79507
72759
72924
74055
8883
50545
79512
8823
49779
50543
8826
44929
79283
73021
74092
74111
8834
8838
79608
46154
79506
79590
79624
75021
79580
79615
8830
48397
8831
48413
48395
8834
47876
8837
47884
79609
8835
47877
8837
8838
8871
73871
73911
74018
50233
44562
79684
8842
8843
8849
79505
8843
8847
47877
8847
79627
44995
79510
79594
79601
48861
75024
79541
8848
48092
8848
8849
50519
47603
74680
8852
8856
8877
8853
47603
8857
47605
74809
8855
8885
74817
8856
8857
49396
8872
74811
8860
8861
55380
8860
8862
8864
8865
8881
8868
8869
79489
73879
74018
82028
82068
8865
8869
8884
8867
46810
8868
8885
49395
79500
79487
8873
8878
9061
73861
74003
8878
8879
49396
8874
8876
47588
8875
48292
8877
8878
8879
8879
47604
46811
8881
50547
8884
8883
8884
79494
50549
79501
50552
74702
8888
8933
9061
69702
73266
16271
8890
76987
77047
77075
77160
9231
33191
9151
8899
9188
9188
18475
8899
9188
18479
8900
9190
8903
8903
8904
8906
8910
9177
8911
8908
8909
8911
8912
17144
9172
8912
8918
9178
17558
8916
8918
8921
17557
8916
9183
9180
8919
8920
17184
8920
8921
17563
8924
8926
8928
8927
8930
8929
8949
73868
82066
12307
17994
75920
75970
8937
8938
9379
26348
8944
8946
9369
8945
8946
8945
8946
9369
8981
69702
82049
17122
17123
17124
17125
9420
71606
8954
9514
9513
71267
8956
8957
71052
8958
71057
9528
71054
8961
71517
69549
71593
71807
80271
8962
71584
71599
8964
81192
9430
81191
71679
71684
71705
81185
8967
71706
71717
72093
72107
72227
71996
72107
81347
71928
71932
72094
13595
13934
9201
14141
14142
73870
81784
82028
82063
8983
9401
8979
8982
8985
8984
73870
73983
81786
8985
8984
14843
11257
44269
9225
24381
9218
9220
9221
9219
9225
9001
9002
9015
73961
9222
44269
8998
9218
9217
43907
44269
9007
9012
73868
81785
82049
73120
73833
82065
9005
9008
9011
9005
9011
31467
9009
9009
9010
9012
9435
31459
31466
31901
31900
31459
31466
9020
9097
9118
9020
9021
9026
80324
82050
9018
9019
9021
9059
9020
9056
9057
9060
9022
9062
9055
9062
53233
9026
73797
73800
73844
9029
9032
9033
73986
80337
9031
9034
9064
9029
9113
9030
9037
9036
9036
9033
9034
9064
9039
9054
73266
81791
9037
9064
9065
9049
73048
82033
9042
9045
9053
9042
9051
9053
9043
9044
9046
9048
9047
9048
9047
9353
9050
73048
82046
73142
73929
81837
9052
9058
73868
81785
9060
9062
9059
73098
73978
82046
9060
74002
80334
53235
73837
81860
82022
9323
9320
9070
9317
9075
9083
9348
9349
9074
73253
73842
73878
81860
82020
82023
9078
38591
38592
9079
9082
9085
9349
9080
9085
9348
38591
38590
73837
73865
73872
81852
38591
38784
38785
35540
38786
35648
9089
9095
9335
9090
9093
9334
9336
57144
9104
9111
73042
53081
9095
57149
9095
9096
57149
53233
9103
9109
9100
9101
9102
68175
9103
9296
9297
73026
73033
9108
68026
68029
9107
9108
9337
9115
73029
9702
9116
9506
9116
9664
73401
73403
9117
9508
9129
9454
9122
9130
9729
73369
81744
9129
9132
9226
9125
9127
9133
9226
9127
9131
9133
36918
73440
73442
81744
81896
73442
73445
81688
9454
9133
9454
9145
9154
81830
81873
9136
9140
44765
45085
9138
45085
58603
9140
44765
9146
9147
9152
9159
81883
81884
9146
9216
73067
73227
64179
9350
9151
36954
9153
9154
73289
9154
73309
81867
73325
9156
9431
9434
41231
9350
9160
9161
9431
81867
81875
81880
9350
9432
36954
41227
33196
67171
73323
73486
81933
81942
9165
9167
67171
69997
73365
73967
81767
36949
36949
9171
73175
73388
73447
73292
73306
81776
81841
73305
73308
81776
9177
9174
9175
9176
17548
9177
9182
17557
17561
9182
9185
9183
9185
15769
9186
9186
17500
18468
18471
9199
15389
15394
15397
9195
9197
9198
9197
9199
9202
9204
12004
9204
9204
10120
14582
9211
14160
9215
11249
11247
9228
9234
81862
9218
9219
9224
9221
24381
9225
73067
73227
73361
81881
9231
73283
81863
81939
9230
9444
9447
9448
42641
31523
34315
35577
79308
9238
73307
81934
74359
74364
9241
74362
9239
80291
9253
73311
81768
79986
9241
74221
74215
74180
74254
73578
73597
81865
81873
9246
9247
9399
9399
45647
9250
45645
45643
73321
73628
81939
9278
9318
73187
81471
9260
9262
9261
9335
9334
57192
57192
9265
45435
26149
26147
45505
9273
9279
9272
9276
9281
9271
9272
9275
9273
9273
9276
9277
9276
9281
9282
9321
9343
81821
9281
9282
9282
64220
9284
9286
9286
75419
74038
80160
9294
9295
68030
9290
9291
9292
9294
9295
9293
9294
60601
9297
9302
9339
9340
9343
73367
81817
9301
9302
67809
9301
9341
63336
9342
67808
9342
10120
9310
77036
9309
9310
77024
9307
77036
77009
77041
77013
9311
76894
9311
9316
9315
9316
9316
27965
11021
73180
81813
9320
9340
73174
81827
31494
31494
9326
9330
9329
9331
9329
9328
9332
9331
9330
9333
9333
9333
9335
9336
57193
9339
9339
9341
9342
73234
81815
72543
81820
9347
9346
9347
38785
73230
81801
81803
82035
9362
9367
9355
13773
9371
73146
81474
81816
73130
73154
73173
73427
9361
9363
9367
9368
9365
9366
9367
9368
9367
9377
9383
72533
81474
9376
9375
20525
20527
9375
9376
9377
9377
9379
9384
9389
9382
9385
9382
9385
9389
9390
26245
73367
81480
82039
9386
9386
9390
25471
25481
9389
9390
25477
13001
9394
9396
77381
77381
77398
77400
77382
73145
73146
73230
73235
9398
77499
77501
77506
77524
14138
21046
45435
45435
43932
46191
25953
71495
71252
69533
9414
71500
71491
69970
69973
80187
69967
74130
80193
69417
80192
69428
69998
74114
74130
71600
71605
69840
69862
9423
71718
71715
9425
69932
69933
69961
71660
9429
9430
9429
71745
71681
71651
9432
9434
41231
36955
31465
9441
9442
9452
80614
9443
33189
9448
27194
80614
81749
24947
80619
81759
57212
78574
78997
80174
78574
26940
9451
9471
70285
9453
41250
70343
80535
9469
69866
81759
9454
69577
77701
9459
9460
9458
75120
9459
9461
9470
9461
59008
60631
79317
9466
9466
9487
75115
9467
9470
9468
9488
73103
73675
81761
75114
73089
80185
81759
73675
81720
81754
81781
9479
59382
59429
9480
59429
75182
9505
9541
69453
73350
59426
59427
9478
58947
59426
59908
59913
59425
9502
59379
59382
9482
9504
79195
9484
79199
9485
58995
59008
9485
58994
79193
9488
9488
9492
9493
9494
9496
9498
9492
9494
9496
75116
9530
24984
73054
73118
75109
9494
59390
59378
59380
75178
9501
9502
75189
75206
9499
75022
9501
59396
73049
73329
73346
59380
59380
9504
60117
79204
60974
9518
9529
9914
9508
64188
64189
15527
14328
15188
78814
78816
73636
73714
73830
73655
73716
73816
73828
71226
71268
69821
69837
9517
71930
71929
9529
9620
81887
9520
72078
72074
10671
69824
9523
71138
71140
9525
10985
73742
73830
73732
10656
73651
73665
73715
73636
73666
73830
82010
71050
9541
70325
73062
73636
73720
73828
9533
73773
9534
73771
73753
9536
71125
71133
9538
72072
72075
9540
10038
9542
10039
73062
73414
11525
11531
11537
9544
9588
11528
9592
10040
11537
9549
9550
10012
9547
9580
11534
9548
9586
9549
11520
11530
9595
10011
11533
11536
9552
11526
9553
9555
9580
11535
73083
73488
73492
81714
9578
9580
9557
9757
9808
9813
9559
9562
9744
9745
9563
9569
9567
9569
9564
9568
9565
11695
9566
9568
12023
9998
12021
9570
9989
11848
9571
9570
9571
9994
9574
9964
11967
9576
9577
10138
9576
9968
11969
9577
9923
11906
9963
10139
11909
9579
9581
9582
11521
9581
9587
9583
11522
9585
9587
11524
9585
9586
9593
9862
9587
11520
9591
10013
9590
9591
11556
9639
11636
9592
11557
11635
9594
9867
9595
9871
11520
10112
9598
11552
11793
9636
9644
11803
9599
9602
11802
11805
11806
9602
9608
11561
9602
9603
11806
11555
9605
9611
9605
11425
11808
9606
9607
9611
9612
9622
11428
9611
10009
9610
9611
10010
9612
9613
9621
9622
9617
9623
9615
9616
9628
9617
9630
9619
11466
9621
10117
9619
9622
9688
9623
11467
73028
73407
81887
10116
9623
9626
9628
11592
9627
9632
9941
9627
9973
9631
9975
9631
11471
9630
9632
9938
9633
10117
9633
9633
9942
9635
9637
9651
9636
10105
10104
11790
9677
9678
9679
9639
9647
11560
11560
11638
9641
9642
9646
11638
11637
9648
9644
9649
9653
11553
9651
9651
9652
9678
9647
9648
9649
9650
9654
11552
9652
9653
9653
9654
10087
10084
9656
9658
9666
9660
9663
9659
10037
10041
9659
9660
11589
11588
10036
9663
9667
9667
73369
73401
73432
9666
9667
12041
11597
12042
9669
9671
11546
11549
12024
9671
11804
11805
11551
11799
9674
9815
9674
9819
9952
9822
9960
73031
73403
73445
9677
10085
10088
10089
11770
10089
10105
11763
9681
11763
11818
11728
11764
9684
9691
11419
9686
9690
11461
9685
9686
11464
9693
9695
11465
9688
11420
11428
11429
11416
9692
9694
11430
9695
11786
9693
9694
10098
11431
9694
9695
11421
11788
12025
12027
12028
9698
10119
12032
11798
12044
10043
11540
11541
11573
11565
11566
11569
10097
11566
11572
9703
11784
11461
9711
9712
11573
9706
9712
11831
9707
9713
9708
9714
11942
9711
9715
10046
9711
9712
9713
10045
11571
9714
9715
11945
10031
9717
10034
11436
10033
11896
9719
9721
11432
9720
11893
11900
9810
11899
9722
9723
11434
11832
9758
11839
11894
9846
12036
9727
9786
12020
9727
9728
9732
9731
9734
9914
70350
81719
9731
9732
9825
9739
9815
12020
9734
9735
9739
9737
9738
11911
9737
9984
10061
11913
9739
9740
9817
9826
9978
9742
9745
9767
9743
9746
11850
9744
10029
9746
11848
9746
9762
11849
9750
9752
9752
9754
9754
9779
11838
9753
9754
9758
11835
9756
9757
9811
9758
11894
9760
9761
11824
9767
9769
9769
9770
9765
9770
9771
9854
9766
10022
9768
10024
9768
9771
11850
9771
11849
9850
9773
9851
11995
9775
11864
9778
11823
9777
9778
9835
10032
11861
11825
11858
11820
9781
9782
9863
11891
9783
11523
11522
9795
9864
10060
9786
9789
9791
9791
9794
9793
9800
9793
9796
11887
9794
11890
9798
11884
9797
9806
11889
9798
9804
11647
11888
9802
9801
9802
9806
9803
9805
9856
9805
11645
9806
11646
9809
9814
11896
9812
9814
9810
9812
11898
9811
9812
11893
9814
12050
11895
9825
9823
9826
9978
9825
9826
9819
9821
11726
9820
11719
9822
9824
9823
9824
11732
9825
9982
9826
9828
11484
12050
9829
11483
10033
11689
11897
9832
9833
9833
9847
9835
11920
11825
11921
9839
11580
11693
9838
9841
9844
11581
9840
9841
12021
9841
9845
11475
11574
11576
11598
11982
11990
12000
9851
9852
9849
9852
9853
10022
9851
9854
11995
9853
9854
9856
9858
9921
9857
9861
9858
9860
10059
11645
10128
11648
10130
11646
9863
9870
11524
9868
9866
9868
9866
9867
9939
9869
11733
9869
9872
9870
11892
9870
9872
10112
9943
9877
10092
10101
10101
9877
9879
11970
9879
10066
11971
9878
9880
10063
11972
10066
9882
9884
10077
11973
9961
11971
9884
9885
9965
10078
9901
9969
11628
9887
9913
11978
10094
11980
11640
11977
11980
9890
10050
11977
9898
9895
9896
10078
9895
9897
9904
9901
9897
10079
9903
9903
9904
9902
9905
9926
11628
9929
9905
9932
9907
9911
9949
9908
9912
11700
9909
9945
9913
11641
9912
9913
11979
9944
10072
11697
9944
11717
72983
73369
9919
11699
9918
10074
9919
10072
11698
11472
11487
11599
9922
10130
9930
10132
9924
9935
9925
9937
11902
9927
9974
9932
9933
9928
9937
11952
9931
10129
9930
9932
9931
9934
10132
9934
9935
10138
9936
9936
10139
9937
9943
10113
9940
9943
9941
11947
9942
11951
9943
10075
9946
11711
10135
11700
11715
9948
9950
11696
10061
12059
9950
10133
9951
11697
10136
12062
9953
9954
9955
11719
11718
9958
9958
9959
9964
11968
9966
10103
73011
73029
73134
9962
9965
9966
10102
9968
9969
11962
9966
9967
9969
9967
9968
9971
11641
11643
11713
9973
9977
11908
9975
11593
9977
11946
9976
9977
11948
11902
9984
9985
9983
9986
10005
9981
9986
10001
9985
9987
11915
9983
9987
11732
10006
9985
11915
9987
10002
9989
9996
10127
9994
9991
9993
11474
9997
9998
12022
9993
9996
11478
9995
11477
9997
9998
9996
9997
11480
10126
11481
11779
10003
10004
12064
10003
10004
12063
10005
10051
10051
10058
12060
10008
10053
10007
10008
11731
10107
11721
10110
10010
11558
10016
11562
10012
10013
10015
10115
10014
10015
10016
11557
10111
10116
10113
10114
10115
10019
10020
10123
11783
10026
11771
10023
10026
10028
10025
10026
11772
10025
10024
10025
10028
11850
11774
10056
10073
10090
72969
10029
10123
10031
10134
12061
12065
10134
11847
11919
10035
10035
11686
11688
10037
10122
10039
10040
11639
11634
11422
11470
10043
10044
10052
11545
10045
10047
10055
10046
10047
12058
12064
10049
10082
11980
10050
11977
10053
10057
10054
10055
11544
10054
10118
10057
72956
81639
81653
10058
12064
10060
11647
11650
11734
11912
11914
10063
10081
10091
10092
10067
11974
10073
10086
72811
81455
11878
11869
10075
72968
81454
10075
12010
12006
10078
10079
10081
11851
12005
10088
10087
10087
10090
81483
81570
10089
11767
72880
81572
10092
11871
11640
11642
10096
10098
11538
11788
11785
11828
10100
11549
10100
10219
73194
73366
81895
11538
11548
11970
10103
11972
11975
10105
10106
11765
10109
12044
10108
10110
10109
11818
11819
12045
10118
12046
10114
10115
10113
10115
10116
10117
10119
12033
12046
10122
11463
11465
10125
10125
10127
11848
10126
11782
10127
11480
10129
10130
10131
11649
10131
10132
10136
10137
10135
11945
10137
10137
12057
11700
10139
11962
10142
10143
10144
10142
10144
10164
10760
75698
10149
10171
10147
10149
10153
13756
10152
10148
10154
10157
10153
10154
10772
10152
10156
10157
10867
10867
10872
10155
10878
10156
10866
10157
14082
10159
10160
10376
10161
10371
10161
10162
10378
10378
10999
11004
10164
10165
10169
10169
10760
10166
10172
10167
10168
14024
10172
14025
10170
10170
10762
10172
13890
13891
10174
10179
10186
10175
13846
10176
10177
13632
13627
10184
10183
10180
10184
10183
11036
13954
10219
10295
73189
73366
11035
10184
10186
10572
13701
13845
13955
10188
13821
10229
10234
13820
10235
10405
13649
10193
10194
10223
10192
10195
10196
10193
10199
10218
10196
10223
10198
10199
10200
10203
10202
10446
10912
10202
10212
10218
10203
10442
10205
10207
13866
13787
13789
13866
10208
10556
10663
13785
10208
10520
10557
10563
13571
13794
10216
10217
10443
10213
10217
10227
10218
10221
10441
10214
10215
10548
10216
10548
10225
10226
10227
10549
10221
10222
10220
73228
10228
72879
73428
10447
10223
10227
10226
10530
10533
70361
72883
72938
10230
10234
10231
10237
10232
10238
10501
10233
13654
10234
10235
10235
13650
10237
13820
10238
10502
10490
10498
10241
10242
13730
10245
10246
13965
10243
10246
13918
11263
13917
10245
14050
14055
13963
14049
10254
10257
13982
10253
10256
10265
10256
10257
10266
10252
10258
10819
10254
10260
11320
10259
10260
10824
10258
10835
10255
13986
10260
10261
10262
10268
10261
13985
10259
14088
10262
10824
10262
10264
10265
13693
10267
10272
13690
10268
13694
10269
10277
13985
10268
10269
10274
10271
10276
10705
14053
10273
14048
10274
10695
10278
14060
10275
10277
10276
10697
10278
10278
14059
10280
10281
75561
10517
10522
10283
10284
10296
13817
10286
11162
10285
10287
10290
10317
13818
10287
11164
11308
11309
10289
10290
10299
13819
10292
13833
10296
10297
10994
11353
10293
13837
10294
10299
13836
10662
11353
70361
72900
72905
10297
10298
13817
10299
11353
10302
10313
72713
81110
81586
10309
10312
10309
10310
10321
10305
10306
13833
10307
10358
13838
10310
10320
10308
10360
10310
10311
10311
10323
10312
10350
72751
72803
81595
10316
10321
10316
10318
10319
11311
11307
10318
10320
11309
10320
10323
13818
10323
72705
72773
81598
10328
10334
13793
10330
10332
13973
10329
10333
11113
10335
10330
10331
13590
10632
10333
10335
10334
10335
13979
13980
13795
13662
13685
13977
10338
10340
10346
13932
10363
10343
10353
10484
10344
10392
10342
10344
10431
10348
10435
10437
10348
10437
10489
10346
10400
10346
10348
10352
71773
71776
71808
72743
71804
71922
72751
81599
10355
10360
10355
10362
10353
10363
10364
10357
10361
10357
10361
10364
10359
13814
10359
10360
13815
10361
10363
10364
10366
10369
10401
13816
10367
10369
10487
14023
10369
10484
13814
11108
13712
13733
10375
10377
10373
10375
10665
10374
10666
10375
10376
10385
10379
10385
10469
10379
10468
10381
10382
14015
10384
13869
10383
10470
13873
10384
10385
10665
13871
10387
10389
11235
10388
11029
11040
10389
10390
10394
13708
10397
11038
10392
10393
10396
13594
10397
11033
10397
10432
10396
10397
10399
10400
10399
10430
10434
10431
10432
10431
10403
13815
10403
11215
13837
13816
13835
10406
10919
13611
10406
13659
13583
13658
10410
13610
14081
10436
10518
70916
72436
10410
13656
14081
10411
13641
10492
10493
13641
10414
13671
14079
13671
13674
14078
13657
14081
10417
10418
10883
13747
10421
10895
10896
10883
10897
10896
13748
10423
13750
10421
10422
13748
13750
10423
13751
10424
10425
10895
11158
11179
10569
10640
13634
13971
10428
10438
10480
10440
10482
10438
10439
13705
13704
13705
10434
13704
13703
13704
13900
10435
10439
72449
72610
72676
10440
13900
10440
10483
10442
10447
10446
10449
10445
10447
10445
10450
10455
10451
10454
10451
10449
10450
10451
10454
10452
10462
10453
10463
10454
10626
10915
10456
10458
10459
10467
10463
10464
10631
10459
10461
10461
10465
10467
13911
10463
10466
10630
10465
10466
13908
13910
10467
10469
10476
10478
10470
10471
10472
10478
13873
10474
10785
10534
72611
72618
72736
10475
11327
13948
10477
11325
10477
11002
11327
11330
11327
10480
10481
69806
69817
10483
10485
10486
10487
10489
10488
10488
10489
10488
14023
10494
10498
10501
10504
13660
10493
10497
10504
10505
10495
10499
13597
13638
72526
72736
80750
81420
10499
13638
13639
10502
10503
10500
10503
10505
10502
10503
10505
13661
10511
10516
14020
10513
10514
11313
13863
10509
10511
11193
10510
10512
11199
10511
10515
14021
11197
11316
10516
13844
10515
11312
10516
14019
10520
13867
10534
72605
81460
10521
10522
10522
10524
10523
13564
10524
10555
10557
10526
10528
13830
73556
10731
73571
73570
73581
73604
73631
10590
73631
53827
78632
78633
10532
10533
10532
78440
11673
10550
72617
81428
52743
54476
78841
78876
10592
10653
71887
10538
10539
14003
10984
11358
10541
11357
11358
10541
10542
13905
11359
13940
11222
13944
53357
78634
10545
10553
78635
10548
10551
10551
78627
78634
78635
53899
78623
78841
78846
10550
10553
10551
53608
78800
13939
13941
13946
10557
13869
10557
13872
10559
10567
10563
10566
13879
10562
10565
13631
10562
10564
10569
10568
13633
10564
10566
13796
10567
10568
10568
13975
10573
10642
13846
10574
10649
11303
10573
10577
10574
13845
10576
10578
10580
10596
10577
10579
11300
10580
10600
13533
10580
13532
13968
10585
10586
10583
10586
13599
10584
11305
14057
10586
10587
10588
13596
10588
11306
10593
10674
10677
10593
13832
10708
10744
72644
81537
10761
72572
10594
13831
10674
11200
10596
10597
11030
10601
13968
10599
11240
10599
10602
11241
10601
11242
10602
13540
10602
13539
11088
13557
13956
10606
13550
13560
10606
13674
14097
13668
13672
11271
13556
13624
10609
10615
10622
10616
10624
11069
10611
10613
11290
10614
10617
11066
10613
10615
10627
10614
11289
10616
10631
11073
11073
11074
10621
10625
10905
10620
10621
10888
10622
13950
10623
10889
10624
13912
10624
10625
10911
11070
10628
10630
10915
10628
10629
11289
11285
10630
10631
13908
10633
13689
11109
13590
13686
10635
10639
13666
13687
10636
13725
10637
13728
10638
13667
13726
13663
13730
13665
13684
10641
10647
10645
13662
10643
10649
10644
10650
13635
10647
13636
10648
10840
13662
10647
10648
10650
13637
10839
10650
11304
10654
11212
73653
11209
73637
73638
73639
72172
72651
10655
11211
14018
10656
10988
10993
69928
10659
10661
10662
13836
10660
69869
69912
69916
69927
11216
69874
10989
10664
13778
10665
10666
13871
13780
10668
10669
10728
10727
13823
13825
13826
10672
13827
13828
13889
10935
69740
10673
10719
11015
13885
13889
10676
73604
81949
11207
13807
73604
73631
11212
73621
73638
10680
13535
14000
10681
13536
14002
11107
14044
10683
14041
14042
10685
11121
14036
10708
72313
72654
81527
13987
14041
10690
14040
14041
10688
10689
13967
10690
10691
14001
10691
10693
13964
14000
14039
10694
10700
11283
10694
10699
10701
13989
10696
10697
10698
10700
13691
10698
10705
10702
10701
10703
14056
11279
10702
10704
10704
14055
10705
14047
10707
11107
14043
10714
11105
13544
71770
72636
10710
69777
10711
11224
10713
11226
10716
10718
13585
10716
11224
11237
10718
10717
10718
10717
11229
11224
13544
13877
14017
69973
10722
10727
10729
10724
10725
13895
10726
10728
10729
13894
10727
10726
13898
13893
10729
13826
10731
10732
73554
10774
10974
73539
10751
13740
14072
10736
10741
13737
10738
10740
10748
10740
13740
10738
10743
10962
13996
13997
10740
10741
13997
13741
10742
13742
10743
10967
10966
13997
72638
72881
81536
10747
10751
11305
10748
10749
13718
10749
10750
13721
10752
13723
13719
10751
10752
14057
13741
10755
10967
11266
10755
11318
14060
14046
14061
10763
78703
11350
78667
75692
75754
75768
75769
75684
75696
75701
75697
72312
81541
75760
75756
10765
10766
13768
13935
10767
11360
13764
13990
10768
13745
13768
10769
10877
10770
10876
13743
10874
13744
10802
10898
72602
72639
10877
10878
11092
11100
11104
10777
10782
10776
10782
13832
10781
11253
10779
11094
13822
10779
10780
10781
10782
11096
11244
11245
11259
13830
10784
10786
10866
13766
13947
10787
10788
14016
10787
10788
10869
13948
10870
10790
10792
11362
10791
10794
13991
10792
10795
10923
14030
10794
11326
11328
13992
13990
11204
11328
10797
13579
14064
13573
14090
10799
13549
13552
13574
13941
13576
14033
14085
10803
10804
11350
72652
72819
72857
10805
11351
10806
10807
10814
10809
13898
10809
10811
10881
10813
10818
10811
10886
10901
10817
10885
10814
10816
10893
10814
10817
10886
10887
13770
10886
13770
10886
13753
13896
10820
10823
14034
10821
14031
10822
10823
14096
10828
14097
10825
10825
10833
10827
10830
13605
10829
14079
10829
10833
10831
14058
10832
11323
13607
10832
10833
11324
11320
10835
14062
14085
14071
14088
11132
13693
14066
10841
10846
13663
10839
10843
11304
10840
10844
10845
10845
13665
10843
10847
10849
10857
10849
13699
10845
10848
13664
10847
10848
13695
10852
10849
10856
10859
13962
10859
10860
13534
10855
10857
10854
10860
11302
10857
10862
13700
10856
13729
10858
13696
10861
10859
10861
13998
10862
13534
10862
10865
10870
10871
10865
10867
10871
13765
14082
72620
72807
81536
81635
10871
14082
14013
10873
10880
13756
10879
13890
10879
10938
10877
10878
13767
10877
10880
13769
10880
13755
10882
13753
10883
10884
13754
10884
10885
10900
10888
10889
13770
13950
10903
10892
10893
14083
10892
13910
13950
10894
14084
10894
13770
10899
11159
10897
10899
10900
72599
72966
10902
10901
10902
10903
10904
10904
10905
10909
10909
10908
10909
11159
10908
11079
11157
10910
11160
10910
10911
11071
10913
10914
11284
10915
11285
10917
10918
10919
10920
10920
10921
13582
13620
11272
13622
10923
10925
11204
10934
10927
10929
10930
11102
10929
10930
11203
11076
72551
72566
73199
10928
10933
11100
11092
14029
10933
11201
10934
13952
14029
10933
10934
14029
14030
11226
11225
13586
10939
10941
13877
10939
10940
13755
14027
10941
13746
10942
13874
10944
10954
10944
10948
11376
13875
10946
10952
11366
10947
13744
10954
10955
13746
10954
10955
10950
10951
11151
10953
11153
10952
11364
10953
11365
10955
10957
10959
13718
10960
11183
13724
10959
10960
10961
10962
13996
11184
10963
10965
10963
10964
10969
10965
11336
11180
13994
10967
10969
14046
10970
11264
11336
13921
10970
11267
10972
10973
73517
10974
73507
11370
10976
10980
10987
10979
11356
10979
10980
13901
10980
10981
11356
13904
13844
13907
11355
11356
73819
73742
73748
73751
73830
10985
73666
73665
73721
73728
73817
11167
69926
69931
10990
10993
10991
10993
11354
10992
10994
11354
10994
11168
69927
10996
10997
11001
11012
11046
11047
10998
11003
11004
11002
11004
11001
11005
11329
11006
11012
11005
11004
11006
11006
11330
11009
73508
74117
11009
11154
73504
11010
11150
11152
74138
11012
11013
11048
11205
11204
11329
11020
11024
11016
11017
11018
11026
13888
11022
11025
13885
11019
13893
13753
13887
11023
13751
72541
73174
73193
11024
13882
11027
13747
13887
11025
13884
11027
11027
13887
11030
11037
13701
11031
11041
11031
13702
11240
11034
11035
11034
11038
11039
11043
11043
11045
11041
11045
11039
11040
11042
11041
11044
11043
11044
11045
13954
11047
11052
11053
11048
11049
11050
11202
11051
11220
11053
11053
11057
11064
11056
11059
11308
11058
11060
11310
11058
11061
11307
11060
11075
11165
11061
11062
11065
11068
11064
11067
11068
11068
11068
11072
11074
11067
11290
13931
11070
11073
11071
11078
11079
11074
11075
11077
11077
11163
72607
73888
73893
11078
11163
11163
11093
11103
73893
81472
11082
11083
13923
11084
11086
13925
13957
11275
13960
11087
11089
11223
11090
13961
11090
11091
13856
11089
13552
11091
13553
13857
13959
11371
72533
72535
81515
11096
11104
11099
11100
11104
11098
11099
11098
11101
11217
11244
11102
11102
11201
11218
73199
81516
82036
13822
11106
11107
13537
13545
13536
13592
13714
11111
11112
11113
13591
13731
13725
13914
11113
13590
13593
11115
13848
13903
13865
13907
11117
11119
11127
11130
11122
11128
11120
11123
11277
11120
11123
11133
11281
11122
11123
14037
13987
11126
11137
11142
11126
11128
11129
11128
11129
14038
11131
11131
11133
11137
11139
11134
11279
11134
11135
11281
11139
14068
11138
11144
14070
11138
11139
11145
11146
11147
14091
11143
11147
11148
14089
11143
11148
11190
11145
11146
14092
11148
14090
14093
11150
11152
11153
11153
11153
11154
11155
11157
11162
11175
11161
11166
11159
11160
11174
11161
11177
11166
13913
11165
11165
11166
11168
11169
11173
11176
11170
11178
11171
11179
11172
11179
11173
69926
11177
11179
11176
11177
11178
11178
11181
11184
11185
13993
11184
11185
11184
13995
11187
13719
13722
14089
73730
73733
73735
14093
73733
73735
11194
11197
11194
11195
11196
13805
11198
11196
11198
13803
13802
11199
11344
11199
13800
13811
11202
11203
11220
11205
11205
11207
13806
13807
13813
81951
11211
13809
14020
73615
73618
73645
73607
73618
73620
73657
73659
73639
73659
73604
73617
73630
81949
73608
73611
73616
73630
11216
69870
11219
11247
11219
11220
11222
11223
13946
13850
13945
13852
11226
11237
11229
11233
11241
11231
13586
13587
13584
13585
11232
11243
72503
80833
11233
11236
11238
70853
70910
72475
11237
11235
11236
11239
13709
11240
13707
13586
11241
11242
11240
11242
13584
11292
72475
72498
11245
11247
11250
11257
11258
11257
11253
11254
13800
11254
11255
11256
13801
11259
13799
13802
11259
11261
11263
11269
14049
11262
14050
11268
14048
11265
11265
11267
11269
13920
11267
11268
11270
11270
14051
11270
11276
13958
11274
11274
11276
13625
11275
11276
13960
11278
11280
13988
11283
14040
11282
13691
11282
11283
11282
13989
11285
11286
11288
11287
11288
11290
13899
11289
11293
11294
14037
70913
72545
80756
11296
11297
78779
11298
11299
11298
11352
78784
11301
11303
11302
13532
13700
13533
11304
13699
11306
13717
11311
11309
11310
11311
11313
11316
13681
11315
13679
13682
13762
13862
13682
11319
11321
13737
11319
13982
13739
13984
11324
11322
14075
11323
13983
14076
11324
13986
11326
13947
11331
11331
11331
11331
70913
72359
72536
81434
11335
11339
11386
11335
13714
13993
11337
14054
11338
11338
13994
11339
13919
11389
11444
72359
72444
74016
11343
11346
11343
11344
13679
13683
11387
70871
72278
74007
11348
11350
78798
11351
11352
11426
70871
80355
81436
78783
11354
11356
11357
11358
11359
13906
11361
11366
11362
11367
13935
11363
11368
11369
13936
11368
11369
11366
11367
13745
11368
13937
11371
11372
11372
13951
13953
11378
13882
13886
11380
74137
11377
11379
11377
11379
11378
13876
14017
11380
11384
11386
13914
11383
11385
13726
13728
11389
13917
11385
13727
13728
11388
11388
13916
69635
70920
81437
11389
13919
11391
11392
11395
11393
11396
11620
11393
11400
11409
11615
11395
11443
11445
12012
11448
11621
11398
11615
11399
11400
11402
11457
11410
11402
11407
11410
11414
11404
11405
11408
12014
12016
12017
11407
11410
11426
70853
74008
80831
11411
11412
11411
11600
11605
11410
12014
11602
11413
11414
11415
11608
11415
11457
11460
11845
11418
11420
11424
11418
11423
11424
11469
11419
11422
11421
11430
11423
11464
11470
11467
11427
11428
11429
11444
72472
11551
11808
11430
11431
11546
11547
11433
11900
11435
11435
11833
11438
11901
11438
11439
11686
11440
11679
75930
11447
11443
11447
11445
11448
70853
74015
11446
11453
11455
12012
11448
11613
11450
11452
11454
11451
11514
11454
12019
11453
11455
11455
12018
11458
11857
11458
11459
11460
11863
11840
11462
11787
11463
11465
11465
11467
11469
11471
11469
11470
11586
11590
11591
11473
11483
11477
11478
11485
11475
11476
11598
12022
11477
11599
11479
11481
11688
11481
11482
11685
11779
11485
11491
11492
11689
11488
11489
11489
11490
11491
11490
11492
11599
11492
11494
11495
11516
11497
11501
11503
11519
11606
11497
11498
11499
11500
11502
11506
12066
11505
11506
11959
11504
11505
11743
11504
11511
11517
11503
12069
11607
11512
11746
11960
11508
11511
11512
11510
11510
11512
11748
11996
11518
11741
11514
11515
11516
11518
11517
11519
11518
12019
11522
11523
11524
11526
11531
11535
11563
73883
74000
11532
11533
11537
11531
11532
11534
11534
11536
11533
11536
11535
11830
11540
11542
11543
12027
11545
11542
11567
11572
11550
11572
11545
12031
12030
11547
11551
11548
11549
11550
12026
11553
11559
11801
11556
11560
11561
11559
11561
11558
11562
11561
11562
11560
11596
73996
11565
11569
11570
11827
11567
11568
11572
11573
11569
11830
11829
11571
11827
11573
11575
11576
11582
11581
11580
11582
11583
11579
11580
11693
11583
11879
11581
11582
11876
11877
11587
11595
11597
11586
11587
11592
11590
11591
11588
11589
11590
11597
11592
11593
11594
11595
11908
11905
12039
11630
72468
81430
12039
11599
11601
11603
11607
12069
11603
11608
11609
12067
11606
12017
12018
12019
11607
12017
11607
11609
11846
11610
11940
12070
11612
11618
11621
11613
11627
11616
11617
11616
11620
11618
11619
11619
11621
11626
11621
11623
11626
11624
11625
11993
11627
11627
11962
11671
78447
78617
78626
72463
72679
73926
11644
72367
73996
81444
11633
11671
11738
11706
11953
78471
11635
11637
11639
11636
11637
11638
11714
11717
11643
11717
70877
72279
72679
11646
11647
11649
11650
11949
11952
11734
11684
11716
72422
80842
11750
11759
75578
11659
11771
75785
11655
11661
75897
11659
75785
75981
11750
75571
11772
75950
11683
75785
75911
75092
75929
78822
78836
78842
11666
11672
11987
11675
70886
80846
81427
11666
11670
78617
11669
53899
54960
78417
78841
78411
78623
78636
11670
11989
11671
11735
70990
72440
72453
81426
70916
72449
72453
11983
11986
11987
11988
11990
11680
75932
11683
75935
11682
11683
11686
11776
11781
11701
72434
81425
11687
11688
11687
11776
11689
11692
11879
11692
11694
11695
11693
11694
12023
11698
11699
11912
11698
11913
11745
70886
72668
11710
78469
78480
11704
11709
78480
11705
11708
11934
11709
11955
11709
78475
11708
11710
11926
11933
11954
12074
78534
11712
11714
11715
11713
11943
11714
11944
11745
72465
80760
11723
11769
11727
11722
11723
11728
11722
11729
11731
11726
11725
11727
11726
11731
11732
11730
11769
11727
11729
11730
11818
11764
11734
11947
11949
11736
11738
11739
11749
12048
11744
11749
11984
12048
11739
11953
11956
11741
11747
11984
11743
11749
11986
11989
11744
11746
12047
70846
72449
12049
11748
11981
11986
11998
11976
11985
72206
72328
11758
11991
12015
72374
75578
75954
75984
11757
75910
12053
75801
75931
12054
75945
76085
11775
11976
12009
72429
11775
75896
75957
11773
75897
75962
75983
75896
11763
11764
11770
11765
11766
11819
11767
11768
11770
11769
11780
11774
75936
75898
75910
11778
11781
11780
11781
75785
11779
11780
11782
11783
11783
11785
11787
11786
11787
11788
12052
75934
76085
11791
11803
11798
12044
11793
11794
11803
11801
11802
11795
11804
11796
11798
11797
11800
12025
11798
12032
11800
11804
12024
11803
11804
11808
11808
72206
72405
80933
81371
11810
11813
11814
11815
11816
11816
11817
11820
11815
11817
11836
11815
75849
11816
11825
11823
11838
11819
11822
11823
11824
11827
11831
11829
11830
11833
11837
11839
11834
11836
11838
11839
11837
11838
11844
11845
11860
11843
11846
11940
11843
11844
11847
11924
11941
11862
11846
11865
11923
11853
11864
11855
11859
11861
11864
11856
11857
11859
11863
11863
11861
11864
11862
11862
11863
11865
11865
11871
11869
11874
11869
11874
11875
11872
11875
11876
11880
11976
72161
72443
81414
11878
11879
11880
11880
11882
11885
11883
11887
11884
11891
11888
11892
11886
11890
11889
11890
11889
11892
11894
11897
12050
11897
11898
11901
11900
11901
11904
11905
11906
11907
11906
11908
11908
11909
11910
11964
12040
11910
11969
11913
11913
11915
12063
11918
11920
11929
11918
11922
11937
11919
11921
11923
11921
11928
11924
11939
11941
11924
11927
11929
12076
11932
12074
12076
11931
11932
11929
11931
11938
75846
78547
78547
11934
11938
12076
11936
11936
11961
12072
11937
11938
11939
12073
11941
12071
11943
11944
11945
11948
11950
11952
11950
11951
11951
11950
11954
11957
11957
11961
11957
12049
11958
11959
11961
12049
11961
12072
11966
12042
11965
12041
11966
11967
11968
11968
11969
11975
11972
11973
11975
81413
11979
11980
12005
12011
11982
11998
11983
11988
11986
11991
72316
81429
11988
11989
11990
72160
81423
11993
11994
11997
11998
12037
12000
12036
12037
12038
12002
12003
12004
12007
12008
12010
12011
12008
12011
12029
72348
72446
12014
12016
72341
72398
72433
81429
12029
72292
72301
12018
12022
12023
12025
12026
12027
12030
12030
12032
72148
72392
12031
12033
12033
72301
72377
81422
12038
12038
12040
12041
12042
12112
72057
81285
81345
12045
12046
12048
12049
75821
75933
75947
75912
75916
75931
74592
75935
12055
75949
75899
75928
12057
12060
12061
12061
12062
12064
12065
12060
12062
12063
12065
12068
12069
12069
12070
12070
12072
12071
12073
12073
12075
78533
78547
12078
12186
14972
12084
14970
15003
12083
12084
12082
15392
15401
12083
12085
15405
12083
12085
14970
15399
12087
12091
15266
12093
15267
12090
13042
14395
12090
12093
12094
12092
14398
12094
13041
15266
12093
12213
15268
13043
12097
12787
14771
12097
14237
14750
14235
14778
12100
12435
14751
12101
12516
14773
12101
12436
12436
14774
12199
14607
14614
12195
14609
14613
14680
14890
15453
12199
14602
15412
12360
15429
15615
12110
12115
12117
12109
12111
12727
12741
12113
12736
12736
12736
12737
72247
72335
80954
12115
12717
12115
12116
12718
14330
12117
14331
13222
12121
13170
14748
12120
12121
12405
12122
13082
15007
12122
15010
14747
12406
12611
15007
15357
12125
14176
14579
12126
12661
12127
14877
13104
14177
14878
12130
12132
15011
12130
12133
14166
15013
12133
14167
14175
12133
15599
15598
14164
12136
14533
14536
12137
14537
15107
14780
15105
12139
12141
12147
12142
12141
13144
13367
12144
12149
12143
12144
13115
15168
13113
12147
12151
12147
12149
12152
12150
12152
12705
14248
13367
12151
12156
12152
14247
12155
12162
14246
12159
12160
13149
12160
12162
12163
12158
12163
15158
12159
12161
14156
14155
12161
12164
12164
14247
12164
15161
14454
14458
14467
12171
12177
14455
12169
12179
12181
12179
14454
14455
12174
12453
12171
12172
12210
12178
14186
12173
12175
12208
12174
14866
12175
14179
12177
12385
72222
81346
12179
14184
14455
14466
12181
12183
13200
12184
14466
12183
12454
12455
12184
14540
12453
12187
12188
12192
12345
12187
12188
15003
12190
14809
12191
12354
12191
12192
14472
12348
12195
12196
12201
12196
12198
12202
12197
12201
12198
14615
12199
14601
12203
12284
14231
14230
14233
12204
12205
15604
12204
12205
12286
14234
12287
12207
12209
12211
14187
13059
14587
12209
12210
14872
12211
14186
12213
12214
15296
15693
15686
12216
15292
12216
12295
15691
15294
15692
12218
12311
15322
12309
15319
12220
14610
14619
12222
15326
12222
12224
14685
12225
14690
12224
12226
15653
12225
14688
14612
14603
14604
12228
12229
14351
14352
14357
14498
14940
12231
12236
14429
12242
12239
12241
12243
14590
12234
12239
12240
14432
12235
12380
12237
12387
12237
12238
14429
12240
14430
12240
12241
14433
12242
12243
14588
14784
12245
12248
12257
12247
12344
12248
12249
12252
12250
12978
13276
12250
12253
12251
12850
14840
12251
12985
12254
12548
15253
12254
12257
12555
12256
12257
12294
14801
14807
14808
12260
12262
12879
12260
12264
14575
14574
15202
12262
12267
14555
14556
14570
12265
12266
12265
13054
13056
12268
14573
14563
15130
12271
12271
12275
12279
12292
12290
12274
12274
12278
12278
12277
12583
15525
12280
12575
12280
13073
12580
12282
12283
13459
12284
15045
12285
13371
14742
12285
14232
12286
12288
12288
15606
13368
14741
12290
12291
12292
14121
13074
12551
15689
12296
12555
12296
15291
12558
15294
14439
14441
15194
12299
14442
15199
12700
14480
15200
12303
12455
14119
12307
12306
14103
12306
14533
14108
14534
12311
12315
15621
12310
12311
12313
15623
12313
12314
12315
15624
15624
12315
12369
15622
12322
12323
12324
15304
12318
12320
12734
12321
15305
12320
12323
12332
12326
12735
12322
12323
15302
12379
12325
12332
12328
12333
15113
12327
12332
12334
12733
12329
15109
12331
15051
12331
12334
12807
12335
15052
12333
12335
12335
12809
12338
13272
12339
12343
14801
12341
12344
13275
12340
14806
12342
14805
12342
12343
12344
14808
12348
13033
12350
12353
13178
12348
12350
12351
12349
12350
12354
14469
12353
13031
12353
13032
13173
13181
12355
12356
14469
14471
12358
14477
12358
13494
14479
15203
14478
12362
12365
14482
12364
12774
12363
12364
15245
12363
13456
12367
15677
12366
15246
12367
15612
15676
12367
15620
14685
14920
15621
12592
15675
12371
14586
15502
14587
15166
12373
13356
15259
12377
13354
15258
12376
13350
13352
12377
12663
12660
14631
15479
15547
12380
12389
12388
15558
12386
12390
12872
12874
12386
12792
12874
12384
12387
15569
12386
12391
15559
71999
80970
81284
15559
12391
14430
12390
12391
12390
12866
12873
12396
14817
14822
12396
14820
12395
12396
13095
13395
14823
12399
12403
12408
12400
12401
14817
12401
12402
14821
12404
13262
14820
14819
12403
12404
13168
15009
13267
12406
12407
15360
12408
15010
15333
15335
12412
12420
12828
12419
12420
12442
12412
12414
12846
12418
12838
12415
12417
12419
12424
12416
12847
12416
12861
12417
15005
12418
12420
12422
12440
12422
12425
15019
12426
15091
12424
12861
13342
13401
12426
12426
13399
14947
12429
14143
12429
14144
14150
14146
14151
12431
12432
12433
12439
14139
12437
12520
12434
12435
14144
12439
14145
12437
12438
12438
12521
12439
12442
12830
12442
12815
15015
15091
12444
12934
15119
13439
15511
15518
12447
12451
12883
12447
12448
12484
12449
15715
12449
12450
15517
12452
13436
15517
12452
12886
14894
13441
12454
14181
14182
14538
14540
13139
14275
15711
12458
15432
15617
12459
12541
15435
15708
15714
12622
12627
14553
12462
12464
12473
12465
12475
12465
12697
12465
12696
12469
12471
12474
15270
12474
12475
15230
12469
12470
13381
14221
12473
12473
12475
81284
81285
81346
81400
15266
15228
12477
12478
15132
12479
13495
15122
12479
12480
14564
14479
14478
14565
12482
12483
14499
12493
14497
14507
14353
14360
12485
13185
15715
13175
13185
12487
12497
12498
12954
12489
12493
12491
72018
72039
80976
12953
12954
13317
12506
12954
13490
71184
72051
72139
12493
14502
14764
12495
12497
14768
12496
12503
15084
13205
14765
12499
12499
12506
12503
12508
12502
12505
12507
13435
12502
12506
13480
13435
12504
12505
12507
12514
12512
12508
12508
12510
12513
14302
12512
14301
12763
14414
72039
81281
12514
14304
12515
13204
14312
12515
15084
12517
14411
12518
14403
14776
12777
14404
12958
14405
14413
14415
12521
12523
12522
12523
14406
14412
12525
14362
12526
14372
15273
12527
15271
13167
14491
15274
12530
12532
12539
12530
12533
12540
12534
12535
12536
13187
12536
12537
12534
12698
12535
13190
12541
12539
12541
15714
20939
71634
72042
12540
13023
15606
15652
15655
15657
12544
12545
12547
14724
12553
12560
12547
12551
12553
12556
12554
12555
14414
20828
72038
81343
12556
12558
15291
15291
12651
12763
72685
81231
12557
12557
12565
12558
12557
12563
12565
12568
15255
12561
12562
14723
15252
15254
12563
12564
12565
12568
15254
15253
13330
71185
72013
81109
12568
12713
15254
15256
12570
12571
14322
12573
13076
14323
12572
12909
14315
12573
12574
13078
12577
12910
12580
12583
12577
12580
13077
12578
12907
12581
12908
12584
12913
12914
14326
12581
12582
12583
12584
15528
15526
14196
14593
14913
14190
14191
14197
13462
15362
15632
12598
15694
15697
15356
15700
15702
12594
15698
15706
12592
12593
12597
14917
12598
12596
14918
12596
15631
12596
12597
15699
14922
12598
15674
14883
15367
15381
12601
13340
77668
12602
77662
76709
12605
14383
15450
12605
12606
12608
14299
14297
12610
14386
12610
14387
15663
12609
12610
12743
15037
15664
15006
15702
12614
14856
12614
14602
15416
12617
14260
12617
12618
14253
14137
14256
14129
14134
13076
14122
14258
12621
15175
15204
12622
14552
12625
15206
12627
12631
14596
12631
12632
14599
12627
12634
12628
12633
13408
12629
12630
12632
13409
12630
12635
12631
14600
13403
12635
12637
12635
15207
12636
12637
15205
12642
12884
12639
12641
13175
12643
13174
13410
12642
12643
13408
12643
12883
15715
12885
12646
12647
15222
12648
15549
15580
12649
12650
15223
13172
15485
15554
12649
12650
14644
13039
15550
12664
72685
81281
13172
15547
15552
12654
12658
12688
12655
13248
15247
12657
12689
12657
12690
13244
14978
13250
12659
14988
15247
14989
15248
12662
12663
12662
12667
12669
14630
12666
12676
13353
72014
81109
12670
14632
14701
12669
12681
12904
14632
12669
12670
14632
12671
14633
12681
12683
12678
12683
14525
12674
12678
12684
14380
12685
15418
12676
12677
14346
12681
12679
12682
14349
12680
14379
12684
12686
14347
12682
12683
12682
14633
12685
12686
15437
13199
12691
13217
15087
12689
12803
12690
15089
12691
14978
15090
12694
13036
15226
12820
14414
20556
72016
12695
15225
15229
15230
15311
12697
15314
15315
15307
76949
12700
12701
13460
14480
15044
13459
15047
12703
12712
12894
14350
12711
15159
12708
12709
14495
12706
12711
12708
13367
12708
12710
12712
14496
12710
12942
14343
12949
12712
14248
12714
15572
12715
12970
15574
12969
15256
12721
12724
12730
14210
12718
12727
12728
12729
12729
12730
12781
12723
12726
12727
14214
12724
13238
12723
12724
12726
14211
14213
14211
12728
12729
12730
12728
14329
14210
14158
15115
15155
12733
12808
14996
12735
12805
15001
15303
15000
12739
76719
12740
14218
15633
12740
12741
15634
15635
14214
13060
14874
15680
13198
14300
14961
12746
12747
14966
12747
12750
15037
12749
13509
12748
14962
12749
14309
12923
15590
14310
15662
12756
12757
13171
12754
12757
13508
12755
12756
12757
12755
13310
15523
12769
12759
15481
15492
12764
12766
15479
12760
12764
12769
14933
12768
14936
15482
12766
15477
15482
12820
20789
12767
15481
12766
12767
15482
15478
14932
14709
14934
13304
14939
12771
14810
14977
14912
15054
12773
12774
15242
12775
15232
15244
15430
15426
15462
12782
12783
14332
12778
12785
12780
12784
14930
12780
12783
13233
14929
12782
12788
12786
14329
12786
14335
12785
12789
12787
14779
12789
12788
12789
14235
12792
12793
12792
12793
15004
13504
12796
12795
12796
12798
12800
12841
12799
12842
12858
12799
12800
14262
12843
12803
12806
14992
14990
14994
14997
14991
15089
12806
12807
15088
12808
12809
12808
12809
13214
14992
12812
14154
14754
14758
12812
12813
13135
14154
12814
14760
15648
14756
15645
12824
12827
12823
12824
15460
12818
12829
12835
12821
12824
12821
12835
15300
12833
71635
12822
12823
15300
15464
15462
15465
12826
12834
12870
15306
12836
15305
12829
12830
12830
12832
12831
12836
12831
12834
12834
12838
12871
14453
80997
81231
12836
15298
12839
12840
12846
15004
12839
12840
12868
12869
12843
12845
12843
12847
12848
14577
72013
72020
81184
12846
12848
15004
12848
15005
12850
12854
12985
12851
12852
12856
14840
12853
15255
12857
12969
12855
12984
12986
12856
12999
12857
12976
12987
12860
12865
14262
12862
12864
13323
12864
13332
12862
12863
13342
12864
12865
13328
15005
12870
12873
15306
12927
72025
72141
81231
12869
12871
12872
12874
12871
12873
12876
14926
14957
13499
14557
12879
12880
12881
14949
12881
13053
15449
14949
12881
15202
14952
14949
14950
14957
12885
12885
13416
14895
12887
12889
13420
14894
14896
12889
13426
15515
13430
13441
12891
12892
12893
14339
12895
14707
12948
14341
12895
12952
12895
12940
14350
12903
12904
15475
12901
14672
15468
12899
12901
14679
12902
12903
14879
12906
15468
15469
12902
14673
15473
14877
14704
14877
14660
15470
15470
15476
12908
12910
12914
12915
12910
13093
12911
12912
13096
12915
13396
12914
13397
12915
12955
14321
14694
12918
13379
14682
14681
12920
13364
14190
14209
14190
14200
14209
12923
13438
14390
15512
14306
12925
13509
15119
13501
14969
15129
12937
12938
15517
13243
72685
81339
12929
13183
13496
12930
12936
15121
12935
15123
12932
13180
13183
12933
12938
13182
12939
13183
12935
12937
12936
15120
12939
12939
15516
13185
12949
12952
71709
81339
12943
12949
12950
14342
14343
12946
14338
14369
12950
14367
14369
12947
12948
14337
12950
12951
12952
12951
12952
13318
14497
12956
13094
14693
13097
14315
12958
12961
14929
12960
12960
13279
13285
14098
14101
12962
13411
14931
13412
14098
12964
14532
15418
14463
14464
12967
13197
14294
14300
14289
14293
14298
14293
14297
12971
12972
13083
12970
12976
12972
15297
15701
12974
13086
12974
12993
15297
12976
13215
14559
71908
81591
12979
12981
12982
12980
12985
12980
13274
12983
13277
12990
12984
12992
12984
12985
12992
12999
12993
12999
12993
12994
15297
12997
12998
13100
12992
12998
12995
12997
12998
12995
12996
12997
15285
12996
12999
15282
13002
13002
13003
13007
13012
13008
13009
13020
13008
13009
13011
13009
13010
14274
13008
13015
13015
14277
13014
14268
13012
13014
13013
13014
13211
14276
13017
13017
13019
13018
13022
13020
13023
14559
14577
72020
81293
13025
13030
13343
13026
13402
13027
13141
14245
13028
13030
13029
13143
14243
13032
13033
14811
13034
14810
13174
13406
14812
13036
13038
13040
14393
13045
13038
13039
14640
14392
13040
14638
15224
13043
13045
13043
14392
13044
13045
14393
15229
13048
15328
15452
13048
15325
15454
15453
13051
13052
13051
13056
13052
15455
13057
15457
13054
13058
13055
15202
13056
13058
13058
15456
15459
13061
14873
13064
15051
13062
13063
15049
13064
14875
13064
13213
15053
15441
15456
13070
13072
13527
13070
14629
14672
13069
13107
14676
15650
13072
15092
13071
14622
13072
14677
15097
13074
13075
13077
14123
13078
14127
13078
13078
13081
15312
15588
13081
15308
15591
15316
15592
13084
13085
13085
13086
15008
14746
15572
15006
15574
13089
14746
15251
13090
13264
14798
13090
14748
14721
14749
13094
14692
14822
13095
13096
13396
13096
13097
13097
13099
13398
13098
13098
13099
14823
15278
15277
15288
15675
13103
13107
14679
13104
13108
14678
15601
13106
13107
13202
15650
13108
13203
15603
13111
13114
13114
13115
13117
13123
13117
13113
13118
13144
13115
13119
13120
13118
14284
13119
13119
14494
13123
16515
13122
13124
15172
15168
15171
13126
13128
13488
13127
13129
13319
13134
13335
13129
13131
13300
13130
13131
13133
14426
13132
13295
14423
13134
14427
13136
13136
14744
14428
14745
13138
14264
15027
13142
13400
14265
14271
14273
13143
13208
14266
13142
13143
14244
14267
14270
14493
13442
14708
14935
13148
13149
13519
13148
13521
14735
13150
13523
13150
14157
13158
13163
15215
20939
72039
72139
80964
13160
15215
13156
13158
13413
13156
13157
13159
13414
13160
13159
13162
13160
13163
13345
15591
13163
14850
15214
14510
13353
18065
71618
81342
13167
14521
13170
13268
13170
13265
14749
15009
13172
15486
13176
13177
13181
13177
13176
13177
13182
13179
13184
14470
13180
13493
13184
13497
13184
13185
13497
13187
13188
13191
13196
13192
13193
13192
13194
13191
13195
13194
13196
14485
13195
76662
15613
13198
13360
14959
13201
14112
13201
14467
14118
15436
13203
15103
14734
15102
13205
15070
15069
15084
13207
13210
14276
13208
13209
13210
15752
13211
13214
15053
15086
15050
15086
15088
14861
72020
13231
14409
18034
15086
15088
13219
13413
14851
13527
14623
14849
13221
13225
13226
14484
13229
13455
13223
13224
13226
14333
13225
14481
13227
13229
13232
14334
13230
13233
13411
13232
13232
14486
14487
13243
72685
81083
14486
14487
14931
13235
14212
14215
14814
13237
14814
13237
13238
14216
14238
15644
14237
60493
77469
77648
77449
77475
77620
77666
13242
13502
77517
13465
71811
72415
13245
13250
13252
14985
13249
13254
13386
13248
13249
13282
13250
13251
13283
13251
13255
13253
13255
14987
13254
13506
13255
14099
13257
13258
13466
13258
13259
15607
13390
15607
15722
13261
13271
13262
13267
13264
13266
14799
13265
13266
13268
13269
13268
13269
13271
14453
71185
72013
81184
13273
13275
14843
13274
14841
13277
14844
13276
13277
13280
13282
13288
13280
14102
13281
13287
13283
14100
13283
15249
13286
13288
13289
15250
13287
13293
14098
13291
15239
13289
15248
13292
13291
13294
13457
13292
15243
13294
13294
13412
15118
13297
14666
13297
13298
14980
13300
14668
13299
13481
14904
13300
13482
13303
14670
15658
13303
13393
14979
14982
15660
13310
13314
13308
13314
13447
13307
13309
15095
13311
13316
15100
13312
13450
13312
13451
13315
13315
15519
13313
13454
13314
13316
14938
13316
15523
13318
13483
13320
13333
13320
13335
13489
13324
13329
13325
13327
13329
13331
13326
13343
13332
15407
13326
14240
13331
14242
14239
13331
13332
14527
81109
81228
14263
13334
13335
14500
14942
14945
77447
77450
77637
77648
13338
13340
13518
77618
13340
61451
13341
61451
77653
77681
13468
77451
77666
13344
13344
14242
13402
14845
15718
13347
13348
14692
13464
14816
14829
14699
14836
13350
13351
15261
13352
13354
13355
14107
14345
14348
71870
81229
15261
13356
15261
13358
13361
15444
15446
15440
16391
13360
13361
14953
15447
14955
15448
13512
71764
71911
81208
13365
13366
13365
14653
14654
15370
14496
13369
13371
13373
13374
14740
13372
13375
15036
13372
13373
14743
13376
13376
13461
13376
15034
15035
13378
13379
15643
15641
14278
14223
13460
14450
15036
13384
14410
14415
15183
13385
14102
13386
14100
15182
15180
13389
15073
15672
13389
13491
15724
15074
15673
15667
15724
13392
13393
15207
13415
14899
15205
15204
13395
13397
14325
13398
15725
13397
13398
13400
13401
14244
14947
13402
14245
13407
14915
15054
13406
13407
14812
15054
13425
13512
71740
71960
13410
13409
13409
13410
13412
15118
14624
14627
13416
13417
13419
13418
13423
14899
14905
14981
13420
13423
14895
13421
13422
13424
14896
13432
14901
13424
14900
13824
72027
81330
13428
13430
13428
13440
14301
13431
15514
13430
13431
14898
14897
14304
13433
14897
13434
13435
14898
13435
14902
13437
15515
13439
15513
15518
13439
13440
14390
15514
15515
13443
13447
13444
13446
15114
13445
15115
13449
14728
13447
13450
14937
13449
13452
13453
14730
13450
13453
13452
13454
15104
15103
13454
13456
13457
14484
15116
15116
15117
13470
71899
71911
71946
13460
14742
13463
15058
13463
15342
15060
15351
14819
14827
13466
13468
13473
13478
13478
13511
13474
77473
71884
81207
81324
13472
13474
13476
13473
77473
13477
77448
77479
77493
77635
13477
13492
15083
13515
61463
77618
77680
13484
13490
13482
13485
13486
13488
13489
13490
13485
13487
14902
14903
13487
13489
13490
13489
13492
15079
15077
15723
13494
13498
15203
13495
13496
13498
15122
13498
13500
14558
14928
13501
14967
15126
13503
77507
77516
15559
15570
13506
14099
13508
15483
15520
15491
15522
14969
15590
13516
13517
13516
77451
71730
71946
77450
77633
77635
77647
71884
71939
81226
81328
13516
13518
13524
13522
13524
14173
13522
13523
15012
15011
13524
13526
14848
15098
13527
14849
15099
13529
13530
13534
13535
13534
13999
13531
13543
13533
13540
13533
13543
13542
13538
13541
13542
13539
13546
13540
13541
13543
13543
13545
13546
13585
13584
13549
13550
14035
13549
13577
14032
13554
13551
13555
13668
14035
13553
13554
13943
13555
13562
13558
13563
13626
13558
13559
13562
13956
13560
13563
13562
13673
13563
13614
13618
13676
13567
13568
13569
13571
13795
13569
13572
13798
13570
13570
13793
13572
13797
13879
13579
14006
14009
13575
13577
13580
13576
13579
13577
13578
13579
14087
13941
14008
13582
13648
13583
13643
13649
13589
13707
13677
13678
71963
72697
13703
13706
13592
13593
13732
13713
13735
13915
13595
13932
13597
13599
13599
13601
13638
13606
13601
13603
13609
13606
13639
13606
13609
14073
13605
13610
13605
13610
14080
13607
13608
13609
14076
14074
13640
13612
13615
13623
13613
13658
13616
13617
13655
13616
13670
13616
13619
13657
13675
13619
13626
13621
13623
13622
13623
13622
13624
13625
13625
13626
13628
13629
13632
13631
13631
13636
13632
13635
13846
13633
13634
13637
13636
13637
13640
13641
13645
13647
13648
13644
13648
13649
13651
13646
13647
13651
13650
13652
13652
13842
13655
13659
13660
13659
13660
13657
13657
13661
13659
13661
13978
13667
13695
13665
13685
13666
13667
14096
13670
13671
13674
13675
13676
13675
13673
13674
13676
15290
72133
81316
13771
14128
81321
13683
13681
13757
13762
13682
13683
13685
13689
13688
13687
13689
13725
13689
13974
13691
13693
13693
13694
14066
14071
13729
13729
13965
13698
13710
81300
72133
72224
81321
13700
13702
13955
13968
13707
13708
13900
13900
13709
13709
71901
81320
13712
13714
13995
13714
14054
13716
13717
13721
13720
13723
13721
13722
13722
13724
13996
13727
13918
13914
13730
13732
13734
13735
13735
13980
13749
13771
71923
72867
13738
13739
13740
14077
13742
13741
14046
13744
13745
13746
13748
13751
13878
72649
72697
13942
14189
71921
72649
13754
13887
13892
13758
13759
13761
13760
13861
13929
13762
13854
13763
13855
13862
13766
13769
13766
13769
13949
13768
13769
13808
71954
13773
13774
13781
13776
13777
13786
13779
13778
13779
13780
13788
13780
13786
13790
13783
13790
13791
13784
13786
13789
13791
13787
13788
13788
13789
13792
13792
13795
13796
13797
13972
13797
13976
13880
13800
13831
13812
13803
13803
13804
13805
13812
13810
14021
13809
73603
13811
81232
81296
81361
13813
14022
13811
13813
13812
13815
13834
13913
13819
13833
13821
14024
71844
81208
81211
13827
14026
13827
13828
13829
13877
14028
13832
13832
13838
13835
13838
13837
13837
13841
13880
13844
14019
13902
13846
13848
13855
13865
13849
13851
13852
13853
13851
13852
13905
13856
13854
13860
13855
13861
13859
13858
13859
13925
13860
13929
13860
13861
13863
13865
13864
13865
13902
13867
13868
13870
13872
14014
13872
14016
13875
13877
13876
14017
71689
72208
72697
13880
13884
13883
13886
13885
14017
13889
13894
13891
13892
14027
13894
13896
13897
13898
13898
13931
13904
13907
13907
13904
13905
13906
13906
13912
13910
13912
13950
13911
14084
13915
13916
14054
13918
13920
13921
13921
14189
72207
81313
81544
13924
13926
13928
13926
13929
13929
13931
13934
13991
13938
14030
13938
13952
13944
14007
13944
14011
13943
15290
72310
72347
13946
13945
13946
13948
13949
13992
13953
13953
14029
13955
13958
13959
13960
13961
13961
13961
13966
13967
13998
13964
13966
13967
14056
13966
13970
13973
13977
13972
13975
13975
13978
13976
13979
13974
13979
13977
13976
13978
13982
13985
14059
13984
13984
13986
13988
14040
14039
13991
13992
13994
13995
13999
14001
14001
14002
14045
14004
14010
14011
14005
14091
14006
14007
14008
14009
14008
14011
14094
14095
14013
14014
14015
14015
14016
14019
14020
14022
14022
69832
14026
14026
14027
14028
14028
14033
14035
14033
14035
14034
14086
14037
14038
14040
14045
14044
14044
14045
14052
14053
14051
14053
14050
14052
14061
14055
14056
14073
14078
14097
14060
14061
14063
14065
14071
14064
14087
14065
14069
14067
14067
14068
14070
14070
14070
14092
14073
14074
14077
14075
14076
14077
14079
14080
14081
14086
14087
14088
14093
14092
14094
14094
14095
14095
14097
15181
14102
14102
14415
14104
14108
14120
14105
14106
14107
14109
14108
14115
14111
14115
14120
14112
14116
14347
14113
14119
14113
14118
14116
14118
14119
14540
14117
14117
14344
14348
14120
14123
14125
14127
14133
14126
14127
14126
14126
14134
80970
81295
81323
14130
14132
14136
14135
14134
14134
14255
14136
14137
14140
14143
14146
14145
14146
14759
14149
14149
14151
14420
14421
14152
14154
14152
14153
14425
14154
14428
14156
14157
14159
15151
14729
14159
14727
15157
14725
14162
14163
14170
14581
14581
14166
14168
14170
14167
14169
14584
14169
14582
14172
14174
14173
14174
15013
14176
15593
14177
14578
15602
14182
14536
14787
14181
14867
14786
14787
14870
14182
14539
14184
14185
14186
14188
14587
14586
71916
72431
14652
14193
14195
14198
14193
14194
15382
14203
14195
14649
15375
14652
14197
14201
14914
14198
14200
14199
14203
14908
14201
14592
14203
14206
14909
14205
14207
14911
14977
14206
15384
14207
14646
14974
14209
14236
14216
14213
14215
14217
14218
14218
14216
14218
15633
14220
14804
14806
14222
15262
14222
14223
15265
14224
14224
14805
14227
14228
14229
14231
14229
14233
15039
14233
14233
14234
14232
14234
15042
14236
14237
14238
15647
14240
17266
14241
14243
14243
14245
14247
15161
14317
15192
15194
14251
14254
15192
14257
14259
15191
14253
14254
14258
14255
14256
14320
14258
14257
14260
14324
14260
14261
14263
15407
14265
14267
14271
14274
14268
14269
14270
14270
14269
14274
14276
15024
14296
14473
71709
71798
14274
14277
15712
14280
14284
14280
14283
14520
14513
14282
14285
14490
14522
14283
14492
14284
14287
14343
14492
71999
72169
72683
81286
14492
14494
14290
14295
17368
14291
14295
14292
15445
17371
14292
14293
15448
14294
15447
71668
80987
81227
14298
14299
15451
14300
14303
14304
14303
14308
14312
14391
14306
14308
14310
14309
14391
14308
14311
14313
15672
14310
14311
15666
14313
15071
14315
14321
14322
14318
14320
14437
14320
14438
14321
14322
14366
71865
72224
80987
14324
14697
14323
14324
14327
14328
78646
14328
15526
15725
78649
14330
14331
14332
14333
14334
14334
14335
14487
14337
14338
14373
14341
14371
14374
14340
14713
14341
14711
14715
14367
14490
14345
14346
14346
14348
14349
14349
15162
14352
14813
14814
14359
14361
14357
14358
14360
14355
14356
14360
14508
14359
14361
15637
14358
14359
14498
14506
15633
14365
14370
14372
14368
14372
14491
14365
14367
14369
14368
71800
81292
81592
14368
14489
14371
14371
14375
14374
14377
14718
14375
14376
14378
14378
15062
15063
14380
14528
15417
14382
14384
14385
14388
14385
14386
14389
14387
15608
14387
14387
14389
15450
14391
14393
14399
14395
14397
15137
14398
14399
14397
14400
14641
15139
15144
15138
14400
14640
14402
14406
14411
14408
14410
14404
14411
14405
14413
14410
14411
14412
14408
14412
15185
72018
72159
80976
14930
20939
14418
14663
14418
14421
14422
14665
14420
14421
14423
14424
14425
14423
14666
14424
14426
14427
14427
14428
14431
15562
15568
15567
14434
15558
14434
14590
15110
15108
14436
14437
14439
14446
14834
14438
14698
14439
14440
14441
14448
14442
14443
14444
15194
15197
14445
14448
14449
14446
14447
14448
14452
14450
15028
14450
14480
14451
15032
15036
14834
15033
71645
81101
14456
14468
14457
14457
14458
14462
14460
14463
14460
15418
15437
14463
14462
14464
14465
14464
14465
14530
14468
14468
15436
14470
15203
14474
80989
81592
14475
14477
14478
14560
14479
14482
14485
14483
14484
14485
15676
15117
14489
14517
14521
14514
14519
14514
14519
14495
14494
14495
14496
14500
14499
14943
14500
14946
14503
14504
14505
14507
14509
14509
14761
14505
14508
14507
14508
14764
14512
14515
14516
14512
14513
14516
14520
14517
14522
14521
14518
14518
14520
14521
14522
14524
14529
14528
14662
14528
14658
14528
14529
14532
15417
71856
71870
81228
14531
14531
14532
14534
14535
14538
15107
14537
14539
14783
14539
14546
14548
14543
14549
14545
14547
14545
14549
14551
14548
14551
14554
14548
14598
14551
14552
14595
14553
14554
14597
15177
14557
15125
14557
14956
14558
15127
71743
81279
14561
14565
14563
14573
14566
14565
14566
15130
14568
14571
14572
14573
14575
14573
14574
14572
14576
14575
14576
71856
71958
14579
14584
14580
14630
14582
14583
14584
15258
15498
15049
14781
14591
14785
15682
14591
15112
14593
14598
14594
14595
14596
14597
14598
14597
14600
14906
14915
14916
14916
14602
15413
14604
14612
14619
14613
14618
14606
14616
14636
14616
14620
15452
14608
14614
14617
14616
14617
14634
14613
14614
14615
14611
14619
14620
14620
15327
14619
14618
14615
14634
15411
15604
15452
14624
14626
14629
14623
14629
14624
14627
14626
14627
14628
14629
14675
14631
15258
14704
14703
14635
14881
15415
14891
15453
14639
14640
14641
14640
14644
14642
14643
15581
14643
15144
14644
15580
15146
14648
14975
15399
14647
14974
14648
15383
15388
15400
14650
14653
14651
15376
14655
15369
15378
14653
14654
14655
15370
14657
14660
14659
14662
14659
14662
14703
14661
14661
15472
14700
14664
14665
14669
15173
14667
14667
14668
14670
14671
14670
15658
14671
14982
14673
14675
14677
14675
15474
15630
14677
14679
14679
14879
14682
15640
14682
15454
15642
74754
75806
75807
18417
71860
14687
14689
14687
14688
14925
14920
15653
14690
15623
14691
15322
15326
14693
14816
14696
14695
14696
14697
14699
14839
14699
14698
14835
14838
14701
14702
14703
14706
14706
15469
15472
14705
14706
15475
14708
15154
14713
15153
14711
14715
14716
14763
72704
72711
14714
14713
14714
14935
14934
14718
15062
15065
14788
72704
72787
81242
15062
14720
14794
14722
14723
15252
14722
14796
15251
14724
14726
14727
14729
14728
14736
14731
14730
14731
14739
14737
15115
14733
14735
14736
14734
15594
14738
15600
14739
15014
14737
14739
14738
15102
14741
15061
15606
14743
15036
14745
14944
15648
14945
14747
15573
14748
14749
14755
14757
14770
14753
14759
14775
14753
14755
14777
14758
14758
14760
14756
14757
14760
15647
14759
14767
15081
14764
14765
15081
14788
72772
81238
14768
14768
14769
14767
14769
15081
15082
15080
15068
14777
14778
14772
14778
14779
14773
14777
14774
14776
14775
14777
14779
14782
14784
14784
15106
14783
14785
14786
14787
14785
15682
14868
70603
81301
14791
14792
14800
14795
14800
15329
14793
14795
14797
15576
14794
14798
14796
14797
14799
14798
14799
78768
14807
14808
14804
14807
15264
14832
71810
81254
81593
14806
15263
14806
15295
14810
14976
14811
14812
14814
14815
14940
15649
14824
14818
14820
14819
14824
14821
14828
14823
14824
14826
14831
14836
14827
15337
14828
14829
15338
14836
14836
14838
15345
15339
15343
15345
81080
81245
14834
14837
14839
14835
14839
15031
15347
14839
15257
14842
14843
14844
14846
14850
14853
14848
14851
14852
15101
15521
14852
14851
14851
14853
15719
15718
14855
14892
15410
15414
14856
14857
14859
15414
14860
14885
14860
14888
15386
14860
14865
14864
71908
71952
80743
14864
14865
15396
15403
14864
15385
15404
15397
14867
14871
14872
14868
14870
14870
14871
14874
14876
14873
14873
14875
14875
14876
15679
14878
14879
14881
14882
14890
14889
14891
14884
14887
14887
14888
14893
14886
14893
15638
14887
14888
14892
14890
15640
14892
15415
14891
15366
14895
14897
14898
14983
14901
14905
14902
14903
14905
14905
14981
14907
14913
14909
14912
14909
14914
14911
72689
80982
81216
81272
14912
14915
14914
14916
14921
15622
14919
14921
14922
14920
14925
14921
14924
14924
14925
15055
15057
15651
14927
14928
14960
14958
14959
14967
14930
14931
14933
14936
14936
14939
14935
14936
14937
14938
14939
14941
14943
14944
15646
14944
14945
14946
14946
15020
15489
81165
81591
14956
14951
14955
14952
14954
15442
15449
14954
14955
15444
14958
14957
14958
14960
14961
14964
14965
14965
14966
15323
72698
81162
81215
14966
14967
15037
14968
14968
14969
14971
14972
14975
14973
14976
14974
14977
14975
14977
14984
14980
14982
14983
14981
14983
14986
15087
14986
14987
15507
15508
15509
14989
14993
14990
15238
15236
14992
14993
14994
14994
14998
14996
14999
15001
14998
15000
14998
14999
15231
15232
15001
15002
15233
15303
15007
15008
15703
15010
15012
15013
15014
15595
15016
15021
15091
15019
15022
15018
15019
15020
15025
15022
15420
15027
15022
15465
15419
15025
15026
15709
15027
15713
15027
15420
15433
15030
15032
15033
15030
15034
15349
15031
15033
15350
15034
15035
15348
15665
15041
15043
15044
15041
15042
15046
15043
15045
15045
15047
15047
15049
15050
15166
15085
15165
15052
15681
15053
15056
15651
15655
15057
15058
15059
15631
15060
15061
15060
15632
15655
15064
15064
15066
15067
15067
15482
15067
15540
15477
15069
15076
15070
15071
15072
15073
15073
15075
15074
15079
15076
15079
15078
15082
15078
15079
15083
15083
15083
15086
15087
15164
15090
15090
15093
15096
15097
15094
15650
15095
15104
15096
15100
15098
15099
15099
15101
15101
15103
15104
15106
15107
15113
15304
15110
15111
15113
15112
15112
15681
15678
15115
15156
15677
15118
15120
15511
15129
15122
15133
15124
15133
15125
15126
15127
15128
15127
15129
15130
15133
15132
15323
71217
71572
81212
15133
15135
15142
15143
15683
15136
15137
15140
15141
15147
15138
15139
15143
15140
15148
15142
15150
15686
15145
15146
15148
15575
75677
15149
75707
75689
75748
75749
75768
75749
78681
15157
15160
15154
15155
15163
15154
15156
15162
15156
15157
15159
15160
15161
15163
15163
15163
15165
15508
15166
15167
15502
15504
15170
15176
15175
15176
15178
15177
15659
15658
15178
15180
15181
15184
15181
15182
15183
15185
15185
15527
78642
78645
78622
78638
78654
15190
15193
15201
15192
15194
15192
15193
80989
81225
81264
15198
15199
15201
15199
15201
15200
15206
15660
15207
15207
15209
15210
15211
15212
75613
15539
15212
15273
75581
15214
15215
15310
15591
15217
15220
15222
15218
15219
15484
15221
15584
15222
15485
15221
15226
15227
15585
15223
15224
15226
15226
15227
15587
15230
15313
15230
15232
15237
15233
15464
15235
15239
15245
15236
15242
15237
15238
15242
15240
15240
15243
15250
15243
15245
15677
15244
15246
15246
15249
15249
15250
15252
15571
15257
15571
15256
15257
15260
15260
15261
15263
15267
15269
15264
15292
15293
15269
15270
15270
15268
15269
15296
15272
15273
15274
15281
15625
15277
15278
15280
15279
15281
15282
15283
15288
15281
15283
15285
15287
15696
15704
15286
15287
15297
15705
15288
15289
15674
15707
72220
72697
15690
15293
15296
15295
15295
15299
15305
15300
15303
15303
71815
71841
81165
81224
15305
15306
15558
15308
15309
15316
15310
15310
15312
15313
15587
15314
15314
15315
15316
15318
15320
15324
15325
15320
15322
15322
15324
15326
71790
81215
15328
15328
15327
15328
15331
15331
78766
78757
15334
15336
15353
15335
15361
15339
15340
15341
15336
15338
15337
15338
15339
15342
15359
15342
15344
15351
15344
15347
15349
15347
15471
15684
71803
15350
15349
15351
15350
15353
15358
15360
15359
15361
15355
15356
15358
15356
15364
15706
15365
15360
15365
15362
15362
15361
15363
15364
15632
15706
15702
15367
15372
15368
15379
15369
15372
15370
15371
15373
15373
15639
15643
15376
15377
15380
15376
15382
15378
15381
15385
15379
15381
15382
15383
15386
15384
15384
15388
15386
15387
15388
15404
15391
15394
15393
15398
15395
15398
15406
15395
15396
15397
15400
15405
15402
15402
15405
15406
15404
15404
15406
15408
15409
15412
15415
15412
15415
15413
15416
15416
15418
15420
15422
15421
15428
15433
15427
15460
15424
15425
15427
15426
15429
15428
15431
15619
15430
15463
15428
15461
15430
15610
15432
15433
15435
15618
15434
15435
15709
15437
15440
15441
15443
15444
15443
15458
15443
15449
15446
15448
15448
15459
15451
15454
18494
15457
15458
18495
15459
15461
15465
15463
15463
15464
71780
71821
71827
15470
15476
15627
15473
15474
15475
15472
15489
71670
15475
15476
15534
15479
15535
15480
15481
15547
15487
15488
15486
15487
15486
15492
15490
15491
15490
15493
15720
71802
81219
15584
15492
15586
15721
15589
15592
15717
15496
15498
15500
15501
15501
15502
15505
15502
15500
15501
15510
15509
15510
15505
15508
15506
15510
15507
15509
15508
15512
15590
15514
15515
15517
15518
15520
15521
15522
15524
15524
15719
15523
15720
15528
78645
15528
78814
53666
78812
15531
15532
15546
15533
15534
15536
15533
15545
75651
15533
15535
15535
15541
15537
15541
15543
15538
15542
15539
15540
15544
15541
15543
15544
75642
15545
75643
75652
15553
15578
15555
15549
15551
15552
15550
15579
15554
15553
15577
15554
15555
15555
15578
75656
75679
75613
75631
75659
15561
15564
15567
15568
15566
15566
15570
15569
15569
15570
15573
15573
15574
75690
75691
78685
78714
15578
15579
75678
15583
15581
15583
75681
75675
75676
75680
75675
15586
15586
15588
15589
15588
15589
15592
15597
15598
15602
15595
15596
15600
15599
15597
15599
15601
15599
15603
15602
15603
15605
15606
15657
15608
15670
15611
15613
15617
15615
15619
15612
15615
15614
15620
15614
15616
15676
15620
15617
15618
15619
15622
15623
15625
15675
15628
15630
15628
71695
72797
81198
81214
15632
15637
15635
15636
15637
15639
15640
15643
15642
15642
15643
15645
15647
15649
15646
15648
15649
15652
15653
15657
71657
71696
71845
71846
15796
71776
81221
81598
15659
15660
15663
15667
15668
15665
15666
15668
15664
15670
15665
15669
15670
15671
15669
15671
15672
15673
15724
15675
15680
15682
15680
15682
15681
15685
15686
71653
72689
81253
15687
15691
15693
15689
15689
15690
15691
15692
15693
15697
15698
15699
15710
71761
71957
81162
15700
15704
15705
15704
15707
15699
15706
15701
15703
15705
15703
15707
15709
15711
15713
71849
71850
81217
15712
15713
15714
15718
15719
15721
15718
15721
15721
15723
15724
15726
78663
17302
17776
18315
15729
17088
17843
15731
16051
15731
17075
17749
16051
17083
15737
15738
17278
15744
16502
18686
15735
15741
16732
15738
15740
17282
15737
16505
17273
15739
17280
17279
15740
16510
15742
15742
15743
17796
15744
15744
18147
18688
15746
17270
15747
17276
15751
17278
15749
16409
17266
17274
17272
16406
16506
17275
15752
17847
17849
15754
16926
17279
17852
17853
17854
15756
15759
15760
17122
15761
17125
15758
17106
17384
15761
17111
17097
15761
17102
17110
15763
17167
17183
17182
17567
15767
17298
15768
17297
17306
15767
15768
17296
17360
17361
16160
17501
17509
17714
15772
15811
17511
17511
17652
17658
15774
16483
17502
17502
17655
17659
15776
15778
16092
17662
15777
16086
17621
18013
16087
17665
15780
15929
17133
15781
15783
15782
15784
17134
17132
15784
16625
18668
16622
16620
16622
17964
15787
16258
17803
15790
17802
18484
15789
15790
17804
15791
17806
16126
18320
15805
16162
16363
15799
15805
16359
16394
16397
17765
15797
15799
15805
71773
81223
81237
16353
16394
71795
71850
81117
81240
16395
18306
15801
15803
15803
15904
15905
15803
18306
15805
16162
15810
17838
18351
15808
15809
17840
15810
17841
16129
17617
17992
15813
15817
18137
15815
18135
15815
15820
17216
17212
18139
15817
15911
17215
17214
18136
15819
15821
17221
17622
18015
15821
17204
17205
17221
15823
17232
17380
15830
16792
15825
15827
15898
15828
17821
18411
15827
16156
17225
17819
18416
16332
17815
15833
15837
17718
16788
17816
15833
16785
16788
15871
71784
71925
81117
15836
15837
17716
17817
15836
16788
17820
15837
17722
15839
17363
17542
16147
17533
18005
15841
15842
15854
15852
16032
17938
15846
16612
17942
15844
18671
18682
15845
15847
15851
18703
15847
15854
18675
15849
15850
15853
17587
18517
15851
18518
18702
15854
16033
18517
16035
17586
18518
15858
15859
15963
15859
15959
17717
15858
18345
18347
18440
15961
18442
17719
18439
15863
15864
15863
15865
15870
15865
15866
16521
16522
15868
15870
17364
15868
15869
16454
17363
15870
16450
16524
71805
81215
81249
15877
15879
15879
15883
15884
15881
15883
15885
15881
15972
17032
15877
15878
15879
15880
15882
17741
17031
17035
15882
15973
15883
17927
16042
17741
17934
15975
17937
15896
15888
18405
15889
15892
18404
15890
18408
15892
15994
18159
17903
80989
81173
81181
15893
15894
16923
15896
15896
16924
15898
18405
18418
18410
15901
15902
17964
71749
71772
71779
71806
15906
17382
17383
17383
15904
15907
16396
15905
15908
15910
15910
16887
15909
16398
16616
15909
15910
17060
17383
15913
15914
17324
17731
17330
18136
17736
18137
15919
15923
17855
15917
15918
16001
18787
15919
18754
15921
15998
15922
17866
15923
16933
15922
16934
15923
17858
15926
17857
18064
15926
17856
18706
16413
17085
17137
17229
15929
15931
16421
15932
17952
15931
16230
16431
15932
16230
17135
15934
15937
17192
17968
18124
15941
15942
15939
16066
16067
15939
17195
18126
15995
16034
72785
15940
18121
15941
16067
17196
16067
16068
15944
17446
17447
15945
17444
18594
16027
17050
17803
18261
15948
18253
18264
17810
18257
15952
16220
17915
15951
16216
16866
15952
15953
15954
17916
15954
16862
17470
15981
15958
15960
16548
15958
15959
16331
15958
15959
15961
16548
17721
15966
16549
15963
15965
18344
18348
15964
15966
15965
18346
15966
18642
15971
15972
15978
15969
15970
18531
15974
15977
18541
15971
16438
15976
16438
15976
15980
15976
15977
15975
18540
15977
17932
15979
18694
15980
17033
18691
17036
15987
15992
15983
15984
17906
15985
17912
15988
15989
17907
15986
15988
18296
15991
18339
15991
17472
15990
15992
16627
15991
15992
18089
17916
15994
16923
18149
18167
16049
71754
81220
16836
18186
18202
16885
18188
18806
15999
16001
16003
16004
16934
16982
16984
17013
18272
16002
16990
18783
16004
16007
16006
16006
16007
16982
16984
17012
16985
16009
16010
18435
16013
16071
16011
16015
18519
16012
16059
16013
16189
16071
16189
16015
16016
16059
16018
16019
16020
16062
16022
16023
18348
16021
16024
18519
16023
16566
16023
16024
16022
16253
16024
18349
18662
16030
17447
18752
16028
16031
18392
18595
18597
16029
18390
18595
16030
17448
16031
18397
18395
16033
16182
16035
17556
71914
81239
17552
16188
17591
17592
16187
17439
18466
16039
16040
17144
18464
16041
17145
16372
18465
17147
17149
16043
17928
16044
16046
17745
16047
16794
16047
17742
17743
16050
16057
16114
16115
71874
71894
81239
16054
16116
16056
18353
16053
17747
17929
16054
16286
16055
16338
16115
17750
16057
16115
18353
16112
16059
16063
16190
16064
16063
16460
18740
16063
16064
16458
16064
16573
18739
16066
18130
18805
18122
16070
16069
16070
18685
18803
18809
18291
18293
16073
17729
17739
18140
18562
16930
17423
17457
16076
16951
17458
16077
17018
18747
17016
17459
16080
16081
16082
18436
16083
16084
16183
16085
18292
16083
18564
16083
18432
18419
18096
18556
18564
18559
18565
18716
18717
18726
16088
16485
16089
16091
16491
16097
16098
16122
71771
72627
72782
16092
16097
18726
16319
16492
18474
16095
16098
16490
16099
16110
16099
16100
18719
16100
18718
16100
16490
16101
18762
16102
16775
18037
18474
16104
16106
17569
16105
17570
16111
16486
17571
16108
16109
17650
16108
16111
16490
16110
16110
17646
18762
16489
16113
18351
16114
16117
18319
16124
16120
16124
16118
16124
16123
18316
16120
16336
18483
16127
16337
16125
16127
18483
71775
71894
81275
16125
18318
16127
16126
18320
18483
16129
18316
18321
16131
16316
17105
17108
16313
16317
16136
16137
17359
16134
16137
17526
16135
16138
17527
16137
17671
17673
17675
17358
16139
17672
17524
17690
17670
17689
17700
16449
17532
18043
16143
16355
16453
16401
18048
16145
16146
17996
18046
17994
18049
16147
18001
17532
16149
16150
16151
17119
16154
16223
16152
16153
16152
17112
16238
17120
16154
16882
16224
16880
16158
17237
16157
16159
16158
17239
18376
18376
18415
18416
16161
17561
16487
17505
17562
16163
17093
16166
17090
16166
16520
17091
17095
16168
16169
16356
17093
16532
17090
16170
16358
16452
16525
16175
16173
16175
16177
16339
16218
71619
71646
71677
16177
16180
16181
16178
16181
16968
16181
16731
17461
16733
16925
17462
17597
17939
18115
18420
17402
17403
17406
16419
17413
16187
16188
16371
16374
18491
18490
16190
18743
18744
16193
16194
16200
18664
16196
16199
18050
16308
18665
16195
16203
16196
16310
16304
18052
16201
16206
16206
16208
17371
16203
16211
16203
16204
16204
16205
17366
16209
16211
18506
16207
17365
16206
16207
17369
16210
16209
16210
17370
18504
16211
18053
16213
16215
16270
17367
16269
17365
16215
16849
18665
17336
16219
16220
17353
16219
16314
18729
16293
71576
71692
16316
16866
17350
16222
16223
16224
17109
16225
17844
17111
16226
16226
17255
16881
17822
16228
16234
17572
16232
17573
16230
16235
16236
16423
16236
16232
16233
16432
16429
17574
16234
16236
16235
17572
16422
16242
16873
18370
16240
16879
16240
16242
18203
16241
17389
16242
18086
18205
16245
16246
77082
16246
16248
17481
16247
18584
77102
16249
17474
77070
16838
77048
16251
18704
18710
18711
16294
17642
16295
16413
18704
16254
16255
16255
16542
18429
18430
18434
16257
16285
16336
16258
16264
18485
16259
16261
16264
18266
16261
16263
18546
16540
16263
16264
16283
16284
18545
16267
16272
16267
16268
17335
17340
17334
16269
17342
16270
17343
17338
16275
77393
16274
16275
17340
16274
16275
77404
77405
16278
16280
18228
16280
16437
18249
16279
18536
18727
18531
18535
16282
18234
16282
16438
16439
18727
16284
16285
16287
17931
16286
16287
16338
17933
16968
18697
18213
18219
18583
16292
16741
16931
17905
17912
17913
71687
71832
81169
16295
17429
16414
17434
16315
71672
71673
71675
16298
16299
16301
17514
16300
16799
16300
18592
17019
18287
16303
17515
16303
16389
18591
17516
18590
16310
16311
16311
16647
18591
16309
16646
18447
16311
16312
16654
16309
16310
16312
18667
16312
18763
17384
17845
16317
16324
71559
71665
71694
16317
17200
17162
17174
17648
17180
17645
16324
16326
16328
17200
16326
16327
17256
16323
16325
16865
16327
17202
16325
16328
18728
17197
16328
17199
16330
16845
17202
16589
16777
16333
17716
16333
18652
17715
18653
16704
77122
77297
77303
77276
77281
77296
16337
18485
16338
16340
16343
16925
16345
16345
16344
76984
16349
18380
18381
16349
16351
16352
18385
16350
16351
16757
18146
16827
16829
18386
16359
16363
16365
16355
16360
16401
16361
16364
16358
16363
16358
16361
16452
16365
16362
16366
16476
16453
16368
16393
16365
16367
16367
16368
16476
16368
16393
16372
16373
17549
16373
17547
17553
16373
16374
17555
16376
16376
71646
71683
71685
18467
17126
17130
16379
16382
17495
16382
16383
16381
16462
17126
16382
16387
17131
16387
16385
17044
16385
16388
16508
16921
16915
16388
16466
16503
16388
16390
18050
16553
18051
18054
16392
18504
16551
18507
17763
17766
16399
16396
16399
16400
18306
16399
16614
16400
16617
16400
16402
17545
16474
18044
16404
17677
17775
17791
17666
17774
16408
16409
17266
16407
16409
16411
16465
16506
16411
16411
16463
16464
16414
16417
16416
16416
16419
17402
16418
17433
16418
18064
16420
16420
16423
16424
17952
17623
17628
17628
17628
17944
71644
71687
71692
81113
16428
16431
16433
17136
16430
17681
16430
16432
16434
17680
16432
16433
16434
16479
17304
71528
18147
18148
18790
16439
17823
16439
17825
16442
17142
17631
16442
17520
18171
17958
17960
16444
16448
18481
16448
17128
16588
17284
71527
71528
16448
17128
18482
16453
16454
16451
16452
16453
16454
16526
17534
16456
17535
17877
16457
17881
18753
18201
18752
16459
16460
16565
16572
17987
17986
16466
16471
16503
16466
16467
16464
16465
16471
16472
16473
16471
16469
16468
16469
17127
16470
17128
16473
16472
16473
18482
16507
16475
17769
17771
18639
18817
16481
17545
16478
16481
17769
16480
16584
16529
81108
16482
16582
17768
16482
17544
17767
16484
16485
16487
16488
17505
16491
17664
16487
16489
16489
16491
16490
17874
18030
16498
16499
16500
18215
16496
16497
17468
16498
16824
17476
17755
16499
18342
17758
16501
18209
17751
17757
17758
16504
16510
16507
16508
16509
16512
18687
16506
16510
16511
16512
16509
16918
16511
16512
17631
17956
17958
16515
16516
16518
16517
16520
16518
16530
16519
16520
16527
17092
16522
16523
16528
16524
16526
16526
16532
16533
16530
16531
16533
71562
81106
81125
16532
16533
17092
16536
17615
17941
16536
16537
18735
17951
18734
16689
17947
16891
18258
18525
16540
18263
18522
16541
18266
18528
18543
16543
16549
16546
18422
18426
16545
16547
18651
18428
18549
16549
16550
16548
16550
18650
16550
18429
16552
16559
16561
16554
16557
16559
18506
16556
16563
18023
16557
18021
16560
18055
16560
16561
16563
16560
18505
16562
18502
16563
18496
18022
16575
18656
16572
16573
16573
18657
16569
16572
16729
16569
16575
16571
18438
16571
16572
16574
16575
16574
18658
16578
16579
18169
16580
17862
17956
16580
18171
18169
18758
18761
17867
17957
16582
16721
16722
16723
16584
16584
16722
17887
17891
16586
17248
17486
17488
17245
17246
17267
70543
71383
71546
17246
17253
16594
17267
17487
16592
16594
17254
16593
16595
18040
16883
18039
16595
17258
17493
16597
16600
16599
16599
16610
77116
16602
16604
16807
16603
16608
16607
16609
16611
16608
16706
77254
16607
16608
77272
16610
77095
16707
16610
16611
17608
17615
16614
16615
17765
17919
16617
17764
17921
16617
16618
17917
16619
17060
16710
17063
17918
16623
17686
17687
16752
16848
70533
71406
16623
17963
16625
16626
16686
17950
16626
17688
18668
17579
17915
16927
17346
17580
16630
18257
18259
16633
18812
16632
16633
17889
18254
18458
17890
18255
16635
16701
17397
17395
18269
18271
18810
18813
18818
75961
16638
16641
17022
18387
16643
18386
16640
16642
16649
18446
16641
16644
17025
16644
18445
16644
18449
18448
16647
16651
16655
18592
16650
16654
16654
16649
16652
17025
16650
16653
18446
16652
17019
16655
17023
16654
16655
16658
16659
16665
16660
16664
16678
16661
16664
16661
16662
16666
16679
77247
16663
16804
16665
16942
16666
16946
16667
16672
16674
16946
16670
16859
18635
16671
16672
16911
16671
16675
18637
16675
16911
16945
16674
16675
16852
16679
16677
16680
16682
16683
16976
16681
16682
16680
16978
16979
16682
16683
16686
16688
16890
17688
16687
16689
16830
16687
16688
17949
18247
17948
18736
16691
16695
16697
17399
16698
16701
16695
16696
17391
16694
16696
16700
16749
16699
16749
17398
16700
17392
16698
16700
16699
16703
16750
16702
16703
16766
18520
18620
63758
77234
77375
16706
63941
16707
16808
16809
16709
16712
16717
16710
16713
17918
16714
16714
17062
18241
16713
16715
16727
18244
17063
18245
16728
18233
16722
16724
17884
16721
17921
16719
16728
18457
16724
16726
18456
18748
70520
71332
16725
17920
16724
16725
16892
16727
16727
16728
18232
16730
17991
18438
17714
17984
16732
16733
16734
17460
16734
16926
17282
16737
16738
16823
16738
16743
18223
16739
16740
18342
16740
18222
18210
18218
18216
17391
17415
16745
16746
16813
16744
16746
16747
16749
18223
16753
16815
16751
18217
16749
16751
16750
16751
16753
18614
18620
71486
71510
18224
18614
16755
17702
18250
18068
18078
16758
16763
18143
16763
16828
16760
18144
16761
16764
16825
18578
16761
16764
18145
18577
16763
16764
16826
18146
16766
18616
18621
16767
16987
18521
18609
16770
16771
18123
16773
18133
18328
16772
18130
16773
18131
16774
18129
18330
18132
18327
16885
18323
18480
18722
16778
17249
16778
16779
18539
18539
16839
16845
16781
16782
17404
17412
17682
16783
17413
17684
16785
16787
16787
16789
16790
16791
16790
16792
17374
16791
16792
17380
16795
16796
16796
17077
17079
17082
18018
18020
16800
16803
16965
16800
18285
16801
18286
16802
17514
16803
16962
16805
16808
16806
16808
16810
16942
16809
16810
16809
16811
17485
16939
17486
16814
16819
17953
16820
16822
18217
16815
18613
16822
18224
16817
16818
18208
16819
17922
16820
16821
18212
16821
17924
18218
16822
16824
18339
18340
18342
16826
18365
16828
18358
16828
16829
18360
18362
16833
18248
16832
16833
17832
18226
18249
18240
18736
16835
16837
16886
16836
18371
18372
18370
18332
18373
16842
16843
16841
16843
17264
16842
16905
17473
16844
16845
17261
17203
16847
16849
18765
16850
18444
18453
70641
70653
81049
17337
18666
18447
18667
18355
18449
18452
16859
16860
16977
16855
16857
18452
18454
16856
18452
18626
16856
16860
16859
18627
18451
18774
16898
71857
81123
18768
17059
18361
18365
16863
18729
16868
18025
16865
16868
17262
16867
17201
18729
16868
18728
17265
16871
16874
18087
16876
18373
18567
16872
16884
16877
16878
18730
16874
16876
16875
18086
16876
16877
18374
18575
18568
18731
16882
18087
16881
16882
18039
18088
16884
18098
18041
18104
16886
18331
18372
16889
17061
16889
16890
17686
17382
18168
18237
17884
18458
17884
18456
16894
16895
17759
16900
16938
17760
16902
18103
16897
16902
18731
16904
18300
16899
71442
16991
70705
81128
16901
16937
16902
16903
18302
16904
16909
16913
18750
17465
17479
16991
71463
71468
81095
17059
18749
18751
16910
16911
16912
16941
16910
16912
16913
16937
16941
18636
18631
16919
16920
18607
16920
16921
17046
16918
16922
18686
16918
16919
16921
18687
16922
16971
17042
16972
16924
17066
17067
16926
16928
17004
16929
17900
18746
17015
17904
16932
17017
16932
17896
17424
17909
16934
16935
16935
17034
17041
18678
16938
16940
16939
16944
16941
16945
16943
16944
16945
16946
16945
16948
16949
16954
18794
16955
18793
16950
16952
17450
16952
16953
16954
17455
16954
16955
18799
18800
16957
16959
17053
16958
16960
18593
18281
18600
16960
16965
17056
18289
16962
16966
16963
16964
16966
16965
16967
17056
16967
17051
18698
16970
18219
18701
17798
17922
16972
18623
16973
18791
18612
18790
16975
16980
17334
17336
18770
16979
16980
16978
18769
16979
18771
17339
18772
16997
17005
17013
16989
17427
16988
16989
16990
16987
16995
18610
16996
16994
18270
16992
18270
80715
81127
16994
16995
18272
16996
18267
18270
16996
17002
18521
16998
17002
16999
17001
17005
17000
17001
17045
17043
18605
17003
17003
18272
18606
18304
17006
17494
17007
17010
17494
17038
69523
71427
80276
17010
17013
17011
17016
17904
17910
17018
18745
17017
17018
17910
17024
17021
17026
18393
17028
18378
17025
17028
17024
17027
17026
18288
17027
18282
17028
18378
17030
17039
17040
17035
17032
17035
17036
17036
17034
17036
17037
18693
17040
17040
17041
17048
71464
80992
17041
18377
17043
17046
18608
17045
17045
17047
17495
17047
17047
70544
71838
80992
17051
17052
17052
17053
17054
17055
17444
17055
18593
17055
17056
17058
17059
18366
18574
18571
18576
17061
17064
17062
17064
18168
17064
17067
17070
17067
18153
17073
78492
78536
78555
78495
78557
17071
78466
17072
78495
18369
78465
78555
78566
17080
17083
17088
17076
17083
17748
17077
17078
17082
17743
17079
17080
17081
17082
17081
17084
17378
17086
17088
17086
17089
17230
17087
17376
17377
17089
17834
17091
17093
17092
17096
17098
17099
17100
17101
17102
17101
17103
17352
17106
17104
17106
17108
17351
17107
17108
17107
17384
17354
17111
17385
17111
17119
17113
17114
17115
17118
17117
17119
17125
17116
17117
17121
17123
17120
17121
17388
17389
17127
17131
17128
17130
17426
17131
17134
17134
17135
17136
17139
17231
17835
69530
71428
71529
17235
17836
17141
17143
17522
17157
17959
17517
17959
17145
17146
17147
17148
17155
17153
17155
17156
17153
17156
17638
18462
17629
17635
17636
17153
17157
17629
17155
17157
17959
18464
17637
17159
17192
17966
17160
17171
17193
17161
17169
17175
17967
17163
17173
17164
17165
17565
17569
17650
17166
17173
17167
17567
17168
17170
17169
17173
17171
17172
17171
17183
17173
17176
17176
17177
17649
17176
17177
17179
17178
17180
18778
17181
17967
17647
18780
17883
18781
17184
17185
17187
17189
17186
17566
17186
17187
17190
17191
17196
17190
17194
17191
17193
17195
17194
17196
17196
17198
17259
17844
17200
17845
17202
17252
17203
17261
17203
17205
17213
18011
17209
17215
17208
17209
17210
17211
17211
17215
17213
17213
17214
17215
17218
17219
17219
17220
17221
17618
17977
18139
18670
17618
17978
17221
17661
17223
17224
17227
17229
17232
17226
17233
17813
17226
17227
17238
17819
17240
17230
17232
17381
17230
17231
17242
17233
17816
17235
17236
17244
17241
17242
17237
17240
17239
17243
17239
17240
17242
17244
17283
17244
17248
17249
17247
17257
17249
18539
17250
17268
17250
17253
17254
17256
17253
17256
17257
17255
17259
17822
17259
17258
17267
17263
17264
17465
17262
17264
17263
17265
17469
18025
17268
17489
17270
17272
17271
17276
17272
17273
17274
17275
17280
17275
17277
17278
17280
17281
17281
17282
17854
17842
17316
71540
71542
17289
17290
17295
17300
17288
17290
17332
17333
17294
18275
17294
17295
17298
17293
17294
17298
17297
17297
17298
17301
17302
17305
17306
18314
17301
18276
17306
17675
17305
17306
17362
69540
70543
17675
17308
17310
18274
17317
17779
17310
17312
17314
17315
18273
17312
17313
17321
17317
17318
17322
17730
17315
17328
17331
18278
71486
71510
71562
17318
18312
17372
17327
17329
17323
17327
17328
17322
17325
17328
17326
17325
17329
17325
17326
17330
17732
17330
17332
17333
18278
17335
17339
17338
17337
17338
18764
17341
17342
17343
18066
17345
17352
17348
17583
17347
17581
17349
17582
17350
17351
17353
17585
17352
17354
17354
17356
17359
17361
17358
17528
17359
17362
17361
17362
17364
17534
17541
17366
17367
18066
18664
17369
17371
17371
17727
18309
17375
17375
17379
17377
17380
17381
17378
17379
17379
17381
17686
17385
17845
17387
17388
18175
17390
18204
17390
17390
18203
17392
17416
17913
17396
17397
18058
17395
18058
18063
17397
17398
17419
17399
17399
17417
17405
17454
70553
81261
17402
17404
17413
17407
17404
17410
17411
69539
71419
71464
17407
17408
17432
17433
17409
17430
17410
18488
17411
18487
17412
17685
18486
17415
17418
17423
17416
17424
17417
17419
17419
17421
17422
17421
17425
18061
17422
18057
18058
17424
17425
17457
17432
17434
17435
17431
17432
17438
17435
17643
17434
17642
17438
17439
18488
17439
17644
18466
17643
18489
17443
17442
17443
17444
17446
17446
17536
17539
17448
17538
18594
17452
17455
17458
17455
17521
17523
17452
17453
18056
17456
18061
17520
17523
33550
80241
81119
17457
17458
17459
17459
17461
17796
17463
17797
17463
18700
17798
17466
17469
18025
17469
17483
17468
17472
17468
17472
18089
17480
17472
18025
17632
17754
71781
81593
17474
17479
17481
17477
17481
17482
17480
17482
17484
17478
17484
17752
17481
17756
17482
17483
17483
17755
17486
17492
17489
17490
17493
17489
17491
17492
17491
18101
17759
17760
18100
17495
17499
17500
17712
17499
17501
17507
17502
17507
17508
17510
17501
17503
17504
17504
17505
17507
71655
81254
81298
17510
17509
17511
17510
17512
17512
17713
17514
17515
18020
17516
18020
18054
17518
17519
17960
17521
17522
17520
17521
17523
18170
17525
17530
17531
17602
17527
17528
17529
17530
17530
17531
17533
18047
17534
17536
17871
17537
17539
17873
17876
17539
18753
71316
72703
80740
81264
17542
17543
18005
17545
17769
17632
71435
81266
81268
17548
17554
17549
17552
17554
17586
17552
17553
17588
17556
17554
17555
17596
17590
17559
17560
17563
17564
17568
17561
17570
17562
17571
17566
17565
17567
17569
17567
17569
17570
17571
17575
17625
17574
17576
17679
17680
17576
17625
17593
17578
17579
17582
17580
17899
17584
17908
17581
17901
17583
17583
17585
17585
17915
17587
17589
17590
17596
17592
17594
17597
17592
17593
17595
17596
17595
17679
17597
17625
17683
17626
17601
17605
17606
17601
17606
17607
17706
17601
17602
17604
17603
17607
17690
17605
78453
17705
17695
17609
17613
17616
17610
17827
17611
17613
18673
17612
18674
17829
18690
18675
17616
17827
18734
17616
17943
17619
17653
17988
17620
17620
17660
17972
17622
17663
18016
17657
17624
17627
17940
17626
17939
17626
17628
17946
17634
17637
17636
17956
18709
17636
17637
71508
80257
17635
17642
18710
17635
17638
17641
17639
17640
17644
18462
17641
17643
17642
17644
17646
17647
18473
17648
17649
17649
17650
17656
17657
17660
17654
17658
17659
17658
17660
17656
17659
17659
17664
17665
17661
17663
17661
17663
17665
17665
17669
17676
17677
17670
17677
17792
17669
17672
17673
17670
17674
17672
17673
17674
17676
17694
17676
17679
17681
17682
17681
17684
17684
17685
17685
18490
17687
17688
17691
17692
17694
17691
17694
17695
17693
17700
17695
17709
17706
17697
17700
17794
17702
17709
17754
71523
72682
72706
17700
17792
17794
17702
17794
18083
18251
17705
17708
17711
17706
17708
17709
17708
17710
17711
17710
18251
17714
17993
18437
17716
17818
17722
17718
17720
17721
17719
17720
18442
17722
17724
17729
18563
17728
18311
17726
17728
17729
17730
17731
17728
17730
18307
17738
17732
17732
17737
17735
18134
18337
17735
17736
17739
17740
18336
17737
18138
17738
17739
17740
18338
17744
17745
17746
17744
17748
17935
17747
17749
17750
17930
17749
17750
17752
17755
17753
17756
17757
18581
72682
81265
17758
18584
18588
17760
18102
53822
78625
78451
78452
78456
17765
17766
17766
17768
17767
17768
17920
17771
17771
17894
18817
17777
17778
17779
18312
17774
17777
17787
17775
17776
17782
17777
17780
17790
18313
17780
18315
17783
17786
17787
17787
17788
17788
17789
17795
17785
17789
18081
17786
18107
17790
18105
17790
17791
18082
17792
17793
17794
17795
18082
17800
17798
17800
17799
17801
17923
17801
18147
18148
17803
17805
18260
17805
17806
17808
17812
17810
17811
17811
17851
17961
71305
71872
18262
75877
17814
17816
17815
17817
17818
17821
17820
17818
17820
17821
18040
17824
17825
17831
17830
18690
18692
17827
17828
17830
17829
17832
18735
17830
17831
17833
17833
18733
18249
17835
17843
17836
17839
17842
17838
17839
17843
17841
18350
17840
17841
17842
18352
17845
17850
17852
17849
17854
17849
17853
17853
17903
71472
71796
17856
18708
17857
18713
17858
17866
17869
18708
17861
17863
17864
18756
17862
17869
17867
17868
17867
18761
17866
18754
17868
17869
18709
17956
18705
17871
17872
17875
17873
17882
17874
18776
17875
18032
18779
18028
18029
17880
17881
17882
17879
17883
17970
17881
18201
17883
18782
18777
17969
17885
17888
18458
17887
17889
17892
17888
17891
17889
17890
17893
17894
17893
17894
18814
18812
18259
18641
18813
17898
17905
17909
17898
17899
17902
17906
17901
17908
17901
17904
17904
17910
81079
81225
17906
17907
17908
17910
70527
70650
81122
17914
17914
18223
18295
17916
17918
17919
17921
17921
17923
18220
17924
17953
17926
17928
17929
17931
17937
17934
17937
17934
17935
17930
17933
17935
17933
17936
17936
17937
18545
17939
17942
17940
17941
17943
17946
17943
17947
17950
17950
17952
18668
17951
17948
17951
17949
17950
17954
18148
18619
18789
18596
19871
72053
17958
18171
17960
71853
71869
72684
71316
71482
71854
81177
17964
17967
17968
17969
17967
17968
17971
17970
17971
18191
18199
17973
17978
17989
17975
17982
17976
17990
18740
17976
17980
17979
18741
17978
17980
17981
18742
17981
18670
18337
17985
17989
17990
17984
17985
17992
17991
17993
17986
17987
17990
17991
17989
17992
17993
17995
17997
18648
75920
17997
18004
75970
18000
75812
18000
75926
75970
74634
18002
18003
18004
18005
71618
72017
72159
72169
18009
18010
18471
18011
18014
18017
18012
18470
18017
18015
18013
18014
18016
18472
18015
18016
18019
18020
18021
18021
18024
18055
18023
18497
18024
18715
18029
18033
18033
18029
18032
18033
18031
18032
18038
18450
71412
71480
18036
18477
18037
18480
18038
18474
18040
18041
18088
18045
18049
18644
18045
18047
18048
18045
18048
18639
18047
18049
18647
18051
18052
18053
18763
18506
18055
18057
18060
18061
18059
18059
18063
18062
18170
18063
18169
18169
72165
81300
18068
18069
18073
18074
18084
18070
18076
18071
18079
18094
18072
18111
18076
18155
18074
18075
18252
18076
18154
18151
18078
18080
18082
18083
18084
18084
18085
18081
18085
18085
18090
18083
18094
18087
18088
18340
18091
18107
18093
18097
18560
18093
18094
18111
18096
18561
18417
71796
71798
81181
18113
18107
18108
18099
18100
18104
18101
18103
18101
18102
18103
18302
18730
18106
18107
18308
18313
18158
18310
18112
18114
18157
18162
18111
18112
18115
18113
18155
18115
18115
18165
18117
18131
18197
18118
18401
18119
18399
18511
18132
18513
18122
18123
18125
18122
18126
18128
18127
18128
18125
18126
18199
18194
18131
18198
18130
18130
18807
18132
18144
18513
18135
18138
18139
18669
18137
18138
18141
18142
18142
18335
18338
18290
18294
18146
18512
18515
18145
18514
18329
18789
18152
18153
18156
18152
18153
18154
18152
18155
18157
18157
18167
18311
18558
18563
18166
18167
18161
18162
18163
18164
18166
18547
18167
18164
18165
18424
18553
18420
18551
18243
18171
18174
18175
18174
18176
18180
18176
18177
18184
18186
18204
18179
18184
18185
18180
18181
18182
18182
18189
18184
18186
18188
18189
18190
18802
18187
18188
18372
18190
18808
18806
18195
18201
18196
18201
18403
18194
18195
18197
18198
18199
18196
18200
18398
18198
18200
18401
18203
18204
18205
18370
18207
18208
18213
18209
18210
18211
18212
18215
18588
18214
18215
18213
18220
18214
18582
18218
18217
18218
18220
18699
18222
18223
18295
18341
18613
18228
18229
18231
18227
18231
18246
18234
18249
18229
18234
18235
18455
18231
18233
18239
18233
18235
18238
18460
18237
18242
18248
18243
18247
18239
18244
18242
18246
18246
18248
18242
18243
18245
18245
18248
18251
18252
18367
18368
18254
18258
18255
18256
18257
18258
18458
18265
18261
18266
18262
18263
18264
18264
18265
18523
18268
18271
18271
18785
18788
18271
18520
18786
18274
18275
18277
18315
18276
18278
18277
18314
18283
18284
18289
18283
18284
18288
18601
18285
18286
18287
18289
18288
18291
18292
18294
18292
18293
18436
18566
18296
18341
18417
18443
80981
81360
18301
18568
18731
18302
18730
18731
18301
18749
18303
18570
18574
18749
18305
18746
18308
18311
18309
18310
18313
18311
18313
18315
18317
18321
18318
18320
18321
18351
18323
18324
18328
18330
18331
18325
18332
18326
18333
18576
18329
18577
18328
18330
18329
18332
18333
18572
18335
18336
18742
18338
18738
18337
18669
18340
18341
18344
18345
18346
18661
18347
18347
18349
18663
18642
18351
18352
18353
18356
18361
18362
18356
18357
18363
18634
18626
18634
18359
18360
18361
18365
18362
18632
18364
18364
18449
18386
18366
18578
18368
78482
18371
18374
18374
18573
18376
18379
18380
18380
18384
18385
18382
18516
18383
18384
18389
18392
18510
18393
18387
18387
18389
18391
18393
18392
18392
18598
18597
18600
18601
78512
78524
78537
18396
18397
18402
18398
18400
18403
18401
18400
18401
18402
18508
18510
18752
18406
18408
18406
18407
18410
18418
18589
18409
18551
18412
18548
18411
18412
18413
18414
18414
18652
18552
18649
18418
18418
18499
18420
18423
18424
18423
18424
18425
18425
18426
18428
18427
18433
18428
18427
18434
18553
18642
18431
18434
18435
18519
18433
18435
18434
18436
18438
18440
18441
18442
80953
81074
81276
18445
18451
18447
18447
18449
18454
21045
71186
80981
18453
18454
18773
18460
18536
18529
18460
18526
18492
18555
81069
81356
18461
18526
18538
18463
18465
18466
18465
18467
18467
18478
18470
18475
18723
18471
18472
18716
18474
18762
18476
18724
18477
18480
18479
18725
18482
18484
18485
18487
18490
18488
18489
18491
18491
21282
81072
81077
18498
18501
18496
18502
18501
18503
18500
18530
71796
81355
18503
18507
18506
18507
18509
18511
18512
18516
18516
18513
18515
18516
18514
18515
18518
18521
18523
18524
18528
18525
18527
18534
18527
18529
18527
18529
18537
18533
80995
81071
18541
18727
18534
18535
18542
71867
71868
72221
18537
18538
18536
18538
18544
18542
18546
18542
18544
18544
18546
18546
18548
18549
18551
18552
18550
18553
18552
18651
18558
18559
18562
71186
81358
18561
18565
71622
72121
81076
81277
18560
18565
18566
18561
18563
18566
18565
18569
18573
18575
18569
18575
18570
18571
18572
18574
18573
18577
18578
18584
18586
18581
18583
18587
18584
18583
18588
18585
18587
18699
18587
18695
18695
18591
18592
18763
18599
18595
18598
18617
80993
18598
18599
18600
18601
18604
18615
18618
18622
18604
18605
18610
18607
18606
18608
18610
18608
18618
18610
18622
18612
18613
18615
18619
18623
18619
18621
18616
18621
18622
71441
71577
80983
18623
18621
18628
18720
70973
71376
18626
18630
18634
18627
18635
18629
80948
81061
18684
80949
81081
18635
18638
18638
18751
18633
18634
18638
18751
18637
18637
18638
18640
18644
18819
75963
18645
18646
18648
75976
18645
18647
18811
18818
75978
18648
18651
18652
18651
18653
18653
18656
18660
18656
18657
18659
18658
18658
18662
18660
18661
18663
18663
18665
18666
18667
18670
18672
18675
18676
18673
18678
18674
18677
18689
18678
18682
18678
18693
18680
18681
18683
18682
18703
18712
71471
80999
18687
18688
18791
18690
18694
18692
18693
18694
18694
18696
18697
18698
18700
18701
18701
18701
18703
18706
18707
18708
18711
18713
18709
18711
18713
18710
18720
71342
80999
18723
18721
18723
18719
18721
18726
18722
71342
81036
18722
18725
18724
18725
18729
18748
70528
71331
71335
18735
18736
18735
18741
18742
18744
18742
18743
18740
18744
18741
18744
18746
18747
18799
18816
81068
18750
18751
18753
18756
18760
18757
18759
18760
18784
18757
18758
18759
18761
18785
18787
18765
18770
18766
18773
18767
18770
18769
18774
18769
18774
18771
18772
18772
18774
18776
18778
18782
18777
18779
18782
18780
18781
18780
18782
18784
18786
18787
18785
18788
18788
18790
18791
70527
70650
71461
71541
18795
18796
18795
18797
18797
18801
18798
18800
18801
18803
18804
18808
18809
18805
18806
18807
18809
18807
18812
18815
18815
18818
18819
18813
18815
18817
18835
70591
70652
18819
18822
25925
18825
18828
24810
18823
19461
19464
25928
18825
19465
25929
19462
24811
18827
19047
19089
18828
24812
25927
25924
18830
18831
24603
20126
24866
24816
24819
18833
18840
18899
26012
18834
26022
20628
20629
70522
71536
81045
18839
20628
21384
18839
20884
24909
18839
18840
20628
21385
18901
18846
18848
18849
26731
18843
18847
18851
19988
18844
19980
18850
21087
21340
18849
21550
26730
18847
18857
19985
18849
18851
26730
18851
21548
18853
19978
20038
18854
18856
20041
18857
19985
19976
19985
19988
18857
20042
26731
19040
24784
18860
18861
18866
18865
18862
18867
18871
18864
18867
18868
19437
18871
19436
18870
19735
18867
18870
18869
19435
18870
19638
19739
24785
18874
18875
18876
18874
18882
19052
18881
24807
24808
18878
20554
18879
18883
24586
20554
18880
24584
18881
20554
18882
18883
25326
25330
18885
18892
18894
25215
18891
25205
18888
18891
18892
25759
18888
18895
21466
25760
18890
18893
18896
21288
18895
21285
25371
18896
18894
21287
21293
18896
21465
18898
18903
18900
18900
18901
18902
18903
20881
20884
20881
18909
18910
25055
18906
18915
24492
18908
18911
24493
18908
18909
18926
18959
18912
18928
18912
18913
25062
18912
18916
18916
18921
18918
18919
19181
18916
18919
18922
18918
18920
19029
24540
19183
18920
26100
18922
18922
19028
25054
18924
18929
26596
18926
26600
18929
21594
25060
18928
26601
18928
18929
25056
26597
18931
18934
18937
19657
18932
19661
18933
21056
19150
19665
21055
18935
19048
18938
19042
25218
18939
19080
19089
18938
26732
18939
24939
25218
18941
18942
19764
18943
25792
25799
20480
25808
25796
25800
18949
18951
18955
24751
18946
18953
24510
18952
18962
18948
18954
18956
18953
18958
24551
18952
24747
19063
19365
71400
18952
18954
18962
18954
25233
18956
24739
18958
26555
18958
24549
26554
21175
25030
26601
18963
18964
24749
24752
18962
18964
24505
24506
18964
19934
25468
18967
18970
18973
25219
18967
21525
26306
18969
18969
18972
25438
18970
25439
18971
18972
18985
18984
25441
18974
18977
18975
18985
18980
18982
25367
18981
19571
20485
18978
20486
25219
18982
20487
18981
18982
20481
18981
25369
25370
19348
25538
25736
18985
20255
26928
19635
24639
26582
24635
26575
26582
18989
18990
25532
19006
24696
26337
24694
25530
18993
18994
18999
18994
18995
21630
24708
18995
18996
19001
24706
19003
19002
19007
19000
19002
24694
18999
19000
19001
19755
24703
19756
24695
19002
24696
19007
19008
21627
19005
19006
26333
26337
26332
26334
19007
21628
26331
19010
19585
25023
25027
25984
19012
19018
19025
26693
19072
26698
19014
19015
26699
19016
24496
19017
19018
26702
19017
19176
24498
19020
19019
19020
19027
19175
25548
19022
24492
24496
19024
24494
19024
24520
26701
24523
26695
19026
21375
19027
19614
19609
25549
19029
25961
24539
19031
24541
26107
19177
24536
26099
19033
19034
19088
19035
24546
26825
24537
24542
26793
24548
26824
19037
25872
25962
25052
25961
19039
19041
25493
20390
25038
25494
19041
25039
25040
19043
19048
19047
19049
25217
19045
19047
24582
19049
19693
24581
19048
19049
19699
19698
19383
24521
26706
19055
19057
20127
19053
19059
19056
19061
24813
19055
19059
19060
20128
19520
24815
19060
19521
24642
19059
19060
19061
24807
19523
19064
25842
25848
19093
71309
19065
25146
21609
21610
25153
19067
19068
21348
19405
26697
19069
19071
21351
19070
21188
19071
19072
21378
26704
21375
19076
19077
19086
24940
19077
19087
19873
19079
19870
19872
20783
19078
19992
19078
19079
26736
20780
19081
19085
19082
19083
24809
19877
24810
19084
19085
19087
19878
19086
24939
19087
19876
19090
26794
24812
25217
19091
25655
21165
25663
26792
19100
19278
21170
21172
19094
71334
71341
71361
81041
81042
19103
19278
19282
19099
19101
19102
21203
19098
19099
25659
19100
21172
25661
21197
19102
19104
19997
19105
19104
19275
19105
19999
19278
19110
19111
20027
19109
19110
19113
19109
20724
21555
25586
20723
20028
20725
19113
19115
19114
21279
25920
19117
21556
19116
19477
25921
19116
19117
19121
19474
25922
19119
19122
19124
19120
19124
19473
25064
19123
19474
20031
19124
19125
20027
20032
19128
19129
24936
19129
19130
25012
24771
24937
19132
24772
25013
19133
24768
19134
24773
20771
24770
20254
24769
19141
25892
25901
19960
25901
26678
25889
25895
25899
26795
26796
26803
19140
21554
26803
19141
25890
26687
19964
19143
19144
19149
19146
19148
20257
19145
26109
19146
20274
25757
20276
19149
19666
26119
19150
20259
19150
19667
19152
19157
20223
19158
26740
19154
19158
25379
19156
19678
25383
19156
19157
19158
21123
20224
21124
25380
19160
19161
19162
26355
19163
19679
20139
26354
19163
26625
19168
26358
19165
19166
26360
26625
19168
26362
19167
26624
21149
26361
26638
19170
19170
19173
21662
19171
26358
19173
26365
19173
19186
26364
21663
20455
20460
26097
26098
19176
19182
19181
19179
19183
19182
19184
25545
19184
26098
19181
19182
19185
26100
25548
19185
24538
19185
25544
21655
21663
26372
19188
19193
25230
19195
19198
25612
19192
19196
21065
19191
19196
25222
19194
20493
25223
19193
21587
19195
25232
19197
25614
19197
19197
25226
19199
25615
19200
25612
25627
25625
26871
19204
20953
25993
19203
19204
19205
19204
19217
19222
25992
19213
19229
19207
19213
19229
19209
19210
25590
19209
19214
25593
25591
19211
19212
19214
19224
19213
19221
19215
19226
25603
19217
19221
19221
19224
26247
19222
19219
19222
19362
19364
19220
19222
19221
26252
19225
21491
26256
19226
26249
19227
26255
26257
19227
20021
19232
19233
20954
20955
19232
20955
19234
21333
25596
19355
19370
71341
71549
19235
19234
20956
19235
26260
25601
19239
20480
26465
19239
25711
26327
19239
26330
26464
25713
19241
26315
26328
19242
26327
20589
26330
26773
19244
19248
20991
19245
19254
24612
19255
24817
19247
19250
19253
21324
19249
21597
19249
24619
19250
24622
19254
19252
19255
24831
19253
24527
21316
19255
24832
19865
20779
25711
19865
19866
25714
25716
19259
19261
19263
21024
19260
19261
26103
19267
21025
19262
19264
25251
19264
21023
20935
20941
19266
19267
19269
25251
19273
25250
19271
19271
19277
25157
19270
19271
19274
19280
21026
19273
19276
19284
26916
19280
19277
19280
19281
19276
19284
19999
20000
19281
21171
19282
19283
21169
19284
19283
26289
19283
21171
26289
19286
19289
19288
19290
19288
19291
20885
19289
20880
19291
19387
19395
24914
19296
24720
21008
24711
25934
19295
19296
19300
25935
19299
24711
19297
19300
19413
24709
19299
19300
19301
19308
24712
19304
19417
19312
19313
26955
19310
19312
19683
19305
19308
19311
19306
19417
19310
20120
19308
19313
24890
19311
19312
19313
19311
20123
26956
24891
19315
19318
19322
25958
19320
19317
19319
21007
19321
24976
19319
19322
21011
19321
25956
19322
25957
19327
19339
26087
19329
19331
24701
19328
19332
24699
19327
19328
19338
19330
25286
19329
19330
19331
25287
19333
19338
19334
19341
24700
19337
21390
19336
19337
21373
25256
25881
19341
26636
19339
19340
25883
19341
25884
19343
19346
19347
25859
19344
25858
19345
25733
19347
21480
25734
20332
21476
21475
25857
26790
19350
19354
26468
19352
19354
25476
19354
19359
25213
19353
19531
25476
19524
19534
26470
71331
71411
80776
19359
19524
19526
19361
19529
25170
19359
19360
19526
25960
19771
24615
25960
19526
19527
25171
19364
19366
19364
19373
19374
19367
71320
81067
25651
26250
19374
25649
19371
19373
25352
19371
20429
25993
19416
71343
71411
19372
25355
19373
25992
25378
21463
25378
19376
19378
19381
24735
19377
20607
21178
24522
19379
24524
19380
19383
19381
19384
24734
24737
19384
24732
26749
19384
26707
19386
19393
19394
26608
19387
19389
19391
19389
19391
19402
20849
19394
19392
19394
20860
19395
19393
20861
26610
26606
19401
19397
19401
24910
19398
19399
24913
19401
19403
19400
21461
19404
25528
24914
19403
20858
19404
20850
26813
19408
19409
26705
19407
19412
21018
21013
26720
26721
19412
26706
19412
21348
21348
21349
21351
71403
71411
81018
26720
19417
19418
19415
19418
19424
19432
24798
71343
71471
81062
19419
19420
24710
19420
20120
19421
20374
24798
19423
19425
24718
19424
24721
19425
24710
19426
19428
19430
19429
19431
26812
19429
19432
19432
26812
19431
26661
25396
19434
19436
19647
19435
19637
19437
19641
19437
25572
19439
19444
24766
19441
24757
19441
25668
26947
25667
26949
19443
19444
24754
24755
25869
24758
24763
74865
74867
74894
74934
19449
19557
25987
19448
19449
25397
19451
19452
25399
25986
26005
19453
19457
26002
19453
26812
19453
26001
26729
19455
19457
26006
26664
19456
20866
20870
20915
26004
26665
19460
19461
19460
19470
21427
19471
26520
19464
19465
19466
19467
19468
19471
19465
19467
19467
19468
21036
19469
21042
19470
21428
19471
21431
20704
25875
26079
19474
19475
19476
19476
21275
25064
19477
19478
21277
21280
19480
19481
20136
19484
21402
26123
19482
19484
25070
20057
25071
19485
20063
20071
19485
21405
19492
19493
26279
19490
19496
20807
19490
19492
25776
19495
19496
26283
19491
25698
19492
19497
26278
19494
26280
19495
19497
25450
25444
19497
26284
19499
25071
25446
19501
26282
26650
19501
20812
26283
21140
19503
19504
20133
19507
25917
21210
25914
26404
19506
19507
20131
21025
21032
20132
25918
19516
21027
25917
19511
19516
20443
19511
19519
20438
20440
19515
19515
19517
20450
19517
20457
21300
21301
19516
19518
21028
19518
19519
25912
19518
20457
20446
19523
24602
19522
19523
24604
24606
24600
19525
19530
19526
19527
19528
19529
19532
24796
24797
19532
19534
19533
19534
19536
25335
25475
19535
19536
25345
19754
24795
19545
19549
19553
19946
19543
19547
75448
75472
19544
20618
20619
19541
19545
19544
19546
20620
20619
75388
75408
75420
20620
19546
20621
74914
75408
76402
19550
19551
74881
74882
19899
74881
75454
75422
76145
77537
75454
75763
75797
19554
74918
74936
19556
19899
19556
74886
76140
19596
81039
81060
19947
26000
26010
19559
19568
19815
19570
26544
19561
19562
20918
19566
19567
20919
19563
19564
24651
19565
19569
19565
19568
19570
20913
19569
19570
19569
25503
26546
19572
25370
26037
24965
26042
19575
19576
19579
25112
19576
26375
26376
26383
19576
25101
26383
19578
19579
26052
26925
19580
26054
26921
19581
26053
25026
25028
26055
19583
19584
20595
20604
19585
26055
19585
25984
19587
26831
26835
26836
25405
26837
19589
19590
26235
26454
26452
26834
20560
26235
19704
25825
26586
19633
20110
26112
26583
19598
19603
19623
24849
19598
19600
21484
19599
19600
19605
19611
70634
71307
19598
19624
19625
21484
19602
26953
19602
19604
21212
19605
19605
19606
19608
20432
25584
19607
19607
20431
24849
19608
20433
19614
19616
19620
19621
19626
19627
70617
70624
70646
19613
19614
21374
19621
19627
25158
19615
19621
19622
19619
19622
25547
19618
19622
20445
19620
20447
25585
20444
25545
19628
19624
19628
19625
20691
24847
19628
24838
21183
24850
19630
19631
19652
19632
19635
26120
19636
25190
26113
19634
26114
19634
26116
19635
26580
19637
19640
19641
25190
19639
19643
19739
19644
19740
19646
26110
19642
19643
19646
19644
19645
26105
19646
24679
24682
19649
19651
25572
19652
19653
26508
19650
19653
19652
25190
19653
25571
26120
26507
19656
20461
26897
19656
20468
25853
20471
26898
19661
19662
19660
19666
20112
19662
19663
19701
19703
19664
19702
26588
19663
19665
19698
19664
19666
19667
19667
20316
20506
20647
24399
19670
19674
78197
19671
76163
76165
19673
19674
78196
79444
19676
24404
26807
26187
26866
19678
19680
21123
19685
19680
19686
19687
26356
19683
19684
20123
20367
19686
19687
20366
19685
19685
19687
25383
20373
26357
19690
19693
19699
19690
19691
19705
19697
19700
19692
19722
19694
19697
19728
19695
19696
19726
19696
19697
24792
20517
19699
19700
19701
19705
19703
19704
19705
19707
26588
19706
19707
19722
25826
19711
21326
25140
19713
19716
24761
19713
21330
21332
19714
19719
25137
19713
19714
21327
21334
19715
19716
19719
24756
24754
24556
24559
24755
19719
24559
19721
25826
25827
25830
19722
19724
19730
19724
21468
21470
19730
25832
19726
19727
20512
19729
20516
20093
21470
19729
19730
21470
70616
70617
71407
81044
19734
19737
19741
19734
19735
19736
19739
19737
19738
19741
25970
19741
25761
25762
19744
19746
25781
19747
19748
24804
19753
25347
19826
71286
71382
71431
19747
19751
25785
26445
19749
19751
24805
24793
24794
19751
19753
24793
19753
19754
24793
25337
25334
19756
19758
21448
19758
19759
20049
19760
24703
19760
20053
21459
21449
19763
21393
24404
19763
20155
20958
20963
24405
19765
25717
25791
19866
25716
25790
19767
19770
21571
19772
21287
19771
19772
21291
19770
21598
24620
21570
24625
24613
21294
24616
19774
25075
26405
19775
21580
19783
21582
26407
19777
25636
26408
19781
26405
19780
20645
25098
19780
19781
20644
20649
25096
25099
26406
19783
21585
25638
26408
19786
25095
25636
19786
25632
25640
25638
19794
19799
20159
19789
19794
19796
19791
20961
19791
20146
20958
19793
20964
20153
20157
20160
19794
20157
19795
19796
19798
19797
20675
20660
20672
19799
20653
19803
19804
19801
19804
20160
20103
20148
19803
19804
20652
19806
19808
21652
19809
25498
19809
19811
25496
19809
19810
21656
25497
21657
26369
19812
19814
26945
19813
19814
24666
26726
26371
26374
25500
25503
25506
78200
78222
79444
19823
19824
25294
19819
19822
20681
20682
21479
19825
21479
21480
19822
19823
19827
20679
25292
19825
25295
19827
25299
19945
72050
81086
21479
19829
19830
21119
20305
24414
25687
21116
25690
19832
19835
20216
19834
20207
19834
20208
24681
20214
24677
19836
24684
25756
19837
24678
26109
26117
24676
24678
24680
19845
26091
26096
19841
19846
26101
19842
19848
26102
19847
26410
19844
19849
19932
19850
19944
19846
19850
19851
26090
19849
19929
19849
19851
19928
19851
26094
19863
20241
25853
19858
19859
19971
19859
19863
26806
19856
19861
24630
19858
19860
25268
19860
19861
20244
19970
19862
25269
19862
20245
25854
19863
26811
19869
19873
19876
19870
19875
19868
19875
25788
19869
19874
25789
26046
19872
69541
81037
19873
25715
25715
19875
25714
25790
19878
19878
24917
24915
19880
19883
25483
26851
19881
19894
19882
19883
25718
21497
25719
25731
19890
25483
26851
26852
19886
19887
26547
25483
26852
25720
25721
26547
19889
19892
25484
26715
25486
26714
25486
25489
19894
19895
25718
19893
19894
19895
21507
25484
20022
25495
19945
71481
71553
74857
74884
74892
76154
19900
21151
76144
76140
19901
19902
19906
19905
19909
19905
74936
19904
19905
19914
19907
19909
25740
19908
21151
25739
25745
21573
25744
25751
19911
19912
25389
20199
25739
20108
25388
25752
19914
20186
25740
19948
19918
19919
24748
19922
19924
19929
19921
19925
26440
19923
19925
24750
19922
19927
19921
19924
21487
19926
26443
19923
19931
19926
19926
26414
24740
19930
19931
26602
19929
19933
26414
19932
19935
19933
19933
19943
19939
25470
19939
26602
26603
19937
19940
19941
19942
20680
19942
19944
20685
19940
25465
26603
19943
26603
20681
19944
26094
71561
19947
19948
19949
20186
19966
20612
25320
26560
19957
21604
25682
19953
19954
19966
19957
25323
19955
19956
25280
25281
26899
19957
26901
25683
19959
19961
21158
19960
19965
26523
26853
19962
19963
25911
19964
25907
19964
19965
26688
25901
26559
19971
21394
24410
19970
24406
25263
19970
19971
24407
25268
25269
19973
21068
25774
25772
19975
20687
25770
25773
19983
19986
19983
19986
19984
19985
19990
21445
19990
19991
21340
19986
19989
19987
20046
20176
81025
19984
24466
24467
19995
71258
71357
19991
19990
19991
25029
26733
26737
20000
20002
26917
19996
20009
26917
20270
71431
81029
19997
20014
19998
21200
19999
20001
20001
26916
26917
20007
25252
20004
20009
26917
20005
20007
20008
20924
20933
20007
20924
26340
25255
20009
20017
20018
20013
20017
21501
20014
20015
21198
20013
20015
25722
20019
25727
20016
21200
20016
21496
20018
20019
20928
20019
20022
25606
25719
20022
25495
25605
20024
20025
20036
20035
20030
20034
26061
20028
20029
20726
20028
20032
20030
20034
20728
24730
20032
20033
20033
20035
25068
20035
25069
20037
26065
26061
26065
26066
20039
20041
24469
20040
20617
20041
20043
20622
20043
20189
20623
20049
20054
24702
20047
20626
24702
20091
81009
81012
20052
20630
21384
20053
21383
21460
25524
20050
24704
20052
24702
20052
20053
21382
20055
20405
20408
21506
24705
20405
24702
25949
20058
20063
20064
20065
25072
20062
20065
26239
20061
20070
20073
20062
20066
26240
26236
20066
20072
20065
20066
26241
20074
25570
26604
20070
20079
25568
20070
20082
25565
26240
20072
20081
21406
20073
20079
20079
20080
20076
20077
20078
25037
21398
21400
25037
20080
25036
20080
20081
20081
26605
20084
20086
20086
20478
26387
20085
21649
25569
21637
26386
26237
26393
20088
20473
20840
20089
20844
26392
20843
26396
20095
20105
20523
71221
71285
81024
20098
20099
20100
24408
20094
20095
20100
20102
21473
20096
20102
20105
20150
20098
20099
20151
24403
24409
20101
21471
20102
20149
20104
20158
20107
20107
20526
20107
20527
20109
25753
25392
25403
20111
26584
20112
26117
26119
26581
20114
20115
20692
20115
24452
24453
24839
24842
20117
24462
26873
24455
24464
20692
24848
25768
25771
20120
20364
20374
20121
20122
20364
20123
20370
20125
20127
20129
20126
24869
20127
24642
20129
20131
20134
21022
20132
26103
20134
20134
20136
20138
21137
20137
26129
20138
26123
21142
21233
26624
26629
20141
20144
21160
20142
26880
20143
25132
26883
25131
25178
24851
24854
25133
20155
21393
24402
20155
20157
20156
71183
71285
71299
20158
20160
20150
20151
20154
20158
24402
20153
20155
24402
20154
20158
71197
80990
81012
20159
20160
20162
26363
26367
24662
26359
20164
20177
25258
20967
25259
25941
20166
20168
20194
20167
20196
20346
20168
20173
20169
24566
20170
20174
20172
20345
20172
20173
21584
21577
26658
20349
20177
20180
24566
20181
20184
20637
20248
20270
81020
20182
20181
20183
20185
20639
20180
20345
26287
20185
20639
26287
20183
20185
25257
20632
20341
26287
26288
20188
20201
20189
20190
20200
20202
20190
20190
26731
20192
20352
20354
20193
20197
26181
20195
26177
20195
24563
20196
24565
20197
20347
20202
25384
26730
20201
25387
25741
20201
20202
25390
20205
20206
20229
25418
20206
20249
20250
26841
20249
25416
25189
20213
20214
20218
20209
20210
26106
20212
20214
20211
25761
20212
24902
20213
26950
20219
20216
20274
25191
25195
25756
20219
25193
25202
20219
25196
25201
20221
20223
20233
20222
20224
24717
21125
24714
20224
26743
20228
25891
26676
20227
20228
25903
25904
26890
25894
26685
25174
25188
20231
24715
24853
20233
20234
24716
20237
21160
24854
20236
20236
20237
20236
20239
24722
26743
20239
20239
20240
21159
24723
21676
24723
26173
20244
26500
20243
24636
26509
20245
25854
26513
20245
26503
20247
25129
26432
20250
25185
26434
72047
81022
81023
26840
21214
24769
26929
26933
26934
20253
26926
26936
24964
25369
20256
24774
25015
20256
26926
21467
20259
20262
20259
20266
21055
20273
20261
20263
20269
26323
26436
26737
20267
20276
20265
26323
20267
20268
21044
20268
26325
20273
26436
26437
20271
20275
20272
26326
20272
26436
71286
81022
20272
20273
20276
20276
25198
20278
20280
20316
20280
20281
20318
20282
21054
20288
24400
20283
20285
20318
20284
25289
20285
20287
25290
20286
20287
25289
20319
20287
20385
25290
24395
20293
20297
20298
24416
20291
20296
20314
20297
20299
24645
20293
20295
24412
24415
20295
20298
20306
20302
24413
20299
20303
25536
24644
20299
20301
20312
25686
20305
20313
25687
20305
20306
20306
20307
20307
20311
26532
20308
20310
25536
20310
20313
20310
20311
21542
21534
26531
20313
21532
21533
25272
26524
20317
20322
20644
20649
20317
20320
20647
20320
20321
20663
20322
20322
20641
25629
20326
20852
21453
26814
20326
20327
20339
21450
20326
20330
20853
25525
20328
20330
20331
20340
20333
20334
21477
26093
20332
20333
20334
25527
20334
25526
26089
20336
21451
24698
20337
20338
25534
20340
26942
20339
20340
21458
25527
20342
20345
20343
26285
20344
26286
26657
21207
26656
26658
20347
20349
20351
20352
20350
20351
20352
26865
20351
21576
20667
20671
26865
20355
20356
20462
20355
20425
20357
25738
20357
20668
25073
26865
71187
71236
71548
81022
20363
21676
26483
20361
20363
26485
26495
26489
26491
20363
24973
26481
26483
26484
20370
20376
20374
20375
24798
20367
20371
20373
20370
20375
20377
21686
25398
20379
71302
71369
20371
20372
20377
21685
21688
20376
25397
20377
20380
20381
26101
20489
71178
25491
26964
26943
26964
26965
20384
20385
20978
20384
20386
20389
25494
20386
20978
26564
26565
20388
20396
25067
26571
20670
26568
20390
26566
20395
20392
20394
20397
25050
20396
25066
26563
26566
26567
20395
25047
20397
25038
26567
26569
24504
25203
25461
20401
20403
20413
20401
21506
26341
20412
26339
20404
20921
26342
26343
20404
25923
26342
20938
20406
20408
20410
25948
20411
20413
21682
20409
20410
20412
20411
20624
21684
20413
24484
21096
24575
24578
24579
20417
20418
24568
20418
20419
21098
21575
25331
24569
25332
20420
25329
20552
24580
24585
20423
20424
21114
25472
20423
25475
25479
25471
21121
25342
25737
26176
20427
20428
20430
20950
25988
20429
24993
20430
24994
25991
20433
20437
20433
20434
20435
20436
20442
25916
20436
20439
20440
20439
20441
25585
20439
20441
20446
20443
20447
20443
25915
25912
20445
20452
20447
20448
20448
20451
20450
20451
20452
20454
20454
20452
25546
20456
20459
21296
26108
20458
20460
20459
20460
20457
20458
20460
26107
20469
25737
20463
20469
20464
20465
25081
20469
20470
20466
25066
20467
20470
25049
20468
25684
20471
26498
25738
20471
20477
25443
26239
20474
20479
20475
20476
25430
20477
25435
20479
26242
25448
26238
20479
26236
26391
25717
25811
20483
20484
20485
20484
20485
21059
25228
20487
25222
25225
20487
20488
25224
20490
20495
71213
71272
81005
20491
25220
25221
20497
26304
20494
25618
25850
20495
25616
20497
26300
25221
25223
20497
25221
25619
26302
21050
24894
25202
20500
20501
25749
25755
24898
26748
25748
25753
21530
25104
25109
20504
20505
20510
24392
20511
24394
20509
20599
20507
20511
20508
20648
24401
26378
26380
20593
26381
20511
26382
24399
20516
20523
20524
20515
20517
20518
20515
20516
20517
20520
24725
24792
24582
26310
71178
71199
71219
80978
20522
20524
20522
20525
20528
24725
20529
20529
20528
20527
20529
20529
20533
20543
24648
24649
20829
20882
71198
81147
20534
20535
21086
20535
21215
20536
20537
21090
20536
24649
26979
21092
26981
20540
21218
21622
20541
20542
20543
26959
20541
20542
21624
24648
21642
20545
20545
24693
26957
24689
26959
20547
20551
20696
20548
20550
26895
25511
25517
20550
25981
20551
26157
20555
24586
20555
24584
25981
25514
20835
20932
71626
20558
20561
21537
20559
20565
26230
20569
26474
20561
26228
26232
26233
20563
20567
26124
20566
21697
20565
20567
20568
21539
20568
20570
21698
21535
26125
20569
20570
26475
21694
20589
26466
26771
20573
20575
20585
26774
20577
26318
20576
20583
20838
20583
26771
20580
20582
26768
20585
20586
26776
20586
20587
26864
20580
20587
26769
26909
20582
20586
20587
20584
20584
26775
20585
26863
26769
20589
20591
26464
26467
20592
25431
25436
20592
26465
25809
20594
20600
26057
20595
26053
20601
20598
20601
20603
20598
20599
24824
20602
25983
20600
24392
20602
20602
20604
25982
20608
26225
20614
24737
26226
20608
24735
26132
26131
20610
26223
26217
20613
21515
26214
20613
25321
21518
25308
26216
20616
20620
20622
20617
20618
24468
24470
20623
20623
21684
25946
25947
25948
25950
20627
25950
20629
20630
26023
20630
26019
20635
20636
21610
20640
25285
20635
20640
21608
20638
20639
20640
20638
21612
20637
20638
25151
25149
25284
20642
20644
20643
25079
25629
20662
25074
20648
25085
20647
20648
20649
24401
20656
20775
21512
20654
20657
20653
20657
20660
20661
20655
20656
20658
26535
20659
20661
20659
20661
20660
26194
20666
26573
20664
20665
26572
20666
25629
20666
26563
26573
20668
20671
20669
20670
25073
25078
25077
21579
25080
20675
21128
26194
20676
20959
20971
20977
20675
20676
21132
20961
20678
21680
25235
26166
26168
26170
20680
20681
20684
20683
20684
21481
20685
21478
20685
26095
20687
20689
21485
20789
72039
80978
81002
20690
20693
21484
21485
20693
24840
20694
20694
24846
24848
20697
26893
20697
26894
20701
20703
20706
25875
20700
20702
21366
25879
20703
21369
20702
25874
25876
26752
20706
20708
20709
20707
20710
20834
20707
20709
26752
20825
21284
26758
26754
26767
20712
20718
21309
20713
21310
20715
20717
26059
20715
20716
21519
20716
26060
26058
20718
26209
20719
25135
20720
26210
20721
26649
20722
21142
26293
21233
26294
20724
20725
20727
20729
20726
20727
20728
24727
24729
24728
26798
20732
24477
20732
20733
24473
24478
24483
24482
26788
20739
20742
20742
20743
20739
20740
24481
20738
20744
20863
20740
20745
26205
20741
24482
20742
20745
20744
20745
26610
20861
20748
20750
24726
20751
20756
25412
20754
20755
26800
20750
20753
26068
20752
24731
20753
25278
20753
20754
26071
20756
20756
26971
26973
25817
26298
20765
20795
20770
20798
20799
20762
25815
20762
26296
25817
26299
20765
20767
20766
20793
20784
20790
20784
25583
25965
25819
20804
20772
24777
25886
20774
20775
21128
20776
20777
21131
20776
26194
21513
21134
21510
20779
20781
25708
20782
25710
20781
20783
26736
20782
25709
20783
20785
20791
20790
26684
26853
20787
20792
20800
20791
20799
20791
20792
26522
71624
80996
26674
25583
21156
26521
20795
20797
20795
20796
26297
26299
21381
25245
25245
26670
20802
20906
20803
20804
20801
20873
26521
20803
20872
20803
20877
20908
25583
20806
21643
24926
25550
24948
26957
20810
20811
25698
20809
20812
21135
20813
25700
20813
25694
20813
20814
20814
21136
25702
26284
20816
24887
25887
24888
26128
20819
25696
25706
20822
25454
25802
20821
20831
20821
20822
25256
25455
25460
25453
26634
20824
20831
25882
20826
26074
26612
20830
26759
20827
26073
20830
26612
26614
71633
71703
72007
20835
71179
26614
26765
25460
26613
20833
20834
21369
21360
21370
26755
26752
26756
71629
72142
20837
20839
20841
25432
26466
26779
20843
26779
20840
25431
20844
25430
20842
20844
20843
26779
26401
20851
20856
26781
20849
20854
20860
20858
20855
20858
20854
26785
20853
20855
20856
20857
26783
20859
26814
20857
26780
20859
20859
20861
26783
20863
26785
26786
26205
26784
20868
20870
20910
20867
20869
20867
26667
20871
26666
20869
20871
24640
20871
20873
20877
20879
20874
20876
24554
20876
20879
21358
21365
24553
20878
20879
20905
21312
20883
20883
20885
71179
71518
80963
20885
24908
20887
20888
26543
26850
26855
26864
20889
26540
26539
26845
21081
25401
26539
20901
21082
26541
20893
20897
26778
20894
20903
26777
20901
26540
20901
21082
26978
20899
20900
20902
21216
20902
21222
20899
26975
26976
26979
21215
20904
26976
20903
20904
21222
20904
20908
21313
20907
20908
21521
25819
24949
24951
24958
20915
20917
20917
20918
20914
20915
20920
26004
20914
20920
25999
26003
20917
20918
20919
24651
20920
21629
26340
20938
20942
20947
25923
20925
20929
20930
26331
20927
20926
26332
20928
21501
26551
20931
21634
20930
20931
21628
20933
20933
21633
20939
71203
20940
20942
24485
24490
20936
20941
20937
25250
20946
25252
20946
20944
21126
20944
20945
21051
71237
81075
81082
24489
24490
20947
24490
20947
25253
20951
20956
20957
26258
20950
20951
25989
20952
20957
25989
20953
20954
25991
20955
20957
26259
20963
20964
20961
20962
20962
20963
26867
20965
20965
26867
20965
20967
20968
21129
20970
20969
20972
21130
20970
20975
20973
25941
20972
20977
21132
20974
24563
20976
26185
20976
20977
20977
26188
20980
25358
26203
24876
24927
20982
20983
78238
20986
21054
20986
20985
20986
20988
21528
25632
25630
26300
20990
24624
25170
20991
24594
24611
24617
20994
20998
45510
21045
71315
71475
80969
20995
20997
46192
20998
21002
21001
21004
21001
20999
21003
45288
21002
21004
21004
21009
21012
21006
21008
21010
24889
21007
24890
21011
24892
21009
21012
25936
21011
21012
25324
26749
21015
25313
25682
21016
21019
21017
21666
25680
21019
21020
21019
21346
26721
21021
21349
21249
21350
21024
21024
24489
24491
21026
26103
25156
21028
21034
21031
21299
21030
21305
25157
21032
21033
25156
21033
21306
21034
21034
25918
21037
21038
26046
21037
21042
24918
24917
21039
21040
24919
21041
21421
21041
21042
21428
26050
26325
26857
26861
21048
25197
26859
80971
80973
26151
21053
26847
21052
21053
25192
21052
25973
21251
71205
80969
25194
25199
25197
25199
26735
26732
26735
21061
21063
25996
21060
21061
21070
21063
21065
21066
21071
21590
21062
25997
21064
21066
21064
25227
21065
25226
21587
21068
21069
21072
21070
21071
26029
21072
21588
25764
21075
21076
21078
21075
24658
24672
24654
24673
24655
26912
21078
21438
26463
21441
26460
21080
21083
25392
21544
25393
21082
21083
21084
21084
25391
26980
21087
21089
21548
21094
24688
21091
21090
21091
21094
21090
21092
21549
21093
26691
21545
21094
26690
24691
21104
21105
26724
21102
21103
21099
21105
25515
21099
21103
21100
24580
21101
21103
21104
21105
21104
26660
24575
26728
26727
21110
21111
21276
25287
21109
21110
21278
25543
21111
21112
21276
21278
21281
21115
21118
21122
26246
21115
21121
26244
21117
21120
25350
21121
25339
21119
21122
24414
21121
21122
21124
26356
21125
26354
24489
21129
21134
25937
21132
21130
25940
21133
21133
21134
21133
25939
21136
21263
25703
21139
21138
21140
21141
21257
26648
21141
21256
21141
26650
26648
21145
21146
25118
21146
21149
21150
26638
21147
26428
21150
25117
21148
21439
26435
21150
21440
21435
76149
21442
76148
21154
21155
25877
25876
25909
21156
21157
25878
21158
21158
25911
26522
21160
21161
21164
21162
21164
25239
21163
25236
26884
26888
26885
21168
21172
21167
21169
21173
21302
21168
21298
21173
26792
21304
21171
21173
21180
26131
21176
21181
21177
21182
25030
21178
24494
21182
24519
21180
21182
26132
21181
24567
26598
24837
25159
21185
21190
21376
21189
25159
21193
21194
21247
21188
21194
21195
21351
21190
21192
21226
21195
21377
21192
21194
21195
21193
21232
21244
21350
21197
21204
25665
21203
25658
21199
21498
21205
21206
21600
21201
21203
21206
21204
21205
25672
21206
25670
21602
21209
25640
21209
25630
26303
25152
25635
21211
25915
21213
26402
21213
25584
25183
25185
25189
21216
21217
24650
21218
21221
24650
21220
21221
21222
21223
26908
21221
21223
26905
26908
26902
21226
21227
24843
21227
21228
24461
21231
24845
21230
24460
21229
21230
24561
21235
21245
21231
21232
21244
26121
21236
21239
25837
21236
21242
24561
26869
21240
21248
21672
21239
21240
21607
21241
25843
21241
21673
21242
21246
21247
21249
21252
21245
21250
21246
21248
21250
21350
21252
21666
21669
21252
71209
71480
80973
21669
21254
21264
21309
21255
21315
21354
21259
21356
21257
21263
21266
21258
21267
26649
21261
21264
21265
21262
21263
21265
21271
21262
21352
21273
21267
21266
21267
25134
21269
25700
25705
21270
25701
26763
21272
21274
26764
21272
21273
25703
21274
26753
26754
21277
21278
26086
21280
21281
21280
26080
26081
26088
71475
80981
81360
21474
71147
71396
81084
26075
26078
26079
21286
21464
21289
25300
21288
21294
21290
21290
21572
25300
21571
21292
21295
25216
21293
25212
21295
25215
21295
21297
21301
21298
21302
25154
26794
21300
21306
21301
21307
21303
21304
21307
21305
25155
21306
21307
21310
21313
21521
21315
25135
21311
26059
21314
21315
21313
21353
21314
21357
21317
21324
24532
21321
24530
21319
21323
21569
21321
21415
21347
71131
71315
71475
21409
24531
21323
21569
21597
21598
21324
21328
25143
25989
21327
21328
21329
21330
21329
25141
26258
26259
21333
24759
26948
21333
21334
26260
24760
21336
21338
24958
21337
25020
21339
25021
26689
24690
24692
24963
21444
26690
26691
25360
26590
26604
21343
25036
26589
21345
25820
26039
26040
21348
21349
71323
71327
81077
21350
21356
21359
21357
21358
21356
21357
21358
21361
21365
21362
21363
21364
21360
21362
26753
21361
21364
21370
21363
21364
21367
21367
21369
21368
24553
21369
21370
25295
25733
25736
21373
26044
26632
26633
26636
21375
21376
21378
21377
25158
21378
21380
21381
26171
25234
25244
25246
26169
21383
21384
21385
24911
24912
21392
26637
26647
21389
21391
21422
71215
71315
71327
80958
21392
21430
26051
21391
26637
21392
26635
21394
24411
26611
21397
21403
21403
21404
26619
21400
25033
21400
21406
21407
21402
21404
26121
21403
21404
21407
21405
26617
26122
21406
21407
21410
21414
24744
21415
21417
21418
21420
24745
21418
21419
25304
21413
21415
21569
21419
21568
21417
26554
21416
21419
21420
21420
26553
21670
25303
21424
25794
21425
26044
21424
21425
26050
21425
25795
26043
21433
21434
26641
21434
26517
21429
21430
21431
26051
21433
21432
21433
21434
26647
26518
21436
21440
24672
26359
21438
21439
26419
21441
26416
21440
24674
24673
25017
21445
21446
25022
25029
25018
25021
25022
21449
21452
21459
21449
21455
21457
21453
21458
21455
21458
21454
21457
25529
21454
25528
21456
24695
21457
21458
21460
21461
25524
25529
21463
21464
25648
21466
21465
25653
21466
25652
25014
25105
21469
21472
25832
21471
25267
21473
21472
25264
21473
21531
71398
80923
21476
21480
21482
21477
21483
21483
26096
21481
21482
21483
26093
24848
21487
21699
26711
26713
26413
21491
21492
26254
21492
25647
26261
21493
21494
26719
21494
26251
26270
26271
26441
26266
26717
21498
21499
25608
21498
25729
21499
25723
21600
25611
25728
21501
25726
25730
26551
21503
24573
24587
21505
26914
21505
24570
24653
24577
26913
24706
26256
26710
21510
21518
26562
21511
21514
26537
21513
21515
26196
21513
21514
21516
21516
26538
21517
26218
21517
21518
26558
21520
26296
21521
25816
26060
21524
21526
21527
25634
21525
21526
21530
21526
25087
21529
26307
25088
21528
25634
26308
26305
21530
25439
25442
71085
71215
80955
21543
24499
21542
21543
21538
21542
21536
21539
21543
24499
21538
21539
21540
26233
21540
21541
21542
21543
21545
21547
21546
26982
21547
21549
21550
25395
21549
21550
21553
24830
25426
21553
24442
24867
24866
21557
25589
21556
21557
25919
25586
25587
21563
21566
25920
21565
21566
25874
21561
21562
25589
21564
21565
25908
21563
21564
25588
25919
21566
25906
25905
21568
21569
21570
21572
25303
21571
21572
21574
25743
25967
24589
25555
26446
21579
21584
21578
21584
21585
26656
21580
21582
25080
70826
71002
71114
71116
21583
21584
21585
26409
21588
21589
21591
25764
21590
21591
21590
25231
25765
25232
21593
21594
21595
24556
21596
25051
21596
24556
25865
25867
21598
24621
21601
21602
25595
21603
25593
25602
21603
25676
25609
21605
21614
21606
21614
26901
21608
26899
21615
21616
21612
26900
21610
21611
21618
21612
21620
21616
21619
21671
21619
25679
21618
25833
21617
21673
21619
21620
21620
25841
25679
21622
21625
26398
21626
26905
21636
70972
80809
21626
21646
21626
21641
26104
21628
21630
21635
21631
21634
21632
21632
26341
21635
24708
21634
21635
26340
21750
80942
21647
21649
21651
21641
21647
21648
26104
21643
21650
24921
21649
21650
24935
21646
21645
21646
21645
21645
21646
21648
25550
26385
21651
21651
24933
21654
21659
26545
21655
21658
21665
21658
26007
21657
21657
21659
26373
21659
26008
21664
21665
21687
21663
21664
21665
21664
21690
21691
26008
21667
21668
21671
25680
21669
21672
26267
26439
21672
21673
21675
25595
25599
25600
25674
25677
21681
21678
26163
26490
21679
21680
26166
21681
26484
21681
26173
21683
24484
21684
21686
21688
21689
21692
21692
25987
21690
21690
21691
26357
21692
25985
21695
21696
24591
21696
21698
26471
21697
24588
24587
21698
24590
25490
26413
21704
21705
45414
21703
24244
43799
21703
21705
43801
21704
44986
44991
21708
23114
44821
21708
21712
44827
45378
45374
21712
21713
21847
45377
21711
21771
44359
21713
21843
44630
22111
46113
21715
21716
21719
21797
22157
44798
21717
45816
21719
21720
44806
21720
21721
21725
44799
21727
21722
44867
44895
24279
44891
21724
21727
45817
21729
46024
21726
21728
44867
21727
21730
45816
21730
21735
21730
45812
45815
21734
21914
24278
21734
21735
45175
21734
21735
44868
45173
45176
21738
22676
43912
21738
22671
44276
22675
44277
21740
21741
21744
21745
44007
21747
21749
21743
21747
44059
21748
24056
44061
21745
21746
24187
43883
21747
21748
44060
24057
71101
71106
72413
21752
21757
21754
21758
45444
45448
21755
21764
21758
21762
43955
21757
21758
45442
21760
21763
21761
21762
43948
23619
43947
45536
21766
22116
22829
44016
46130
21874
22409
21905
79088
21770
44355
44363
44357
44359
44149
46110
21773
21776
21854
21849
45933
21776
21778
21848
21778
21780
45530
43804
21778
21780
43806
44332
21780
22899
43803
45872
21785
43569
44714
21784
21785
44722
21784
22568
23372
21785
23372
44715
21789
21790
43571
23556
44852
44856
21790
23557
44855
23775
43569
23549
43572
21839
21892
72663
80862
21795
23551
23554
21794
23550
44797
21795
21796
45370
21797
23735
44798
44798
21799
21801
21890
21807
43502
21803
21809
45834
21802
21897
21804
21806
45557
21807
21808
45834
21805
22041
21806
21809
44158
21808
21808
43504
23999
21811
21815
44766
21812
21816
44764
21813
44797
21818
44908
21818
21819
44452
21817
24262
21817
21818
21819
44910
44769
21821
24033
44909
24036
44454
23920
24173
43921
23783
23915
23921
45078
45469
45474
21826
22448
45236
22441
45453
21828
43643
22668
43985
21830
21834
22890
21831
21836
43642
21837
22674
21833
21835
43675
21834
22601
21836
22896
21837
22436
21837
44712
45247
45251
45376
71115
72410
72413
21841
21846
45251
21842
23492
45696
45245
45251
21844
21847
21845
44629
45375
21846
46098
22966
45376
21853
21854
21854
21855
21851
21856
21862
21858
24127
44323
21853
21860
44510
21861
44332
21861
21856
21857
44327
44328
21858
21861
44507
21860
24126
24127
44507
44511
44323
44420
44328
44417
23840
43592
43599
21866
45170
45183
21916
43596
21870
21874
75147
75360
75285
75308
75373
75890
75147
75316
75894
21872
75362
21873
75348
75362
75147
75316
75308
75311
75331
75298
21876
21878
75329
75359
21877
75364
21878
21879
21880
23165
21887
23219
43509
21885
21886
21898
21886
22911
23218
21885
21887
21888
21891
21891
21889
22914
21888
43509
21889
23217
21891
21895
43502
21895
70826
80878
80941
21897
22199
22204
21898
22203
22204
21899
21897
21899
22204
45557
21899
22915
21902
21906
21909
21902
21908
21993
21998
21903
21905
21989
21905
21906
21909
21908
21909
43527
21999
45293
21912
21914
45168
21913
22194
45807
21913
45170
45177
45179
45167
45173
43468
45181
75304
79048
79095
79103
47092
79098
79122
79124
79025
79084
79226
51446
79038
79053
21922
21924
24203
44726
21923
22494
22503
24199
44743
21925
22501
44726
45214
23632
43891
44010
21928
21949
45391
21929
45743
21931
21932
45742
21931
21935
45386
21932
21935
45383
21938
21940
45741
21936
21937
45379
21936
23914
23912
21939
21940
45380
45743
46115
21940
45742
45741
21944
23540
44298
21943
21944
21952
22973
23547
21954
44299
21947
21948
44255
21948
44239
44246
44251
44298
44241
44249
45778
45903
21952
21955
22973
21953
21955
22328
21953
21954
24066
24071
22325
22978
21957
21958
43842
21960
43841
21959
43668
43845
22271
43661
23208
43662
43844
24216
45305
45316
24216
24219
24224
45029
23074
44569
44571
21966
21970
22697
44570
21966
21969
21976
44569
21968
21969
22690
21971
22637
22696
21971
21977
21971
22699
21978
21979
45866
21974
21977
21979
21978
22137
21976
21979
44567
21977
44568
22135
45105
45859
45158
45276
45316
23413
45272
45273
45274
21985
44210
44227
21985
21986
44212
21986
21987
44217
44220
44211
44228
44216
22099
44222
21990
21991
21995
21992
21993
21992
21994
21994
21997
22416
21995
22409
21996
21998
21997
22274
22415
43530
23469
43529
23265
44789
44791
45602
44740
44808
46256
22003
24287
45802
24288
24362
45806
22005
22006
24119
22019
43992
44045
22372
43764
44008
22013
22017
22010
22012
22370
22010
22013
43993
22016
44009
22012
22014
23620
22016
45642
22015
43990
22017
22016
22017
23051
43695
43702
22020
43993
44048
22022
23705
24302
44840
44843
45477
22050
22059
70891
70940
22026
22037
44015
22026
22027
22029
22031
22034
22030
22031
22168
22031
22918
44018
22032
45163
22177
45161
22033
22035
45165
22034
22036
22037
22036
22038
23666
22038
44014
22041
44153
44602
22197
44602
44845
44155
45558
22043
22052
46050
22053
45467
22045
22052
22063
22054
22055
23443
22049
22053
23513
23515
22048
23513
43611
22049
22054
43612
22055
70811
70870
70942
22052
22053
22055
46041
45468
23441
22057
23929
43620
44757
22058
23401
22060
22061
45074
22078
80851
44757
45466
23514
45467
22063
22064
23446
23445
46051
45058
46043
22066
22068
22067
22955
43927
22068
22954
22069
22075
22073
43931
22071
22073
22074
22084
22079
23506
22076
22077
45289
22075
22077
22075
22081
23510
45290
45518
43931
45290
22113
72361
22083
22084
22088
22083
22085
22086
22145
22082
22954
22087
22962
22151
22085
22087
22087
22253
22960
22153
23507
43930
43931
43784
43791
22092
22094
23281
22096
23277
22094
22096
44527
23234
44491
22096
44494
44528
44495
23255
44494
44966
23731
44975
46073
22101
23964
46022
22101
23968
24198
44229
22103
22104
45793
22108
22109
22110
22106
22109
23403
22107
43496
22108
43817
22109
22986
22984
22995
45795
44831
46114
22114
23475
46121
70940
80832
23476
24059
46126
22117
24093
46135
22117
45747
46137
45748
22119
23957
43592
43593
44291
22124
22125
44504
22126
22129
23888
24260
22123
23889
24260
22128
44856
44294
44884
22126
22129
44500
24261
23888
23889
24260
44022
44881
44887
44880
22683
23840
43628
43638
22132
22133
22345
22134
22140
22348
22134
22136
45105
44432
22136
22137
44433
22690
45283
22139
22142
44429
43847
44428
22141
22142
22143
22350
44432
44440
22350
44435
44442
22145
22152
22161
22256
22147
22148
22162
43833
22149
22154
22149
22155
22153
22155
23507
22152
22153
22154
22160
22154
23501
22195
45810
45935
22158
45817
45371
45373
46029
70928
72364
80841
80850
22161
22162
22163
22250
22165
22165
22166
22165
22248
43832
43833
22249
22252
22168
22170
22918
22177
22173
22177
45160
22172
24136
22178
22179
44437
22180
22181
22919
22174
22176
43820
22175
22187
22178
24123
22177
22181
22182
43846
22180
24131
22182
43851
22182
22184
22189
22192
22340
70835
70919
70927
22191
22193
24121
22188
22190
43820
22189
22190
24123
24122
45194
45196
22193
23626
44709
45178
22196
22716
22713
23979
45944
22198
22199
22200
22201
22732
22201
44601
22732
22908
22202
22203
22204
22908
22912
22206
70851
70852
70952
22215
70909
72481
43938
43994
43998
43938
43999
44002
22214
22219
45694
22212
22219
22235
22217
22752
44396
22217
22224
22214
44402
45230
44401
45232
22216
22340
70842
22340
70854
72475
22220
22754
22219
22236
45693
22220
44395
22222
22227
44490
22223
44481
22228
22722
22230
22232
22754
22228
22231
22727
22227
44490
46161
22229
22235
22229
22725
22232
22231
22751
22232
23911
22234
45691
45699
22236
45692
45700
22236
46161
22244
45943
46024
22240
22244
46027
22240
22242
44652
22243
46028
22242
23978
45940
22243
44655
45939
45945
46026
22247
24194
24196
22247
22248
43830
22249
22249
22251
22252
22256
22252
22318
22259
22256
22257
22255
22257
22258
24316
24067
24317
22258
24313
22259
22315
22263
22266
45632
22262
22266
45628
22265
24337
46231
22264
45631
23264
44796
45630
22266
22750
45634
22269
22272
43663
22269
43659
45415
43657
43666
22271
43545
43549
43553
43845
22280
22281
22281
22413
43549
22275
22276
43530
22278
22417
22278
22279
22278
22280
45994
45995
22282
22415
22282
43657
22282
43550
22284
22285
79038
22286
22287
79081
23019
22296
79084
22289
22291
22293
22292
22294
22294
22295
22296
79016
22295
22293
22299
23252
22297
79017
22297
22298
22299
23010
23014
22302
22303
44388
22302
23099
46219
22306
44390
22304
22305
44392
44394
45069
22306
45073
23103
22310
22312
45478
22312
23973
46023
22311
22312
23971
22311
45482
23985
45484
45479
22314
22320
22326
22316
22317
24069
22316
22317
22318
24067
24193
24196
22320
24193
43542
43537
23643
43535
43542
22323
22325
22972
22329
22330
45608
22326
22328
24066
22328
22327
24069
22329
43538
22329
22334
43797
22332
43797
43798
22337
23572
43801
22334
23640
43537
22335
43538
22338
22339
23576
23578
45042
22338
23576
43797
23579
43536
70950
22396
22404
72729
73107
22346
22351
22354
22344
22346
22926
22345
22348
45101
45093
22347
22365
22348
22349
22350
22351
22352
22352
22361
22360
22356
23630
22358
23648
22356
22358
22357
22359
23627
22359
23647
22361
22361
23625
45197
22364
22925
45684
22364
22365
22926
23645
45685
23648
22368
22369
23988
44873
22368
24302
45476
44599
23986
45484
22371
22374
43994
44682
22373
22374
24327
43760
44008
44688
22380
22381
43826
22377
22379
23860
22381
43970
22384
22386
45746
22382
22383
23866
22384
22453
22385
43823
22386
23861
22385
22386
22385
22387
46008
22459
45744
22389
22393
43920
45767
46007
22392
22393
46005
22392
22393
22603
23898
43922
43920
22395
22397
46035
46065
44053
46070
22605
70608
80670
43756
45190
22399
22402
23706
46240
22405
44807
22406
22407
23524
23526
22407
23363
23524
45284
22405
22993
22408
22994
22998
22536
72486
72505
22406
22408
23527
22408
22411
22411
22414
22416
22412
22414
22414
22415
43551
22416
22418
43529
22419
43531
46000
23468
45997
22422
22426
45262
22426
22427
23849
44692
45261
22424
22427
23844
43999
44689
22426
22427
44695
45264
23851
22429
23274
44979
22430
44930
44980
22431
45020
44985
46199
23862
43960
43961
22439
43967
45702
22435
24113
43961
24146
45706
22437
43676
44712
22438
22440
22921
24236
22440
43903
43905
45710
22448
22449
22565
22445
22446
22517
22444
22446
22449
43815
22448
45235
22446
22447
43813
43814
22544
43810
43813
43811
22452
24116
44480
45744
22452
22460
23667
44476
22459
22454
22459
22456
22457
43825
22456
22458
23675
43839
43838
22459
22460
22460
23668
22462
23856
24296
22463
24298
45166
22468
45486
22465
45495
45502
22466
45499
22467
22469
45500
22468
23266
22469
24297
45493
22472
23121
23268
22472
23270
45492
23272
45496
22477
22479
44323
22476
22479
44422
22476
23863
44590
44421
44592
22478
44531
44591
24345
44534
44325
44594
22584
44609
44611
44613
22482
22483
22492
44486
22486
23201
22490
44485
22485
22486
45670
22488
45142
22492
44488
22488
22489
22721
22491
45143
22490
22491
44482
44481
22492
44490
45698
46302
22501
22503
22504
22496
22498
22508
22499
44350
22499
22503
46031
22500
22505
22511
22500
44352
22504
22502
22506
23954
22506
22506
22513
23953
44350
46030
46236
22511
24078
44348
22510
22512
23950
22514
24076
24084
22515
22513
23949
22515
23956
22515
24081
22517
22518
22646
22662
22646
22647
46254
22521
23601
45322
22521
22522
46077
45323
45779
24040
45324
46078
22524
22543
22663
44347
22525
22545
22662
43813
22527
22533
22542
22530
22532
22540
22532
22533
22534
22546
22531
23876
44024
22531
22535
22532
44029
22543
23877
23886
46178
22538
44037
70787
80818
81450
22538
44066
44341
22539
44036
22540
44066
22542
22542
44066
44346
44347
22545
22545
43808
22546
46178
22548
22549
44809
22550
22551
22555
22550
22591
44814
44817
22555
22559
22561
22554
22557
23527
22554
22558
46277
22560
45285
22562
22557
22563
22564
23140
23523
22559
44811
22561
44811
22561
22564
22563
22564
44817
23137
22571
43812
22567
22569
22570
44716
22570
44720
22569
44718
22572
23997
46177
22572
22574
22573
44716
22574
22575
22578
45453
22576
23372
22577
23371
22578
22581
22590
44758
44759
22581
44648
44767
22583
24262
44766
44767
22584
22590
44649
22589
22586
22587
22588
23271
23269
44760
22589
23267
22589
22590
44075
22592
44818
22593
22596
44815
22594
22597
22595
22596
44728
22886
24264
44816
22598
44842
22600
44907
22600
24041
45478
44727
44731
22602
22897
43678
22892
24387
43919
43925
22617
43922
43925
70836
72951
80674
22608
22609
70598
70781
23897
24343
43922
22761
23837
80695
22667
70475
70597
22615
22616
24340
22617
22618
43925
22613
22622
23919
22620
22621
45381
22615
22620
22621
44636
24349
22617
22619
24340
22619
22622
23917
22623
24107
22623
22623
23923
22625
22626
22634
22628
24322
46140
22627
22629
22635
22628
22641
24319
22630
22642
22631
22635
43488
22698
43486
22633
22638
22693
22634
22636
45591
45589
22636
22638
22638
22698
22696
22641
22740
24319
22641
22643
22645
22642
22643
23822
43485
22645
22738
22744
22745
22656
22665
43775
43782
22652
43781
45449
22652
22654
46210
22651
24028
43779
22653
22655
24030
46209
22654
43777
22655
44259
22957
22658
22661
22658
23338
44336
22659
44338
22661
23345
22661
23350
45449
45450
22663
22665
22664
44336
44346
44338
22672
43903
43906
70601
70700
80818
22669
22676
22670
22674
43642
22672
22673
43906
43968
22674
43904
22675
22676
43906
43987
22679
22680
43862
22679
43854
45362
23093
22681
43863
45364
44031
44553
22684
23483
44559
43627
43639
43625
43626
43629
22687
23730
46228
22688
23453
23803
46297
22710
44976
46230
22689
23462
22702
46227
22692
22692
22694
23565
22695
45283
22694
45588
22695
45587
22696
22699
23816
22699
43487
22717
23566
45589
22703
22709
23311
22704
22710
22711
22707
23374
44266
22705
23462
22706
23457
22711
24391
44334
22708
44333
22709
22711
22710
44976
22714
23230
44118
22714
22715
22716
44711
23226
23228
23230
44704
22719
45590
46053
22720
22826
46141
22720
24331
46064
46138
22722
22723
22725
44482
22724
22728
45144
22725
22726
22727
22730
44631
23910
22730
22731
22730
22732
22733
44631
22734
22735
45144
22733
22734
45278
22982
45279
22737
22738
22744
45722
45736
22739
45732
23825
45731
22742
22745
22743
22746
22781
22745
22746
24321
22747
22749
22783
22745
22748
22747
24321
45724
45722
45724
45721
45724
45727
22752
22755
22755
23907
22753
46231
22754
22755
44775
22760
23499
45230
22758
44387
44399
22760
23494
22760
44400
45230
23494
70475
70849
80735
22766
22767
22939
22764
22767
22937
22765
22769
45720
22777
45717
22768
45723
22769
22943
22770
22771
45723
22770
22778
22772
22778
22774
23076
45735
22775
22784
22798
22775
22778
22776
22777
22787
45718
22778
22780
22782
22819
22940
22781
22827
24323
22783
22939
45727
22785
22787
22791
22789
22793
22788
22789
22799
45039
22790
22790
22948
22790
45718
22793
22798
22794
23078
23079
22800
43518
23079
43519
43521
22907
22956
70579
70598
22798
23076
23078
22798
23078
43517
22800
22801
43515
23332
43523
45039
22803
22808
22810
45836
22809
45901
22805
22808
23040
22806
22813
45868
22811
23720
22811
22812
46115
23045
22812
45903
22812
22813
22813
46116
45906
22815
22817
22825
44196
22816
44197
22818
44199
22818
22819
22941
45663
22827
22823
70379
70542
70581
22824
23179
44197
22824
23187
23190
46061
70489
70588
80658
23189
44195
22827
22828
22828
46063
46142
46062
46139
22830
46131
22916
44012
22916
22917
24374
44403
22916
22917
22918
44017
22834
22839
22857
24303
44408
44783
22837
44770
44785
22837
22842
24026
22838
44772
22842
44779
22840
44776
22841
22859
44786
22842
22861
46072
22844
22847
46002
44083
22846
22848
23965
22849
22850
44110
22848
22849
46004
23963
22852
22853
44082
22853
44111
46159
44082
44083
44104
46158
22856
22857
44405
22860
22862
45985
22862
44406
22858
44408
22859
22862
22861
22861
24001
44160
45989
22864
22866
22868
43493
22868
22870
45258
43491
22907
22931
70387
70581
23519
22873
46058
22872
45253
22872
22873
43493
45255
46057
22879
45045
46315
22876
22877
44203
44201
45048
22878
44204
45049
22879
22884
45053
46314
22881
24166
46313
22882
22883
24168
22884
23649
22884
46314
44208
22887
45028
45946
22888
44539
22888
44547
44544
44548
22891
22893
22894
43641
22892
24015
22897
24016
22894
22895
22895
43641
22896
22897
22899
22900
45869
45216
45872
22902
45215
45871
22902
22906
45215
22903
22904
44916
22905
44917
22906
44918
70569
70570
22913
22910
22913
45279
22911
45280
22914
45281
22913
22915
45278
22915
22920
22920
24135
24136
24136
22924
43680
45712
22923
22924
24064
23072
43681
45708
22926
45097
45102
44148
44361
22932
43659
45994
22932
22933
45997
22934
24237
44977
22956
24018
80658
22935
45996
22934
45998
22935
22936
43660
44983
45998
22947
23652
22941
22942
23656
45663
22940
22943
22941
22943
23658
22945
22946
22952
46196
22947
24167
22947
45720
24169
22950
45035
22950
22951
23580
22953
23581
22952
22953
46196
45717
45719
22955
22961
22959
70488
70578
22958
22964
22963
23211
44258
22964
24029
22962
44064
22962
22963
23212
22964
24030
22967
46100
46242
22967
45701
46096
45697
22971
22972
43798
22970
22975
23535
22971
24251
22977
43800
22977
45608
22974
22978
22975
23532
22976
23533
22977
22978
22980
22981
45113
22982
45145
45282
45107
45280
45142
22988
23404
44906
22986
22987
22987
22988
22996
43933
23403
22988
44906
22990
23004
23362
22995
45794
45795
71466
71524
71554
81121
22993
23000
23001
46240
22998
22997
22998
22999
22996
23003
22999
23363
23001
23004
23364
23003
46085
23002
23003
45794
43933
23364
45794
23006
23752
43533
43533
45967
45971
79225
80155
80172
23012
23013
23018
23024
23010
23014
23018
23011
23012
23021
23017
23025
23015
23016
23251
23017
44900
23018
44901
45292
23021
23022
44180
23024
23023
44177
23024
23025
44184
44186
23027
23031
23041
45837
24254
46222
23029
23033
24257
46239
23030
23033
46235
23035
46235
23032
24256
23033
23042
23036
23050
43796
45838
23036
23042
23044
23038
23040
24351
23046
23047
46320
23040
23043
23045
45835
23042
23045
23043
23047
23046
23047
45838
45836
46319
23049
23336
43769
23050
43768
43770
43795
23052
44177
23056
44179
44187
23057
44184
44186
23059
23066
70521
23057
23564
44186
23057
44188
44190
23064
23068
23232
70522
70635
23062
23062
23067
23295
23068
43490
23069
23069
45297
23406
80706
23068
45332
45333
45401
45407
23071
23073
43674
43683
23813
43685
23073
43671
43691
43673
44567
45865
23082
23086
45729
23085
23085
23086
45736
23081
23080
24367
23084
24370
23084
23085
23083
24363
45733
23084
23086
45735
45730
23090
23092
44583
23091
23092
44576
23090
23092
44040
23094
43855
23410
44041
44595
44578
23094
43855
43864
24075
23097
45566
46311
23097
23602
45562
45571
46312
24228
44303
44312
23103
23104
23104
23107
44671
23102
23103
45252
23104
23108
23125
46217
44390
45975
46219
46220
23109
44316
46218
23108
44680
23119
44681
23111
45972
23111
23116
45977
45974
45978
23113
23114
23115
45248
23118
45250
23117
23117
45979
23117
23334
44824
44386
45976
23120
45125
23128
45131
45252
45117
45137
23123
23124
43937
44073
45121
23598
43936
45887
23129
23133
23133
45069
45636
23130
23132
23261
45504
23129
23135
23136
45252
23135
45141
23133
23136
45637
23135
23136
45073
23260
45635
45636
45130
23138
44818
44538
44542
44816
23141
44546
45980
23141
44545
23523
45286
23143
23146
23147
23150
23153
23184
23145
23148
24094
23147
23172
23177
23148
23149
23148
24086
23151
24083
23152
23153
23152
23156
24080
23159
23160
43959
23157
23158
24274
44351
23160
23162
44194
23157
23159
24079
23161
24276
23160
23161
23162
24267
44233
23164
43546
45956
23165
44362
43548
44360
23167
23846
44699
23792
44698
45930
23793
44088
46153
46151
46152
46159
23171
45429
45882
45569
46306
46307
23175
23180
23174
23181
24148
43631
23175
23176
23177
24149
23182
23185
23178
24089
24157
23191
44192
23184
23185
23182
23183
23185
23188
23193
24329
23186
23186
23192
43959
23193
46063
23189
23190
23192
23193
23192
44194
43958
46054
23195
23209
43665
23203
23205
43664
23202
23205
45417
23198
23201
23210
44489
23208
46299
23200
23202
24241
23206
45421
23206
23207
45418
23209
23210
23206
23207
23210
23207
43664
44487
23209
43662
23212
44256
23213
24314
44064
44253
43505
45226
45229
23216
43559
45830
45824
45840
23218
23219
45846
45842
45828
23221
23808
46102
43645
45676
23223
23229
44405
23225
23227
23225
44176
44406
44132
44404
23229
23231
23231
44130
23229
23980
44409
23231
44127
23305
80706
80766
23234
23238
23239
44527
23235
23236
23243
44493
23242
46323
23240
23242
23243
43741
23241
44526
23241
23243
23241
45914
45908
43738
23245
45963
46150
45839
45841
45107
45111
45844
23248
23279
44497
44897
23254
44898
23252
23253
45269
23251
23253
44898
44899
45266
23255
23258
44496
23257
23257
44900
46074
23258
46073
44902
23262
45499
45629
23261
45503
45637
45502
45627
45640
23265
23266
45500
45603
23265
45629
24301
23268
44076
23272
44077
23270
23271
23857
23855
23272
23274
44928
44938
44927
44941
23282
23283
45266
23284
23285
45336
23278
23279
44495
23282
23288
23282
23281
23287
45192
23286
44491
45268
23284
45267
23288
45337
23287
45409
23287
23288
45406
23292
23294
23294
23295
43490
23293
23294
23295
45334
23301
23303
23304
23303
45325
23298
78575
78579
78579
78580
78595
23302
23306
23301
23303
78583
78579
70500
70633
80722
80173
23309
43834
44260
43834
43836
44552
23310
43589
44262
43586
44267
23312
44260
23314
44261
44264
23314
43836
44188
44263
23374
43654
44267
23318
43454
43459
23318
23320
43455
23321
43462
23320
23324
23774
23321
43461
23327
23323
23324
23331
23326
43522
23325
43461
23326
44282
23669
45441
23328
43464
23329
23330
43465
23332
45038
23331
43461
23332
43523
23373
23381
43653
44819
44824
44826
23337
46282
46285
23337
43765
43766
46283
23345
23346
23342
23344
46107
23353
23355
23356
46284
23348
23355
23356
44345
23351
46206
23344
23353
43769
23352
43773
23347
23350
23348
23349
44337
23349
23354
44340
23356
23351
23354
45451
23353
23354
43774
46282
23359
45559
46293
23359
24281
46286
45561
46287
23361
23362
23367
23370
45797
23366
23367
23366
23367
23370
23369
45284
23369
23370
23943
45799
23372
23376
23378
23380
23375
23377
23378
44333
23377
23379
23715
43656
23380
23709
44738
46090
23386
45680
23383
23386
46088
23388
46087
23385
24004
44905
23387
23388
44905
45682
46090
23388
45681
46089
23391
23392
43702
23394
23473
43575
43707
45548
23393
43704
45549
23394
44552
43574
44551
23396
23397
44398
44394
44399
23398
44397
45071
24337
45072
23400
23407
43622
43623
23402
45152
23402
45075
43620
45157
23404
43499
43501
23409
44091
44099
23444
70639
23408
23409
23427
43621
44163
43623
44097
44042
44067
23605
24281
44576
23413
24215
23414
43754
45273
23422
23423
45312
23417
44621
44623
44624
23422
45158
23419
23423
45146
23420
45149
45075
45154
23422
23423
44621
45311
45315
23431
43879
44165
23430
23431
23927
23428
23429
23929
23429
44164
23429
23430
23930
43621
23432
23930
23432
43872
44166
23435
44147
23435
23436
44135
23520
44138
23440
23446
23450
23439
23441
23447
23440
23442
24202
24204
23442
43607
23443
23445
71333
80712
80722
23446
23451
24200
43606
23449
23452
46030
45054
45063
23451
23452
46032
45062
46031
23462
24284
23456
23457
23716
23456
24356
44739
23459
44736
23458
24391
23459
23460
24357
23461
23462
24292
24359
23464
23467
43705
23465
43700
43701
23469
43698
23577
23790
70421
80696
23468
43701
45555
45556
43526
43527
23471
23472
43579
23473
43577
43588
43582
45672
43586
23475
23477
46060
44063
46034
24060
44061
44059
45521
23479
45347
45782
43854
44579
45338
45351
23482
44755
45351
23483
43629
45353
45345
23485
45339
45783
44917
45792
44918
45791
45792
23488
23603
44954
23489
44953
45357
23490
45358
45356
45879
44589
45781
45784
23498
45689
23496
23497
45243
23495
45234
23496
23500
45244
45250
23498
23500
45245
23499
23500
45233
23503
23509
23503
23504
23509
45464
23510
45465
23506
23508
23510
45290
23507
23508
23509
23512
43879
45294
24325
43873
43608
23518
23599
45151
23516
23518
23600
43608
43609
23663
70683
70687
45468
23520
44137
23651
44199
44236
23650
44203
44207
23528
23525
23528
23940
23527
23528
45285
45286
23531
23537
23538
45854
23538
23539
46237
23536
23543
23536
23547
23534
23535
23537
23538
23539
24252
23537
23546
46239
24248
23542
23547
23542
23544
44246
23548
44297
23545
45854
23545
23546
44248
44245
23548
23548
23557
23559
23554
44914
23554
44801
44803
23577
70644
80684
80699
23559
44911
44914
23560
23558
23559
23560
23557
44805
23558
44804
44912
44914
23562
23563
23686
43714
45683
23685
45685
23731
46074
23567
44430
23571
45588
23568
44425
23569
23570
45582
23571
24097
23571
45587
45586
23576
23574
23579
43536
23575
23688
23578
23691
23579
80700
80701
23579
23581
23725
23727
45037
23583
43464
44305
23584
23722
44308
23723
45040
23586
23587
43723
43721
44307
23589
23590
23596
45899
45892
45900
23593
45544
23592
23593
24227
23594
23595
44678
23594
45543
23596
44675
45889
45891
23598
43934
45895
45890
23600
45149
23601
45013
45148
23606
45358
23607
44582
23606
23607
45357
23606
23607
45563
44584
23609
43822
45649
23610
43838
23612
23613
23613
43826
43972
23614
24138
43827
23614
43824
44418
23616
23661
45262
45610
45617
23619
23621
23620
23622
43998
23622
23623
23623
45642
23624
43953
23624
23627
45195
23629
23628
23630
23629
45196
23630
44990
44999
45007
45529
45539
23634
45668
46201
23635
46197
46202
44985
46147
23642
23688
23638
23642
23644
46036
23670
70495
70637
70690
23643
43536
23642
23644
43536
23644
43540
23646
23648
23685
46021
23648
46020
23653
23654
23654
23657
23656
23657
23653
23658
23659
24169
23655
44208
23657
23659
23658
44234
23659
23662
46076
46271
43750
46268
43737
43744
70672
80710
43739
43755
43757
23666
23668
23678
23675
23676
23677
44283
70580
80710
80711
23680
44283
44472
23674
23675
23903
23674
23677
44279
23676
44284
23681
23681
44282
23680
44477
23680
23681
44283
44478
24111
24368
44471
23684
46019
23686
43711
23686
46018
23688
23690
23691
23690
23692
23692
23696
23699
23703
23699
45613
45623
23697
44597
45849
23697
23704
23698
44598
23700
45852
23700
23701
45616
23702
23703
24285
45622
24287
45804
23705
44598
45803
45801
23711
46084
23708
23710
44734
44742
46276
23710
46088
23712
44738
46275
46278
46091
46279
23714
43882
43889
23717
44334
23717
23718
23718
44335
44734
44735
23720
24390
46304
23721
46317
45739
46116
23723
23724
23728
45459
23726
44307
23727
45458
45463
24324
44309
45460
23728
45036
23731
23732
44969
23732
44263
44190
44265
44970
23734
23735
23739
45372
23745
44665
23743
23737
23740
44759
23742
23744
44768
23740
23741
23746
44761
23741
23742
44760
23745
23743
23744
44762
44763
23746
23749
23747
23750
23859
23750
44657
44667
23750
44669
44656
23752
23756
23763
43568
23755
23754
23755
43494
23758
43496
23756
43497
23757
23758
23759
43816
23761
23761
43563
23763
43560
43557
43563
23765
23765
45823
45966
43568
45822
23770
23771
23769
23771
23769
23831
44961
23772
44965
23832
23839
23772
23832
23774
43455
44281
44279
44721
44851
23778
23779
46104
23778
23806
43494
23810
43498
43532
43533
46106
23782
45389
45395
45382
45386
45389
23783
23915
23899
23900
23785
23793
23794
46160
23787
46152
23787
23788
44869
23789
44115
23789
23791
23794
45440
70495
70688
70720
23854
44875
45440
23793
23794
45929
23797
24011
23797
23800
44464
23798
44865
23800
24013
23800
24023
44572
44469
24013
24021
24022
23804
45915
46166
23804
46226
45923
46298
23808
23809
24007
23809
43501
23808
23810
46105
24006
23810
43500
23812
23814
23826
23815
23820
24382
23814
23827
23815
23830
43692
23818
23821
23818
24014
44573
23819
44574
23820
23821
24384
23826
43489
23823
23825
23824
23828
43485
23829
43486
23827
23829
23828
43674
23830
23830
43489
23832
23833
23838
23834
43479
23835
23836
43471
23838
24212
24208
43470
70540
70586
80797
23839
24214
23841
43597
43819
23846
23847
23850
23847
23848
23854
23850
23851
44005
70681
70706
80682
80709
23853
44004
23852
23853
23849
23852
45624
45625
44001
23852
45930
45439
23856
23858
45166
23859
23858
44761
23859
46241
23863
23866
43976
23862
23868
46006
46008
23865
23865
23869
23898
23870
43917
23870
70495
70595
70689
81043
23869
46007
23870
46005
23873
43865
44026
23873
23875
44022
44019
23875
23879
44028
23882
44022
23879
23886
23878
23886
23887
46176
23882
23883
23881
23882
23996
23884
23885
23995
23885
23886
23887
23997
23887
46177
44020
23996
44858
23891
23892
23896
43853
23896
44426
23894
24132
23894
23895
24128
24375
24128
24377
45584
45579
45581
23898
24339
43917
23900
24176
44381
44382
23902
23903
43821
44284
43822
23905
23909
44845
23906
44848
23907
23911
44849
24336
23909
23910
23911
23910
44845
44631
23914
23919
45381
23914
23916
23918
23916
23922
45390
23923
23924
43926
23919
23922
23923
23921
23924
23922
23924
43926
43724
44462
45687
23931
23934
46047
23936
46181
23934
23936
24037
23935
23932
23933
23935
46039
23933
23937
23935
23937
45052
44757
23937
46181
23941
24218
23944
23945
45980
23943
23944
23942
23945
24221
23946
23947
23946
45284
23946
45981
24226
43468
44707
23951
24084
23955
23956
23954
23955
45666
23954
23956
45667
43633
43634
43635
23959
23960
44501
43632
44287
43640
44505
44556
44556
44557
44560
44172
45990
23968
24198
23968
23969
23966
23967
44110
23970
44105
23968
23970
23970
23974
44107
23972
23973
23984
23974
44107
23974
46022
23976
23977
24303
23978
23981
24306
23980
23981
44409
24307
23980
45937
45941
45088
45240
44944
45086
45238
23985
44108
23986
23988
44113
23988
44112
44870
23992
23993
44719
23991
23993
44854
23995
23996
44858
23994
23997
44720
23994
44853
23995
23999
24000
44158
45986
45984
24001
44157
44160
45987
24003
24005
45680
43649
43650
24005
24007
24008
45681
24008
43648
24008
44904
44237
44242
46107
24012
24015
24012
24013
24022
24023
24017
24385
24019
24019
24388
24020
24021
44525
24120
70387
70420
24022
24383
24385
24388
24023
44525
24025
43480
44960
24200
43603
44962
24027
44152
24335
44848
24029
43784
24030
43783
24032
24036
45085
24034
45089
24035
43571
24035
45091
24036
44713
45047
45051
45054
45056
45058
24040
24049
44732
46118
45949
24043
24046
24046
24048
44730
24044
24265
44727
24045
24046
24047
24054
44729
24048
24052
24051
44215
24050
24052
24053
24054
44732
24052
44212
46118
24263
45951
24266
24061
44825
45366
24057
24060
24188
45368
24060
24061
45369
24060
24061
44820
24064
24065
24364
24064
24065
45709
43671
24145
43709
24070
24071
24068
24070
24071
44300
24070
24073
24074
46037
46036
43535
44025
44034
24077
24081
24083
24087
24079
24081
24082
44348
24082
24083
24082
24088
24085
24087
24142
24088
24096
24088
24141
24091
24092
24158
24124
24130
70434
70584
24093
46136
24093
24094
24095
24096
24096
45751
24143
24099
24105
24104
24106
24151
24104
45580
24101
24103
24329
24105
24331
24103
24104
24105
24106
43630
45585
45586
24152
44634
45379
24109
24117
44477
24111
24114
44479
24113
24116
45746
24115
24113
24118
24146
45745
24115
24118
24144
45728
24117
24118
44480
43763
44044
70430
70481
70583
24123
45194
44439
45195
24125
70482
70488
70692
43846
45194
44516
44534
44507
44531
24135
24136
24131
24132
43849
70479
70493
70575
43851
43852
24134
43853
24222
70430
70435
24135
43851
24139
24139
44416
43828
44410
24142
45754
24142
24143
45750
45752
24146
24147
24147
45707
45714
45713
45728
24149
24152
24157
24154
24159
46132
24153
24379
24156
43631
24154
24155
24380
24373
24156
24159
24157
24158
24159
46133
24161
24162
24165
45430
24164
45818
45428
45429
24164
44509
44515
24165
44513
44522
24167
45454
24168
45455
24169
24171
44771
44773
24172
44772
44774
24333
24335
44774
24174
24176
24175
24181
43923
43911
44272
24177
24179
24181
44385
24179
24180
43829
43914
44379
43913
76731
43915
24183
24189
43885
24186
24243
24185
24191
45367
24186
24190
44315
44313
24188
24189
24191
24190
43884
24191
45368
44141
44146
46108
24196
24197
24197
70371
72949
80666
43543
24211
45662
24203
24204
24206
24206
24207
44958
24204
24205
24207
44743
24206
24207
44962
44724
24209
24212
24210
24213
44226
24211
44223
45660
24213
24214
45533
45535
24217
24218
24223
24220
24223
43754
24220
24223
24225
24221
24225
70373
70429
80672
43753
24226
45032
24226
44304
24229
45539
24229
44676
44677
45541
24233
24235
45567
24232
24350
46309
24235
24352
46318
24234
45560
24235
45565
46295
46318
43676
43679
43680
24240
45419
24239
24240
46199
24241
46201
45420
46204
45418
46203
24243
44011
44303
43886
44302
24245
24251
24246
24250
44986
24247
44997
24249
24253
46247
24249
24252
46238
46245
24251
24253
43800
24253
24255
24256
46223
46245
24257
46246
46237
24261
44019
44030
24280
72976
81666
44021
44499
44651
24266
44547
24265
44548
44728
24266
44549
24276
24277
24269
24270
24271
44205
24272
45066
24277
44206
24275
24277
24273
24275
45067
24274
46236
24276
24276
44232
24279
44289
44296
44868
70428
70433
70794
44596
45561
24283
24295
45593
44657
44663
24292
24293
24287
24289
24290
24291
24293
46174
24290
24354
24291
45621
24291
46173
24293
24360
46175
24295
24299
24300
45593
24296
24298
46241
24300
24301
24300
24301
45594
45603
44600
45477
24304
24305
24310
44783
24306
24310
24307
24309
44662
24309
24310
44777
44659
44777
24312
24314
24315
44250
24317
44251
24314
24315
44064
24316
24317
44300
24322
24323
46141
24320
24322
24321
24323
46142
24325
45461
43874
45300
24328
43749
43755
24328
44691
43758
44696
43630
46054
70609
70850
70861
70900
24332
46053
46054
46064
24334
24335
24336
45632
44850
44775
44849
45627
24346
24347
44590
24343
24347
24343
24344
24345
24349
44532
24344
24347
24348
24344
24346
24348
44591
44593
24349
44535
24351
24352
45835
46320
46321
46322
24355
24362
46264
24360
24361
24362
24356
24358
46261
24357
24358
24359
24361
24360
24361
24370
24371
24366
24371
24366
24369
24372
24368
43709
24369
24370
24369
44474
24372
24372
45733
24374
24376
44403
24375
24377
24377
24380
24378
24379
45583
24380
45585
24384
43690
24384
24389
24385
73001
73039
73131
81702
24388
43677
24389
43693
45425
45740
44335
24825
24396
24398
24821
24396
24825
24396
24397
24400
24398
24400
25086
24403
24411
24405
26611
26868
24407
24408
24409
24410
25264
24410
24411
24413
24414
24416
24419
24420
25466
24419
24422
24423
24421
24424
24422
25464
24429
25467
24426
25169
24426
24427
24427
24428
24431
63925
24431
77290
24430
24430
25581
24430
25203
25204
77311
24436
64602
77273
24434
24435
24438
24440
64029
77269
24437
24443
25575
64572
77245
77269
24447
25579
24440
24441
24445
24442
24447
24511
24514
24443
24446
24867
24486
70362
73360
80665
24446
24514
25424
25426
24515
24449
24451
24452
24460
24450
24452
24454
24455
24456
24460
24453
24458
24458
24459
25769
24456
24457
24462
24459
24465
25771
25765
24461
24462
26872
24464
25612
26870
24465
25230
25231
24467
24469
24470
24470
24472
24473
24474
24475
25542
24475
24478
24476
25540
25538
26791
24479
24479
24481
24483
24483
26789
24487
81658
81661
81708
25923
24489
24491
24493
24497
24495
24495
24523
25030
24497
26700
24498
26100
24500
25685
25691
26125
24503
24504
24505
24504
24507
25203
24508
24516
25462
24506
25469
24512
24508
25573
24515
25574
24552
70332
80186
24513
25233
24513
24516
24513
24516
24517
24518
24516
24518
25233
25423
24522
24523
24521
24522
24524
26708
24524
24526
24527
24529
24528
25425
24532
24533
24533
24828
25421
24530
24549
24531
24532
24550
24831
24535
24539
24545
24537
24541
24538
24541
24541
24542
24540
24540
25963
24547
24544
24545
25962
24548
24765
24547
25964
24547
24548
24767
24550
24551
26553
25427
24558
69995
24554
24555
25877
25878
26521
24557
24559
24560
24571
70281
74145
24753
26872
26157
24564
24565
24566
25941
26189
26599
24569
24572
24574
24575
24577
24578
24579
69464
70084
80630
24573
24578
24576
24577
24576
24589
24587
26659
25514
24582
24792
24583
25927
26311
24586
24586
25333
26471
24590
24592
25783
24591
26126
24592
26446
25784
24608
24818
24978
24611
24978
24982
24598
24599
24602
24597
24598
24601
24607
24608
24979
24802
24602
25556
25561
24601
24602
24606
24604
24605
24610
24605
24606
24642
24607
24608
24609
24610
24818
24819
24612
24818
24615
24616
24618
24618
24619
24624
24623
24625
24619
24624
24620
24622
24621
24625
24622
24624
25171
24659
70121
70352
72999
24629
24631
26575
24629
25828
25831
24633
25824
24631
24632
24632
24633
24634
24638
25265
24635
24636
24638
24639
24639
24639
26120
26514
25854
24641
76908
24644
24646
25277
70343
80510
80628
24650
24689
25428
24653
24657
24660
24669
24655
24655
24660
26915
24657
24658
24662
24668
24660
24661
70347
80633
81707
24662
24675
24663
24670
26367
24666
24667
24671
24666
24671
26374
26725
24668
26660
24669
24670
26659
24671
26366
24674
24675
24674
26359
24679
24681
24681
24684
24684
24686
24682
24683
24686
24687
26111
24683
24687
26106
24814
24959
25182
69866
26115
26110
24692
24693
24693
24691
24692
26689
24693
24696
24697
24697
25530
25530
25533
24700
26637
24704
24705
24706
24707
24708
26341
24710
24720
24712
25933
24889
24714
24715
26627
24717
26353
24716
24855
24717
24719
24721
43832
24721
24724
26478
26739
24724
26479
26314
24728
24729
24728
24729
26799
24730
24731
26062
24733
25307
26751
24734
25308
24737
24736
24738
26225
24738
26226
24741
24742
24746
24741
24743
24750
24744
24744
26555
24745
26439
24745
24750
24751
24748
24749
24751
24749
24752
26602
24755
24756
24756
24758
25868
24759
24761
24761
24760
26949
24761
24764
24766
26818
24766
25870
24765
25863
24767
25871
26819
26823
24770
24771
24773
24773
24774
24780
24772
24773
26927
24776
24781
24966
24777
26930
24779
24780
24779
24781
24887
25886
26934
24782
24886
24967
25820
24785
24789
24787
24788
24789
24787
24790
24787
24790
24791
25571
24791
25039
25572
25041
24795
24797
24985
24796
24797
24986
25396
24800
24801
24802
24803
24806
24981
24804
25552
24803
25559
24979
24805
25557
24806
24985
24808
24810
24812
24811
24918
24815
25326
24916
25179
73088
25325
25563
24819
24829
24833
24818
24819
24821
24822
24823
24825
24826
24824
24825
24827
24827
25983
24830
24834
24833
24835
24835
25422
24832
24834
24833
24834
24866
24837
24840
24841
24838
24844
24847
24841
24842
24843
24846
24847
24843
24846
24845
24845
25159
24850
25585
24853
25124
24906
24916
70195
80333
24854
24855
25120
24860
24863
24871
63366
77365
77374
24863
24864
77372
24870
24872
77364
77370
24873
77430
24864
25161
63359
24872
63356
77364
25541
63375
77372
77529
24869
24868
24869
63315
77357
77367
24873
77426
77363
77369
63366
24875
24877
24880
26139
26155
26277
24877
24879
24883
24878
24879
24920
24956
24924
24882
24883
26140
24883
24885
26203
24885
26138
24885
26144
26204
26200
24887
25821
24888
25822
24890
24891
24892
26954
24902
24903
26950
24895
24896
25200
24898
24903
24897
25976
24898
26748
24907
24905
25743
25968
24901
24902
24903
24905
25971
25969
24907
24905
24907
25749
25750
70195
80516
80616
24909
24914
24910
24912
24911
24912
24913
25524
24917
26046
24946
69771
24918
25789
26046
24923
24954
24923
24925
24926
24923
24924
24925
24930
24927
24933
24950
24930
24932
24929
24932
25364
24931
24934
25566
24931
24935
25358
24935
24935
25569
24937
25007
25005
25011
25012
24940
26732
24943
24944
24945
24943
24957
26275
24951
25020
24960
25020
24947
73471
73791
73072
73089
24949
24950
24961
24953
24954
24957
24960
24962
26275
26276
24954
24962
24956
24956
24962
26277
24962
24960
24963
25032
80404
80621
24963
26957
24965
25368
26935
24966
24967
26931
26041
24969
24972
26480
26746
24970
24973
24974
25955
26493
24972
24976
25957
26747
24974
26482
26495
24976
24977
26747
26954
25379
26955
24980
24980
24981
24982
24985
24983
24986
25170
69461
70080
70082
24986
24988
24990
24992
24997
24990
24995
24992
24992
24995
24996
24994
24996
24997
25355
25375
25377
25000
25004
25007
25000
25001
25004
25009
25003
25004
25005
25006
25009
25025
25006
25008
26923
25008
25012
25027
25032
25182
26422
81764
25014
26920
25013
25015
25015
25113
25017
25018
25022
25021
25024
25027
25028
25025
25028
26924
25028
26918
26692
25033
25035
26412
81762
25037
25036
26590
26605
25045
25040
25042
25045
25043
25571
26511
25043
25044
26510
25045
25046
25047
25048
26512
25048
25049
25684
25050
25066
26597
25053
25058
25061
25054
25961
25062
25056
25059
25062
25060
25058
25061
25063
25861
25872
25060
25061
25063
25867
25543
25068
25067
25081
25069
25071
26129
25072
25445
25081
25075
25076
25079
25077
25077
26574
25078
25080
26406
25083
25084
25090
25102
25085
25091
25086
26384
25086
25097
25089
25095
25090
25442
25091
25093
25091
25092
25093
25097
25094
25098
25095
25100
25631
25098
25099
25098
25100
25636
25102
25104
25103
26384
25104
25442
25107
25108
25113
25441
25108
25111
25114
26922
25109
25112
25110
25110
25440
25438
25113
26920
25114
26921
25118
25122
25127
25117
25122
26631
25118
25121
25120
25122
26627
25126
25128
26431
26626
25124
25125
25127
25126
25133
25129
25131
25127
25128
25129
25130
25131
25185
25132
25133
25135
26649
25138
25139
25139
25140
25141
25140
25145
25144
25145
25144
25145
25990
25147
25153
25849
25148
25150
25152
25851
26303
25150
25151
26288
26285
25153
26286
26108
26793
25157
26289
25157
25159
25161
25165
25167
25291
25166
25163
25167
25168
25164
77313
77293
77313
77314
25166
77292
63378
77306
25293
25169
77314
25171
25173
25175
25893
25174
25180
25176
25181
25176
25177
25415
25418
25888
25898
25183
25187
73471
80315
80614
25181
25902
25903
25184
70313
25188
25187
25188
25237
27474
80315
80534
26876
26881
25189
25192
25195
25198
25193
25194
25196
25202
25196
25198
25975
25201
25202
26950
25204
25578
25208
25214
25208
25372
25210
25211
26468
25209
25211
25214
26352
26469
26470
25213
25214
25216
26470
25215
25960
25218
25220
26306
25224
25225
25224
25226
25228
25996
26037
25296
69620
70268
80620
25231
25232
25423
25235
25236
25238
26170
25238
25247
25242
25306
69800
25239
26173
26669
26674
26680
26684
25243
25244
25249
69755
70270
73088
25245
26670
25246
25247
25246
25248
25249
26888
26672
26889
25251
25254
25253
25254
25255
26916
26343
25885
26633
25258
25282
25259
25260
25940
25261
25283
25937
26556
25263
25266
25267
25831
25267
25267
25266
25268
25831
26809
25273
26067
25272
25273
25275
25274
25277
25277
26070
25279
26524
25276
25278
25278
25279
26652
26071
26527
25283
26561
25283
25285
25283
25285
25285
26900
25288
26087
25288
26086
26572
25293
25294
25539
25293
25297
25298
25299
25306
69829
70185
25298
25537
25539
25735
25734
25301
25654
25302
25653
25305
25654
26263
25304
25305
25654
26268
69903
80546
25308
25310
25311
25310
25311
25312
26215
25318
26216
25322
26214
25315
25317
25681
25315
25316
25323
25324
25318
25321
25324
26721
25319
25322
25324
26751
25321
25323
25322
25683
25327
25554
25330
25328
25331
25329
25330
25332
25333
25333
25332
25562
25336
25337
25345
25336
25343
25345
25341
25338
25340
25347
25341
25342
25344
25341
25344
25346
25343
25475
25350
25347
25348
25351
25349
25688
25351
25691
25779
25689
25780
25353
25760
25354
25374
25758
25355
25377
25357
25361
25362
25365
25358
25359
25362
25360
25364
25361
25363
26592
26202
25364
25567
25566
25366
26591
26198
25369
26928
25369
25370
25372
25373
25759
25376
25374
25376
25377
25376
25377
25652
25381
25382
25381
26745
26747
25383
26956
25385
25386
25390
25395
26730
25389
25393
25389
25390
25389
25394
25392
25403
25394
25394
25395
25399
25398
25399
25985
25402
25403
25754
25402
25403
25978
25980
25408
25410
25414
25419
25406
25407
25410
25408
25409
25409
25411
26654
26972
25412
26839
25412
26655
26973
25415
25888
26974
25416
25417
25419
25417
25417
25418
26969
25423
25424
25425
25422
25425
25426
25427
25426
25427
25429
25434
25432
25437
26467
25435
25436
26280
25435
25437
25448
25437
25810
25440
25441
25440
25444
25446
25447
25450
25446
26241
25447
26282
25449
25450
26280
25452
25454
25457
25456
25695
25454
25455
25459
25697
25458
25692
25776
25458
25459
25798
25775
25801
25885
25462
25463
25467
25469
25466
25470
25465
25466
25470
25467
25469
25470
25472
25482
26245
25474
25475
25479
25476
26469
25481
26344
25480
25481
26351
25480
25482
26469
25482
25485
25486
26851
25490
25489
25491
26967
25592
25675
80604
80800
25490
26411
26102
26410
25507
70205
70230
80804
25494
26257
25497
25499
26945
25498
25500
25506
25501
25513
25501
25502
25505
25510
26893
25504
25505
26893
26545
25592
25641
80597
25519
67740
77001
25511
25513
26722
25512
25513
25512
25516
26895
26946
25515
25518
25517
25517
26727
25518
25981
77044
25521
25523
77014
77032
67707
77000
77022
66703
76918
77127
68063
25526
26780
25859
26938
25529
26813
25533
25534
25535
26939
25535
26336
26960
25534
25535
26941
26525
25540
25542
25540
25735
25541
25542
25546
26098
25546
25547
25549
25549
26958
25552
25553
25558
25557
25559
25554
25556
25562
25563
25558
25562
25561
25563
25560
25560
26447
25561
26445
25565
25566
25570
25568
25569
25570
26604
25570
25574
25578
25576
25579
77243
77278
25578
77315
77257
77269
25581
64029
64608
77219
25815
25916
26801
25588
25589
25919
26687
25591
25601
25594
25597
70151
70855
25594
25604
25595
25676
25597
25598
25601
25599
25600
26948
25600
26947
25604
25607
25609
25604
25605
25606
25607
25610
25608
25609
25611
25611
25719
25617
25618
25626
25615
25616
25617
25628
25617
25619
25619
25620
25621
25850
25622
25626
25624
25835
25847
25624
25625
25838
25626
25627
26875
25628
25628
25635
26301
25632
25634
25633
25635
25640
25637
25638
26408
25639
25640
26409
25675
80366
80593
25644
77060
25645
77002
25645
67675
76893
76901
76933
25648
25651
25649
25650
25651
25653
26262
26253
25760
25656
25663
26825
25660
26826
25660
25662
25665
25659
25665
25660
25661
25663
25664
25666
26821
25665
25670
25669
26816
25668
26817
25671
25674
25671
25672
25672
25674
25673
25674
25677
69683
80594
25677
25679
25680
25682
25682
25683
26496
25686
25688
25690
25690
25689
25691
25690
25695
25698
25696
25699
25706
25695
25696
25697
25697
25702
25705
25701
25702
25703
25705
25706
26760
26761
25707
26613
26766
25709
26328
26321
26323
25711
26329
25712
25713
25716
25717
25715
25719
25721
25724
25730
25731
25725
25727
25729
25725
25728
25731
25725
25730
25727
25730
25729
25733
25736
25856
25734
25736
25738
26179
25741
25742
25741
25746
25752
25744
25750
25751
25746
25747
25751
25748
25748
25750
25749
25753
25754
25755
26748
25757
26109
25759
25760
25762
26105
25969
25764
25765
25774
25766
25769
25772
25768
25769
25770
25770
25771
25773
25773
25774
25776
25777
25797
25805
26278
25779
25780
25782
26126
26124
25781
25782
25785
25783
25784
25786
26444
25786
26445
70229
70801
80483
80572
25794
26047
25794
25791
25792
26047
25795
26047
26048
25795
25803
26047
25798
25805
25800
25800
25806
25801
25803
25803
26632
26048
25807
25809
26279
25806
25807
25808
25808
25811
25810
25812
26281
25812
26465
25817
25818
25819
26296
25821
25822
25864
70227
80485
80537
25828
26577
25826
25827
26587
25828
25829
25830
25831
25832
25834
25841
25843
25840
25842
25836
25838
25842
25848
25839
25840
25843
25839
25840
26875
25842
25846
25847
25850
25846
25850
26301
25851
26303
25848
25849
25851
25853
26811
26898
26497
25857
25858
26781
25857
25858
26787
25859
25862
25863
25872
25862
25865
25869
25870
25871
69675
70224
70240
25867
25868
25871
25872
25962
25869
25870
25874
25875
25905
25880
25879
25880
25878
25879
25910
25882
25884
25885
25883
25884
26074
25887
25889
26968
26795
25896
26804
25893
25899
25895
25896
25897
25894
25898
25902
25896
25899
25901
26675
25899
70138
70260
70769
80366
25903
25904
26877
26882
25920
25907
25908
25910
25909
26688
25910
25911
25913
25914
25917
25915
25916
25918
25922
25921
25922
25926
25927
25929
25926
25928
26309
26312
25929
25931
25932
25934
25935
25934
25935
25936
25938
25940
25939
26556
26562
25945
25947
26020
25966
70223
80801
80803
25946
25947
25948
25949
25950
26023
46193
25954
25958
46190
45514
25959
46190
25956
25957
26493
25963
25964
25964
70235
80367
80536
25968
25970
25971
25971
25971
25973
25974
26848
25975
25976
25976
25978
25980
26849
25978
25979
26539
26845
26848
26748
25983
26193
25986
25987
26009
25990
25990
25993
25993
25996
25997
26033
26036
26029
25999
26010
26546
26000
26003
26005
26002
26005
26003
26006
26006
26010
26544
26009
26010
26015
26015
26018
26015
26022
26017
26020
26018
26021
26020
26021
26023
26022
26025
26026
26028
26029
26027
26028
26034
26030
26030
26032
26032
26034
26035
26033
26035
26036
26040
26038
26042
26039
26042
26040
26041
26042
26044
26049
26635
26077
26165
70136
80428
26049
26632
26051
26054
26376
26055
26057
26056
26377
26057
26381
26060
26062
26066
26064
26065
26068
26069
26068
26069
26070
26071
26073
26074
26087
26083
26085
26076
26080
26082
26083
26085
70141
70173
70273
26083
26614
26080
26081
26082
26088
26085
26086
26087
26088
26091
26938
26091
26944
26092
26093
26096
26095
26096
26098
26099
26107
26102
26965
26389
26106
26108
26118
26111
26113
26116
26115
26116
26114
26116
26117
26118
26119
26122
26123
26622
26125
26126
26128
26650
26131
26132
26134
26135
26137
26143
26136
26137
26145
26141
26140
26141
26144
26140
26145
26142
26143
26144
26150
26151
26153
26149
26150
26204
26151
26153
26156
26154
26155
26156
26276
26272
26160
26161
26161
26162
26163
26487
26164
26167
26172
26164
26166
26167
26397
70088
70108
26168
26171
26171
26172
26171
26297
26176
26178
26182
26182
26183
26810
26179
26181
26178
26181
26190
26186
26180
26182
26897
26896
26186
26187
26185
26186
26187
26188
26189
26190
26191
26191
26190
26866
26193
26196
26536
26219
26198
26199
26201
26202
26204
26201
26203
26204
26203
26789
26211
26295
26208
26209
26211
26210
26291
26210
26292
26215
26216
26217
26216
26220
26226
26215
26218
26219
26220
26219
26223
26224
26225
26223
26225
26226
26224
26228
26229
26456
26232
26449
26231
26459
26473
26231
26232
26474
26234
26235
26531
26529
26237
26242
26240
26239
26242
26241
26244
26245
26246
26248
26249
26252
26250
26254
26255
26252
26253
26253
26254
26255
26257
26716
26259
26260
26262
26264
26270
26263
26264
26268
26265
26267
26271
26270
26271
26268
26269
26271
26438
26273
26276
26274
26275
26277
26279
26281
26281
26283
26284
26286
26288
26292
26295
26293
26294
26622
26299
26301
26302
26305
26305
26306
26308
26307
26308
26312
26311
26313
26314
26312
26313
26316
26317
26319
26318
26861
26322
26328
26319
26320
26774
26776
26862
26322
26323
26324
26325
26861
26326
26859
26329
26330
26329
26333
26333
26550
26335
26548
26336
26338
26963
26337
26549
26966
26341
26342
26343
26348
26351
26346
26347
26350
26349
26352
26350
26350
26351
26352
26354
26628
26355
26356
26358
26361
26361
26362
26363
26365
26364
26365
26368
26367
26370
26368
26372
26370
26371
26373
26371
26374
26373
26376
26379
26380
26379
26381
26380
26382
26380
26382
26384
26386
26388
26389
26393
26388
26391
26393
26390
26399
26396
26400
26392
26396
26396
26400
26401
26398
26400
26903
26412
69887
70273
26399
26906
26400
26768
26403
26404
26406
26407
26408
26656
26411
26413
26422
70178
26414
26417
26419
26420
26419
26426
26418
26453
26423
26424
26451
26421
26421
26425
26427
26435
26448
80456
26425
26842
26450
26453
26430
26453
26463
26429
26430
26429
26431
26435
26432
26433
26838
26432
26434
26434
26841
26437
26738
26439
26441
26440
26441
26443
26448
26578
80456
80509
26718
26446
26447
26447
70276
70312
26450
26454
26456
26452
26827
26454
26833
26455
26456
26457
26459
26458
26463
26461
26462
26910
26462
26461
26463
26912
26472
26465
26467
26772
26469
26477
26473
26476
26911
26474
26475
26477
26477
26914
26479
26744
26481
26483
26482
26741
26482
26485
26490
26488
26490
26489
26490
26492
26494
26495
26494
26498
26499
26502
26498
26500
26500
26504
26503
26503
26504
26513
26504
26512
26506
26506
26508
26509
26510
26508
26511
26514
26513
26514
26511
26512
26516
26519
26520
26519
26518
26519
26640
26523
26853
26525
26526
26533
26528
26530
26528
26652
26534
26653
26530
26532
26533
26534
26532
26533
26828
26538
26537
26538
26541
26541
26542
26543
26777
26864
26545
26546
26548
26549
26549
26550
26551
70109
70136
80437
80544
26554
26555
26557
26561
26559
26562
26560
26562
26560
26561
26564
26565
26572
26566
26569
26569
26571
26571
26573
26574
69948
70054
70275
80544
26574
26577
26579
26579
26584
26586
26587
26615
70109
80544
26582
26582
26583
26584
26585
26584
26586
26588
26587
26590
26591
26592
26592
26595
26599
26595
26596
26600
26597
26599
26600
26601
26605
26607
26609
26608
26610
26809
26613
70117
70122
80494
26620
26620
26619
26620
26621
26622
26623
26625
26630
26627
26629
26628
26629
26630
26631
26638
26634
26634
26636
26645
26641
26643
26642
26643
26645
26647
26643
26646
26668
70123
70093
70305
80437
26649
26652
26653
26654
26655
26829
26655
26835
26657
26658
26660
26728
26662
26665
26729
26664
26667
26665
26667
26671
70062
26681
26683
26674
26681
70118
70119
80488
26681
26891
26677
26890
26891
26676
26678
26679
26685
26683
26685
26679
26682
26680
26683
26684
26853
26891
26734
70071
70077
26688
26690
26692
26692
26698
26702
26696
26699
26701
26700
26701
26697
26698
26704
26705
26704
26700
26702
26703
26705
26708
26707
26708
26750
26710
26712
26719
26715
26716
26712
26713
26714
26714
26718
26715
26717
26719
26719
26750
26723
26724
26727
26726
26946
26726
26726
26728
26812
26733
26735
26742
70048
26738
26737
26738
26743
26744
26744
26745
26744
26745
26802
70126
70333
26746
26747
26750
26751
26755
26756
26762
26756
26759
26760
26767
26759
26767
26765
26761
26766
26763
26764
26767
26764
26766
26907
26770
26778
26778
26904
26772
26773
26775
26774
26779
26863
26778
26781
26782
26785
26787
26784
26785
26788
26790
26790
26789
26791
26791
26794
26794
26804
26805
26797
26798
26800
26805
26971
26799
26801
26800
26803
70032
70086
80523
26804
26968
26807
26808
26809
26810
26810
26811
26896
26814
26816
26818
26822
26817
26821
26819
26819
26823
26821
26822
26826
26823
26824
26826
26826
26831
26833
26842
26829
26834
26830
26835
26831
26834
26844
26854
70012
70058
26834
26837
26842
26838
26839
26840
26840
26841
26845
26846
26848
26854
70115
80522
26850
26847
26858
26849
26860
26849
26856
26961
26966
70065
80524
26856
26857
26862
26858
26858
26860
26860
26862
26864
26867
26868
26868
26871
26873
26871
26873
26875
26873
26932
26977
69892
80446
26877
26879
26881
26879
26882
26879
26880
26884
26883
26885
26883
26887
26885
26892
26889
26890
26891
26890
26892
26889
26892
26894
26895
26897
26898
26900
26901
26903
26909
26906
26907
26908
26909
26906
26909
26911
26912
26914
26915
26914
26915
26924
26925
26920
26922
26924
26923
26922
26925
26924
26927
26928
26933
26930
26936
26931
26934
26935
27052
69797
69972
26936
26936
26939
26944
26965
26942
26944
26942
26943
33190
26943
26960
26946
26948
26949
26952
26953
26955
26956
26958
26959
26963
26962
26966
26967
26963
26964
26967
26974
26972
26974
26971
26972
26974
26973
26978
26981
26978
26994
27040
80461
26980
26981
26982
26982
26984
26991
29190
26991
31675
31678
26986
26988
26987
31666
31673
31667
31674
31672
26990
26991
32610
30423
32609
26993
28785
73470
73473
80444
26999
27001
28729
27001
27013
26998
27004
27006
26999
28725
27003
28730
27001
27003
27003
27004
27019
27009
27015
27011
27012
27961
27008
27009
28726
27008
27012
31659
28727
27010
27011
27012
27016
27962
31661
27014
27019
27020
27963
27016
27019
27017
27018
27962
27966
27020
27967
27020
27023
27024
27031
27023
30284
34064
27036
34062
27025
34722
27026
30259
34734
30270
34063
27028
27030
27033
34068
27029
27039
30793
34727
27031
34729
27033
27036
27033
27034
30337
27035
30294
30338
27036
30283
27038
33089
33092
33093
27039
30221
32224
34068
27052
80401
80408
27043
27044
28612
27043
27057
32863
34343
27045
34348
27045
32848
32849
32863
27048
27057
27061
34345
27057
27058
34343
28848
28853
27055
27062
28086
27054
28853
29354
27054
27061
28853
69978
80328
27054
27063
27064
29357
29357
27058
32833
27058
27059
27064
27059
34174
27061
69892
80397
80461
27063
27064
28422
29355
27066
27182
34996
30717
34988
27068
32176
32178
27072
28228
27070
27079
32179
27072
27075
27076
27073
27074
28230
27073
27076
28224
27077
28231
28233
27079
27084
27077
32454
27080
27082
29080
29202
27080
27081
29201
27082
27083
29081
27086
28565
27086
32455
28561
28563
32524
32526
28560
32456
27088
27093
28205
27091
28668
34080
27092
27093
27463
34083
27101
69791
69796
80546
27092
34687
34081
27464
69800
69911
80379
80387
28112
33995
34696
27097
27099
27100
34696
27098
34697
28107
34696
34699
27100
27359
34691
34693
27135
70188
80533
27103
27104
27580
28460
28461
32728
34799
34804
30819
32091
32093
27110
27111
29590
27108
27112
27124
32902
27109
34926
27110
29591
27112
29595
34520
35014
34522
27115
27119
32084
27117
27119
34519
27118
27120
32888
27117
27120
27131
27125
34522
27121
32886
27120
32083
27131
27132
27123
27129
28123
27124
27130
32902
27125
27131
27127
27129
32910
27132
32103
27130
27131
27132
27130
32913
32105
27134
27136
28799
30149
69983
70184
80379
27137
27186
27191
27140
27143
27144
33487
27141
27142
27215
27218
27141
33014
27142
33021
27144
27219
33479
27221
27147
27891
31566
27147
34445
34925
31567
34923
28433
34438
34448
27150
27151
27159
27152
27309
34210
27152
27154
27167
27153
27165
27313
27155
27158
27156
27161
27157
27160
27158
27168
34207
27161
34208
27161
28954
34209
27163
27166
27164
41288
27166
27168
34207
27167
27169
27315
27169
27168
27316
32007
32016
33281
34599
27172
27173
27175
31555
27173
31553
28963
31549
27175
27182
34997
27176
31555
27180
27182
27178
27181
30064
30236
27179
27180
27182
30717
27181
31559
30063
27184
27185
33910
33916
32327
33356
27347
33914
27188
27190
27190
27718
27727
27191
27720
73688
80404
80621
81743
27730
27747
27750
27193
27197
29383
27195
27207
73284
81847
81974
27196
27211
27903
27205
27902
27204
27205
31008
27201
27202
27649
34222
27200
27202
29382
27641
29389
34224
27208
28375
27207
27204
29374
31002
31009
27206
31011
29387
29390
27208
27211
27209
27210
27211
32710
27212
27213
32710
27213
28085
27906
32711
27215
27221
33022
27218
27217
27218
29424
33020
27218
33034
27221
27224
27222
27226
33036
27223
27224
33143
27224
33025
33144
30661
33027
33033
27227
28995
28996
30530
33037
27229
29893
32817
34643
27391
32815
27231
27238
27239
32003
27232
32815
27233
27243
32816
27242
27244
27236
27237
31699
27236
27240
31696
27241
31695
27238
27239
31700
32000
27241
27242
29782
27243
27243
33993
34356
34361
34364
27246
34606
30213
32008
27248
27249
32554
32555
34771
27250
34510
34766
27251
34512
34508
34767
27253
27452
27602
27259
34549
34829
27255
27256
27395
32846
27258
35092
27257
27396
27258
27261
27260
32946
27260
27261
34830
27263
34549
27263
27265
31346
34550
27397
27265
27392
28367
27266
30342
31348
27268
27269
27272
27289
31871
27270
27275
27290
27450
69704
73805
81972
31878
27278
27283
27275
27283
27285
27287
27279
27286
28487
27279
27282
29332
29333
27281
31492
28686
27301
73679
73695
27282
29333
31493
27284
27284
27285
27286
27288
28491
27288
27290
27293
27290
27292
27291
27293
27296
27294
27296
31871
28480
28489
27295
31869
27296
28479
31876
27299
27305
27306
27300
27302
30082
30086
27302
30082
32137
30084
30114
27349
73103
73703
27303
28213
30110
27305
28531
32138
32137
32142
27307
28214
27308
32142
32277
32139
32472
27310
27313
27311
34212
27314
28556
34213
27313
27314
27318
27317
28553
27316
27317
27320
27318
27321
27323
27320
27322
27323
28552
27323
27324
27324
33373
33357
33358
33361
27330
27331
31833
27414
69704
69798
81977
27331
27484
31832
27485
32239
32243
27332
27478
27476
27486
27333
31840
34539
31831
31841
31831
34508
34511
27340
27344
32590
27344
27345
32682
27338
27339
27343
31764
27340
32258
29100
31763
27343
32262
27342
27343
29101
27344
27345
32685
29099
32687
27347
34627
34628
34614
27351
27357
27360
73284
73789
81743
27351
27352
30187
27353
32500
27353
30343
34452
27358
27357
27360
33995
27356
27357
28105
27358
28374
30344
27358
27360
32496
32497
27363
27364
27795
28084
27363
27364
27367
32255
27792
32386
27367
32387
34861
27367
27368
27665
32255
27674
34169
27370
27375
28978
27371
27373
28979
27374
33785
27374
28988
33795
27374
28976
28985
33303
33786
27379
27381
27390
27378
28158
30560
27380
27382
28160
27389
30564
31894
27381
31891
27382
35164
28155
27384
27386
33947
27390
33954
27386
27388
33953
27387
33948
27388
27389
30571
33952
27390
35164
34365
34636
27394
27397
27398
27394
28365
28373
32731
28367
27396
29831
27397
27398
32729
27407
27408
30605
27404
27405
34629
27402
27404
30603
30606
27403
30613
27405
27407
30604
27406
34630
27407
27412
27415
27409
27415
27421
27410
27422
27419
30034
27412
27416
28057
27418
33331
27416
27419
30027
27450
73792
80625
27417
27418
28001
27418
27419
30035
27421
30607
30930
27422
27423
29687
27424
29681
29688
27425
31052
30029
30034
31053
27428
27433
30140
27428
32983
33134
30140
32982
27434
28304
31738
27432
27437
28289
27432
27438
31127
29531
27434
27438
27435
31739
27436
28303
27437
27438
28307
29530
34045
27440
27442
28937
27442
27851
28824
28942
34910
31719
33915
34621
31704
31721
31723
33916
34614
34621
27448
27449
35191
35210
27448
27451
29809
34828
29808
27452
34829
73141
80387
29807
34830
33932
35210
27756
28822
27471
31972
27459
27460
27466
27460
27464
28205
27458
27465
31973
27459
27471
27461
27468
27461
28204
28677
27463
27465
31309
27464
27466
27466
31971
31194
27472
28679
27474
27521
80618
80626
27472
31194
27472
27475
27477
27481
27482
73141
80623
34194
34535
27477
27482
27483
34200
27479
27482
27480
27481
34539
29887
34540
34534
27486
34199
27485
27486
32234
32231
27488
27501
32024
32936
27490
32028
27491
32420
32939
27491
32036
32945
32933
32023
32029
39451
27494
27507
32706
27843
32701
32950
27496
27498
33982
27499
33290
27498
27500
33204
33985
27838
33157
33205
33207
27502
32935
32023
27504
30260
34065
27505
27637
34066
27506
30268
27634
34852
27508
27511
27510
27617
32950
27512
31521
31527
27518
31525
27514
27518
27518
27913
27514
27515
27532
27516
31473
27517
27917
31979
27517
27518
27922
33139
33140
34202
27528
33140
34203
73790
81772
27525
27529
32567
27527
33143
33491
27525
27528
27529
27526
32562
27528
33492
27528
33140
28398
34478
27531
27532
31470
27533
27533
31473
27534
31979
32560
32594
33484
27537
27539
34094
32067
33712
27539
34655
35065
33715
35064
27541
27542
30761
33602
34269
27545
27545
30759
35204
34269
35207
27550
27563
32230
32991
27572
69593
73788
80330
27549
28879
32992
27552
31477
31478
27551
32229
27552
31477
32062
28896
27563
27564
32999
27556
27565
28500
27565
27567
35049
27557
27560
33732
27558
29468
27559
27562
29467
27560
27566
27565
27562
27564
33669
29463
27567
27566
32998
35050
27567
32227
27570
28182
34797
27570
28126
34561
28130
34557
27574
31683
33614
27712
80382
80384
27574
27575
27577
27578
31685
31683
31684
34802
27577
27580
34801
27578
27579
34192
27580
28459
28460
27582
27584
32963
27583
27587
27585
27587
28523
32390
32396
28517
32402
27592
29480
32953
27594
34683
27589
27593
29542
27590
29537
34684
27595
29538
27593
27594
27596
27601
27596
34683
28524
34682
34684
34684
27598
27599
29250
29542
29742
29751
27601
29742
27601
29480
29752
27603
27611
27605
27615
35171
27607
27608
27871
27614
31351
27608
27609
27613
31356
27609
27610
33928
31353
27612
27611
33933
27612
33932
27615
27614
27615
35173
35172
27617
27618
31522
27621
27623
29873
31526
27622
29865
31000
32614
27621
27623
30999
32617
27837
27623
30998
27626
27628
27629
30302
27627
27628
27629
31843
28594
30301
32242
34292
30300
34289
27631
27633
30807
27637
27640
35096
27634
27635
30277
27639
27640
34460
27636
27637
27636
27642
33634
27638
27640
27643
27652
34223
27649
27651
27643
27644
27645
27652
27646
27656
27650
27651
27647
27650
27656
27648
30649
27649
27650
34222
27652
34224
27654
27655
27657
33636
30649
30898
27657
28195
27657
33635
33635
27666
34160
34168
34169
27660
27662
32503
27664
27667
34159
27662
27663
28904
28903
32504
27664
28899
27670
27668
27674
27667
27674
27670
27669
28891
27671
27673
28892
27672
27673
27672
28893
28899
27674
27676
27681
28940
32063
27682
32229
27678
27681
27682
27821
27680
27818
27680
27681
28944
27852
28941
27817
28867
28930
32054
34102
27685
27690
28950
27686
27696
27757
27694
27759
27693
27694
27766
27689
27692
27697
32060
27690
27697
28949
27692
27695
28905
27695
32060
27695
32061
27696
27764
32059
27697
27699
32155
34219
28623
32156
34215
27701
28952
34208
34216
34217
34514
27705
27706
30061
27704
27705
27707
27709
27707
32618
27713
30056
30061
27710
27713
27716
29676
27715
29044
29056
29060
27823
69783
81997
27714
29043
27715
29051
27716
29056
29677
34504
35111
27720
27722
27720
27722
27723
27721
27724
27750
27813
32885
27724
27746
27734
27754
76226
78126
78130
78137
27727
27728
27730
27729
32885
27729
76210
29064
73691
71912
76245
76595
78053
27733
27746
27813
27735
27741
27811
27738
27746
27740
31282
27737
27742
28447
27743
27830
27742
27755
27740
27743
31291
27741
31285
27745
27744
28449
27744
32847
27745
27746
27748
27749
27750
27753
28799
27753
27754
27752
27755
28455
27753
28800
28798
27755
28448
27758
28819
28948
27758
27775
28950
27770
27775
27763
27770
35104
27765
27766
28927
27763
27768
33895
27769
35105
27766
27767
27768
28928
32223
27768
27769
33897
27770
35106
27772
27776
27777
28820
27985
28821
27984
31089
35104
27991
27998
35107
27776
27777
28819
35106
31484
33068
33069
27780
29888
31483
27781
27787
33076
27786
33077
27783
27785
29667
27784
33047
33070
33071
33074
27786
29668
33074
29669
29191
29554
29907
29909
32413
27810
27823
69595
73090
29907
30995
32417
27792
27793
33151
27796
32256
27794
30319
27796
28078
30322
27796
32269
27798
27799
27802
33347
27800
33347
27803
27857
27801
29306
29307
32436
32438
27803
32432
27854
27856
31908
32019
33803
27808
27809
27814
29062
27812
28095
31287
27808
27812
29066
29062
27811
27814
31993
27823
80626
81962
27813
31993
27815
31994
27815
31282
27820
27822
35049
27820
27821
32226
27824
27853
30199
27822
29340
29345
31594
27822
32226
27824
31594
69783
27825
29348
30200
27828
27831
32425
27828
27829
28447
28446
32426
27830
27834
27835
32847
27834
32854
27835
32848
32858
32828
32851
32857
32860
27835
32852
32848
32857
32858
27839
32617
32951
27842
27848
27840
27844
27846
29378
33198
27842
27850
34453
27849
33158
27844
27847
27845
32951
27847
27849
27849
27850
27848
32707
32700
29373
33199
27852
28943
27853
34876
32439
34793
27857
30567
33801
27857
34794
33803
29368
31354
33927
34791
27868
27870
27890
27900
28065
69666
69694
27862
27869
33493
27863
28273
33495
27864
27867
27865
27868
27869
27873
27867
27868
27884
28273
33496
27889
27872
34232
27873
27877
27874
27877
27873
27881
27882
27876
27878
33928
27878
27880
29881
27877
27882
33929
27879
29882
27880
27882
27881
34231
34229
27884
27886
28277
27888
33497
27888
27889
29366
27887
32482
27888
29362
32480
27890
29369
33929
27893
31580
30079
31564
31579
27894
31568
27895
31563
31570
29781
31564
27899
32832
32834
27901
27911
31035
27899
27901
32832
27904
32709
80340
80373
80378
28313
27903
27908
27909
27906
27907
27911
27911
27912
31033
27907
27910
32709
27912
31003
27910
27912
27911
32713
27922
27924
27915
27921
27916
27917
31979
27918
27921
27922
27920
27923
27920
27921
29210
30823
32041
32042
27923
27924
30820
32975
27926
27929
31363
27927
27930
31982
27932
27946
27929
27933
28662
27930
28659
27931
27932
27942
27934
33857
27937
27939
28663
27935
27942
27943
34225
27939
27940
30926
27939
27942
27944
27940
27941
27943
29690
27941
30933
27944
27944
29692
27974
69665
70203
31988
33856
27948
27958
30047
27959
34650
27955
27956
31042
27954
27959
32515
27956
27958
29899
27954
27955
29597
27954
27959
27960
33805
27957
31043
27957
29223
27960
27960
30051
34646
35100
35103
35102
27964
27967
27965
27969
29977
27967
27968
27969
29115
35101
29116
27971
27997
29678
27972
34020
35072
29055
29673
27987
35063
35070
69661
70271
27980
29052
35069
27978
29057
30723
27979
27980
31154
27982
27983
30723
27981
27982
31155
27981
35070
27983
31156
29054
27988
27991
27998
27999
27987
27989
35063
27994
27995
27989
27990
32484
32482
27991
27995
27998
27996
27997
27999
32447
27994
27996
27997
35071
35069
27996
27999
32447
28001
28053
28722
30000
30027
28003
28005
28150
28004
28018
28154
28006
28021
28007
28131
28143
28007
28136
28137
28013
28014
28015
28024
28010
28014
28136
28016
28017
28140
28012
28017
30401
32005
28016
34056
28020
30397
28021
28017
30402
28134
28021
28023
28020
28022
28024
29604
29600
28024
28023
29601
29606
28026
28028
28029
28036
30241
28028
28029
28633
32914
28032
28031
28033
30241
28034
28036
28037
32101
28034
28035
31879
28037
31881
28037
32100
28040
30542
33533
28041
28042
31221
28041
28049
33534
28050
28043
31222
33536
33537
35176
28045
28046
32232
28050
32231
28047
30535
32237
28049
28050
28049
30535
30542
31337
32233
28053
28056
28057
28056
33318
33319
34186
28054
28055
28722
33315
28718
33328
28058
33317
28059
28059
28060
28061
33331
28061
34186
28064
29146
32254
32793
33404
28064
28068
29146
34190
69730
73964
73969
28067
28069
29151
33691
28068
28117
28069
34191
29155
28071
28082
29455
28072
28081
32265
28077
28806
28357
28441
70805
71030
28075
28082
41391
28079
31545
31547
28077
28078
28083
32269
32267
28080
28080
31548
28083
31546
28083
31545
31545
32270
29627
32267
28086
28423
28424
32835
28088
28090
28091
33759
30407
33755
28090
28091
30412
33922
33920
31529
28095
28097
28099
28094
28613
31288
28095
28096
31994
28097
28101
28104
34699
28099
28701
34700
34369
34698
28101
28102
28613
28103
28104
28850
32753
34346
28108
32752
28113
28106
33544
28112
33540
33995
28112
28113
28109
28112
28113
28111
32752
33539
28111
28361
33541
28849
28116
31498
32566
28117
28118
33690
28118
31499
33961
34189
31507
33690
29261
31497
31505
31506
28238
28250
33223
28161
34831
34833
28123
34845
35185
32905
34837
34833
34843
34902
29011
34843
35074
33835
69686
70249
70884
70895
28129
30789
33630
34594
33633
28132
28137
28135
30648
28134
28138
30331
28139
34057
28137
28138
32672
28137
28140
28139
32677
28140
28142
28145
28146
29747
28148
29744
28146
28150
28145
28146
30648
32955
29741
28149
28153
30628
28149
28150
28152
32746
28151
28152
28154
28153
29608
29785
29606
28159
35163
28157
28158
28168
28159
28198
28160
28169
28160
35165
28163
34903
28163
28164
28351
28165
34904
28165
28789
33200
34832
28167
28168
34024
34025
34038
28169
34023
34043
28172
33657
35080
28179
28180
35082
28173
28193
28175
28176
28235
28177
28179
35092
28177
29821
28177
28178
32845
28179
35086
35094
28181
29807
29811
29813
35087
31682
33628
28185
32194
35088
28185
28189
34468
28192
35089
28187
28188
32755
28189
31934
28190
28191
32759
28192
31927
28237
32183
28192
32191
28194
28197
28235
28196
29835
28196
33656
28197
33636
33661
28202
34251
28200
28201
32734
28202
34031
30828
32737
34250
34022
34252
30831
34245
34251
28205
28678
28669
28209
29416
30112
28208
28211
28219
28209
30124
28221
33293
28211
28219
32465
28212
32281
30111
32275
28214
30120
32276
32271
28221
28223
29499
28217
30477
32915
28218
28222
32916
28223
31247
28220
28221
28222
32466
28223
34495
28225
28228
28227
28230
28227
28228
28232
33717
32177
28232
34664
34667
28231
28232
34660
28234
32451
34644
34659
28236
29822
29828
28723
32195
32806
35052
28240
34124
35057
28241
29727
29737
32811
32623
35055
35090
28247
32641
35061
28248
28250
32643
28246
28247
28249
28247
28248
32644
32642
32644
28250
35059
33227
28256
34001
34128
28253
30227
34124
28254
34127
34129
28255
28264
28256
31417
31425
34130
28265
28266
31420
34137
28259
28261
29730
28262
28263
29733
28261
28263
28266
28265
34133
28264
29727
28264
34127
34132
31418
28268
28271
28711
28713
28714
33494
28271
30940
31864
28272
28274
31864
31868
28709
30941
30941
33495
28274
28275
28276
31868
33496
28277
31088
32483
33497
28281
30639
32488
28281
28282
32569
28282
28283
28286
32491
32573
32486
32489
32490
33435
28286
33462
34937
33436
33468
33510
28287
32486
33438
33469
28290
28300
33259
28290
29530
29531
28292
33259
28357
28406
69647
29530
31736
28294
28301
31737
28296
31732
28302
29321
33262
28298
28299
31733
28299
28301
28302
29309
29319
29317
28301
28302
31736
33258
28304
28307
31735
28306
28306
31726
31732
31734
31740
31737
28309
29534
33259
33260
29533
30509
28312
28313
31035
28313
32832
33582
28587
31779
33583
28316
28317
28324
28318
28319
28586
31031
28326
28329
31778
28318
28319
31024
31030
31774
28327
28333
29863
28322
28327
29875
28323
28328
32616
28324
31022
28325
31024
28326
28328
28335
28328
29872
28330
28335
28331
28345
28337
28358
28334
28340
30834
28334
28335
28336
29864
28336
28338
28338
30686
32668
28339
28340
30692
30685
30835
28342
28345
31775
28344
31776
28344
28347
30737
28348
31771
28346
31778
28348
28358
28348
28359
30739
28352
30682
34680
28353
32622
34680
28352
33201
34681
30675
28356
29273
28356
34903
34904
34905
28356
34681
34904
29273
69642
70245
28359
32668
28360
30740
31095
32670
28852
29354
33543
28370
28371
33542
28364
28368
28369
30348
28370
30350
28367
28369
28369
28370
28371
28368
30342
33545
28372
34705
28373
34703
32732
30350
33545
28376
34171
28377
28420
34173
28423
32710
28380
33557
33761
28382
33575
34531
28381
33566
33762
28382
28385
33558
34341
28384
33762
33763
33767
28385
34338
34340
28393
28394
34202
28388
28390
32864
28389
28391
33250
28391
28396
28392
28408
32868
28393
33249
28396
28415
33249
28395
28397
34203
28396
28397
28403
34478
28401
28402
28400
28404
28405
28407
28402
33962
33959
33963
28403
34478
28404
28415
28417
29278
28441
70816
28415
28419
28415
28416
28410
28416
32878
28411
28414
32880
28416
28419
28413
28414
28418
29142
28417
29149
29143
32868
28418
33692
28419
28421
28423
28425
34350
28424
28425
28424
29355
34349
28427
28428
32604
33138
30210
30211
28430
28438
31578
28435
34925
28438
28439
28443
31583
28434
30790
34591
28434
28435
28436
34593
28436
34924
34922
28438
28440
28443
34922
30076
31581
33613
34920
70248
80362
33610
33612
33613
31598
28445
28446
28454
32424
28448
28455
28447
28449
28449
28452
28454
32097
28452
28453
30576
28581
31585
28455
28800
28455
28457
28459
28462
28468
28463
28467
28461
28463
34377
28465
28462
32723
28463
34379
28465
28469
35108
28468
34192
28467
28470
28984
35043
30600
28470
28470
28983
34847
28477
79879
28476
28684
33740
28475
28478
28488
28490
28484
28490
33748
28476
28487
28690
28691
28728
29517
28481
28484
28480
28482
28481
28483
28489
28483
30547
33797
28485
28486
28492
28486
30544
28494
28491
28690
28489
28491
28691
28494
28496
28496
28497
30379
33736
28495
28499
28498
30544
33741
28499
30374
28499
30546
30601
28502
35003
29338
29341
35001
29342
31596
35004
28504
35005
35138
29474
30478
34069
28506
28507
34135
28509
29338
28508
34136
35139
30372
35148
28510
35002
35150
35000
35140
28516
30594
31995
28514
28515
33209
28514
28516
31997
33125
33212
29561
33122
33209
31996
28521
28523
28543
28519
28521
28539
28550
28520
28540
28522
30491
28522
28524
34685
28524
38895
74324
80087
28527
28528
32139
32478
28536
32140
28529
28530
28533
28535
28531
32139
32142
28533
28533
28856
28535
28536
28859
28858
28862
32141
28538
28541
28542
35051
28540
30480
28542
28544
28542
30493
29786
29790
35051
28547
28550
28546
28550
28551
28546
28548
28551
29787
29790
32388
32397
28549
29788
30023
32399
32389
28553
28555
28556
34827
28555
28557
31257
33373
34825
34822
28559
31262
28559
28756
34821
31264
34826
28561
28565
28563
28564
28563
31587
33645
28565
33650
29079
74642
79884
79964
80302
28568
28718
28720
28721
28569
30001
30073
32968
28572
30600
33790
28573
28574
34378
28574
34381
34392
34378
34391
34393
34376
28577
28578
35151
28577
29765
33808
33811
35152
28579
34418
33810
33811
34388
28583
30502
30575
28582
28584
28583
30576
30577
32895
31585
32894
32898
28688
28755
36967
39574
28587
31775
31031
31783
28590
28594
28598
34289
28604
28605
29187
28605
34288
28592
28595
28599
33906
28593
28603
33905
28596
33904
28597
28597
30310
28602
29843
28599
31625
28599
28600
28605
28606
28602
28604
29182
28603
29848
28606
28606
29183
34293
28608
34435
34444
35202
28610
29985
29986
34505
29980
32554
34506
31283
34344
31284
34346
28616
28618
30622
28616
31762
34515
31751
32157
28618
28619
31751
32146
32149
31753
31755
30996
31755
32145
32144
32145
32148
28623
28625
34669
28624
28627
34515
28628
28629
32207
28627
31070
34374
28629
34516
31076
32206
31069
28631
28633
32908
28632
34840
28788
34831
28683
31399
31405
33834
28639
28641
28666
28695
28638
28640
76292
28640
31431
78112
28639
28693
76279
28642
29065
28675
76291
29061
28650
28654
28658
28645
28648
30548
28646
28649
31874
28651
30335
28649
28651
28654
28649
28655
30550
28651
31368
28653
28688
37936
79873
31364
34079
28655
28656
32976
28658
32977
28658
28659
28662
28660
31371
28662
31102
30925
30929
30932
28663
30925
28665
35123
29723
33640
28667
28682
28668
28698
28669
28681
28671
28676
28679
28680
29880
31190
29878
76354
76604
28674
28676
28678
28682
76302
28682
76330
76365
28678
28679
28681
28680
31194
28682
33504
33845
28685
28689
33743
30389
30396
28687
29332
30396
28689
28690
28860
37600
30396
33747
30389
32872
34156
28694
28695
28696
28702
29065
28698
28697
28702
28703
28704
28703
28703
28704
28801
28701
28702
29066
28704
29067
34701
28706
28710
30940
33894
28708
31859
28708
28712
31854
28710
31856
28710
28711
28712
28713
34743
34738
28715
33493
28716
34741
28717
34230
34746
31078
34229
28719
28720
31592
31593
32972
28722
30001
31268
32196
32756
28727
29568
31954
28730
28733
29572
28727
28733
31957
28755
79870
28731
28732
28732
28735
28734
29575
28735
29573
35019
29485
28737
30725
35168
34242
34267
28744
28750
28775
31402
28740
28743
28752
35199
28741
31045
28743
28780
31047
28743
28744
28770
28745
28750
28752
28753
28748
28754
28758
28767
28752
28754
28758
35199
28751
30732
28750
28751
31398
28753
30735
28754
29009
29734
32174
34978
28758
28768
29224
28762
28763
29227
28763
28765
30360
28762
28768
29221
28769
29225
28764
29229
28765
28766
30366
30728
28767
30732
28769
28769
29220
28773
28775
28777
28774
28776
31397
28773
28774
28776
28781
28793
34481
28776
31403
28780
28781
28779
28781
28793
28783
28795
30072
28782
28783
28784
30070
31047
28784
30067
28787
33148
28787
28789
33200
30671
28790
28790
34832
28792
28794
30009
28793
28795
34481
28796
30007
30013
28796
30005
28798
28799
30146
28800
30150
30572
34694
34702
28803
30339
32496
28805
32124
34692
28805
31281
32126
34690
34688
32257
32263
32265
28808
29629
32260
28809
31823
32261
29576
31763
37015
38163
79967
80119
31419
31425
31427
33996
30223
33998
34115
30442
33998
34116
28815
32144
34891
30962
32247
34898
28817
34024
34030
28818
34036
29697
34027
34889
28822
28821
28823
30985
32485
28823
34871
34911
28826
28831
28844
28828
28832
32505
28834
28837
28862
28830
32503
28832
28835
30453
28836
30454
34157
28832
28833
28846
28834
28843
28835
28859
28837
30450
34161
30461
35169
28839
28841
28842
28845
32592
28841
28843
28855
28847
28844
28846
28861
28845
32504
28847
28847
28851
28854
34345
28850
28854
32753
28851
34344
28853
28854
28857
28857
28858
28861
28859
28861
28862
38863
82198
28869
28871
28871
28872
28869
28876
28867
28872
28873
32057
28875
28875
28876
34097
28870
28873
28874
28873
32053
28875
28876
34102
34101
28878
30963
28879
31476
32996
31475
28884
28885
31973
28882
28885
33232
33230
33812
28884
31455
31453
31972
31456
33231
28887
32026
28888
32033
33159
28909
28918
28894
28891
33151
28892
33152
28894
28894
28901
28945
33168
33170
28897
28898
33172
33173
33185
28938
33169
33173
28900
28901
28902
28904
33153
33154
33165
28904
33166
28906
32056
28907
33178
33175
33176
28910
28913
33161
28912
32081
28912
28921
28913
32065
34091
28920
32082
32075
33160
28918
28922
36947
29009
74294
74323
28921
28922
33193
28918
28920
28922
33159
33196
28921
33163
33192
28927
28931
32052
28925
28928
30943
28926
28929
33893
28930
31860
28932
32223
28929
33897
28932
28931
28932
32054
28934
28936
28937
28935
28946
28936
28945
33168
28942
28939
28945
28940
28947
33169
28944
28943
28944
28943
28946
28947
28947
28950
28950
28952
28955
28953
34514
34209
28956
30623
32593
30618
29459
32584
28960
30650
33155
28960
32637
32644
32638
32645
28963
28966
28970
31549
28963
28965
34995
28966
28977
28981
28966
29158
34992
28968
28971
34642
28969
31562
28973
28974
34952
28971
28977
28972
31550
28974
28977
28990
34947
28989
28976
28977
28981
28989
28979
29167
33301
28982
74322
74418
79882
28982
29160
29161
28984
28987
28988
28986
28988
28987
28989
28990
34847
34846
28990
28993
28994
33853
33855
28997
28998
28999
30531
28998
29001
28995
33139
28996
33141
28997
33853
29002
33853
30524
30532
29001
33252
33253
33333
29002
33340
33343
32612
33726
34205
29006
29008
34227
34998
29007
32252
33409
29007
33856
32253
34998
29010
34225
80296
31447
33521
34226
29013
35187
29013
34809
35156
35073
35157
30232
34811
34812
29022
34811
34930
29018
29019
30935
29021
29022
34117
34933
29020
29021
35134
29020
29587
34109
34932
35132
34115
29028
29030
29034
29027
30853
32330
29026
29031
29798
29805
29027
31327
31324
31325
29033
32780
29030
29031
29032
29791
33101
29794
29033
31324
32330
32781
30872
32779
33101
29036
29039
29042
29038
29041
35040
29040
29041
29578
29042
29577
29051
30052
30060
29045
29049
29048
29051
30052
29047
29048
30058
34517
29050
29937
29050
29050
29058
30720
29053
29054
29055
29060
35072
29057
29059
29056
29058
29059
30720
29060
29063
29064
29065
29063
29064
29067
29067
34369
29069
29070
32799
33208
29072
32824
29071
32796
32802
33212
33126
33128
29257
32792
35046
29265
31512
31518
29076
29078
29084
29077
31519
34182
29237
33598
31520
33644
29081
33651
29081
29083
33652
29083
29084
33653
29085
34183
29085
34182
29234
29090
31201
31974
29090
29091
31962
31968
29089
31709
32695
29092
29093
32696
29091
31711
31767
31715
31966
29094
31965
29102
31829
29097
29098
31963
29097
31827
34310
31967
34147
31964
34145
29101
32692
29101
29102
29103
29103
31826
32696
29106
29109
34398
29106
29107
29156
29110
32714
29108
32758
29113
31920
29110
29114
35130
29113
29112
29114
33353
29113
31931
31932
35127
29116
29118
29119
29978
29118
32552
34674
29119
34635
32549
29121
29664
33859
29397
33056
33866
29124
31129
32441
29396
30036
32445
29125
30039
31130
30043
32443
29127
29136
32442
29136
29139
32449
29134
29135
29136
32450
29138
29139
33860
29131
29133
30220
29132
29135
32225
29134
30793
29138
29204
30794
29137
32450
29138
29139
33865
32449
29144
29150
33735
29143
29144
34333
29145
29153
29145
32880
29145
33737
29148
29155
29148
29154
29155
33782
33978
29151
29153
29153
29154
29152
33691
29153
29154
33688
29157
32714
34717
29661
34716
29160
29171
29163
29169
34987
29161
29165
29167
29163
29164
29168
31633
31632
29165
29168
29170
29167
29168
34044
34044
29170
29171
34993
29171
34992
29176
29177
30537
34297
29176
29177
29178
34294
29184
29949
33967
33968
29177
29950
33967
34295
29179
29187
29184
29186
33967
29182
29185
29847
29184
29185
30174
29183
29849
29188
29188
30177
29187
29188
34293
33015
33868
33869
33872
33867
33876
29199
29546
29669
29194
29195
33342
29197
29662
33055
29200
29549
33256
29197
29198
33341
29198
29199
29200
29198
33058
29665
29552
29202
32179
34183
29204
29445
32220
32221
33865
29206
29209
34979
29207
34980
35209
31260
34976
29209
30759
34274
30762
34275
29212
33234
29212
31903
34121
32042
33239
29217
29218
34118
29215
29217
33288
29216
29277
33277
29217
33247
34122
33241
34121
29223
29894
29899
29902
29222
29224
29222
29226
29894
29223
31042
35200
29226
29227
29228
29229
31014
29895
31017
29230
31019
33858
31017
31018
31019
29233
29235
33818
29234
33819
29239
34184
29236
29238
33817
29237
29238
30431
30431
29239
34182
29241
29244
32787
29242
31310
29244
29244
29245
29260
32038
29246
32790
30780
32040
32791
29248
29536
32790
29249
29708
32788
29250
29714
29543
33721
33722
29253
30551
33725
29254
29623
33720
29672
34982
29256
34106
35048
29258
34104
29258
33402
33407
35047
29260
30788
32039
32040
29262
29267
29265
29270
31506
29264
29267
32558
29268
29271
34206
29269
29269
33598
33825
29268
33600
29272
29270
33599
29272
33831
34205
33829
32627
32633
29275
29277
33243
29276
33246
33279
33938
34047
33276
33957
33958
29280
29289
29291
34860
29290
29759
29282
29290
29760
29283
29777
29287
29288
33458
29285
29286
29295
32742
29288
29298
29287
32744
33454
29289
29290
29762
29298
29300
29293
29302
34720
29297
34431
29295
29297
34413
29298
29297
29298
29299
34430
29300
29302
29301
34860
29302
29305
34721
29304
31267
34716
29305
31271
34718
34856
29307
29314
31919
29308
29316
33268
29310
29312
31730
29315
29328
29314
29315
31910
29313
29315
29316
29323
29316
31914
29318
29319
29321
29322
29323
29324
29323
29326
29327
30908
29327
29323
29325
29326
33264
29326
29327
33267
33263
29933
31724
29334
29335
30393
29334
29335
29890
31487
74320
74395
30394
29335
29889
30394
29337
29338
29341
29339
29349
30205
29339
34134
29345
29346
29342
29343
29346
29344
29346
29347
29349
29347
29348
31596
29348
30201
30206
29351
30205
34131
29352
29731
30207
29730
34133
29356
29824
34707
34708
29356
34349
34709
34710
29359
29361
29363
31152
31153
31495
36635
36897
79812
82208
30179
34790
34792
29366
29367
29364
29365
29370
29371
31153
29368
29370
34791
29369
29372
29371
29372
32481
29369
29372
31154
29378
29379
29376
29388
29376
29377
30999
29380
31002
29378
29380
33198
29381
29385
33199
29381
29391
29383
29389
29390
29390
29386
29389
34223
29391
29393
29394
29395
34455
29388
29390
29392
29391
29392
29395
29394
29395
33779
34454
29397
29402
32446
29399
29399
29400
33055
29402
33056
29401
30518
33059
29403
30520
29403
30044
29405
29706
33971
29408
29413
33972
33685
33974
33976
29408
29409
30920
31961
29410
29410
33295
29412
29415
29413
29706
30090
33898
29413
30089
29419
29501
33296
29417
33296
29419
33292
29418
30089
29421
30095
30113
29422
33292
29529
42855
79748
79969
29422
30122
33296
29427
29432
33031
29427
29428
29426
29431
33049
29430
29433
33054
29429
33035
29430
29433
33020
29430
29435
29434
29435
33050
29436
29438
33052
29436
31111
29436
33051
29441
29443
31895
29439
29440
33051
29441
31067
29442
33032
29442
31068
29443
30661
31896
29446
33047
33861
29446
33063
33065
33864
29448
31996
32804
31690
31699
29932
31913
32013
29451
31632
34762
31643
33297
29461
29462
32492
74332
74469
29456
32492
29456
29457
29461
32270
29458
29461
32266
29460
32259
29462
32492
29462
32494
32495
29464
29467
33674
29466
30781
29466
29467
33390
29544
33734
29478
33386
33733
29477
29478
35189
29471
29479
33391
29472
33387
29473
30488
33388
29475
29476
29475
29477
30489
31292
29477
29479
35190
29479
33386
29741
32960
29482
29991
33678
29558
29996
33676
29485
29491
29488
31794
33678
29487
29487
29488
29564
29489
35019
29490
33677
29490
29491
31800
31816
29493
29701
34338
30844
30919
34342
29495
29498
31236
30075
33680
29922
31807
31820
29498
31235
31804
31797
31799
29500
29502
34495
29503
33293
29505
29506
29503
31249
29504
29506
29505
31321
30843
33294
33292
29509
29514
31617
29510
29513
29915
29513
29916
29512
29515
33012
29512
29514
29522
29513
29916
29516
31612
29519
29522
29522
29523
30918
39574
79879
29519
29972
29974
33918
33917
29521
29523
29696
30128
29524
29525
29525
31611
30127
30133
29972
29527
29528
31528
34046
29533
30324
29532
30409
29634
39198
79823
29532
31128
31128
34046
29534
32006
34046
29536
29540
29541
33397
29543
29541
29543
29539
33387
29540
29541
33389
33393
29543
29545
33391
33392
33393
33398
29552
29554
29549
29550
33257
29553
29554
29889
29552
29551
30392
32874
29553
30393
29553
29888
29558
29560
29567
33679
29557
29562
31952
29559
33129
29559
29560
29992
31958
29562
33123
33124
33129
31952
31953
31959
29565
29570
29573
29574
35019
29567
29569
31959
29570
29569
29575
29571
31960
29574
33677
29574
29575
29573
29575
31824
31825
29579
35041
29579
29580
34881
29585
29582
34886
29585
32814
35039
29585
29586
29586
29739
32810
29585
29586
32809
33044
29588
29592
29589
29593
34109
29590
34110
29595
35016
29594
29596
34926
29596
34931
29594
29595
29596
34927
31041
31044
33806
29600
29605
29780
29600
29604
29605
34532
29602
29604
29612
29603
29621
29605
33681
33682
29608
29609
29610
29611
29671
29610
29612
29614
29614
29785
29613
29615
32648
29621
29614
29616
29616
29619
29621
29622
29618
30553
33684
29619
29620
30558
30557
29622
33687
29622
30557
32648
29625
29628
34306
29626
34308
34865
34323
34866
29633
31822
29630
31824
29630
31822
29631
31823
29635
34865
29633
32387
34866
29635
32386
39307
82214
31822
29640
29648
29638
29639
32050
29640
29642
29640
32043
29642
29644
29649
32044
32045
29644
29646
31609
31607
32045
42718
79660
79978
29647
32047
33430
29654
32048
32535
32536
29652
31604
29651
31853
32539
29652
31851
31858
32538
31108
31339
31605
33431
29655
32306
32051
32307
34378
34405
34428
29660
34400
34404
29659
29660
34401
34719
29661
34720
34425
34396
29663
29665
29664
29666
33057
29667
29668
29669
29667
29668
33046
34984
29672
32651
32648
32652
29675
29677
34021
29675
29676
31028
29677
34019
30982
32448
34020
30983
31028
34021
29685
34085
34962
29683
29689
29685
29691
31054
29684
31052
29685
34085
34964
29750
29764
29896
36372
29688
30923
29689
29690
29691
29692
29692
34084
32199
32204
29695
30129
31940
32201
30134
32205
31611
32203
29698
34028
35008
35009
35018
29701
29704
30922
29703
34340
34529
29702
30916
29704
34339
29704
33973
33973
29707
30553
33686
29707
30554
33898
29714
29715
29712
29743
30632
32745
29711
29715
29716
32789
29713
30627
30635
29713
29745
29716
29717
29751
32789
29717
29748
29720
30591
31950
29720
30237
30596
30597
31955
29722
31614
29724
31617
29725
29726
33213
29725
29726
33214
29836
29732
34125
29729
29731
29738
29735
29737
29738
29731
29733
29735
29737
29735
37600
79870
80067
29739
29740
33040
32812
29740
33043
29740
33044
33043
29752
29749
29752
29744
29745
29747
32746
29746
29748
29749
29753
29753
29749
29751
29994
74306
74340
29753
29755
29760
29776
29756
29761
32299
29757
32298
29758
32283
29759
29762
32285
31269
29761
29775
29762
32738
34417
34421
29834
36701
74303
29766
30383
29767
29768
31630
33298
34538
29769
34538
35029
34536
35027
29772
33439
35034
29772
32738
32744
32740
32743
29776
29778
30887
29777
29778
29779
30884
29776
29779
33364
29779
33458
30884
34529
34531
29782
32507
32510
33993
29784
32511
33109
30640
32513
32541
32653
29790
29796
29789
29790
29789
30017
30025
29802
29792
29794
29795
29801
33102
29796
29799
29802
29795
29798
29800
29797
29800
29801
34631
29799
29800
29804
30479
29804
30015
29806
31229
31232
29806
29806
31327
29810
35094
29812
30578
35193
29810
29812
29811
29815
30579
29815
31384
29815
29816
30579
29819
29819
30582
30938
29818
30936
31385
31882
29819
31386
29823
29832
32732
29828
29830
29828
29835
32844
29824
29833
32730
29825
29826
32844
35170
29835
30895
29829
29832
29833
29829
29830
29831
32846
29832
32729
32844
30494
79894
79901
29837
29914
29838
29839
33213
29842
29917
29842
29845
29841
29842
30157
29846
30170
30156
29844
29848
33643
29845
33642
29846
29847
29849
30170
29849
29852
29853
33695
29852
29858
30824
29859
30821
29854
29859
30826
29856
30837
33585
29858
29859
29868
29860
29867
29858
29866
31521
31524
29861
29862
30838
29863
29867
29864
30834
29864
29872
29873
29875
29868
29869
29868
29870
29870
29873
29874
31526
29871
29872
29874
29875
32614
29877
32140
32475
32458
34806
29879
76353
76358
53270
76281
76352
76365
29883
34255
29883
33931
29884
34258
29886
35192
29886
33933
35210
33930
35191
31631
34533
29889
29890
31488
29892
29893
32002
30593
31554
32001
31558
29895
29900
31013
79894
79904
79913
29900
29902
29908
29901
29912
30049
29901
31016
29902
30050
29904
29905
30048
33714
33709
33711
30049
33708
29913
32414
33703
32418
32421
29910
29911
29912
29910
30989
31016
29913
32416
29913
33706
29917
29918
29921
30195
29918
33215
29919
30158
29919
33215
29920
29921
30168
30159
34302
29923
29925
29931
34816
29925
29927
29928
33796
34820
29929
30335
31803
29930
31873
29930
29931
29930
31810
33934
33935
31808
29933
29934
31543
31915
29935
31542
34002
30215
31544
31279
32133
33232
29939
32159
29939
30190
32498
30721
32161
29942
29946
33546
29943
29945
30312
29945
30298
29944
30311
35115
30313
35119
29948
31629
29947
29948
33547
34497
35114
35116
29950
29954
29952
30538
29952
31158
33842
30536
74276
79966
80296
82203
29958
29960
34489
34491
34581
29958
29960
34573
29958
33841
34491
33842
29960
29969
34578
33968
29962
29970
34175
29963
34585
35208
29965
29966
35410
36897
75258
79941
34563
34572
34584
30846
34572
35208
29968
29969
33965
34579
29971
34112
33970
29971
34576
34177
34582
29973
29974
29976
30126
30421
29976
30143
30413
30131
29978
29983
29979
29981
29982
32549
29986
29987
29987
32548
29987
29988
29984
29988
29985
29986
29988
32553
29990
33126
33129
29993
29999
33130
29995
30075
29993
33129
29998
36635
74329
79812
29996
29997
33595
29998
29999
33589
29999
33596
30001
30002
30004
30008
30027
30007
30008
30031
30006
30008
30006
30007
30069
30073
30033
30012
34479
30011
30012
31051
30014
30028
31053
30014
34480
30014
30031
30017
31230
30017
30026
31225
30019
32351
33266
31224
32348
32434
30021
30022
32346
32349
30026
32347
30023
30961
32346
32400
30101
30494
34775
36701
30026
32346
32680
30033
30029
30031
30034
35694
36079
80284
82107
30032
30033
30035
30035
30043
30044
30045
30046
30523
30039
30040
31171
33832
30043
30041
31187
30042
30043
30044
30046
30045
30520
31176
31898
30048
30051
34652
30049
30050
30051
30053
30056
30058
30055
30062
31457
30057
33812
30059
30060
30058
30059
33814
30062
32618
32618
30065
31557
30066
30238
30066
30592
31556
30596
30070
30072
32970
30070
30071
31044
30072
30073
32969
32970
32973
32974
30075
31236
33593
33595
31599
31600
30078
31601
34951
31597
33607
31603
34359
30083
30085
30082
30085
30084
30087
30086
30088
30086
30088
30106
31294
30115
30090
30092
30094
30097
30100
30108
30191
30094
30095
30095
30099
30118
30100
30191
30103
30104
33723
30103
33899
30099
30106
30117
30100
30108
36916
79944
79959
30103
30104
30109
34012
30105
30107
31293
30107
30109
31294
30109
30114
30116
30120
30121
30124
30122
30124
30118
30122
30115
30116
30117
30119
30118
30119
30123
30121
30125
32280
30123
30125
30125
30131
30133
30128
30133
30134
30134
30134
30136
30131
30138
30143
30139
30137
30138
30142
31937
30139
30136
31937
31938
31936
31940
30139
31936
30142
30141
30142
30142
30144
30144
30419
34045
30149
30153
30148
30150
30151
30148
30154
30155
30150
30155
30572
30154
30573
30155
30573
30574
30157
30158
30166
30171
30168
30163
30168
30163
30164
30194
30162
30164
34112
30165
30173
34113
30169
34303
30169
34111
30166
30172
30167
30168
30169
30171
30175
30172
30173
30175
30176
30176
33970
30177
30177
33964
30179
31355
35172
30181
30181
30182
30188
30183
34790
30183
30346
34451
35174
30185
30188
31785
30186
30189
31789
30187
32502
32499
30189
31787
34451
30719
31790
33900
30193
30195
33011
30196
33754
30198
34176
33012
34302
30197
33758
30198
33751
34301
34178
34303
30200
34877
30201
30202
30203
30208
34879
30206
30208
30208
33039
34874
30206
30207
30209
30209
33042
30211
30212
34003
34009
30216
30214
30217
32009
30218
32014
30216
30218
30219
34003
30218
30219
34002
30221
32222
32224
32217
30224
30228
34128
30224
30231
30230
34000
30226
30233
30588
30234
35090
30228
30234
30229
34129
30234
30235
30231
30235
30232
34807
30233
30235
30590
35091
30238
30718
30238
31943
31948
30240
78145
78164
78167
30241
30243
30245
34731
34915
30244
30791
31168
33832
34914
34736
34916
30250
30256
30257
34919
30248
30251
31889
30252
30939
30250
30251
31169
31172
30257
32369
30253
30254
31883
30255
31387
30255
30257
30256
34918
34916
30261
30269
30270
34063
30263
30270
30261
30268
34064
30264
30268
30273
34852
30265
30271
34735
30267
34848
30266
30645
30274
31451
30272
34849
30269
30273
30271
30274
30273
30274
34851
31450
31449
31452
34849
31452
33654
35079
33660
34848
35410
36785
79871
80049
30285
30288
34065
30282
30444
30808
30282
30283
30294
30286
30296
30284
30287
30285
30287
34067
30287
30289
30289
30807
35096
30806
30291
30294
30295
33095
30292
33094
30293
30295
33099
30445
33984
30296
30444
30871
33546
33547
33549
30303
30305
30301
30303
31623
30305
31836
30302
31625
30304
30304
31629
30305
33551
30307
30313
30309
30309
30310
30315
31622
30314
32708
30315
30314
31628
31623
31628
31629
30314
31624
31627
30317
30318
30320
31548
30319
30322
33150
30322
31546
34775
36785
74305
79941
33146
30326
30327
30326
30327
32004
30399
33554
30328
32006
30329
34056
30333
31374
30331
30334
32674
32675
30333
30334
34057
30334
31376
32674
33934
34079
30337
33089
33098
30338
33092
33095
32119
32499
30341
32120
32163
32498
32502
30347
30348
30344
30352
30350
30346
30351
31352
30352
30351
31348
30353
30351
30352
30353
30353
31349
34452
30359
30360
30994
33858
30356
30358
30364
32345
33498
33878
30990
33877
33885
30359
33883
30361
30361
30364
30366
30363
30730
32342
30364
30365
32345
30366
30729
30478
35141
35144
30439
31419
32773
30370
30372
31424
35149
30877
32775
31423
31427
31429
31422
32342
32949
33474
30378
30379
30380
30379
30382
33735
30378
30381
30604
30381
30382
33780
30601
30381
30382
33783
33738
30384
33298
33312
33297
33311
30386
31769
34026
30387
35011
30388
35017
35137
34110
35136
30391
30391
30395
30396
30392
32875
30393
30395
30395
30402
33570
30399
30405
33554
33571
30400
30401
32004
33572
30402
33573
30406
30408
31530
30405
30406
30410
33569
31532
33560
30408
33563
31529
33562
30410
30415
31528
31532
30412
30414
31530
30418
30419
30421
30422
30415
30417
31531
30416
30417
30420
31126
30422
30421
30422
33922
30420
31127
30424
32611
30425
30426
30429
30429
30430
32681
30428
30430
32608
30430
33820
33823
32681
33826
33828
30436
30438
30867
30438
32762
35132
30435
30863
32786
30436
30437
31687
30866
30438
32770
35131
30440
32767
33996
30441
34001
30442
33998
32760
32769
30445
30446
30447
33291
30445
30446
30448
30448
33290
30809
34457
30460
30461
34761
30451
30454
30456
30457
34162
30456
30458
34751
30454
30455
30461
30455
30457
34750
30459
30459
30460
34753
30460
34760
30463
32457
32469
30466
32458
30465
30467
34240
30468
30469
34336
30467
30468
32459
34335
32470
30472
32471
30474
31115
31318
30474
30476
31121
31318
31319
32168
79378
79886
79909
30475
31123
31318
32464
30477
32463
32917
32461
30485
30481
34058
30481
30486
30487
34631
30483
30486
30490
30484
30485
34061
30486
30487
34061
35147
30493
34059
30489
30491
30490
30492
31292
30492
34685
30493
36785
80105
30499
30500
33006
30497
30501
30738
30500
30737
31773
30501
31092
32665
32666
30501
32666
32897
32667
30505
32892
30504
30507
32087
30506
32887
32896
32106
32107
32112
32114
32886
32666
32893
30509
30511
30513
33261
31375
30512
30912
34074
34076
30512
33262
30915
31372
34078
30515
32671
32675
31383
34075
30517
30522
30524
33343
30519
33343
30519
30520
33346
30521
30522
30523
30524
30527
31899
30526
30528
30530
30533
33030
30527
30532
30529
30666
33029
30534
30664
31899
30531
30532
30533
30534
30665
30543
30538
30539
31157
30538
30543
30540
30543
31161
31333
35694
80041
80286
31330
34297
30545
32979
30547
32978
30602
32980
30549
30549
31875
30550
33797
32981
30552
30557
30555
30556
34013
30554
30556
30555
33899
30558
30558
30560
30561
30562
31891
34037
30698
31890
30563
34041
30699
30701
30571
31890
30566
30702
31892
32430
30568
34793
30568
30570
30569
34794
30570
31893
30571
33952
30576
31846
31847
30576
30577
30577
31849
31850
30579
30581
30584
30581
30585
35192
30584
35197
30586
30937
30585
30586
31038
34469
30586
35195
30588
30589
32629
30590
32631
32630
34810
34813
30595
33123
30593
30596
30598
30595
30598
30599
33125
30597
30599
30599
31999
34381
35043
30602
30603
30608
30604
33783
30607
30613
30608
30613
30612
30927
30614
30610
30611
30928
31105
30614
31103
30612
30614
30613
32980
30616
30618
32244
30684
38145
79835
30619
30623
32245
30621
30622
30624
32155
30623
30624
32593
32155
32153
30631
30637
32651
32747
30632
30634
30631
30633
30634
32748
30631
30638
32653
30633
30638
32745
30635
30638
32749
37545
79712
79803
80102
32751
34104
34711
30641
34106
34107
34713
34715
30643
30644
30900
30906
33112
30647
32572
33120
30646
34736
34725
34735
34736
32571
34714
32673
34171
30659
33147
33156
30653
30658
30653
30656
30658
30655
33145
30658
30659
30657
33146
30657
30660
30677
30660
30672
33147
30662
30663
30667
31897
30668
33038
30665
31185
30666
30670
30668
30668
31144
30670
30670
31143
31181
30678
30680
30673
30677
30674
30679
33149
30675
30682
30680
30677
30678
30679
33148
30680
33201
30682
30683
32638
33149
32640
34680
37015
82207
30691
30692
30687
30692
30693
30694
32669
30689
30690
32734
30693
30751
30691
30694
32736
30832
30694
30750
30696
30707
31212
30702
30708
32430
30705
30709
30862
30701
30703
30700
30701
30710
30709
30861
30703
30703
31892
30705
30707
31213
30706
31217
30708
30710
30708
31208
30710
32337
32634
34905
35074
35075
30713
32658
32663
30715
32659
34936
30715
34408
34941
34935
30893
33477
33576
30718
31655
31663
30722
30723
31791
30721
30722
30723
30725
30727
33240
33238
34268
30727
33694
33698
34268
30825
30729
30732
30730
30731
30733
30733
30734
30734
31439
32344
30735
30736
31398
31443
30738
30739
31094
30740
31098
30742
32425
32925
32423
33000
31085
34151
35020
30745
30751
34033
30752
30756
34034
30753
30755
31097
30755
30756
32094
30750
30753
31095
30751
30752
30754
30754
32669
32735
30755
30754
31100
32092
34523
30759
30761
30762
34269
30761
30763
31261
33602
79712
79722
79822
79834
30763
35209
30765
30771
30775
34281
30774
34281
30767
30770
30773
34277
30772
34272
30769
30777
31272
30774
30776
34287
30777
31273
30772
30775
34274
34274
30776
30777
34279
30776
31277
30779
30781
32286
30782
32287
30782
30784
30785
32292
30783
32291
30784
30785
33394
33396
33734
30787
33664
30788
32290
32287
30790
33632
34920
30792
34723
30794
31129
32225
34730
32440
34728
31082
34167
34750
31140
31414
34016
30798
30803
33529
30800
31136
34014
30801
30803
30817
30803
30804
30802
30815
31344
30803
30805
31377
31393
31345
31377
31380
30807
30808
34459
30809
34458
30811
30814
30889
30812
30816
33368
30813
30886
30816
30817
33367
33380
34220
30816
33381
33530
31924
31990
34518
34526
30823
30824
30822
30824
30825
33698
30825
32975
32041
33585
33699
30828
30829
30833
30830
33586
33700
33730
30831
33731
34250
33728
30833
30836
32736
30839
30835
30838
30836
30839
30838
30839
33586
30843
30845
30921
30842
30846
30847
33778
30844
33768
31320
30845
30847
30919
33773
34564
30849
30851
30866
30852
30863
30851
30855
32331
30868
32335
30853
32329
32338
30859
30856
30857
34039
30857
30864
30861
32341
34041
32336
34042
30860
30862
31326
30860
32339
31323
32340
32333
31217
32334
31687
31688
30865
31769
30869
30870
31770
30868
31687
30869
30870
35131
30870
30934
34501
34511
30873
32772
30875
30876
34060
30875
30877
35145
34058
30877
32776
35143
30879
33447
33451
30882
30883
33460
30882
30885
33451
33882
38210
79822
79833
30884
30884
33455
30886
30887
33365
33451
33366
30889
32300
33366
33368
34221
30891
31075
34945
30892
30894
32175
30893
34371
30894
34372
34942
30896
30897
35170
30898
34350
30898
33636
34172
30900
30902
32579
30907
32581
30902
30904
30954
34941
30904
30905
31274
30907
33552
30906
31275
30907
33119
30909
30915
30912
30913
33269
30911
30914
30961
30914
34073
34077
30915
30914
32350
32349
33263
30917
30922
30919
30921
30921
30922
33294
31961
30930
30933
30925
30929
31102
30926
30933
30928
30930
30929
31105
30932
30944
78926
79626
79844
30933
30935
35136
34108
35133
30938
30939
30938
31039
31885
31882
31888
30942
31864
30943
31866
33894
31862
30950
31057
48380
30947
30949
34969
34970
30947
30948
34967
34969
30951
30952
34965
30957
34271
31015
46154
75084
30955
30959
30955
30958
30954
30958
35097
33552
35098
30958
30959
30957
30960
31273
34277
30959
35099
30960
33553
32401
34899
32994
33666
30967
31298
34233
34331
30966
30968
34327
30969
30978
35025
30968
30974
30978
34329
30970
31342
30976
31343
30972
30976
30977
31379
30973
31379
30974
31313
30977
34233
30976
30977
30978
31381
30980
30986
30985
30983
31028
30983
30984
30987
30985
30987
32485
30987
30989
31020
31745
31018
32421
30991
31747
30992
30994
33886
30993
31746
30994
31020
33858
30997
31743
30997
32405
31756
32411
30999
31000
31001
31007
31002
31005
31004
31011
31012
31021
32713
31007
31009
31010
31007
31010
31023
32615
31009
31011
31012
31012
31016
31017
31017
31019
31079
79525
79983
31018
31020
31023
31025
31023
31026
32615
31026
31026
31030
32712
31029
31032
31034
31033
31034
32712
31035
31035
31037
32382
34298
31038
32383
34469
31039
31884
31042
31043
31045
35200
31043
31046
31046
31046
31047
31049
31050
33986
33992
34264
34265
32384
34300
31052
34085
31053
31055
33526
34084
31447
33522
31060
31061
32384
31079
40452
41875
31059
31064
31067
31065
34352
34353
31065
32385
34352
31063
32380
31063
31064
31065
31066
32377
31066
31068
32372
31068
34354
31070
31076
31077
31075
31072
31074
32174
32169
32170
31074
31077
32171
31076
32208
31077
32175
34595
34596
34747
45065
79666
31081
31083
34323
34317
34319
31084
34312
34312
34321
31306
34316
34752
31086
34319
34327
34328
31266
34976
34978
31090
31865
33896
31090
33896
35105
32483
40174
79595
79861
31093
31094
31096
32664
32665
31098
31098
31097
31100
32092
32664
31100
31142
31240
79560
79984
31102
31104
31105
32977
31104
32978
32976
31243
34494
35068
31120
32915
35068
31109
31112
31111
31113
33432
31114
33989
34352
31114
31604
33924
31114
33990
34353
31124
31315
31117
31124
31389
31118
31125
34018
31119
31409
31120
31122
35067
31121
31123
32917
31123
31125
31125
31392
31127
31128
34045
31130
32440
33832
31136
31137
33532
31134
31137
33535
31134
31137
31138
31139
33538
31136
31138
31140
34014
33531
31141
31141
31328
31141
31394
33127
40748
79382
31144
31149
31177
31146
31146
31147
31895
31149
31897
31148
32374
31150
31151
33833
31150
31178
31170
31179
31156
31788
31155
35063
31156
31786
31158
31161
31159
31163
31166
33841
31161
31164
31333
31163
31166
31167
31244
31165
31167
31336
31166
31167
31239
33844
31171
31172
31170
32370
31174
32368
31175
31174
34919
31174
31180
31182
31180
31187
31186
31187
31178
31181
31179
31182
31182
31182
31184
31183
31185
31184
31186
31187
31186
31898
31189
31192
31193
74596
79595
79596
79983
31194
31240
40505
45898
79655
31197
32181
32188
31198
32195
31199
32283
31202
32180
32303
31204
31205
32181
31204
31768
31977
31203
31205
31976
32295
31765
31975
32180
31207
31210
31227
31214
31215
31234
31209
31215
31210
31212
31211
32427
31212
32431
32428
31214
31215
31218
31233
31226
31323
31326
31218
31326
31220
33445
34195
31221
34199
31222
34201
35179
31226
31232
31327
31227
31231
31230
31231
31232
31233
31234
32427
31229
31231
31234
31230
31232
32680
31326
31236
31367
31237
31365
31367
31369
31241
31246
31413
31242
31244
34488
79618
80136
31243
35068
31245
34485
31245
31252
31246
31246
34484
31250
34492
31249
31321
34570
31250
34493
34495
31252
34489
34492
34485
34487
31254
31256
31255
31259
31257
31258
31265
33603
31259
33372
31259
31262
31261
31266
35209
31265
31264
31265
44622
79561
79630
79844
31266
31270
32754
31270
34857
34856
34857
31271
32756
34859
31276
31573
31274
31277
33553
31276
31277
33114
33121
31280
31281
34081
31280
31309
32121
34082
32122
31287
31289
31286
31291
31286
31288
31289
31290
31290
34347
31288
31289
31291
32861
34069
31300
31304
34755
31297
31304
31308
34753
31306
34751
31299
31302
31301
31303
34331
31302
34234
31307
34328
31303
34237
31305
31308
34755
31307
31308
31307
34332
32116
34082
31311
32789
32749
31316
31319
34238
31315
31316
31315
31316
31317
31392
34235
31318
31319
34239
31321
34568
34569
42513
43528
79618
31325
32330
31327
31331
33843
79794
79968
82223
31337
33843
31338
31394
31395
31335
31395
33843
31335
31337
41237
41617
80136
31337
31338
31395
33844
31410
31340
31608
31341
33428
33431
33049
33426
33374
35022
31345
31381
33379
31345
33382
31348
31350
31349
31350
31352
31349
31351
35171
31352
35174
31354
31356
33927
31355
31357
34792
31357
35173
31361
31974
34143
31360
31448
34140
31361
31978
34142
31976
31363
31365
31986
31371
31368
31370
31989
31366
31985
31369
31370
31989
31371
31989
31371
31373
31375
31376
32674
34070
31375
31376
32006
31378
31379
31380
31391
31390
31381
43131
43242
82202
32391
32392
32403
31386
35084
31386
31388
35085
31388
34972
31883
34973
31393
34016
31391
31392
31393
34015
31414
31397
31399
31403
33834
33852
31401
31444
31400
31401
31408
31434
31402
31403
31406
33465
33512
31408
33507
31407
31435
33473
31408
31440
31413
31416
35067
31411
31414
31412
31415
34483
31413
31416
34484
31415
34017
34018
31418
31425
31420
31426
31423
31421
31422
31429
34137
31424
31424
32777
31429
31426
31427
79560
79695
79785
31626
41690
79341
79841
76293
76295
31859
31861
34099
31435
31441
32697
31440
31444
31440
31437
31441
31442
32948
31438
32949
31439
31446
32344
31443
31445
31442
33472
31445
31444
31446
31446
33517
32304
34220
31451
34972
31451
34851
34971
34854
35078
31455
31456
31455
31457
33812
32053
32056
33179
31463
31464
31470
31467
31468
31463
33206
31472
33202
31468
31468
31470
31471
31472
32704
31473
32706
32705
31475
31476
33180
31478
33181
32995
33185
31480
31481
31491
31485
31492
31482
31484
33068
31486
31488
31489
31486
31489
31486
31487
31488
31493
33076
31491
31492
31493
31787
34790
31501
31502
31504
31510
31498
31501
31499
31505
31507
31501
31504
31508
34188
31506
31512
31523
31610
31626
40766
31517
33600
31508
34189
31511
31517
33316
33323
31511
31512
31514
31513
31516
31518
31515
33330
33647
31516
33644
31520
34187
31520
33599
31520
33597
31524
31527
31525
31526
31527
34314
80100
32975
31527
33554
31530
31531
31532
31534
33350
35128
31536
35129
31536
31537
34546
32726
34796
32716
32727
35126
35129
32535
34101
31724
31726
31727
31544
31727
34007
31543
31544
31729
34011
31548
31548
31550
31560
31552
31560
31561
34641
31553
31558
31557
31556
31558
31559
31557
31559
31561
34642
34643
34639
34955
34960
31565
31580
31565
33994
31579
31567
31572
34412
34285
31569
31570
31572
31571
33103
33106
31573
31574
31574
31575
33115
31575
34412
34287
31577
31578
31580
31579
31581
31583
31584
31582
31584
31582
31583
31602
34923
32097
31587
31588
32971
31590
32529
31589
31590
31591
31592
32965
33649
31592
33325
31593
33327
31595
31596
35050
31600
33610
31600
33619
31600
31601
31602
31603
31603
34362
31605
31606
31607
31858
33924
31608
31609
33429
33427
48437
80139
80298
31612
32202
31615
31614
31616
31619
31616
31617
31621
33214
31620
32199
31620
31621
32198
32202
32708
33906
31624
31627
31628
31627
41237
79308
31631
31641
31647
34537
31633
34763
33299
31635
31645
34507
31639
34767
31637
31640
31645
31638
31639
31641
31643
31644
34769
31645
31646
34540
31642
31647
31643
33300
31644
34762
34507
31647
34540
31649
31654
34677
34991
31650
34678
31652
31653
31653
31657
31661
31657
34673
35103
31656
31662
31655
34988
31656
31663
35103
31659
31662
31664
31660
31661
31664
31945
31663
31665
31665
31944
31948
31668
31668
32305
32310
32307
31671
31674
31679
31678
31680
33867
31672
31675
31673
31676
31674
31677
31676
31678
31679
33018
31680
33872
33872
33611
33612
33617
33629
31683
31684
33631
34803
33608
33614
31720
36194
75249
32329
32785
31690
31694
32805
31691
31692
31693
31694
31695
31699
31696
32512
31698
35045
31696
32509
31698
32514
34106
35048
31700
31998
31707
31718
31721
31722
35444
74315
79915
31705
34783
34789
34776
34783
31706
31714
31721
31722
31708
31717
31719
32689
32691
31712
31715
31716
31712
31714
31722
31712
31713
31715
31714
31767
34789
31717
31722
32694
31719
31723
79339
79924
80107
35181
35183
31729
31730
49019
75243
82112
31731
31728
31729
31731
32986
31733
31740
32985
31733
31734
31735
31737
31737
31739
31740
32984
32982
31742
31743
31745
31747
31748
31744
31756
31745
32421
31746
31747
31749
31749
31752
31758
31760
31751
31753
31762
31753
31754
31758
31755
31756
32152
31758
31759
31762
31760
31761
33891
33888
31762
34375
31764
31830
32261
31768
32185
32187
32185
32186
34788
31768
31770
34042
35137
31772
31776
31773
33010
32667
31775
31778
31777
31777
31782
31783
31781
31783
31784
31781
31784
32919
32921
31782
33010
33583
31788
31790
31788
31791
31788
31792
32502
31791
31792
32498
31795
31798
31800
31819
31795
31796
31800
31797
31797
33680
31799
31806
31819
31801
31804
31806
31803
31804
31807
31805
31810
31805
31844
31809
31808
31809
31810
31820
31812
31813
31815
31816
31949
32147
33171
44635
31821
31817
31819
31818
31819
31820
31821
32268
31824
31828
31827
31828
31830
31829
31830
31829
34309
31967
34507
34509
31833
31842
31834
31840
31835
31837
31836
31838
31843
33551
31842
31843
32242
31841
33548
31841
33549
34509
31841
32243
31989
34079
31846
31848
31849
31847
31849
31880
31881
32109
31850
32112
31852
31854
31855
31858
33923
31857
31861
32540
31855
31856
34740
31857
31861
31860
33893
34103
34100
31863
31866
31867
31865
31867
33895
31866
31868
33897
31873
31875
31873
31874
33935
31872
31873
33796
31875
31876
33797
31878
34819
34820
31880
31881
32099
31883
31885
31886
31887
31888
31889
32366
32367
32383
31889
32361
31893
31894
31894
31893
31896
32371
31897
31899
31901
31904
31906
31903
31904
31905
31907
31906
31907
32042
31909
31911
31917
31911
31918
33347
31912
31914
31919
31912
31913
31915
31916
31915
31917
32013
32019
31919
33347
31929
31932
31935
78584
78588
31924
31926
31935
31924
31927
31990
31930
31926
31930
33348
33351
31931
31934
31949
33309
34315
34808
31933
31934
33422
31932
33354
32755
32758
31935
31937
33137
31939
33135
31941
33133
31942
31942
32605
33136
32606
31944
31946
31948
31947
31947
31957
31947
31955
31956
33127
44635
31951
31953
31955
31952
33124
31958
31956
31956
31957
31960
31959
31960
33972
31963
31966
31968
31965
31970
34141
34146
31966
31967
31969
31970
31974
34143
31973
32116
31973
31977
31976
31977
31978
32302
31983
31984
31988
31987
31988
33856
31986
31988
31987
32251
32822
31986
33590
31986
33592
32253
34467
34468
31992
34467
34781
34461
34468
35089
32885
34369
31998
31999
32000
31997
31998
33210
32001
32002
32002
32003
32817
32005
34056
32008
34613
32009
34612
32018
32012
32019
32021
32020
32021
34601
32015
32022
32015
32017
32015
32017
32018
32018
32022
34002
32020
33804
32022
34598
34599
32025
32025
32028
32029
32027
32031
32033
32029
32030
32032
32031
32031
32032
32077
32078
32076
32035
32036
32071
32037
32069
32080
32930
32933
32930
33702
32039
32291
33236
32044
32536
32538
32049
32048
32049
32051
32050
32055
32061
32055
32057
32057
32056
32059
32096
34842
75064
77228
32061
33175
32223
32063
33169
32229
32065
32069
32074
32070
32079
32067
32070
34094
32068
33707
32069
33702
34091
32072
32077
32080
32073
32077
32074
32081
32079
32080
32079
32082
32078
32081
32078
32082
32088
34518
32085
32089
32087
32090
32087
32090
32665
32887
32089
32091
32090
32091
32664
32093
32094
32094
32095
32095
34528
32683
74709
80021
32422
32423
32101
32111
32911
32100
32113
32101
32907
32103
32111
32912
32105
32110
74676
74733
79389
79572
32115
32114
32900
32108
32114
32109
32110
32112
32113
32111
32113
32115
32886
33231
32118
32119
32120
32122
32134
32124
32125
32125
32162
32122
32123
32126
32133
32134
32126
32501
32130
32164
33229
33127
48603
79474
32130
32133
32134
32132
32135
42490
42710
79695
32158
32163
33233
32135
32162
32138
32138
32141
32473
35169
32144
32150
32247
32151
32151
32152
32149
32152
40996
41913
32149
32150
32153
32154
32246
32412
32154
32245
32156
32157
34515
32159
32164
32161
32165
32161
32163
32498
32163
32165
33230
34517
32167
32170
34969
32172
34970
34977
32437
35515
82187
32170
32171
34944
32172
34946
32173
32174
34978
32208
34373
32177
32179
32181
32190
32183
32184
32188
32189
32191
32186
32194
34787
34789
32193
34787
32190
34787
32189
32190
32195
32194
32193
32194
35088
34786
32196
32284
32199
32200
32202
32204
32602
32204
32205
32203
32205
32207
32209
34824
34669
32210
32210
34824
34821
32212
32213
32214
32215
32219
32216
32218
32216
32220
32217
32218
32222
33093
32220
33060
32221
32222
32225
32228
32228
32230
35049
32230
32234
32235
32235
32236
32238
32234
34201
32239
32237
34295
34297
32239
32240
32241
34290
34295
32243
34291
32243
32245
32246
32254
32793
32823
32251
32252
32254
32252
32254
33413
32821
32253
32256
33152
32258
32260
32259
32262
32266
32261
32263
32493
32268
36839
32266
32268
32269
36053
32273
32276
32277
32278
32279
32476
32275
32278
32278
32281
32467
32280
32281
32280
32279
32282
32472
32457
32476
32284
32296
32285
34857
32289
32292
33668
32290
32291
32289
32290
33664
33672
33674
32294
32298
32300
32295
32304
32302
32303
32298
32303
32299
32300
33364
32299
32301
32304
34221
32304
32306
32313
32307
32308
32311
33430
32312
32313
32314
32313
33018
32312
32313
32315
33425
32315
33016
33052
33053
32320
32325
32839
32318
32323
32325
32319
32320
78589
78270
78282
78284
78589
78604
32323
32325
32328
33357
32324
32327
33912
35299
74303
79893
79950
32328
33909
33359
32330
32332
32335
32336
32333
32339
32337
32341
32337
32340
32338
32341
32339
32340
32343
33501
32344
32949
33501
32350
32351
32351
32680
32350
32352
32352
33269
32358
46185
32360
78233
32357
32360
79471
32357
32359
33420
33349
34474
55672
78322
78250
79457
79471
32366
32369
32364
32366
32370
32364
32365
32375
32367
32379
32368
33833
32367
32370
32370
32372
32374
32373
32377
32374
32375
33833
32376
32379
32377
32380
32379
32380
32382
32381
32382
34299
32383
32385
34299
33991
32387
34863
32396
32397
32402
32397
32399
32391
32392
32396
32961
32395
32401
32403
34077
32395
32397
32399
32401
32402
34632
48498
77301
79915
32400
32401
34075
32406
32407
32410
32417
32408
32411
32412
32411
32417
32408
32943
34894
48498
74315
79339
80303
32942
32943
34895
32415
32416
32418
32415
32420
32416
32419
32418
32420
32942
32932
32423
32424
33001
32426
32426
32927
32434
32429
32439
32430
34793
32433
32439
32438
32439
32436
33265
33265
32436
33265
33268
32438
80001
32444
32442
32443
32444
32445
32445
32450
32446
33863
32448
32485
33863
32452
32453
32454
32455
32523
32521
34644
32455
32456
32522
32468
32477
32459
32479
34758
32461
32462
32465
32463
32466
32469
32471
32464
32471
32466
32467
32468
32469
32470
32471
32474
32478
32475
32478
32475
32476
32479
32477
32479
32481
32482
35063
32484
32484
34939
32488
32490
33405
32491
33406
32490
32491
33433
43036
32494
32590
32495
32586
32584
32497
34692
32500
32500
32501
32502
32505
34157
32505
32507
32508
33105
32510
33108
32511
32512
32510
32512
32513
33107
32514
32514
32517
32518
32519
32517
32527
32531
32520
32534
33805
32520
34646
32521
34645
32532
32523
32524
32525
32532
32525
32526
32527
32529
32531
32532
37913
82184
32530
32967
32971
32534
32967
32534
32967
32973
32537
34098
32537
32539
32540
32539
32540
33116
34715
32543
32546
32547
34675
32545
34764
32683
82160
32550
32555
32551
34674
34671
34772
32550
32552
32552
32551
32556
32552
32554
32556
34500
32556
34770
32558
32559
32565
32600
32599
32566
33600
32561
32563
32601
32562
32595
32563
32567
32565
32565
32566
33960
33961
33956
32569
32571
32576
32573
32580
32571
32574
34714
32572
32578
32574
34711
32576
32579
34934
32578
32580
32579
34938
34941
32581
32581
34939
32583
32584
32588
32591
32588
32586
32589
34616
32590
32589
32591
34617
34628
32589
32685
34622
34514
32595
33488
33491
33492
32597
32599
34206
32598
33726
32599
33486
33874
32600
32601
33485
32606
32604
32605
32607
33132
32606
32610
32612
32610
32613
32611
32681
32613
33822
33727
32616
32616
33198
32620
32624
32641
32621
32622
32636
32637
32642
32628
32636
32624
32629
32625
35056
32628
32632
32757
74300
74378
32628
32635
32631
32632
32633
32634
35090
32635
32634
32635
35075
32640
32638
32640
79631
79960
80009
32642
35060
32647
33216
33225
32645
32646
32647
33155
33217
32650
34986
32747
32652
32653
34982
32655
32657
32658
32656
32662
33577
32660
34410
32661
32662
32947
32659
32699
32660
34408
32698
33474
33475
32697
33463
33003
33009
32670
32670
32678
32952
32957
32677
32958
32955
32956
32958
32679
32676
32678
32679
34075
32678
34070
32684
34616
32702
34901
32686
32688
34615
34616
34616
34617
32688
32693
32690
32690
32694
32691
34615
34621
32693
32695
32696
32694
32695
33471
33472
32699
32948
33472
32703
32707
33203
32706
32707
34975
82216
32705
33205
32706
33203
33202
33203
34870
32711
32835
32713
34399
32716
32720
32726
32726
32727
32718
32727
34398
32719
32720
34397
32725
34407
32721
32723
32725
32726
32728
34805
32724
32728
32725
34382
34402
32731
32733
34707
32732
32733
34703
32735
32737
34114
32737
32741
32740
32741
35031
35034
35026
35153
32744
34422
32744
33456
32746
32751
32749
32751
34982
32753
32755
32758
32759
32759
36948
38404
34717
32763
32764
32769
32763
32765
32766
32783
32763
32764
32770
35135
32768
32784
32770
32786
32768
32769
32773
32772
32774
32775
32776
32778
32774
32777
32784
32776
32777
32779
32784
32780
32781
32782
32785
32783
32786
32784
32786
32788
32789
32790
32791
33397
32795
32797
32798
32794
32798
32795
32818
32796
32797
32799
32801
33400
32825
41255
32803
35046
32803
32804
32805
35044
32805
33210
32807
32813
35062
32808
32814
32810
32811
32810
32814
32812
32812
35053
32814
35042
32816
32817
34364
32819
32823
32825
32820
32821
32824
33594
32822
32823
33591
32825
32826
33130
33596
32828
32829
32830
32834
32831
32832
33584
32831
34174
32862
34343
32834
32835
34174
32837
32840
78276
32838
32839
32841
32840
34959
32842
78252
78267
32842
32843
33358
33357
33362
34959
32846
35092
32861
32849
32861
32851
32853
32855
32858
32854
32858
32860
32929
33582
32855
32924
32928
32859
42830
43417
79664
32862
32934
44055
74668
33584
32863
32865
32867
32869
33250
33254
32867
32869
32879
32868
32877
32871
32871
32872
32879
32873
33255
32875
32876
32874
33257
32875
32882
34156
32878
32879
32881
32882
32883
32882
32883
34155
34334
32944
34893
32888
32888
32890
32892
32893
32898
32901
32898
32901
33001
32895
32900
32896
32897
32895
32898
32900
32899
32901
33006
33002
32903
32904
34926
32905
35158
35186
32909
32910
32911
32911
32914
32909
32914
34839
34835
32912
32913
32912
34838
32916
32917
34494
32921
32922
32928
32920
32921
32923
33010
32929
32923
32925
32926
33008
32927
32928
32926
32927
33005
32929
32931
32932
32933
33705
33703
79530
79656
80905
32936
32937
32938
32945
32940
32944
32944
32941
32942
32945
32941
34892
32943
34897
34896
34830
35093
33474
33476
32949
32951
32957
32961
32954
32960
32962
32956
32963
32960
32957
32958
32966
43419
79547
32963
32963
34683
32968
32969
32971
32971
32972
43417
79529
79558
32969
32972
32974
32974
33806
32977
32981
32979
32981
32980
32983
32984
32987
32985
32989
32989
34007
32988
33134
32989
34008
34006
32992
32993
32999
32995
32999
32995
32996
32994
33673
32996
32997
33666
33671
32999
33675
33001
33004
33005
33004
33006
33006
33007
33007
33007
33009
33009
33010
33013
33752
33921
33013
33917
33015
33021
33869
33017
33017
33018
33019
33052
33020
33021
33023
33025
33034
33024
33026
33028
33036
33036
33027
33031
33032
33033
33029
33033
33030
33038
33037
33032
33035
33038
33035
33037
33040
33042
34880
33041
33045
34878
34885
33043
33045
34886
33047
33862
33048
33065
33071
33050
33054
33432
34354
33054
33426
33057
33058
33057
33059
33345
33061
33063
33062
33063
33064
33065
33073
33068
33075
74802
79497
79530
79531
33070
33077
33073
33073
33091
33251
79578
80019
33075
33077
33077
33081
33082
33083
33080
33084
33081
33085
33083
33087
33979
33085
33088
33086
33087
33096
33100
33980
33090
33097
33090
33093
47963
79511
79995
34068
33096
33098
33098
33097
33100
33098
33100
33984
33102
34060
33104
33106
33118
33105
33110
33107
33108
33108
33117
33111
33116
33117
33111
33117
33118
33113
33113
33119
33120
33121
33119
33121
33118
33121
33120
33123
33125
33124
33128
33130
33309
33209
33211
33133
33138
34008
33136
33138
33135
33136
33135
33137
33137
34005
33141
34204
33142
33142
33143
33144
33491
33146
33149
33151
33152
33154
33164
33156
33158
33290
34456
36931
33161
34092
33162
33163
33195
33165
33167
33166
33173
74707
79995
80019
33184
33175
33177
33178
33179
33181
33182
33183
33187
33184
33188
33185
33186
33188
33188
33190
57212
33193
36945
33195
33197
36944
36952
33779
33201
33207
33205
33207
33207
33211
33212
33211
33212
33641
33215
33217
33219
33220
33226
33220
33221
33222
33223
33224
33228
35038
33224
33227
35042
33226
33227
35040
33230
33233
33813
33232
33233
33235
33236
33239
33237
33242
33240
33240
34048
33240
34052
33245
33244
33247
33248
33244
33245
34049
33244
33246
33247
33248
34053
34121
33252
33253
33339
40996
43541
74816
33337
33855
33255
33336
33257
33257
33338
33261
33262
33260
33261
33263
33266
33267
33268
33266
33269
33272
33278
33281
34599
33274
33275
33282
34611
33274
33937
33280
33936
33937
34602
33276
33281
34613
33277
33279
33282
33937
34598
34602
33280
33938
33289
33284
33287
33285
33286
33287
33288
33289
34607
34122
33289
34609
33291
33981
33293
33295
33296
33299
33300
33300
33310
33302
33303
33305
34044
33307
33792
33308
33313
33788
33807
33306
33310
34044
33307
33311
33308
33808
79474
79979
33311
33312
33808
33808
33811
33315
33324
33328
33317
33324
34187
33318
34187
34185
34187
43696
45388
33322
33325
33329
33324
33328
33324
33330
33326
33327
33329
33649
33328
33330
33648
34630
33335
33336
33337
33337
33340
33370
33470
80237
81256
33342
33346
33338
33339
33339
33342
33344
33342
33345
33344
33346
33346
33349
33421
33351
33352
33354
33353
35127
33354
33356
33361
35180
33915
33359
33363
33361
33363
34773
34778
34784
35184
33363
34466
33366
33366
33368
33452
33530
33371
34671
34987
34990
33395
80274
34989
34993
33373
33378
33379
33385
33376
33378
33383
34139
33385
35021
33378
33380
33382
33382
33381
33384
33382
33384
34140
34220
35022
33390
33388
33389
34682
33392
33391
33392
33394
33396
33398
33478
71414
81098
33397
33734
33401
33402
33404
33402
33404
33405
33410
33407
33406
33407
34104
33414
33406
33411
33409
33410
33518
33412
33413
33411
33414
33434
33519
34998
33414
33417
33419
33420
79478
33418
33424
34463
33421
33423
33419
34957
79460
33421
33422
33423
33424
34465
33426
33427
33428
33429
33430
33429
33432
33434
33435
33520
33437
33438
33437
33438
33515
33513
33440
33444
33459
33442
33457
33444
33445
34195
33443
33445
33446
33450
35175
35036
33446
35179
33448
33453
33449
33452
33528
33453
35178
33453
33460
33452
35175
33455
33456
33458
33457
33459
33459
33460
33462
33463
33466
33464
33469
33464
33471
34936
33466
33467
33473
33468
33468
33511
33469
33478
71417
80232
33473
33502
33477
33576
33477
33499
33500
71422
71852
33481
33487
33488
33487
33489
33869
33482
33484
33483
33489
33486
33490
33874
33485
33488
33486
33490
33868
33871
33492
33494
34232
33495
33497
33499
33884
33500
33502
33879
33502
33505
33508
33524
33506
33507
33849
33506
33510
33512
33512
33509
33514
33525
33510
33515
33511
33512
33515
33516
33520
33516
33517
33518
33521
33527
33519
33520
33521
33523
33526
33527
33524
34963
33525
34961
33527
34964
33530
33532
33530
33532
33532
35178
33534
33535
33538
33536
33537
33537
35177
33843
33540
33541
33544
33542
33543
33544
34706
33545
33548
34503
33549
33551
71508
71852
81261
33553
33559
33561
33564
33558
33564
33575
33559
33566
33567
33566
33563
33562
33565
33564
33565
33569
33563
33567
33568
33569
33756
33570
33575
33571
33573
33574
33572
33573
33575
34532
33579
33580
33579
34410
33579
33581
34411
34965
33581
34942
34968
33583
33584
33586
33589
33590
33593
33601
71508
71781
81260
33594
33591
33592
33594
33593
33595
33596
33598
33599
33827
71514
81255
81257
33603
33606
34953
35108
33606
33608
33609
33615
33607
33609
34950
35109
33610
33619
33614
33631
33615
33617
33619
33615
33618
33655
33757
34921
33880
80056
33837
33838
76159
33626
33837
33838
77698
77867
33627
76179
76186
78184
34477
76177
78185
33838
76183
77867
76179
78183
78212
33629
33631
33633
33632
33632
33633
34921
33635
33662
33638
34867
35124
33639
33901
33640
33642
33641
35125
33642
33643
33903
33647
33653
33646
33649
33650
33648
33651
33648
33651
33652
33653
33658
34855
35077
80055
80125
33659
33661
33662
33658
33661
35077
33659
33660
33662
34850
33664
33667
33665
33666
33672
33667
33670
33672
33670
33674
33675
33673
33672
33673
33675
33678
33679
33679
33680
33682
33685
33687
33683
33977
34529
33685
33686
33687
33975
33738
33782
33690
33692
33958
33958
33692
41225
79668
80112
80118
33695
33696
33698
33699
33697
33700
33701
33729
34266
33700
33701
33730
33704
33707
33705
33706
33705
33709
33708
33710
33709
33710
33712
33712
33713
33715
33714
33716
34648
34652
33716
34658
34666
33719
33722
34985
33723
33725
33725
33722
33723
33724
33725
34012
33727
33875
33876
33729
33731
34243
34267
33731
33733
35003
35189
33737
33738
33739
33741
33739
34333
33742
33743
33747
33742
33748
33745
33744
33746
34156
33746
34333
34155
34334
33748
33750
33755
33766
33753
33754
33758
33777
33753
33754
33759
33920
33758
33756
33759
33760
37512
80126
33774
33761
33766
33762
33764
33768
34342
33765
33766
33767
33776
33775
33768
33772
37512
41467
80117
33771
33774
33776
33773
34179
33776
33778
33778
34180
33775
33777
33776
34181
34453
33781
33782
33978
33783
34629
33786
33787
33795
33786
33795
33792
33789
33790
33792
33793
33791
33793
34384
33791
33794
34392
34384
33795
34846
34820
33799
33802
33944
33953
33800
34601
33801
33802
33804
33803
33952
33804
33806
34384
34387
33854
79824
80054
80135
34390
34418
33813
33814
34517
33816
33818
33819
33818
34184
33821
33823
33826
33824
33826
33823
33830
33825
33831
33827
33829
33828
33828
33831
33831
34205
33851
33836
33840
77815
77867
77839
76177
77753
78186
78215
34560
78208
33842
34490
34483
33846
33849
33851
33847
33848
33850
34086
34962
33852
34479
33850
34961
33852
34482
33870
79833
79862
34204
33857
34227
33860
33862
33866
33861
33862
33864
33866
33865
33871
33873
33873
33919
37630
33876
33873
33875
33876
33878
33885
33886
33883
33884
33884
34372
79818
80055
33885
33888
33889
33892
33966
79805
79981
33886
33890
33888
33889
33892
34371
34373
33890
34371
34372
33892
34374
33894
33896
33900
33900
34013
33902
33903
34869
33904
34868
33904
33905
33906
33912
33911
33914
33910
33912
33914
33914
34625
33916
35181
33918
33921
33922
79832
80057
80078
33921
33924
33925
33926
33926
33988
34745
33990
33929
33931
33931
33933
33933
33935
33938
33939
33943
33940
33942
33941
33943
33946
33942
33948
33944
33953
33949
34597
33946
33949
33950
34051
33947
33948
33951
34047
33951
34055
33954
33955
35166
34249
35162
33959
33960
33958
33962
33963
33960
33963
33961
33963
33965
33970
34113
79827
80032
80084
33970
80084
80313
80314
33972
33974
33975
33976
33977
33975
33976
33977
34629
33980
33983
33982
33984
33983
33985
33984
33987
33991
33992
33988
33989
34744
33990
33991
34748
33994
34361
34001
34236
34583
48489
80140
34000
34000
34001
34128
34010
34006
34008
34009
34008
34009
34007
34011
34010
34011
34013
34015
34016
34017
34018
34021
34023
34031
34024
34027
34026
34028
34029
34040
34028
34029
35009
34031
34033
34114
34370
48489
79880
79942
34034
34114
34035
34036
34523
34524
34889
34039
34041
34043
34039
34040
34043
34042
34050
34053
34049
34050
34052
34053
34051
34055
34054
34055
35168
35167
34057
34059
34060
35146
34069
34063
34064
34067
34066
34067
35096
34071
34078
34072
34075
34073
34074
34074
34077
34076
34078
34689
34083
34690
34083
34226
34086
34480
34089
34092
50818
79332
82188
34090
34093
34095
34092
34093
34094
34096
34096
35064
34098
34099
34100
34101
34100
34103
34103
34105
34107
34711
34107
34109
35136
35015
34112
34177
34113
34116
34807
34117
35135
34119
34120
34122
34121
34124
34126
35057
34125
34127
35055
35091
34130
34130
34132
34133
34134
34135
34135
34136
34137
34139
34140
34141
34149
34142
34143
34143
34145
34152
34304
34146
34147
34150
34311
34149
34151
34152
34150
35021
34152
34154
35024
34153
34154
34304
34318
34156
34159
34161
34162
34167
34160
34161
34168
34750
34164
34167
34168
34165
34170
34862
34167
34320
34586
79172
80004
80304
34170
34861
34172
34222
34173
34350
34176
34179
34177
34178
34181
34180
34181
35208
34184
34188
34190
34190
34189
34191
34191
35109
34376
34382
34383
34402
34196
34197
34198
34196
34198
35035
34535
35037
34200
34200
34201
34203
34204
34206
34209
34211
34211
34212
34216
34213
34218
34670
34217
34218
34219
34219
34668
34217
34219
34670
34221
34224
34455
34226
34227
34231
34257
34595
34230
34231
34232
34235
34238
34240
34237
34464
34586
79880
34238
34239
34336
34336
34757
34245
34246
35163
34244
34246
34247
34244
34245
34267
34248
34249
34249
35168
34251
35165
35166
34252
34252
34254
34255
35195
34256
34257
34262
34257
34258
34263
35196
35194
34260
34264
34595
34596
34262
34264
34263
34265
34300
34263
34298
34265
34267
34268
34313
34665
74707
79310
34272
34277
34278
34273
34276
34278
34979
34275
34276
34979
34970
34280
34284
34285
34286
34445
34283
35206
34283
34286
34447
35206
34285
34287
34412
34633
34290
34292
34292
34291
34296
34292
34294
34296
34296
34300
34300
34302
34303
34305
34311
34307
34310
34307
34308
34309
34317
34324
34310
34311
34316
34320
34380
35577
48345
79358
79674
79687
34808
38654
34332
34318
34324
34319
34330
34321
34322
34862
34323
34864
34324
42696
47960
79809
34327
34328
34329
35023
34330
34331
34332
34334
34754
34756
34363
35255
79366
80010
34339
34342
34340
34341
34530
34347
34348
34348
34347
34351
34351
35170
34354
34356
34358
34365
34359
34358
34366
34368
34960
34367
34361
34362
34362
34367
34951
49492
79923
80292
34365
34366
34637
34368
34949
34955
34380
34632
80008
34374
34375
34516
34377
34379
34382
34383
34381
34486
79880
34405
34387
34386
34387
34388
34389
34393
34388
34390
34390
34394
34416
34392
34393
34394
34419
34396
34397
34398
34399
34401
34400
34399
34401
34407
34403
34404
34405
34406
34407
34406
34424
34409
34940
34410
35097
34411
35099
34415
34420
34422
34416
34419
34420
34429
34416
34417
34421
34422
34421
34423
34428
34430
34423
35153
34425
34428
34426
34427
34431
34719
34429
34431
34429
34431
34433
34440
34443
34434
34444
34439
34587
34436
34441
34444
34437
34441
34449
34438
34448
34439
34442
34442
34592
34450
34589
34590
34444
34633
34447
34449
34633
34450
35201
34449
34634
35202
34452
34454
34456
34458
34460
34457
34458
34459
34460
34462
34779
34786
35088
34465
34466
34486
80042
34467
34778
35196
34472
34473
34543
34545
34472
34476
78187
55628
55565
34475
78322
79480
46207
78230
79464
34477
34553
78210
34480
34482
34482
34484
34488
34600
82216
34492
34494
34489
34490
34491
34574
34493
34571
34498
34501
34512
34498
34502
34503
34499
34504
34506
34506
34510
34503
34513
34504
35120
34505
34506
34508
34511
34512
34513
34513
34516
34519
34521
34520
34521
34522
34527
34524
34528
34525
34526
35007
34527
34528
35012
34530
34531
34532
34534
34536
34537
34535
34536
34538
34540
34542
34543
34544
34547
34559
34544
34545
34546
34554
34548
34548
34562
34795
34796
34550
35171
34553
34555
34560
34555
34556
34559
34554
34559
34561
34558
34562
34798
34558
34561
34797
34562
34561
34565
34568
34568
34572
34566
34570
34577
34580
34584
36792
74300
79952
34569
34570
34571
34577
34574
34578
34581
34576
34578
34580
34582
34585
34581
34579
34582
34581
48622
74305
80042
34585
79990
82170
34589
34592
34590
34591
34590
34593
34593
34594
34742
34601
34602
34601
34632
34975
77301
34607
34608
34606
34608
34607
34608
34610
34610
34612
34610
34611
34613
34613
34618
34620
34620
34618
34628
79405
82183
34621
34623
34624
34626
34626
34627
34626
34627
34628
34630
35051
35030
34634
34924
34679
35101
34637
34638
34643
34640
34640
34641
34640
34642
34960
34642
34645
34661
34653
34651
34648
34654
34658
34662
34649
34650
34653
34651
34652
34653
34662
34655
34656
34657
34658
34659
34664
34663
35066
34660
34661
34664
34662
34664
34667
80008
80016
80292
34667
34669
34670
34670
34672
34675
34677
34990
34678
34679
34676
34679
34676
34678
34678
34681
34685
34687
34688
34694
34689
34690
34693
34694
34692
34693
34695
34695
34702
34700
34702
34699
34700
34701
34702
34704
34705
34707
34708
34706
34708
34709
34710
34710
34713
79169
80013
80299
80305
34714
34715
34717
34718
34721
34720
34721
34724
34729
34734
34726
34728
34731
34726
34727
34726
34731
34733
34729
34730
34730
36912
37790
82237
34734
34735
34917
34739
34741
34743
34741
34743
34742
34744
34743
34745
34746
34747
34748
34745
34748
34747
37038
38654
79820
34752
34752
34753
34756
34758
34759
34756
34757
34757
34759
34760
34806
34761
34806
35169
34763
34768
34772
34768
34770
34772
34768
34769
34771
34767
34771
34769
34771
34774
34779
34776
34784
35182
79378
79905
34782
35183
36170
37114
79926
80049
34781
34780
34781
34782
34786
34783
34785
35184
34786
34788
34789
34792
34794
34796
34804
34805
34798
34803
34800
34800
34801
34804
34802
34802
34803
34805
34811
48345
80021
34810
34812
34813
35073
34814
34813
34814
34929
34817
34818
34817
34818
34819
34820
34823
34826
34823
34824
34827
34824
34826
34827
34829
34830
34832
34841
34836
34841
34835
34836
34845
34838
34839
34843
34838
34845
34840
34841
34853
34975
79662
34844
34845
35187
35043
34954
34850
34852
34851
34854
34855
34966
34855
34859
34860
34859
74765
76864
79413
34862
34863
34864
34866
34866
34869
34869
34870
34872
34876
34912
34873
34877
34874
34875
34879
34880
34878
34884
34907
34877
34879
34880
34886
34888
34883
34888
34913
35095
34884
34908
34885
34886
74414
80000
82202
35008
34891
34892
34894
34895
34898
34896
34897
34896
34899
34900
34895
34897
34899
34900
80021
82216
34903
34905
35074
34908
34909
34911
34908
34912
34913
34910
34911
34912
34915
34919
34916
34917
34918
34971
34921
34922
34925
34925
35158
34931
35161
34930
34931
35159
34930
35160
34933
34932
34933
34937
34938
34939
34936
34937
34938
34941
35098
34945
34944
34945
34968
34946
34967
34946
34948
34952
34954
34949
34953
34951
34951
34953
34955
34956
34956
35108
34958
79477
34959
79461
34963
34963
34964
34968
34975
80009
82183
34968
34972
34973
34974
35078
35085
34977
34980
34978
34980
34982
34985
34986
34993
34989
34991
34996
34991
34995
34994
34995
34996
34997
34997
35000
35003
35189
35002
35005
35002
35004
35004
35190
35007
35013
35014
35008
35012
35011
79343
79681
79956
80010
35017
35018
35014
35015
35018
35016
35016
35017
35022
35023
35024
35024
35025
35025
35028
35151
35028
35029
35033
35031
35152
79921
80008
80016
35032
35033
35034
35035
35037
35036
35036
35037
35039
35040
35041
35042
35041
35045
35046
35048
35047
35048
35050
35058
35059
35062
35057
35062
35055
35057
35058
35056
35060
35061
35061
35061
35065
35066
35068
35070
35071
35072
35075
35077
35079
35080
35079
35081
35083
35086
35083
35084
35083
35086
35087
35085
35087
35089
35091
35093
35094
35098
35099
35101
35102
35103
35102
35105
35107
35107
35109
35112
35119
35112
35113
35120
35114
35118
35116
35120
35116
35119
35118
35122
35123
35124
35125
35125
35128
35129
35130
35128
35130
35133
35134
35135
35134
35137
35140
35141
35148
35150
35142
35150
35142
35144
35148
35145
35149
35145
35147
35146
35147
35149
35152
35153
35155
35158
35186
35156
35159
35157
35160
35188
35161
35160
35161
35163
35164
35165
35167
35168
35173
35174
35176
35177
35179
35178
35181
35182
35184
35183
35186
35187
35188
35188
35190
35193
35194
35197
35197
35195
35196
35220
79383
79387
80006
35200
35202
35205
35203
35207
35205
35206
35207
35206
35212
35214
41117
41156
35213
41156
38384
41157
35287
41118
38262
41120
41121
40112
41123
41125
35219
35221
41416
35219
40390
42194
41417
42195
79682
79923
79962
41283
41406
79170
79908
79985
80303
35224
35232
35233
35815
41676
35227
35233
79328
79384
79956
35228
35230
35231
35231
35232
35233
36882
41677
35235
35237
35236
35239
39948
35240
43220
35238
35239
36956
38562
35240
36859
42640
35244
35246
39538
35243
35245
38943
35245
38957
38950
39534
35248
39542
39547
39544
35251
35253
35261
35251
37571
41367
35252
38986
35254
37572
35254
35264
36452
36457
79359
79386
79956
35257
35258
35259
37817
41107
38150
39615
35262
35263
38079
38085
35265
38076
38987
35263
35265
36396
36405
35265
36453
35267
35271
35777
35268
35273
41496
35269
36282
35270
36285
35274
35278
41433
35272
35775
38154
35273
38155
35274
35277
35276
38155
42330
35277
35280
35278
35281
35279
35283
38337
35281
35873
42332
35282
35283
35284
35284
42326
35870
35871
35286
35293
38681
35287
35294
41108
35288
35289
41121
35290
35295
41122
35296
35415
35292
35296
35417
35293
38679
35294
38682
35295
35296
35416
35302
35303
41331
35300
35304
35310
35487
35694
74303
74356
35401
35487
35302
35306
35405
35305
41338
35304
35305
42280
35312
35310
35307
39753
41338
35308
35649
37864
41332
35311
35479
35481
37953
35406
35312
37948
42281
36510
36512
40079
40083
35315
35317
35320
35318
37381
43168
35320
35321
41620
35331
38003
35319
37202
35320
41615
41624
35322
35328
35324
35331
35324
35325
41529
35329
35330
35327
37429
35327
35328
36511
35329
42653
35329
41623
35331
41528
38004
35333
35335
35342
35337
35344
36346
35335
35339
36312
35336
39220
35337
35339
36347
35339
36345
41679
39222
35341
35342
42165
37985
39220
42166
35343
35344
38032
42164
38031
35346
35348
37371
35347
41939
40638
37371
40636
40638
35358
35387
39324
35352
35382
38619
35354
35359
40454
35355
35357
37160
35357
40453
35358
37165
35358
35359
35388
35359
42854
39327
35366
35370
41859
35365
35366
36478
40011
35364
35368
35376
35364
36473
41323
35367
41327
35367
36480
41532
35369
35369
35371
35381
35370
35371
41859
35372
35374
42276
35375
35377
37764
35379
35381
41860
35376
35380
40020
40021
35378
35380
36655
35379
36656
36670
35381
35388
35390
35384
35385
36278
35386
43065
35394
35395
36277
35387
35389
39326
35388
35389
35392
35391
35392
43061
35393
43062
35395
35394
35395
43064
36276
35397
35650
39754
35398
35412
38446
39755
41119
35400
35404
38447
35408
39754
35402
35406
35484
38426
35404
38424
38426
35407
41435
35406
35408
35409
35409
38426
35409
39752
35412
41111
41114
41112
41119
35414
35415
35416
42297
35417
38593
35419
36425
43315
35473
36433
43317
35421
35424
38217
39300
35425
41354
35423
38218
40671
35424
35425
40674
38219
40673
35428
38674
39930
35428
35431
39298
35430
39932
35431
35781
41354
35431
42289
41353
35435
35438
35445
35448
35435
35436
35442
35436
35437
38047
41708
35438
35442
37833
35438
38044
35441
39951
39955
35443
35446
36524
35442
35443
39952
39952
39951
39953
74315
79375
79939
35446
35448
35451
35447
35451
36524
36580
35450
35450
35452
36587
38043
35453
35453
36582
36589
36583
35458
39034
35459
41766
41770
35457
38451
41476
35458
39033
41478
35459
41768
41774
35461
35462
42257
36620
40195
42258
40474
43268
35464
35468
39840
35465
39838
35466
39323
39836
37609
39318
35468
35470
42257
39322
39841
35470
40472
40475
39316
35472
35477
40776
40903
42374
35474
35476
35475
35478
36433
35477
37767
42371
42373
35478
40773
42375
35481
35487
35488
35481
35486
37946
35483
35484
38435
35486
37937
35485
38427
35486
35488
37938
35488
35494
41937
41938
43130
79329
80043
80051
80140
35492
35494
39170
41938
36980
39172
35495
36737
37380
39171
35495
37382
35497
35498
39912
35551
39915
40133
40113
41158
35500
38759
42218
36672
42868
40615
42214
43172
42042
42043
42213
42748
43251
43259
35510
43200
43287
35507
35510
43284
35507
35508
41639
35509
43286
35509
36272
41644
35512
35511
35512
35547
43203
35549
35514
41363
41411
35516
39531
41412
36194
79924
35517
41268
37564
39531
39773
35520
37861
37863
35520
35526
35530
40575
41749
35526
35527
38632
40575
35523
35524
35545
35525
35538
38623
35525
35546
38493
35528
38488
35528
38622
38490
35530
35533
37863
35531
35532
40564
40574
37144
40565
37863
38301
40567
35535
35537
38704
35538
38419
38625
35537
35545
38703
35538
38703
35540
35541
35542
35544
35545
35543
38780
35546
38494
38781
35545
35546
35548
35549
41307
43204
36273
41308
35554
38209
40111
35552
35554
35553
40134
35556
37299
40933
35555
40133
35556
38207
37298
38208
38256
40114
38207
40132
42292
35562
42828
42840
42826
42828
42829
35562
35571
42838
35573
42839
35564
37433
42840
35565
37438
37329
39074
43205
35567
35568
35574
42815
35573
37332
35569
42809
35570
36600
42814
35574
36597
35572
35573
35574
36592
42827
39950
35585
38893
79324
79991
38335
38892
38336
38893
35582
38264
43396
35582
35584
40146
40141
43397
35584
40587
40597
40149
40584
35589
35590
35587
35589
38063
35588
38333
40972
35589
38893
39377
35591
36978
36978
35593
35594
39331
37929
37978
39445
38880
39449
35596
35597
35600
39062
35599
35603
37858
35601
39067
42600
35601
42598
35601
39065
42601
35603
38481
42597
35605
40021
41319
37765
41402
35607
36087
39871
35608
39873
43398
40582
43396
35611
35632
41472
35611
35613
39484
35617
41472
35613
35614
40085
35617
39485
35615
35939
35616
35626
39393
35617
35630
35620
35623
35625
35620
35628
35631
35621
35622
35630
35627
35632
41470
35624
35627
35625
35629
35630
35631
35629
35632
36227
35636
35641
35642
35636
35638
35640
35638
35642
35643
35644
35780
35643
35640
35643
35644
43288
35648
35778
35793
40030
40033
40046
40027
40030
40031
79916
79961
80283
35650
35654
39753
35653
35652
35653
41110
35655
35656
41750
35656
41112
35656
37864
37860
41747
35660
35663
39641
35660
35661
39652
35661
35983
39650
38898
39646
39647
39654
35665
35667
40976
35667
39648
35665
37612
41642
41646
41645
79683
79961
80303
39649
40981
35669
38548
41636
37626
39645
35671
42003
43031
35673
41995
35673
39660
39693
39700
41994
35677
37351
39236
35678
38742
43027
35677
35678
38383
39235
43033
41164
43030
35688
35695
41347
35685
35686
41014
35682
35686
41036
35683
35687
41036
35687
35688
41350
35685
35690
39772
35689
39771
41015
35689
41350
35693
35691
35693
35692
39523
39773
37564
39524
35695
42099
74299
42102
35699
40835
40841
37840
41075
42631
35699
35700
42638
42661
42626
42634
42660
35704
35705
40626
40566
40616
40620
37306
40618
40624
40620
40622
40626
35706
40573
42040
42960
35708
39013
39014
35709
41971
35710
41973
41497
41974
35712
35713
39554
39561
41971
35717
35718
35718
35719
35720
39385
35719
35883
35720
36210
35971
35722
35724
42196
35723
36646
35724
35725
35726
36017
35727
35728
42196
35729
35739
35738
36021
35734
35736
42197
35731
35732
36649
35733
35735
36650
35733
35740
41895
35736
35735
41932
36652
35745
35738
35742
36611
35739
35748
35745
35745
35746
35742
35747
36613
35749
36617
35746
35747
35762
35753
74352
75026
35748
41896
41897
35763
41897
35749
41897
38131
39362
39364
35752
39362
35754
35779
35912
79909
79935
35755
35779
43023
35794
38130
35757
35759
41943
35758
35839
41759
35831
41763
36813
41944
35768
41764
41943
35762
35764
40465
40464
35764
35766
35765
40459
35766
40794
36613
42472
35769
35771
36822
35769
37110
36826
37108
35771
36811
41944
36823
36826
35912
79930
80285
35774
35776
35776
35777
41970
41974
35779
35780
35794
35782
39299
35783
39297
39301
35787
39209
39206
39209
39210
35786
39210
39216
39505
39513
39503
39512
38621
38804
39024
35790
39015
39023
35791
39013
35792
41012
41498
38802
41492
35794
42283
42285
35798
35801
43363
35798
37040
41355
35800
37034
37036
37041
35800
41357
35801
37034
42421
35801
42422
35806
35810
35825
35804
35807
35813
41584
35811
35816
35809
35810
38556
35812
40936
35808
35812
35810
35811
35811
38557
42259
41675
35813
40941
38071
80036
80052
80109
82212
35816
36972
41584
41676
35818
35819
38944
35820
42726
42253
38302
38460
43132
35823
35826
38558
35827
43132
35827
40797
41976
35826
38550
35828
42259
35828
43134
41975
35830
38402
41474
43278
43279
43281
35832
35839
35836
37766
35836
35842
40414
35842
37104
41577
35840
35841
36816
37100
35837
41571
35839
35841
35841
35842
37099
35840
36813
41573
38053
38976
42152
35845
40607
40631
35848
39822
35847
35848
37715
35849
35850
37718
35849
39818
40632
37720
37725
35855
35858
35854
35855
35854
35896
35857
35857
35857
35863
35900
35863
35864
35862
35863
35888
35900
35864
36485
39867
35863
35864
39870
35893
35899
41261
35866
35869
42327
35868
35869
42333
35872
40196
42287
35871
35873
35874
38464
35873
40197
42329
38465
40198
35876
35879
42935
35878
39763
35879
35880
36154
42555
35880
39762
36153
42944
42551
35882
37825
39612
39683
36943
39675
39677
39679
35885
39535
39604
36937
36938
39549
35887
37215
40135
38422
39910
39914
35889
35890
35893
37454
37459
35895
37454
35892
37925
41148
35894
35895
41106
35894
35901
37923
35897
35899
35898
35904
41256
35903
41260
35900
35905
35902
35905
41106
35903
36920
35904
41254
35905
35907
35909
35915
42284
35916
42286
35909
35914
36120
42283
35911
35913
40707
35914
36116
80109
35917
36999
40704
35915
36122
35917
35917
36999
42288
35919
43255
43410
35920
41039
40548
42914
35922
35926
42537
35923
40228
35924
35927
39928
35928
38105
35928
35931
42973
35927
35929
42534
35930
35930
40759
35931
37324
35931
42541
35933
36209
40119
36279
40121
35935
38387
40122
36208
40120
41448
37384
42692
35938
35940
36704
35939
35944
39393
35946
35942
35944
39388
35942
35943
39392
39388
35945
37430
39391
35945
35948
35947
35948
42825
42833
37431
42835
35951
35952
38578
35951
38579
39573
38581
39575
35954
39469
35954
35955
39470
39466
42951
39457
41023
35957
40991
43040
38241
39334
40018
35961
35962
39896
35960
35968
38243
35967
43039
35963
35966
36058
35963
35965
38883
35969
35965
35968
38889
38886
35967
36059
35969
36057
35969
38890
38889
39331
39335
35973
39385
39688
35973
35974
35978
39688
35979
35981
39689
35980
35981
37025
35977
35980
37626
35983
35984
37627
35981
35984
35982
36188
37029
39691
35983
35984
36190
35988
38993
41310
35987
35989
37778
35988
39097
35990
39090
35990
38077
40739
38996
40026
40870
35993
40688
40690
35996
40692
35995
35996
39423
40687
35999
39662
39424
35998
38222
39462
36923
38970
39467
36000
36001
36002
36006
40687
36007
36861
39664
36008
40684
36005
36864
36005
36008
40641
36009
36007
36009
36862
36009
40685
36012
36014
36455
39053
36012
36013
36015
36616
36612
36033
36615
36015
36454
36031
36018
36019
36034
36020
36021
36021
36615
36020
36025
36611
36024
36029
36024
36025
36030
36034
36027
36028
36403
36029
36399
36031
36454
36030
39052
36032
36032
36033
36034
36034
38346
42654
36037
42658
42660
42661
36038
39399
36039
39401
40840
36207
40843
36042
36043
36047
42689
36042
36044
36047
41936
42688
36046
36067
36653
41934
36046
36047
37650
36068
37642
36050
36052
36228
36050
36230
42680
42691
36052
42688
36054
36056
36055
36060
41391
36062
36064
36064
36065
36064
43039
36059
36061
38884
36062
36062
41390
36062
41065
79944
80286
82094
43038
43039
36067
36338
42680
36068
42681
36339
36075
36085
36088
36072
36099
38568
36072
36075
37264
36077
38567
79340
79363
80003
82188
36075
36085
39705
36077
36083
36085
39706
36100
36083
36086
39702
39703
75026
79909
80041
36081
36086
39703
39709
36087
39709
36083
39410
39706
39704
36085
36086
36087
39705
36104
39706
36093
42649
36091
36094
38920
36095
38919
36094
43105
36095
42650
36096
43106
36096
38922
36098
36103
39662
36102
39668
36100
38560
36104
36105
36103
36105
38559
36104
36105
39669
38561
39664
38394
40238
40256
36108
40253
41165
36111
37073
38397
40247
40248
36111
38311
40249
39927
40254
36443
42047
42966
39263
75163
75397
75400
36115
40703
40708
36116
40706
40763
36118
36118
36119
40342
36122
40763
36121
36641
36121
43007
36122
43018
36124
38919
41022
36125
41025
38633
41023
36128
38027
41939
36128
37896
38028
36130
40385
36130
36134
37896
36131
36132
36136
40385
36135
37369
36135
37271
42500
36137
37276
40988
36136
42502
36137
37275
37366
37371
41940
36140
36148
37521
36143
36144
36168
36142
36164
36741
40562
36143
36738
36163
36145
36148
36191
41987
36147
38510
41983
36148
37523
41988
36150
40438
42556
36151
42542
42558
36156
36774
36153
36155
43376
36154
42546
36157
36772
36157
42559
36779
42547
36159
36160
36161
36166
36165
37516
36163
36165
36165
36168
37521
36164
36168
36167
37518
36167
40562
36175
36171
37867
79990
79881
80038
80108
36176
37065
38007
36175
36176
37065
36736
37065
40562
40562
37677
38008
36179
38065
40968
36179
36180
36184
36183
40978
37614
40942
40979
36182
36185
40937
36184
40945
36186
38066
36186
40943
36186
38069
40939
36189
39653
42898
36189
36190
39384
36212
39654
36739
41340
36732
39172
41345
36200
38882
39895
39898
82187
36200
36201
39896
36197
36203
36205
36200
36202
39898
36199
36204
36495
36201
36202
42163
39899
36203
36204
39869
36487
36206
43150
37737
43103
43151
38602
39864
36209
42603
36211
36212
36213
36214
39383
36214
39384
38569
42904
36216
36217
36219
36218
36224
42927
36219
36366
41879
36374
36221
36222
41394
41869
36223
42014
41395
41876
36224
41878
42928
36225
36374
41871
36227
36705
36704
39393
36230
36707
42682
38816
40103
42916
37601
37606
41209
41218
37602
36237
36241
36243
36236
36238
42350
36240
36242
42352
36239
40175
36239
42477
36240
40180
36241
36242
36246
37116
36245
40173
36245
36247
37105
36246
40181
36247
37106
37109
36252
40023
42432
36252
36253
42590
36253
36255
42592
36252
36253
42439
42588
42591
36255
42379
42440
36256
38497
42380
42593
36768
37134
42170
36260
36262
42173
36260
37972
38982
41439
41444
36263
36770
42169
36263
41441
41445
42174
36266
39371
39386
36268
36322
40342
36267
42842
36268
39387
40339
40340
36270
36271
37029
36275
36276
37030
36274
38548
36273
36274
36278
36275
38547
36277
37026
36278
43066
37153
36281
36286
38800
36283
36284
36283
41493
36284
41495
36285
36288
36287
36288
37540
41430
36288
37543
41433
36290
39381
43384
40008
40679
36292
40178
40179
40182
36293
36297
36296
37286
36295
36296
37292
38052
40177
37293
40178
42235
43370
36300
36302
41339
36303
39050
41341
36301
41342
41343
36982
41341
41985
43323
36304
39048
43318
41343
43324
36314
36316
39221
36307
36316
37277
36317
37273
36310
36312
39219
36310
36319
37980
36313
37979
36313
36317
36319
36314
36315
36315
39222
36316
39226
36318
40792
36319
37282
39217
36322
36323
39387
40710
36323
39162
39169
40714
39386
36325
41552
42514
36326
36329
36801
40963
41556
36328
36329
36637
36625
36639
40964
40963
40965
36332
39943
40917
36333
36334
37651
36333
36341
36344
40912
36337
37649
40912
36377
36544
79912
36337
40911
40920
37643
36339
36342
36344
37651
36341
36342
38234
36343
39935
36343
39934
36344
36347
36348
36347
36350
36351
36349
36351
41681
36483
41680
36477
38031
36474
36372
36509
74336
79913
36354
36513
39054
36518
37586
39057
36356
39845
39849
40084
41861
36358
36362
39369
36359
42845
36361
36364
42851
36363
36441
42780
36363
42777
36364
36434
39375
36365
42779
36365
36439
36367
36375
36368
36408
41879
36370
36406
36370
36371
40985
36408
36412
36373
41688
74306
74337
41687
41874
36375
41877
41874
36382
36383
42175
36509
36540
36379
36381
41701
36383
41710
42176
36381
36385
40348
37568
36384
40303
42176
36996
36385
36387
40344
42176
36387
40306
40310
37361
36389
36391
36390
36395
39710
36392
39711
36392
36869
36396
36398
36453
36395
36397
36401
39711
36399
36400
36400
36874
36403
36404
36453
36401
39052
36402
36405
36402
36404
36404
36454
36877
36407
36409
36410
41874
36411
36412
36411
38025
37895
38030
40986
36416
36422
39625
36415
36418
39174
36416
39173
36419
39626
36418
36429
39624
36419
39177
36420
36424
36430
36422
36423
36431
36424
39638
36424
36425
36432
36430
36427
36436
39374
36428
36429
39623
36430
43316
36430
36432
37128
39639
36433
36439
36440
36438
42315
43315
36438
36440
36438
36440
36442
43316
36441
36442
39376
42321
42325
36445
36450
36450
42043
42867
36447
36449
40243
36447
36448
41165
40236
41166
42875
36450
42877
42046
36452
36455
36457
36453
36455
36457
37572
42470
39053
36459
36460
36463
41378
36571
41380
36468
41377
36462
36463
36470
36464
36575
41359
36577
36470
40746
36466
36467
37124
36469
37121
37890
40744
36469
36470
36472
41379
36472
40746
40749
40754
40745
36476
36480
36477
36483
36484
36478
36479
38038
36482
42521
36479
36480
36484
38036
36481
36482
36484
36483
42526
36486
36488
36489
37456
39870
36488
36490
36489
39866
36490
36491
39869
37451
37458
36494
39439
39867
36494
36495
41062
39438
39868
39866
42163
36506
36507
43312
36499
36506
40441
36499
36500
42478
40440
36501
36503
42481
36502
36505
36503
36504
42238
38634
36507
38014
36506
36507
43314
42006
36602
42069
42805
36540
74335
36511
40064
36512
42653
43166
36514
36518
36515
40082
36519
36522
43165
36519
36520
37364
36518
37593
37598
36522
43166
36521
37365
37599
36522
37598
36524
36525
38751
36581
38752
36531
41501
43142
36529
36830
40701
36529
36531
36803
36530
40702
36531
41565
41558
39134
39149
40327
36534
39138
39142
39143
36979
42786
36537
36538
42493
37284
41741
42503
36545
37811
36539
36541
42495
41744
42503
74347
74357
36547
42503
36543
38834
38835
36545
36546
38833
36550
79913
42859
38835
40516
37367
42498
36558
36586
40911
36551
36648
38997
39012
79885
79892
79901
36552
36553
36559
39012
42702
36560
37646
36558
36561
36562
42695
36560
36561
37648
36557
39780
42735
36563
42704
36562
36560
36563
36564
36564
42695
39882
39885
36564
42703
36567
36568
38011
36568
38499
39153
37772
40337
38500
39154
36570
36573
36578
41740
36576
36577
36575
36579
41359
41360
36576
36576
36577
36578
36577
41360
36876
41740
36581
36583
38931
36583
37374
38939
36585
38716
40919
36586
39881
39884
40916
36588
36589
38094
36591
38093
36590
36591
37377
37375
42612
36597
36598
36600
36601
42797
36596
36598
42054
36596
36599
36601
36602
42074
36599
36600
36599
42057
36602
42795
36604
39160
39180
36605
42761
36607
36609
40935
36608
37628
42754
36608
42762
36610
42755
36610
38821
42618
36615
36614
36618
42476
36619
36617
36619
36616
36617
36619
42473
42472
36622
36628
36628
36631
43276
36627
37242
36624
36629
36801
36625
36630
40964
36626
36627
36640
36632
37247
36632
40195
36630
36631
36804
36632
40700
36636
36640
37253
36636
37256
40966
36839
74313
36638
37255
36638
40965
40966
36639
36640
37247
38157
40341
43012
36643
36645
41933
36644
36647
36645
36646
41932
41934
36649
37644
36651
38997
36651
36652
37645
36653
41935
37641
36656
36657
36661
36656
40193
40184
36658
40194
36659
36665
40188
36662
37524
36661
36663
36665
40185
40183
36664
37690
36664
37689
36665
37694
36667
40183
41551
36669
36671
41927
36669
41929
42274
36670
36671
41860
40184
36673
40208
37291
40209
42873
36676
40270
42413
36676
37495
42484
40272
42414
36678
40274
40280
40281
36680
38791
36680
37080
42225
40283
42230
38054
42442
42486
36683
36687
39179
36694
42759
36685
36686
36687
36693
36687
36691
36693
36698
36700
39178
36690
36691
36692
39640
36690
36692
36715
40610
37127
39625
36693
36700
40282
36696
36702
40258
40260
40282
36699
36700
40282
36700
36716
36702
36712
74303
80284
36703
37994
36714
37995
36705
36707
36708
36708
38238
38240
39388
36709
36709
38240
39934
43123
43125
43126
36988
43120
43126
43127
36714
36716
42926
36715
36719
40609
36718
36716
74325
79869
79894
79904
38287
42925
42926
38288
38290
40634
36721
39031
39035
36723
36725
36723
75149
76356
36728
42185
42187
36729
42177
42189
40302
40313
40309
42179
36731
40299
41899
40302
42264
36733
36734
36737
36743
39171
36739
36740
41344
36737
36742
37999
36741
36742
36739
36740
36741
36743
36743
37066
36745
36750
36758
36751
36753
40457
36748
36755
40460
36749
36754
42734
36754
40462
36753
42698
36752
36756
36763
36752
36754
36755
40465
40463
36756
40469
36765
36760
36761
39310
36764
37579
36760
36764
37573
36762
39312
36763
36765
40473
36763
36764
37578
40472
36767
36768
38127
36769
39035
38129
42172
36770
39036
42171
37091
75175
75286
36776
36779
43382
36774
36777
40444
36778
42542
36776
36777
36844
36843
36778
40451
36779
36781
36783
36788
38668
39417
42013
36783
36784
37662
42013
43402
36786
42865
37867
38667
41089
42013
36806
37047
39409
39420
36806
43400
36790
37328
42808
36791
37342
36793
37346
38651
48622
77301
80042
36794
42813
36798
37346
37498
36798
40331
42812
36798
36800
37500
40330
40324
40328
40331
36800
40335
42418
37497
36802
36803
36804
41557
41553
40702
36806
36807
37047
36808
37050
43401
36809
37049
38960
43403
37047
37051
38808
36825
41942
36994
42372
42434
36815
36815
37111
41941
36816
41945
36817
37111
37113
37115
36819
36820
36860
43222
36865
36825
36827
42217
36824
37107
36824
36825
36827
40207
43171
41946
38759
36829
36830
36832
41565
37617
43137
36831
36832
38075
40699
42956
36834
36836
36837
41730
36838
42595
36836
37713
41729
42592
42591
42596
41721
82180
38344
39365
39488
37607
38910
43105
38312
40433
43381
36849
43383
36845
40451
36846
36850
37550
36848
37965
36848
36849
38705
36850
38710
36850
43379
36852
36856
38423
36857
40717
40718
36854
36855
40717
38429
40717
40720
37000
40736
36857
38421
38443
38448
36859
36867
38562
36860
36868
42640
36862
36863
36864
36866
36867
38561
36865
36866
36868
36868
38564
36870
36879
36875
36876
41740
36873
36877
38084
36873
36876
37888
36878
41582
36877
36879
36878
36879
36878
39711
36881
36885
39834
36887
36958
39403
36883
36884
36886
36888
38557
41677
36886
36887
36888
38555
36891
36895
36895
36896
36899
36951
36900
36901
36950
74394
75061
82164
36894
36898
36909
36926
36896
36936
36934
79878
82198
36899
36908
36900
36902
36902
36904
36908
36911
36905
36907
36927
36914
38227
38231
36914
38223
38231
36909
36910
36927
36909
36910
36911
36913
38404
75258
36914
38231
38122
36917
36919
41249
36925
79911
80040
36918
41257
36920
41254
41147
41249
41232
41244
36943
41228
41234
41246
36927
36928
36928
36929
39463
80026
80038
80105
36928
36936
38970
39461
36933
36936
36931
36934
36947
36935
36934
36935
36936
36935
38971
36946
36938
36940
41298
41304
36940
39550
36942
41228
36943
41107
36947
36947
36951
74300
79941
80042
74308
80020
82162
36953
41236
36957
38563
38568
36960
36962
36962
36963
40374
36961
38555
36968
38555
38556
36966
39403
36966
38304
40578
36965
36968
38556
42260
38306
38558
36968
79831
79966
80296
40644
40686
41066
40642
40644
41072
36972
36977
36973
36975
36977
41583
36975
36976
38067
38072
36977
36978
39378
39378
40320
42799
36983
36985
36985
36988
41937
36983
36995
36984
41342
36985
43001
41938
36987
36990
38198
36991
36992
38204
36989
36990
36992
43001
38192
38370
43123
43127
36994
42308
42309
42310
42378
39049
43002
36997
41711
42178
41704
42180
36999
38295
40196
39911
41714
37002
37005
41288
37004
41292
37004
37005
43047
37008
41293
37007
38767
39278
37008
39279
41293
37009
39281
43043
43047
37013
37017
39302
37017
37019
37123
37014
37016
37120
37014
37016
39303
37908
80119
37018
37019
39591
39305
39617
37125
37871
39579
39636
37022
37917
42139
40581
40875
37130
41431
42137
37025
37027
38571
37028
39691
37027
37030
37031
38573
37029
37030
42885
38573
43064
37033
38999
40811
41786
43243
37039
37037
37039
39855
37039
39602
39608
39857
37536
38654
39077
39856
37041
43052
39595
37043
37045
37061
37044
37046
38958
37051
40138
37049
37056
37048
37050
37048
37051
37050
38959
43428
79881
79963
80051
37054
37056
41823
37055
37058
41824
37059
38797
37058
38959
37058
37059
37061
37060
42906
37061
37081
38958
37063
38156
42848
37064
42511
42511
42531
42533
37066
37998
37069
37070
37079
37069
40398
43372
37076
37071
37072
40400
37290
43367
37288
41166
37077
37079
37075
37077
39926
37076
39924
37078
40399
37078
39927
37079
40400
37081
37084
40145
42906
37084
40137
40143
37114
80049
80089
40145
40147
37087
38168
41907
37089
42192
42278
42267
42271
37089
37090
40656
40657
42268
42187
42261
37092
42123
37093
41445
42153
41440
42148
37096
37097
40035
37098
42390
43057
41579
42381
37098
42391
43058
43059
37100
37102
37104
37113
37103
38459
43059
37103
43056
37104
42952
37107
37108
40211
37108
37110
40210
37110
37116
42348
37112
37115
37296
43175
43057
37945
80065
43060
42334
37118
40500
42479
40440
40447
37120
37122
37799
37791
39305
37122
39616
41379
39305
39306
37125
37126
39619
37125
37890
39616
39617
37891
39618
37129
40605
37129
37767
39639
39826
40868
40881
37132
37136
37143
37134
37137
37136
37139
40121
37140
37136
37137
40118
37141
37142
40123
37142
40122
37141
37143
40126
40129
37143
40128
37146
42384
37146
37306
40612
40568
40613
38128
37149
37150
38405
37152
40998
37151
37223
38406
37220
41000
41775
79075
37157
37159
39324
37159
41306
41312
37158
38726
41311
37158
40289
40290
41315
39325
41316
37169
37170
42854
37162
37167
37168
38722
37164
38834
37169
37170
42859
37168
37170
42856
37166
37168
40288
37167
40289
38718
42853
42856
37172
40813
43067
43231
43450
37620
38515
38518
37179
37181
39255
37176
37177
39245
37183
39240
37178
39242
37179
39243
37181
39257
37181
37182
37183
39262
39262
37183
38814
39241
37185
37186
37261
37188
37189
39247
37189
38687
80171
37188
39242
39248
38329
39246
37193
37662
42463
43402
37192
37198
42466
37193
42469
43404
43399
37195
42457
43240
42447
43229
37197
42461
43238
37199
43155
41814
42860
41806
43157
37201
37203
37205
43125
37202
43124
37205
43168
37204
37208
37814
41619
37206
41615
41619
37211
37212
38369
37211
43125
37210
37211
37212
37815
38342
38371
38341
39627
37214
40499
40500
42341
42355
39911
40926
37309
40930
40934
41720
37222
37225
40010
37219
37224
42566
37228
37229
42566
37221
37223
37226
37222
38511
37226
40007
37224
38403
37227
42563
37229
37228
37229
42561
42569
37234
37235
39216
37232
37235
37236
40352
37565
39959
39963
37234
37239
39211
37240
39215
40350
37240
39963
37238
37565
39963
37239
37240
41358
37244
39839
39843
39847
37246
39840
37244
37245
37253
39061
37246
37246
37247
39837
37251
37252
39058
37250
37256
37900
37251
37590
37254
39060
37253
37254
39061
37255
37256
37900
37258
37259
38325
79213
37261
38326
79216
37261
79206
80169
38818
37266
42882
37265
39876
37267
38566
39878
37267
42397
42883
38565
37269
38867
39351
37270
39353
37354
37275
37280
37274
37280
41746
37274
37281
40792
41742
37276
37279
37278
37278
37281
39226
40989
37280
37281
41745
37283
40403
40793
37812
41742
41746
42499
37286
37290
43368
37293
43373
37289
37291
42874
37289
37290
37294
42872
37294
37292
37295
40209
37295
37295
37305
42393
37298
37300
38207
37299
43358
37302
38254
43360
37302
37303
37304
40923
37304
40922
42987
40925
40932
37307
43173
37307
40611
43174
37309
37319
41719
40993
37313
37314
37318
40993
37312
37313
42984
37315
37317
42989
40993
37315
37320
37316
37317
37325
42997
42996
37319
37320
37321
37322
37326
37322
37323
41718
42030
38413
38787
37327
42026
37326
37327
42027
42032
42997
37332
37333
42815
37331
37335
37333
37335
37336
37342
37332
37333
43205
37335
37340
38537
37338
37344
37348
38653
39116
37340
38652
37347
37348
38651
39073
39116
37343
79820
80304
82170
38651
79981
80032
80096
37345
38651
37348
38652
37347
38656
38655
37350
38715
38879
37352
41600
42002
37352
41603
43024
37354
37358
37355
37356
37359
39353
37360
39352
37358
38330
41601
37359
38327
41602
41605
41627
40343
42202
37671
38658
41189
37427
39199
39200
41188
37365
37428
39194
39200
37369
37370
37371
37368
37372
37370
42489
42501
37370
42501
42488
42489
42495
37374
38940
41277
37377
37376
37377
37378
42194
41286
41278
41284
42195
37380
37997
37999
38005
37382
37383
37997
37383
43121
43119
37385
37386
37390
38319
41054
37387
37390
37388
40550
37389
37391
40556
40555
42399
37391
42400
38734
40561
42404
37394
37395
38585
37396
37400
40432
37400
37403
40538
37399
38280
37399
37400
37408
37399
37405
43395
43390
37402
37404
37406
43113
37442
43110
37404
40537
37408
37408
37409
37407
37755
37408
37409
37753
43391
37411
37477
37482
40286
37476
40285
37413
37418
42036
37415
40054
37415
37416
37483
37419
40055
37419
37420
40284
37418
37419
37423
37422
42037
37421
37423
39886
40285
37423
38717
37424
38716
39890
38686
42087
42092
40155
40158
40809
37428
41530
37429
39194
41531
37431
37432
42829
37434
37435
39391
37434
37440
37435
37439
42841
37437
38692
39405
37438
39076
39405
39074
37440
38236
39404
39405
37443
37751
41591
37444
37755
37444
37745
39379
41593
37448
42968
43152
37447
37448
38318
41060
37467
38812
38316
37451
37453
43150
37452
37453
37457
43154
37452
43149
37463
43152
37455
37460
37468
37923
37458
37459
37463
37464
37463
37460
39870
37462
38210
79981
80133
37463
37466
37465
37466
37467
37471
41060
37468
37470
37473
37469
37470
37472
37924
37471
37473
38509
41098
38507
41061
37478
37481
43328
37476
37477
37481
37510
39776
37480
37479
37480
43329
37480
37484
37485
43331
37484
37489
37489
37551
37485
37486
37488
37487
37488
41468
37555
40172
37490
37490
40284
37552
37492
40336
42418
37493
40338
42419
37494
37771
37496
42417
42445
37496
37499
37497
37501
42417
37500
38656
37501
38650
42414
37501
37504
37506
42736
37505
37506
43331
37507
40462
42737
37508
43271
37507
37511
37508
40476
43270
38794
39135
79712
79805
37511
39777
43331
80069
37514
37517
37519
37515
37516
37517
37518
37520
37522
41667
37521
37522
37523
37523
41668
37527
37532
41880
37530
37533
40551
37527
37531
41881
37535
37529
37535
40560
40554
40561
37531
41889
37534
41882
37535
40559
37534
40553
40557
37535
39077
79979
80289
37690
40559
41541
37539
37543
37544
37546
38337
41433
37543
41428
37542
38139
38144
37544
37546
38144
38338
79385
79976
82213
41429
37548
41513
42721
42709
42711
42719
42720
42722
42725
43135
40450
40451
37552
37553
37554
37555
37554
38293
40053
40358
40360
37557
39908
40361
40161
42954
37562
37981
40405
37561
37562
39526
37561
37562
37987
37563
41008
40406
37988
41009
41009
37566
39958
39962
37568
39959
40351
39962
41700
38439
39184
40590
38442
40587
40590
37572
40795
40796
37574
37583
37576
40795
37577
37579
40794
37577
37578
39309
42471
37579
40458
37582
37610
39320
37582
37583
40806
37584
39315
37584
39308
39312
37586
37587
37593
37590
37589
37592
37597
37589
37898
37900
37590
39060
37592
37954
42598
37897
37595
37595
37596
38482
39203
37596
37598
37597
37954
37599
39201
79828
79878
37603
37606
37606
37607
37605
41385
37606
37607
38916
37608
38918
41383
38912
41586
37611
39853
37611
39314
39321
39854
37613
41643
41633
43284
37616
40975
37616
41645
41846
40946
37618
39900
38517
39901
43139
37620
37622
37623
40818
37624
37622
39903
43431
40816
37624
39905
37625
39902
38865
39907
37627
42885
39651
37629
37632
37631
42763
80057
80308
80314
42764
43347
43356
37633
37634
43356
42667
42754
37640
37688
37637
37639
37640
42662
37638
38134
42663
37639
38141
37639
42664
42665
42667
43420
37645
37650
37650
37651
37648
37649
40913
37645
37646
37652
37647
37648
37649
37652
37652
37654
37655
40834
42862
40829
41091
37656
42866
37657
37659
37658
41563
42454
42451
43223
37661
40834
41563
37661
40833
41560
41561
42464
37664
37670
41529
37672
41530
37666
37669
38001
38009
37670
38004
37668
37671
37676
37681
37669
37672
37670
41528
37672
41190
37680
37679
37680
37681
37676
37678
38009
37681
37678
37679
38008
37681
37685
41918
43254
37685
37686
41547
37686
41550
41914
41038
41543
41921
37688
43357
43418
43420
43355
37692
40382
37693
37694
37693
37697
41539
37695
37696
40384
41541
37696
37697
38738
37697
41542
37700
79228
79231
37700
79042
79043
37703
37703
38772
79043
37703
38818
79219
38768
37706
37708
37712
37706
37708
37707
37711
38638
37711
37803
41365
37712
37801
38639
37712
41366
38012
39719
37719
37721
37722
42146
37716
39816
37718
37721
41432
37719
37720
40892
37722
40890
37722
40891
41431
37726
38286
40631
37726
37728
38291
37726
37728
40632
37728
38271
42210
40640
37730
38217
39499
39508
39511
37733
42752
43301
37733
38552
39498
42745
39496
37735
39000
41787
37736
41461
38789
41465
41793
37738
43097
37740
42967
39448
39762
39769
37741
37742
39768
39763
39766
39764
43099
37744
37745
37754
37749
40680
37748
39380
37749
37750
37761
37750
37751
41585
37749
37752
40683
37752
41589
37752
41594
37755
37756
37756
39380
39382
39379
39381
37759
37762
38663
37759
37761
41384
37760
43034
37761
40683
41386
39997
40682
39193
41129
37765
40186
40020
40191
41570
41760
40770
37769
37770
41021
42907
43055
37783
41019
43095
37775
42442
37773
37774
39717
37775
40338
37775
37926
42443
37781
37892
41170
37780
39088
39096
40742
40743
38855
39328
43181
79661
37781
40743
37782
41176
40738
40743
37785
43088
37785
37786
41592
43090
37837
38699
41591
37788
37794
41377
37792
39119
37796
37905
39125
74378
82210
37798
37799
37906
37795
39122
37795
37796
37797
37797
37799
39304
37796
39122
39125
37798
37907
37802
39119
41382
37802
37803
39123
38639
39131
37936
38163
79873
37808
39025
41015
37807
37808
39027
37809
39760
39028
41013
41267
41271
37811
37813
40510
41744
40508
37813
40404
41741
37815
41611
38340
41614
37817
37820
37828
39615
37824
37822
37826
38573
37820
37823
38601
39613
37825
37826
38570
37823
38594
37827
38600
37825
37828
39612
37827
38572
37828
38150
39613
41784
41787
41788
41790
38045
41702
41706
37833
39960
41707
39964
41709
37835
37836
39264
75163
75177
40994
38914
38917
37839
40839
40842
40831
40837
37841
40835
37842
40837
40830
41085
41092
37844
38323
43423
38830
40950
42112
38872
40961
43423
37847
38829
38848
38137
43442
74325
79869
79872
79993
37851
37852
37855
37857
37853
37857
37858
37856
37857
37859
39071
37856
42241
37859
39064
37861
37864
37862
37863
37864
41333
39586
41566
41751
37870
38073
42346
80049
80105
37869
37879
37883
37870
42356
41752
42358
37872
41753
37878
37879
41754
37876
37880
37884
37875
38343
39634
37876
38664
37877
38666
37878
39637
37880
37880
37882
37883
37970
38179
37883
37885
42357
37885
38183
38666
38189
37889
40737
40750
37889
38078
40755
40753
40754
40747
41362
37891
40751
37893
37893
40741
39620
40740
37895
37896
38028
40987
40984
37898
37899
37900
42648
42602
42646
42648
37903
37904
41566
37903
40410
40424
40411
40426
40413
41570
37907
40421
37907
37908
40422
40420
37910
37911
38640
39432
42549
37912
39436
39661
37934
39698
80307
38019
39657
42005
42007
37916
37918
38307
37917
40579
37919
40580
37919
37920
38308
42143
38303
42147
41146
41669
41152
41249
37924
37925
41101
41103
38056
39713
38311
39926
42052
37929
39433
39446
37935
37935
38739
38740
37932
38739
39696
37934
39434
39699
37935
38739
39435
39431
37978
38629
39574
37938
38436
38612
37939
37941
37946
37941
38612
38614
37942
37943
37946
37957
38614
39079
38606
38614
39080
80032
80084
80088
37951
37948
37949
40858
37953
42282
37952
40857
37951
37952
37962
37953
37958
40849
38483
42599
37956
37960
37973
37957
37961
39079
37962
37959
37962
37963
40845
37963
37975
37962
37963
39082
37965
37967
40507
38707
40499
40502
40503
43424
43425
37969
40503
43424
37970
42359
42360
43427
37972
37976
38171
41439
37974
37974
39080
37976
39081
37977
38172
39082
37977
38178
39332
37983
39219
37981
37983
39217
37984
37983
37984
37985
37990
37987
39219
37991
41003
42165
37988
37990
37989
37991
41011
37992
37992
41001
42166
37994
37995
38376
38862
40257
37996
38268
38862
42925
38003
37999
38002
38007
80066
80068
80302
38002
38006
38005
38004
38005
38007
38008
38009
38012
38497
39721
39716
39718
39720
42593
38014
38015
38021
42238
38022
38016
42234
38017
38024
43217
38023
38487
38019
38020
41996
38022
38023
38024
43219
38022
38024
42006
38485
38026
38029
38028
38029
38030
38030
38032
38037
38033
38039
41969
38035
38039
41526
38038
41538
38037
38038
38039
40012
41527
38042
38748
38042
38925
38926
38044
38048
38047
38049
38047
38050
38050
38051
42119
38049
38051
38094
38050
42182
38092
40208
40210
38981
41443
38055
42675
38056
42443
42674
39727
38058
38062
38247
39254
38060
39259
39346
38061
39260
39349
38062
38249
38250
39253
38065
38067
38066
38067
38070
38066
38069
39377
38069
38070
38071
40939
38072
38072
41583
38074
41755
41761
42345
38866
40695
38079
38985
38081
38991
38081
38083
38085
38081
38082
38992
41362
38083
38085
38084
41582
38085
38088
38089
39916
38088
39350
42364
38090
42370
38090
38871
39923
39354
39921
40398
43207
38093
38094
42120
42611
38096
38097
38161
38104
38615
39940
38099
43304
38099
38100
38108
38107
43311
38646
43307
38102
38103
38161
38744
38106
38743
38106
38107
38161
38162
38744
38106
38108
39928
38108
40759
38111
38835
40517
38112
38113
38114
42111
38112
38113
42110
42107
40518
38117
38119
38116
38119
40512
38118
40409
38843
42083
42085
42098
40519
42079
38121
38123
38123
38124
42694
38223
42692
38126
38128
38588
38128
38129
43005
43008
43004
43015
43022
38133
42686
43441
42663
42685
42676
43421
42679
43440
43441
38137
38845
42686
38849
42683
38140
38762
38763
42684
38140
42664
38762
38142
42672
38143
38410
42613
38144
42665
38410
38235
39440
38147
42578
42580
38148
42567
43280
42564
43279
38150
41785
38153
38256
42291
38153
38257
39930
38259
42295
38155
42331
38157
40340
43020
38160
38165
40485
38165
38616
40493
38162
38746
38164
38745
79385
82213
38165
38617
40484
38167
38168
41929
41925
41930
41908
41931
38799
43184
43333
38171
38173
38177
40130
38178
38176
38178
38174
40125
38175
40123
38176
38177
42207
42205
38178
38181
38189
38181
38185
43425
38191
43436
38184
38186
38197
38189
38190
38185
38188
43035
43438
38187
38198
38188
38190
38205
38191
38191
38202
38194
43002
38194
38195
39046
38199
43003
38196
38199
40436
38197
38708
38200
43035
38200
38204
38200
38202
38369
38664
38203
38665
38205
38370
38205
40125
40129
42167
38209
40132
42294
40132
79825
38216
38553
40724
38213
38215
40677
40725
38251
40726
38215
38216
39500
40675
39502
40730
38219
38219
40675
40678
38221
38222
38226
39571
38227
38970
39573
38232
38228
38232
41055
38226
38228
39570
38227
38229
38229
39569
38230
38231
38232
42693
38237
38239
39946
38239
38240
39416
79834
80058
38237
39392
39389
39407
38239
39390
39935
38242
38244
38243
38245
40018
38245
39333
39347
39329
39339
38248
38250
38250
41197
38249
40990
39333
38253
42993
38253
40922
43359
40677
42994
40673
42290
38258
38263
42297
38260
38258
38259
39929
39933
38261
38261
38262
40115
38263
38263
40109
38266
40142
38266
39709
43429
39708
40139
38269
38276
38287
38269
38273
38278
42925
38274
38275
42775
38272
38275
38276
38291
38274
38279
38278
42770
38277
42212
38277
38292
38278
38860
42771
38282
42571
38282
40428
42572
40430
42577
38284
42574
42575
42576
40213
42581
38287
38288
38289
42926
38290
38291
38289
38290
38292
38292
38294
40359
40053
40056
40366
38296
38298
38299
38462
40198
38298
38300
40707
38299
40704
38466
38468
40703
40563
41335
38303
38305
38309
42144
38306
38307
38306
38309
43133
38308
40578
38309
40220
40222
40228
38807
38313
42940
39038
39042
38315
38316
42941
38317
42930
38318
42937
42932
43405
43406
38385
41055
38321
40858
42959
40570
42281
38727
39969
39986
38324
38724
38723
39971
39978
38326
38331
39247
38331
41280
79636
79835
79967
38330
39247
39250
41596
39250
38333
38336
38893
38334
38894
40971
38336
38903
38904
38338
42326
38409
38340
39629
41180
38342
38342
38343
39630
39627
39635
38345
43014
42063
42507
38347
42636
42639
38349
41649
41849
40897
42776
38353
38979
42425
38352
38473
40530
38354
43344
38362
38365
38355
38356
43344
38365
38367
38365
42428
80302
38359
38366
40736
38368
40734
38361
38363
38366
38475
38362
38972
38363
38973
38364
38365
38368
38476
38368
43340
40735
38370
38371
43129
38373
38375
43192
38382
38877
43195
38376
38378
40265
38377
38861
38377
38382
38859
38379
38380
40259
38381
38382
38381
43351
38873
43283
39234
41163
41115
41436
39801
39803
38388
38391
40131
38388
41449
40124
41455
38390
38398
41452
38396
38397
38398
38398
38399
38394
38399
42206
38396
38397
38805
40246
38398
38399
40251
41450
38806
42204
38401
38405
41771
38402
41773
42560
38403
42560
43281
75258
38406
41776
42560
38408
38464
42622
38409
42326
42624
38410
38412
40734
41714
38414
41716
38414
43346
41718
43345
38417
38626
41578
38417
38420
40905
38418
40904
38419
38420
38627
38704
40910
38423
39913
41161
38423
39912
38425
38432
38427
38435
40381
38427
38429
38431
38434
40720
38430
38432
38448
38432
40381
41434
38434
38437
38476
38438
38438
38437
38438
38474
38613
40381
38441
38442
39730
38441
40601
42675
39736
40596
38448
38449
38446
38449
41436
38448
38449
41434
38447
39755
41435
41437
38452
41488
41490
38452
42127
41477
42131
38454
38456
40522
40529
40525
40528
38456
40520
41482
40521
38458
40031
41576
38459
40038
42952
40034
40802
40889
75154
75368
75371
38463
38465
38466
42619
38465
42623
38468
38469
38470
38823
42621
38472
38472
42620
38472
40716
38820
42618
42621
40705
40525
42424
38475
38974
38476
40719
38478
41544
41545
40088
41050
40039
40043
40046
40043
40904
41578
38484
41185
38483
39204
38484
41186
42597
38712
43212
43218
38487
43216
43369
43214
43217
38490
38492
38491
38492
41747
38493
38496
38495
38678
38496
41749
38494
38495
38496
38783
38498
38499
38500
39145
39147
39722
38503
38504
42893
38504
39794
39893
39785
40097
39798
42891
38736
40090
42402
38508
38811
43322
38508
38509
41061
41662
41659
41671
41672
38513
39992
38514
39265
40997
38514
39993
41000
40998
38517
39902
43083
38517
43086
43140
43067
43084
38520
38522
38549
41651
41848
38523
40946
41854
38523
40944
41850
40945
38537
38539
39074
38532
38534
39076
38530
38533
38546
38531
38532
38692
38529
38534
38539
38530
38534
38542
38538
38535
38536
38696
38534
38536
38535
38536
39005
38697
39073
38541
38542
39009
39075
39078
38541
38543
39073
39115
39007
38543
39078
38545
38998
39008
38546
39003
39009
39004
38548
41644
42885
38551
41976
38551
40938
40940
41975
38553
42746
38554
38825
40722
42742
38557
42260
43133
38560
38561
38564
38563
38563
38564
38566
42398
38567
38568
42905
38571
38572
39681
39682
38573
38576
38578
42394
38579
38580
41059
38580
39892
38579
38580
38581
38581
42950
39572
39894
38584
38586
40485
38585
38587
40224
38587
40483
40536
38587
40432
40495
40540
40431
75282
38593
38784
38679
38595
43062
38596
38598
43063
38599
38618
38599
38601
39737
38599
38600
39740
38601
39614
38605
39863
40838
38604
38605
38677
41560
42421
40839
38609
38984
38610
38611
38613
38974
38609
38610
38977
38611
38978
38972
38614
38613
38617
39941
38617
40544
40547
38619
41426
40454
43061
40456
41418
41421
41030
41033
38623
38630
38632
38625
38631
38632
42765
38627
38627
41581
38628
38630
41581
38895
80087
38631
41581
42765
39478
42650
38635
42237
40175
40176
38637
38638
38639
39658
42011
38642
41777
38643
40637
41782
38645
38646
42970
40761
41980
40758
40762
38648
38655
38657
42416
38653
40268
42953
43181
82238
38656
38657
39116
39111
38656
42413
38660
38660
38661
39197
41187
41185
38663
39276
41388
39280
43034
38665
39627
38666
38668
41087
38669
38671
39408
38671
39428
41077
39427
41080
38673
38675
39299
39213
38675
38676
39298
39931
39855
39865
38683
38685
38680
38682
38683
38782
38685
41109
38684
38684
38783
38685
41748
38847
42088
38689
39245
38689
38690
39239
39240
38693
38697
40154
38695
38698
40151
38695
38698
39944
38696
39406
38698
40155
40157
43089
43115
38702
38703
38702
38704
40910
38709
40434
38707
38708
43438
38710
43439
38709
38710
40436
38714
42001
42367
38714
43213
39919
42365
43210
41998
42001
42003
38717
40152
40154
38721
38722
40287
38720
38721
38725
38722
38834
42109
38730
38724
38727
43375
38732
38733
42113
38728
38730
38728
38731
39989
39077
41361
74414
74662
38731
40287
43375
38733
42106
42108
43375
38737
41539
38736
38738
41542
41546
38737
41540
42412
41545
38741
38742
39338
38742
39701
39342
40220
40226
40227
38745
40226
40219
40232
38749
38751
38749
38750
38753
38752
38753
38928
38753
38930
38757
38758
42535
38756
40520
42979
38757
42021
42539
42585
42538
42584
40207
42219
38761
38762
41428
38764
41028
41429
38764
42685
38765
38766
41966
42687
38845
41964
38769
38772
38778
38779
38818
38777
38779
38869
38772
38773
38774
38775
38776
40015
38777
38778
38777
40017
40016
38779
38781
38782
38786
38783
38784
38786
38788
42031
42017
43343
38790
40275
38795
38796
38792
38793
40283
38796
38797
38796
40280
74409
74662
80289
41788
41821
41822
41818
38799
41634
43287
41828
38803
41031
38803
38804
41034
38803
38804
41495
41012
38806
38807
41459
40250
41458
38809
39421
38810
43429
39419
39703
43429
38812
43405
41061
43406
38814
38815
41248
39241
40086
40098
41051
41917
41918
41919
38822
38823
43147
38821
38823
38822
40935
39156
43148
38828
40782
43309
38826
42743
38827
40721
38828
40723
40785
40761
38832
40954
38831
40949
38844
42104
38842
40957
42082
42856
42859
42110
38838
38841
43418
38838
40955
43443
38839
43422
38840
40956
38841
38876
43352
43349
38844
42084
38844
42086
42111
38850
38847
38850
41968
38848
38849
42089
38850
41961
38853
38858
39275
39277
38854
38857
39992
38854
39269
38858
39994
79632
79970
79998
38857
38858
39277
40002
39995
38861
38862
38861
42767
42767
39307
79966
38865
39909
42955
42957
39900
42954
42957
38868
38869
38870
38871
39354
38870
41194
41195
38878
39966
38874
38877
38876
39977
43283
38876
38878
40952
39976
39981
40959
41599
41629
38881
38888
39441
38882
38886
43098
38886
39895
39899
41063
39135
74662
79992
82213
38888
38888
38889
39331
38890
39329
42901
38897
38904
38905
79385
82202
38899
38900
38906
38901
38907
38899
38906
39652
42903
38901
42900
38903
38903
42902
38904
40971
40974
38907
39641
39642
40974
38913
38915
38924
41018
38911
38913
38920
38911
38916
38923
38912
38918
41590
38914
38915
38917
41019
38918
41587
41588
38921
38922
38923
38924
38924
41022
42650
43106
38926
38929
39565
38928
38929
38930
38934
38930
39563
38933
38932
38933
38939
38936
38940
38934
38935
38936
38937
39566
38937
38938
39553
38941
39759
38940
38941
39761
38943
38944
38950
38947
38953
38947
38953
38954
42728
38948
38951
38952
38963
38948
38950
38950
38951
38957
38965
38954
38962
42726
42714
38956
39599
43049
38957
38965
39541
40140
38961
38961
42860
41823
42861
38964
38967
42712
38964
38965
38968
38969
38967
38968
43051
42708
38969
43050
43049
39453
38973
38974
38980
38979
42156
42425
38977
38979
38978
38980
38983
38980
38982
38983
41444
38984
38984
39081
38987
38990
38992
38987
38994
38989
38994
38995
41369
38990
38993
38991
38992
38996
38995
38996
41367
41309
41895
38999
39000
39001
39002
39001
41466
41797
39003
40811
39004
39005
40809
40155
39007
39008
39010
39115
39009
39011
39011
39118
41463
41466
42699
39014
41498
39555
39557
39016
39017
39019
39017
39021
39560
39018
39020
39027
39023
39028
39022
39552
39757
39022
39560
39564
39025
39026
39025
39026
41016
41012
39028
39758
39030
39034
39031
39032
39037
39034
42130
39034
42126
39037
39037
42129
39040
39042
39045
39040
39044
39045
39046
39041
39043
39044
39051
42930
42931
39048
42929
39047
40435
40437
39049
43003
39050
43327
39051
41341
39051
39710
42476
39055
39056
39057
39056
39059
40080
39058
39060
39842
39848
40084
39843
74408
79873
79992
82200
39065
39069
39071
39067
39068
42242
42246
39069
39072
39069
39070
39072
42250
42515
42243
42518
39078
39075
39076
41255
39080
39081
40846
39084
39087
39093
39107
39085
39106
40066
41865
39087
39088
41175
39094
39098
41183
39092
39094
39095
39091
39097
39092
41310
39100
41737
39094
39100
39098
39096
39097
39098
39099
39099
40743
41739
39102
39104
39106
39103
39110
40077
41621
41622
39108
39109
41609
79636
79967
39107
40067
39109
39110
41612
41172
41616
41622
39112
39114
39116
39113
40268
39114
39117
40278
39115
39118
39118
41464
39128
41381
39121
39124
39129
39122
39131
39128
39128
39131
39125
39127
39126
39127
40427
39133
41572
39130
39132
40027
39131
41365
39133
40031
41576
39137
39138
39142
80059
82213
39139
39141
42304
39141
39149
39139
39144
39141
39153
42306
39151
40326
39144
42789
42305
42312
42377
42380
74577
79740
79764
79970
42301
42377
39149
39152
40332
39150
39151
39152
39153
39155
40336
39154
39155
40337
39157
39159
39161
39158
39160
39165
39174
39166
43147
39161
39175
40935
39164
39167
39370
39164
39367
39624
39165
39166
39176
39167
39169
39169
40712
43147
40709
39171
39172
41346
39179
39180
39175
39176
39180
39177
39624
39179
39626
39181
39181
42757
39183
39872
40586
39185
41140
39185
39188
40591
39187
39187
39193
41138
39188
39191
39729
39190
39191
39724
39192
39735
39743
39193
39193
39751
43167
39196
39199
39201
39197
39204
39202
41187
79883
79997
41189
39201
39203
39204
41186
39204
39212
39213
39211
39213
39209
39213
39297
39209
39210
39517
39215
39212
41358
79661
79759
79968
82223
39216
40347
40407
40225
79583
80130
39220
39223
39224
39229
39225
39229
41678
39225
39228
41203
41694
39227
39228
40989
41204
41679
39231
39232
39236
39236
39249
39251
39233
39243
39234
39237
39235
39238
39236
39252
39256
39257
39256
39345
39240
39245
39241
39244
39246
39244
39257
39251
39246
39250
39249
41604
39251
41607
39255
39259
39254
39260
39255
39261
39259
74400
74577
79998
39260
39262
41248
39264
39267
39268
39270
39269
39270
39994
39267
39275
39268
39269
40994
39272
39273
39274
39281
39282
43044
39276
40001
39277
39278
39278
39280
39282
39279
39281
40000
41389
39284
39285
39807
42816
39288
76448
39286
39288
39289
39293
39289
39290
39290
42818
39294
42819
39292
39293
39813
39295
39296
40024
39294
39808
39296
40023
42588
40026
39299
39299
39301
39504
41354
39303
39585
40410
40423
39306
41377
41379
74648
40795
41376
40795
40796
39311
39313
39317
39312
39320
39316
40473
39315
39854
40200
40807
39319
39322
39319
39320
39319
39321
39323
39321
39323
39325
39327
39326
43065
40288
39330
43181
79749
39337
39358
74652
79705
39332
39343
39334
39349
40990
39336
39337
39343
39338
39341
39339
39342
39343
39341
39348
39341
39344
41163
41164
39345
39346
39348
41163
39347
39348
39349
39351
39354
39355
39352
39353
39355
41628
39359
39480
39846
74430
79759
39360
39479
39361
39491
39363
39364
39490
39363
43015
39365
39489
43022
39367
39368
39374
39370
39622
39369
39371
39372
39375
39373
39372
39373
42844
39386
39376
39623
39376
39378
39380
39382
43392
40679
39385
39387
39390
39390
39392
39392
39400
39402
41296
39396
39397
39400
39398
39402
39860
39399
39401
39864
39401
41302
39835
39405
39406
39407
39946
39411
39414
39417
39413
39420
39421
39418
39667
39412
39427
39418
39667
39414
39421
39418
39416
39507
80058
79795
39420
39704
39421
39702
39424
39425
39665
39424
39663
39426
39428
39667
39428
40692
39428
39430
39432
39769
39431
39433
39434
39436
39436
42552
39435
39447
39435
39438
39439
79821
79834
80097
39449
43100
39443
39446
39449
39448
43101
39447
39448
39769
39446
39449
39447
43102
39451
39452
39453
39454
39454
39455
39464
39472
39456
39460
39457
39473
39465
39476
39459
39462
39469
39460
39463
39464
39465
39463
39467
39467
39468
39464
39466
39469
39469
39575
41024
42396
42951
39472
39474
39473
39475
39476
39475
39478
39477
39478
41023
42652
39480
39481
41472
41471
39484
39491
39527
40041
74430
79759
39484
39486
39491
39485
39492
39487
39492
39488
42060
39489
42061
39490
39491
39493
40085
42066
42822
39495
39509
43296
39496
39497
39498
43295
39499
39500
39502
39501
39518
39501
39502
40678
39504
39511
39512
39511
39512
39513
39517
39513
39514
40349
39567
79770
79776
39510
39511
39518
39510
39518
39519
39514
39517
39515
39520
40347
40349
39520
40349
42203
39520
43300
42201
39522
39526
39529
40406
40408
39524
42100
39528
39530
39526
39528
39529
39530
39567
79796
80301
42091
40409
42097
41008
41010
39533
39535
39542
39536
39538
39538
39544
39537
39543
39539
39546
39546
39604
39541
39540
39545
39598
39541
39599
39543
39544
39549
39546
39596
39607
39548
39550
39551
41201
39550
39551
41198
39553
39564
39759
39556
39561
39556
39557
41971
39559
39560
39559
39561
39562
39560
39565
39563
39564
39565
39566
39566
79747
79815
39570
39572
41059
39570
41057
41056
39572
39573
39575
74421
39579
39580
39583
39578
39583
39592
39579
39636
39584
39581
39586
39585
39587
40410
39583
39585
39591
39588
39586
41753
39587
40411
39589
39591
39590
39593
39592
39594
39628
39619
39632
39594
39621
41169
41181
39597
39600
39602
39600
39603
39611
39601
43052
39599
39600
39601
43049
39603
39608
39605
39609
39607
39672
40448
79583
79676
39611
39610
39611
39672
41305
39672
39857
41107
39614
39615
39738
39617
39620
39621
41169
39621
41170
39623
39624
39626
39638
39629
39632
39630
41184
39631
39632
39635
39633
39634
39636
39635
39637
39637
39640
39640
39642
40977
39644
39645
39650
39648
41637
39651
41640
39647
39648
39650
39649
41641
39651
39653
39654
42897
39656
39657
39659
42005
39658
42011
41997
39659
39661
39660
41992
39694
39663
39664
39666
39666
39667
39668
39668
39669
39706
39671
39672
41299
39673
39857
39858
39861
41301
39676
39682
39690
39676
39683
39684
39685
39678
39679
39680
39680
39685
41242
39686
39687
41247
39682
39683
39692
39685
41246
41242
39687
39689
39690
39688
39690
39692
39692
39694
39697
39700
39698
39696
39697
43026
39699
39701
39698
39699
43032
43029
39704
39877
79713
79747
79838
79970
39709
43398
39714
39715
39731
39714
39717
39732
39718
39719
39748
39718
39721
39722
39718
39720
39746
39721
39722
39725
39726
39727
39726
39729
39735
39731
39734
39736
39728
39732
39736
42674
39730
39736
39732
39733
39734
39748
39735
39743
39739
39742
39742
41784
39740
39741
41425
41426
39742
41783
41779
39744
39745
39749
39747
39748
39748
39750
39749
39750
41727
39751
41728
41729
41728
39753
39754
39755
39759
39760
41282
39758
39759
39760
41281
41277
41282
39764
39765
39764
42945
39769
42553
39767
42936
39768
42947
42968
42967
39772
39773
41268
39772
41014
41270
39775
39780
39888
39776
39778
39777
39889
39778
39779
42731
39781
42731
39781
39880
42735
39787
39788
39806
42408
39784
39787
39788
39785
39789
39790
39791
39787
39791
39797
39797
42403
39790
39792
40096
40097
39798
40095
42410
39794
39796
39797
39795
39798
39799
39894
39799
39800
41058
39800
41059
39804
39803
39805
39806
39803
39804
41057
39804
41056
39806
42409
42411
39808
39809
39813
39810
39815
42816
39812
39815
39815
42594
42817
39813
39814
42589
42590
42595
42817
39817
39818
39819
40865
41432
39825
39820
40867
39821
40764
40769
40873
40886
39823
39825
40608
39824
40603
40771
40774
40765
40604
40775
39828
69985
76424
76580
76561
76578
76586
67768
71228
39832
40373
76563
39832
39833
39834
39834
39835
40375
39838
39852
39839
39840
39839
39847
39841
42258
39843
39844
39848
39845
39847
39848
39849
79736
79798
79848
39850
39851
39851
39852
40202
40204
39853
39854
40202
39856
39859
42421
39858
39859
39865
39861
39862
41302
39864
39865
39864
39865
39868
39868
41261
43149
39873
39875
39877
39874
40589
41141
40592
39875
42879
39876
39877
39878
42884
39882
39883
39888
39882
39888
39883
39884
39890
39885
39886
39885
39887
39890
39889
40285
39889
74430
79735
79786
79848
39893
39894
42913
42912
39896
39899
39899
41063
42163
43104
39901
42955
39902
39904
39905
43434
39906
40356
39907
39907
39908
39909
39909
40357
39911
40718
41713
39913
39914
41162
39915
40135
39917
39918
39920
39923
39924
39919
39921
39922
42370
39921
40399
39922
43211
42048
42051
40028
79788
79814
39927
42053
40227
39931
39933
39931
39932
42295
42682
39945
39939
40542
43412
39938
39940
43304
39939
43305
43416
39941
39941
40546
39943
40157
40917
39944
39945
39946
39946
42643
39950
39957
39951
39953
39961
39955
39956
39958
39957
39961
39957
39960
39962
39962
39964
39964
39968
39973
39980
43186
39967
39974
39981
39978
43423
39970
39975
39971
39972
39979
39979
39980
39983
39972
39978
39974
39976
43195
39975
39976
39977
39981
39986
43193
39985
39987
43177
39986
39987
39985
39988
41318
43182
43199
39989
39988
39990
41314
39990
41311
39992
40003
40007
39993
39994
39996
40002
40003
39998
39999
39999
40000
40005
40003
40004
40006
40001
40001
40002
40005
40008
40681
40008
40010
40010
40009
40010
42562
40012
41532
41538
40015
42608
40015
40017
42607
42606
40017
41194
41192
43041
40378
40791
76481
40021
41326
40024
40025
40026
40024
42430
40885
40900
40888
40029
79648
79715
79781
40044
41365
40032
40045
40032
40038
40034
40035
40036
40038
40036
40037
43058
40042
41579
40040
40044
40909
78819
79796
79839
40043
40046
40907
40045
40046
40049
42035
43245
40049
40050
40052
40054
42033
43244
43245
43248
79700
81648
40054
40056
40055
40055
40363
40058
40059
40060
77844
41127
77936
40062
41130
40061
77849
40062
41733
41134
41732
41858
77741
77915
40071
40076
40079
40071
40076
40077
41621
40067
40072
40074
40077
40069
40072
40078
40073
40075
40081
40075
40078
41861
40072
40079
40083
40078
41865
40084
41623
41863
40081
40084
40082
40083
43165
42822
40091
41042
40091
40093
40098
40104
40094
41046
40094
40095
41049
40094
40095
40092
40096
40097
40097
40106
41546
40096
40103
43962
79698
40108
42887
42888
40127
40255
40448
40103
40104
40490
40492
40105
40107
40108
40108
42893
40487
42887
42890
41122
42297
40111
40112
40114
40116
40117
40113
40117
41159
40115
40116
41124
40132
40133
40121
40120
40121
40122
40128
40131
40128
40131
40129
40130
40129
42170
42616
79746
41438
42207
40135
40924
40929
40137
40141
40146
40138
40140
40142
40142
43428
40145
40142
40144
40146
40147
40148
42220
40148
42228
40150
40150
40597
42221
40153
40157
40915
40153
40154
40919
40156
40156
40158
42034
42037
40160
40161
40172
40162
40164
40163
41469
40165
40166
40694
40165
42954
40166
40167
40171
40695
40169
40168
43328
40169
40170
43272
43273
43271
43330
41468
43329
41468
41469
40177
40182
42616
79643
40176
40180
40179
40182
40178
40181
42236
42481
40211
40184
40185
40383
40187
40191
40193
40189
40194
40194
41880
40190
41881
40192
41399
41883
40192
41402
40194
43276
40197
42288
40198
40202
40203
40205
40203
40807
40205
41373
41867
41375
40205
41861
41864
40207
40208
40210
40209
40211
40213
40214
40217
40222
40215
40216
40228
40216
42538
42583
42537
40428
42575
40219
40224
40431
40232
40429
40232
40314
79628
79690
80128
40229
45065
79804
80128
40230
40429
79697
79813
40232
40228
40428
40429
40428
40430
74658
79641
79813
40235
40236
40241
40238
40241
40246
40239
40240
40242
40243
40240
40243
42966
40239
40850
40855
40856
42958
40242
40244
40252
40245
40253
40246
40248
40251
40248
40249
40250
40251
40250
40254
40253
41165
40254
79591
79657
40848
40851
40258
40265
40260
40265
40264
40265
40262
40266
40263
40264
43350
40264
40267
40267
42764
43351
40267
42760
42758
40269
40276
40273
42416
40271
42226
40273
40274
42231
42222
42484
40274
40276
40279
40280
41462
40281
40314
40526
79690
40279
41464
40281
42760
42906
40286
40286
40290
40289
40290
40292
76468
77890
40293
76466
77807
40295
41733
40295
77807
41736
40297
40307
40311
40298
40299
40300
42749
43303
40300
40301
41901
40302
40312
42262
40306
42175
40305
40307
40313
40308
40309
40308
40310
40311
40312
42175
40315
40316
43290
43297
43294
43298
40313
40315
40585
79678
42186
42175
42178
40319
40321
40324
40324
40331
42811
42800
42810
40321
40322
42802
40322
40323
40325
40324
40325
40326
40329
40327
40329
40332
40329
40335
40331
40335
40333
40335
42418
74573
74658
79676
79700
40337
40338
40340
42850
40341
40342
40715
40344
40346
42203
40348
40346
40348
40350
40349
40350
40351
40352
40352
40354
40355
40359
40360
40361
40356
43433
40357
43435
40361
40359
40360
40367
40362
40362
41469
40364
40366
43248
43164
43247
40368
40369
43164
43432
40367
40369
43160
43163
43433
40371
40376
40579
40372
69993
40373
40374
40375
76575
40375
40577
40377
76410
40576
40379
40380
40791
40877
77780
40383
40384
41550
41551
41543
41940
40388
41407
41414
41953
40388
40389
41947
41416
40395
40396
41951
40391
40393
40392
40395
40396
40394
42117
40394
42611
42114
42122
41417
40397
41956
42117
40399
43371
41167
40402
40404
40514
40405
40408
40404
40407
40509
40406
40407
40409
40515
41566
40418
40425
40427
41574
40415
40416
40426
40415
40416
40425
41571
40419
40419
40420
40424
40419
40421
40422
40423
40422
40427
40424
40426
41573
40432
40483
40434
40435
43378
40437
40437
40437
40439
43313
40441
40449
40443
42480
40442
43314
40443
40449
40447
40445
40449
40446
40447
40451
40501
40501
44603
80130
42542
40501
40507
40748
48380
79382
40456
42857
40455
40456
41427
42858
40459
40465
40459
40794
40462
40469
40480
40462
40463
42737
42734
40466
41896
42699
40467
40467
42697
42698
42573
45898
79382
80100
40470
40471
40480
40472
40475
40473
40477
40478
40482
40478
40482
40479
40480
40481
40481
43268
40479
40480
43270
42257
40485
40485
40497
40487
40489
40498
40488
40490
40498
40541
40490
40491
40492
40494
42921
42919
40494
40497
42922
40495
40496
40497
40498
40540
40532
40500
40504
42482
40502
40507
40504
40506
42361
79353
79618
80128
40507
43424
40510
40511
40516
40510
40514
40513
40517
40513
40515
40519
40514
40515
40517
40518
40519
40523
42980
40523
40524
42018
40524
40525
42021
40530
42426
79715
79807
40528
41483
42159
40529
42160
41485
40531
42018
42017
43342
40534
40535
40534
40541
43117
40539
43107
40537
40540
40538
40540
40538
40539
43113
42887
40543
40546
40549
40545
40548
40545
40547
42920
42923
40547
40549
42924
43409
40551
40552
40556
41893
40556
40557
40555
40557
40558
40557
40561
42401
40560
40561
41541
40566
40567
40572
40565
40567
40566
40568
40621
40570
40573
41336
40571
41330
40573
42963
40623
41337
40622
40575
42766
40579
40580
40578
40579
40581
40878
40583
40592
40593
40586
40588
40587
40593
74646
79353
79672
40589
40591
40588
40590
40592
40591
43397
40599
40600
42486
40598
40599
40601
40597
40601
40598
42221
42233
42483
40601
42675
40603
40605
40606
40604
40608
40605
40610
40607
40609
40608
40633
40610
40634
40612
42393
40613
42389
42383
40615
40618
40619
40625
40630
40620
40621
40624
40639
40781
79621
79674
40624
40625
40626
40628
40623
40624
40623
43174
40629
40628
40630
42042
40629
42039
42040
42214
40632
40633
40634
40636
40637
40638
41419
41420
41422
41670
79338
79358
40891
42210
40643
40643
40644
40685
41875
42573
79338
79945
40647
40650
40658
40648
40655
41534
40658
42193
40650
40652
40655
40660
40651
40653
40656
40653
40664
40654
40661
40656
42188
41537
40657
40658
42192
40660
40663
42116
41958
40666
42177
40665
40669
42183
40664
40665
40667
40666
40666
40670
40668
42116
40669
42121
42119
42181
42177
42184
40672
40676
43359
40674
43360
40674
42296
40676
40678
40677
40680
40681
40682
40682
40683
40686
40688
40686
40689
40688
40689
40690
40691
41071
40693
41071
40693
41077
41078
40695
40696
40699
40697
43273
40698
40699
40701
40700
43274
40701
40702
40705
40706
40707
40716
40707
40711
40714
40710
40712
40714
40712
40716
40713
40716
43148
40715
40763
40718
40720
40736
40722
40723
40729
40724
40732
40728
40730
40726
40730
40728
40731
40729
40731
40732
41977
40729
42990
40760
40734
40736
41714
40735
43345
40741
40742
40741
40742
40742
41362
40741
40752
40745
40749
40751
40746
40757
40750
40755
74391
79598
40750
40752
40752
40754
40755
40756
40757
40756
41582
41359
40759
42970
40761
41980
40762
43310
40765
40769
40774
40774
45898
79655
79842
40772
40776
40779
40776
40899
40903
40777
40772
40773
40775
40772
40774
40775
40776
40778
40779
40886
40899
40901
40899
40788
42747
43251
79586
79679
80137
40784
40785
40787
40789
40790
43408
43413
40786
43413
40786
42741
42744
40789
43309
40790
43250
43413
43414
43415
42820
40793
41742
42474
42475
40798
40799
40801
40802
40803
40802
43134
40801
40803
40805
41647
41652
40893
40804
40805
40894
40895
41648
40807
41368
41371
79588
79994
80104
40810
40811
42038
42035
40814
40819
43227
43239
40814
40817
40819
40815
40816
40824
40818
40821
40818
43067
43231
40822
40823
40824
40824
40827
40825
40826
43235
40828
43156
40826
43159
43238
43239
40828
43431
43158
43430
40831
40833
40831
40837
40832
40833
41562
40834
40836
42630
40837
40842
40839
40844
41562
40843
42661
40842
40843
40844
40844
40846
40848
42205
42209
40848
40849
40851
42209
40857
40851
40855
40852
40853
40857
40854
40855
40856
40860
42962
40856
40860
40859
42282
40860
42959
40862
40866
40870
40871
40873
40887
40869
40870
40880
40866
40867
40868
40867
40868
40869
40873
40872
40872
40882
40871
40888
40881
40877
40880
40882
40884
40876
40878
40883
40881
40882
40878
40931
41168
41225
40883
42140
40887
40888
40901
40887
40890
40893
42136
42138
40892
40894
40895
40894
40896
40897
42210
41648
42211
40899
40900
40902
40901
42431
40903
42437
42438
40905
40907
40906
40908
40909
40909
40910
40913
40921
40918
42695
40915
40917
40920
40919
40919
40921
40918
40920
40921
40923
42995
43358
40928
40929
40933
40932
40933
40927
40929
41715
40928
41717
40930
40932
41712
80298
40934
40992
40937
40938
40941
40938
40940
40941
40944
40943
40946
40945
40945
40947
41846
41857
40951
40953
40961
40950
40953
40957
40960
40952
40955
40956
40959
40954
40957
40962
40956
40958
40962
43443
40961
40961
43423
43442
40964
40967
42644
42519
42644
40969
40972
40978
40970
40971
40973
40975
40972
40976
40977
40977
40979
40980
40980
40981
40981
40979
41645
40983
40985
40987
40989
41204
40987
40988
40986
41205
40987
40989
40991
40993
42988
40995
40997
40999
48406
80019
41000
41002
41011
41004
41364
41004
41006
41005
41415
41006
41953
41007
41949
41969
42164
41009
41010
41011
41363
41015
41017
41017
41272
41016
41035
41271
41021
41022
41021
41021
41026
43055
41026
41024
41025
41026
42396
41028
41029
41032
41037
41967
41350
41965
41033
41035
41036
41032
41034
41037
41033
41034
41036
41430
41044
41045
41052
41047
41052
41053
41043
41048
41053
42915
41042
41046
41048
41049
41051
41051
42916
41047
41050
41050
41548
41049
41050
41048
43256
42914
41055
42693
41057
41058
41059
43154
41063
41064
41065
41065
41068
41072
41072
41073
42200
41069
41073
41070
41071
41074
41073
42632
41074
42199
42628
41076
41076
41086
42632
41078
41079
41079
41081
41082
41082
41087
41082
41086
41084
41084
41085
41091
41088
41091
41092
41092
41088
41089
41094
41090
41094
42865
41093
41094
42862
42864
41097
41098
41099
41100
41150
41669
41103
41153
41101
41102
41100
41105
41105
41665
41103
41104
41659
41155
41105
41673
41658
41154
41113
41118
41110
41113
41748
41111
41112
41113
41115
41118
41116
41117
41119
41436
41118
41121
41123
41124
41122
41124
41125
41156
41160
41127
41128
41132
41130
41130
41131
41131
41133
41142
41134
41139
41135
41134
41723
41136
41139
41137
41143
41139
41140
41140
41142
41142
41141
41144
41144
42880
42879
41146
41151
41149
41150
41152
41154
41152
41154
41155
41151
41153
41153
41152
41155
41160
41158
41161
41159
41162
41160
41162
41437
41164
41167
41167
42876
79351
79668
41171
41171
41177
41182
41173
41175
41174
41179
41609
41175
41178
41183
41177
41183
41182
41180
41182
41180
41614
41184
41182
41184
41186
41189
41189
41190
41530
41196
41454
41456
41195
41196
41195
41196
42048
41195
42049
41200
41200
41201
41203
41689
41692
41694
41204
41205
41692
41207
41209
41210
41216
41219
41217
41218
41212
41215
41216
41224
43042
41213
41214
41384
41215
43034
41218
41385
41219
41387
41222
41223
41224
41221
41222
41223
43046
41387
41389
41230
41227
41232
41233
41236
41229
41235
41236
79670
79842
80297
41233
41245
41235
41235
41241
79655
79677
41239
41243
41247
41244
41241
41242
41243
41245
41246
41244
41245
41251
41258
41259
41252
41256
41258
73583
41257
74414
79801
41259
41260
41260
41266
41267
41274
41264
41274
41285
41265
41266
41410
41268
41412
41269
41271
41273
41269
41270
41272
41272
41274
41281
41276
41276
41278
41283
41279
41279
41286
41283
41284
41282
79713
79803
79830
41282
41285
41286
41406
41288
41289
41292
41290
41291
41292
41293
41295
41303
41297
41297
41302
41300
41300
41304
41305
41300
41301
41305
41302
41304
41307
43065
41308
43202
43066
41310
41374
41738
41314
41315
41313
41316
41317
41314
41318
41316
41318
43202
43197
41325
41326
41328
41325
41328
41329
41395
41322
41324
42522
41323
41325
41327
42524
41329
41873
42525
41327
41397
41876
41336
42280
41332
41334
41333
41338
41335
41335
41336
41337
41337
41340
41345
41344
41989
41343
41346
41345
41346
41348
41349
41349
42093
42103
41352
41963
41351
41352
41965
41963
41354
42296
41356
41357
43072
43053
43073
43365
41740
74408
82201
41364
41413
41415
41366
41370
41376
41370
41371
41376
41370
41372
41375
41374
41375
41374
41375
41738
41378
41381
41382
41382
41385
41386
41385
41589
41388
41389
43044
41394
41395
41396
41394
41396
41404
42014
41397
41398
41402
41399
41402
41400
41401
41403
41403
41892
41894
41404
42135
42015
41406
41408
41410
41409
41408
41409
41413
41414
41416
41411
41412
41413
41415
41417
41420
42491
41420
41423
42494
41423
41424
41427
41423
41425
41783
41425
41426
41427
41429
41430
41432
42145
41435
41437
41439
42173
41441
41442
41445
41443
41443
42152
41444
41447
41449
41450
41451
42610
41449
42609
41455
41452
41453
41453
41454
41457
41455
41459
42607
41457
41460
42049
41458
41459
41460
42052
41463
41465
41466
41464
41465
41464
79335
80069
80114
41471
41472
41475
41476
41772
41475
41487
41773
41480
41477
41478
41489
41769
41480
41481
41488
41487
41489
41483
41484
41484
41485
42981
41485
41486
42982
41488
41491
42977
41489
41491
42132
42158
42159
41493
41497
41495
41496
41496
41497
41974
41498
41501
41503
41508
41501
41508
41558
43141
41503
41506
41509
41505
41505
41506
41514
41507
41515
41510
41513
41508
41519
41554
41510
43135
43146
42722
41512
41513
41514
41521
42711
42715
41520
41518
41520
41517
41520
41523
41518
42244
41519
42245
42249
41522
41522
42715
41523
41524
42239
42256
42730
41526
41527
41948
41535
41955
41969
41529
41531
41531
41534
42193
41534
41536
41538
41536
41538
41537
41959
41958
41540
41541
41542
41547
41545
41547
41548
41546
41548
41550
41551
41930
41928
41555
41556
41559
41555
41557
41558
41555
42249
41557
42251
42514
41562
42420
41564
42422
43363
41564
43224
43143
41567
41569
41755
41569
41570
41760
41761
41571
41574
41576
41577
41577
41576
41577
42952
41579
41580
41581
42381
41584
41586
41587
41589
41590
41588
41590
41592
41593
41594
41594
43114
41597
41598
41601
41601
41604
41599
41605
41603
41604
41600
41606
41603
41602
41605
41607
41607
41608
41608
41629
41627
41610
41611
41612
41613
41614
41613
41616
41619
41618
41625
41618
79820
79981
80289
41619
41621
41623
41624
41625
41625
41627
41629
41630
41628
41632
41631
41631
41632
42366
42368
42364
41634
41635
41837
43285
41830
41845
41639
41640
41644
41638
41640
41641
41639
41643
41642
41643
43286
41646
41847
41649
41651
41649
41653
41651
41653
41848
41652
41976
41849
79407
79672
79678
41656
41657
41661
41659
41673
41663
41990
43321
41672
41673
41662
41661
41674
41983
41984
41990
41663
43322
41667
41669
41666
41669
41667
41671
41668
41671
44604
79398
79844
41672
41674
41674
41676
41677
41679
41685
41681
41681
41682
41696
41685
41686
41696
41687
41697
41870
41685
41686
41689
41694
42523
41688
41872
41689
41692
79308
79324
80304
41792
44635
79382
79806
79351
79980
80139
41696
41698
42526
41699
41868
41872
41699
42520
42523
42525
41701
41707
41703
41710
41704
41705
41706
41706
41707
41705
41711
42182
41708
41709
41709
41711
79346
79842
80298
41714
41715
41717
41717
41719
41720
41719
41720
41724
41730
41731
41723
41731
41732
41734
41725
41727
41734
41728
41734
44795
79358
79806
79995
41729
41730
41735
41733
41736
41736
41738
41739
41866
41867
41743
41744
41743
41746
41746
42504
41749
41750
41750
41753
41755
41754
41755
41754
41758
41764
42337
41758
41760
41761
41763
41762
41763
41763
42344
41764
41943
42349
41766
41768
41767
41775
41772
41774
41771
41774
41776
41772
41773
41776
41780
41782
41780
41785
41781
41784
41781
41782
41783
41785
41790
41791
41797
41793
41797
41793
41798
41794
41798
41800
41819
41795
41796
43243
45388
48380
74704
41795
41799
41796
41802
43246
41821
41800
41801
41808
41807
41802
41817
43249
41805
41806
41814
41806
41814
42467
41808
41811
41815
41810
41811
41819
41817
43613
79599
41824
41825
41825
44795
74671
74704
79327
41814
41825
42861
41816
43157
41817
43162
43161
41820
41822
41824
41820
41821
41822
41825
41832
41834
41839
42774
41833
41841
41842
43337
41829
41837
41842
41830
41831
41837
41838
41833
41836
41833
41834
41835
41855
41840
41855
41838
41840
41844
41845
41841
42773
41856
43338
43333
41844
41845
41846
41856
41847
41847
41850
41852
41853
41855
41854
41852
41853
41856
41854
41855
41857
41857
42190
42191
42275
41863
41864
41865
41866
41864
41866
41867
41871
41873
41876
41878
41874
41877
41877
41878
42523
41876
42573
79666
41881
41883
41884
41889
41884
41894
41886
41888
41887
41890
41888
41891
41893
41891
41893
41892
41892
41894
41896
41899
41909
42266
41900
41901
41904
43263
43264
41905
41911
41923
41924
41904
41905
41907
41909
41910
41906
41910
41911
43261
41908
41909
41924
43263
41912
41926
43265
48406
79659
82166
41917
41921
41922
41917
41923
41925
43624
43637
43696
75084
41920
41921
41923
41926
41926
43254
41925
41930
41925
43253
41928
41929
41930
41931
42272
41933
42197
41935
41935
41936
42690
43120
41940
41942
43169
41945
43170
41946
41945
41946
41950
41951
41953
41950
41952
41955
41950
41969
41952
41956
41955
41956
41959
41957
41958
42118
41959
41962
41963
41968
41964
41968
41964
41965
41968
41966
41967
41967
41972
41974
41973
41973
41976
41978
41980
41979
42986
41981
42975
42991
41981
42974
41984
41985
41987
41984
41988
41986
41989
41990
43323
41988
41989
41993
41995
41998
41993
41994
41997
41996
41995
42000
41997
43219
42000
43218
42000
42001
42003
42368
42004
43024
42004
43031
42009
42007
42008
42009
42012
43312
42010
42011
42550
42554
42557
43313
42015
42016
42135
42928
42019
42020
42019
42022
42023
42031
42022
42024
42023
42024
42029
42539
42026
42029
42535
42032
42540
42028
42030
42032
42029
42031
42031
42036
42038
42037
42038
42038
42037
42041
42042
42041
42964
42047
42045
42044
42045
42218
42869
42046
42047
42965
42051
42050
42051
42052
42053
42053
42055
42067
42056
42058
42075
42057
42058
42832
42065
42823
42060
42062
42065
42061
42066
42063
42063
42076
42064
42072
42507
42066
42823
42070
42074
42075
42069
42510
42532
42074
42508
42071
42076
42073
42508
42076
42077
42077
42510
42512
42076
42505
42080
42085
42087
42083
42085
42081
42083
42084
42088
42084
42089
42086
42086
42101
42088
42095
42089
42091
42096
42102
42097
42100
42093
42094
42095
42094
42103
42096
42101
42098
42098
42101
42100
42102
42103
42105
42111
42112
42106
42107
42108
42112
42113
42113
42110
42113
42115
42121
42116
42117
42118
42118
42121
42122
42611
42122
42125
42129
42153
42125
42127
42128
42130
42127
42130
42131
42133
42150
42130
42132
42133
42154
42158
42135
42138
42144
42140
42142
42145
42141
42146
42140
42142
42143
42142
42147
42147
42147
42146
42149
42150
42151
42152
42153
42154
42155
42156
42427
42156
42155
42162
42158
42159
42162
42160
42161
42162
42426
42427
42165
42166
42168
42173
42169
42170
42171
42174
42172
42172
42174
42188
42179
42180
42184
42183
42182
42183
42184
42186
42187
42189
42189
42263
42189
42191
42192
42277
42193
42195
42612
42197
42199
42635
42200
42633
42627
42202
43291
42203
43299
42206
42207
42206
42209
74391
79598
79695
42211
42212
42776
42216
42218
42215
42216
42217
43171
42217
42219
42219
42221
42229
42232
42223
42226
42224
42233
42483
42226
42227
42227
42228
42230
42231
42229
42229
42232
42231
42233
42235
42237
42236
43374
42237
42238
42240
42256
42241
42242
42243
42255
42243
42244
42246
42246
42247
42250
42248
42249
42250
42251
42515
42251
42253
42256
42727
42254
42729
42255
42256
42258
42260
42263
42265
42268
42263
42264
42265
42266
42267
42267
42270
42279
42271
42273
42278
42271
42279
42272
42274
42274
42276
42275
42276
42277
42278
42279
42281
42282
42284
42285
43017
42287
43288
42288
42291
42293
42292
42293
42296
42294
42295
42294
42294
42881
42397
42302
42303
42309
42302
42306
42311
42304
42307
42322
42324
42305
42306
42307
42313
42316
42324
42324
42311
42378
42377
42313
42781
42314
42322
42321
42788
42317
42320
42325
42318
42323
42371
42323
43317
42320
42324
42320
42321
42322
42325
42371
42333
42330
42333
42332
42333
42331
42332
42335
42348
42352
42336
42338
42337
42339
42344
42349
42341
42350
42342
42345
42341
42343
42355
42351
42343
42346
42347
42353
42345
42346
42347
42358
42349
42351
42352
42482
42354
42355
42356
42359
42361
42357
42358
42360
42360
42361
42365
42366
42367
42364
42365
42370
42366
42369
42368
42369
43209
42373
42373
42374
42375
42375
42435
42377
42378
42379
42436
42380
42441
42385
42387
42383
42385
42387
42389
42384
42386
42766
42386
42765
42391
42389
42390
42393
42391
42392
42393
43060
42395
42950
43054
42396
43055
42398
42400
42401
42407
42411
42404
42405
42410
42412
42405
42408
42410
42406
42412
42406
42407
42411
42409
42411
42414
42416
43637
79555
80014
42419
42419
42421
42422
42424
42425
42427
42426
42428
42428
42433
42434
42437
42431
42432
42437
42433
42439
42440
42435
42436
42438
42441
42438
42440
42441
42443
42444
42445
42486
42484
42449
42450
42462
42450
42452
42459
42449
42454
42866
42453
42863
42451
42452
42454
43232
42465
42865
42456
42462
42464
42457
42460
42459
42468
42461
42468
43238
42462
42461
42466
42467
42465
42464
42469
42465
42467
42469
43240
42473
42475
42476
42473
42474
42475
42474
42478
42479
42480
42481
42480
42482
42485
42485
42486
42488
42493
42496
42491
42494
79474
79974
42492
42494
42496
42858
42495
42497
42497
42853
42859
42499
42500
42503
42504
42502
42504
42502
42506
42509
42512
42507
43013
43019
42510
42511
43021
42528
42512
79658
79694
42516
42519
42516
42517
42518
42519
42645
42600
42521
42522
42524
42526
42524
42525
42529
42793
42804
42530
42532
42533
42530
42847
42533
42533
42849
42806
42537
42540
42539
42540
42637
79562
79733
81397
42538
42972
42998
42544
42545
42548
42546
42559
42550
42556
42547
42555
42559
42549
42551
42552
42554
42554
42557
42553
42555
42553
42557
42558
42559
42563
43386
42563
43384
43385
42565
42566
42567
42566
43281
42579
42570
42574
42578
42570
42579
43386
43388
42577
43393
43394
42574
42575
42577
45898
42578
42581
42579
42582
42586
42582
42583
42584
42584
42585
42587
42587
42978
43280
42979
42589
42590
42596
42592
42593
42595
42596
42599
42599
42601
42602
42645
42602
42604
42605
42609
42608
42606
42610
42608
42610
42610
42612
42624
42669
42615
42619
42622
42617
42621
79591
80031
42618
42670
42671
42620
42623
42621
42623
42624
42626
42627
42628
42629
42630
42629
42633
42631
42638
42631
42632
42635
42636
42638
42639
42636
79553
42654
43222
42642
42643
43220
43221
42646
42648
42646
74550
79649
42651
42652
42652
43167
42655
42659
42657
42710
43277
79638
42658
42659
42660
42667
42672
42666
42677
42665
42666
42684
42670
42672
42754
42670
42672
42671
42755
80103
82226
82238
42675
42677
42679
43422
43444
74590
74661
43443
43444
42681
42682
42689
42686
43445
42685
42687
42687
42690
42691
42691
42693
42694
43835
79392
42699
42701
42702
42700
42701
42705
42734
42704
42703
42704
42705
42735
42707
43051
43073
42709
42717
42709
42711
42712
42713
42714
42715
42716
42728
42716
42730
42719
42723
43076
43128
74827
42721
42721
42724
42722
42724
43074
43082
43085
43144
42729
42728
42729
42730
42732
42736
42733
42736
42734
42735
42737
42740
42741
42748
42740
42746
42751
42743
42743
42744
42743
42746
42747
42746
42753
42748
43257
42750
42752
42751
43260
42753
43258
42753
43302
42755
42758
42759
42761
42759
42761
42763
42760
42762
42763
42764
42766
43335
43339
42769
42771
43338
42770
42772
42773
42771
43336
42774
42775
42774
42776
42776
42779
42783
42784
42780
42781
42785
42780
42788
42788
42789
42783
42785
42790
42792
42791
42792
42786
42787
42789
42790
42799
42792
42801
42804
42852
42804
42794
42804
42806
42796
42805
42797
42805
42798
42801
42798
42803
42800
42801
42802
42802
42803
42814
42806
42808
42809
42812
42813
42815
42810
42811
42814
42812
42813
76441
42819
76520
42820
71212
42822
42824
42825
42825
42824
42836
42837
42831
42833
42831
42832
42838
42834
42838
42834
42835
43962
78330
79656
42836
42836
42835
42837
42841
42837
42840
43205
42841
42843
42844
42850
42846
42848
42845
42846
42851
42847
42849
42852
42849
42850
42852
42857
42857
74428
80120
81463
42858
42861
43404
42866
42864
42866
42865
42869
42870
42877
42869
42870
42873
42871
42874
42875
42874
42876
42874
42876
42877
42879
42880
42882
42884
42881
42882
42883
42884
42887
42888
43117
42889
42894
42894
43094
42893
42895
42892
42893
42895
42912
42895
42911
42911
42899
42900
42901
42898
42903
42899
42904
42905
42902
42903
42902
42905
42908
42909
43093
42910
42912
42913
43054
42911
43092
42913
42915
42924
42917
42917
42919
42918
42921
42923
42921
42922
42923
42922
42924
42928
42930
42932
42931
42946
43327
43407
42934
42935
42942
42936
42939
42944
42945
42945
42947
42941
42947
42939
42940
42942
42941
42943
42946
42946
42949
42949
43381
42948
42949
43376
43380
42951
79706
79790
42957
42956
42957
42961
42966
42962
42963
42961
42963
42964
42962
42965
42966
42968
43153
42970
42971
42973
42974
42972
42974
42975
42973
42999
43000
42978
42982
43282
42982
43278
42979
42980
42981
42982
42984
42985
42987
42988
42989
42986
42993
42990
42991
42988
42995
42992
42993
42992
43000
42994
42995
42999
43000
42998
42999
43000
43002
43003
43008
43010
43006
43008
43017
43007
43011
43017
43018
43023
43010
43011
43013
43014
43020
43018
43020
43019
43021
43019
43022
43023
43045
74612
82221
43021
43025
43033
43028
43031
43028
43029
43032
43028
43029
43030
43033
43032
43438
43037
43038
43040
43040
43041
43041
43043
43046
43044
43108
81651
43047
43050
43051
43052
43050
43053
43053
43055
43057
43059
43060
43059
43063
43063
43064
43066
43068
43070
43084
43070
43078
43451
43081
43449
43072
43075
43447
43073
43076
43075
43076
43077
43078
43078
43082
43081
43080
43082
43086
43081
43084
43085
43084
43086
43086
43091
43092
43112
43090
43091
43095
43090
43091
43116
43093
43094
43095
43118
43097
43098
43101
43099
43103
43100
43104
43102
43101
43102
43104
43106
43109
43117
43128
74546
79660
43111
43112
43111
43113
43114
43115
43116
43118
43115
43116
43118
43121
43124
43168
43122
43130
43130
43124
43126
43127
43129
43129
74428
79632
80120
43133
43134
43145
43137
43138
43142
43139
43143
43140
43145
43140
43144
43142
43146
43143
43145
43146
43148
43150
43151
43153
43153
43154
43156
43157
43159
43158
43159
43162
43163
43161
43164
43249
43162
43163
43166
43167
43170
43172
43175
43171
43173
43174
43175
43177
43179
43187
43182
43193
43180
43182
43183
43198
43180
43188
43184
79790
43184
43201
43185
43194
43333
43187
43191
43188
43193
43189
43194
43191
43196
43192
43196
43339
43192
43195
43196
43332
43199
43204
43199
43200
43201
43203
43287
43204
43204
43207
43208
43216
43211
43215
43210
43213
43210
43213
43211
43213
43214
43216
43216
43371
43374
43219
43221
43222
43225
43230
43225
43364
43233
43364
43227
43228
43231
43237
43229
43230
43232
43241
43232
43233
43234
43234
43450
43236
43238
43237
43240
43239
43241
43241
79976
80098
43244
43245
43246
43247
43248
43249
43251
43253
43265
43253
43254
43255
43256
43256
43415
43258
43259
43260
43261
43265
43262
43264
43262
43263
43264
43267
43268
43269
43268
43275
43276
43272
43273
43271
43272
43274
43275
43276
79517
79695
82226
43282
43282
43282
43353
43285
43286
43287
43292
43294
43297
43297
43299
43292
43299
43300
43293
43296
43301
43297
43298
43296
43301
43300
43303
43302
43303
43305
43311
43308
43307
43308
43309
43310
43311
43414
43310
43313
43314
43316
43317
43319
43324
43325
43320
43323
43321
43325
43322
43326
43324
43326
43327
43407
43329
43330
43331
43334
43339
43334
43337
43336
43339
43338
43338
43341
43346
43343
43344
43343
43344
43346
43346
43348
43355
43349
43350
43352
43357
43351
43353
43353
79534
79660
79978
43356
43357
43360
43360
43362
43363
43364
43364
43365
43446
43447
43368
43369
43372
43368
43372
43373
43370
43373
43374
43372
43380
43382
43380
43381
43383
43379
43381
43383
43383
43385
43392
43389
43388
43388
43389
43393
43393
43395
43394
43395
43392
43395
43394
43397
43398
43400
43403
43401
43402
43403
43404
43406
43407
43411
43414
43410
43412
43411
43415
43412
43416
43416
79547
79629
43421
74802
81470
43421
43422
43427
43436
43439
74675
79412
43436
43429
43431
43432
43434
43433
43435
43435
79538
79651
79703
43439
43442
43443
43444
43445
43445
43447
43448
43451
43449
43450
43450
43451
43454
43456
43455
43457
43460
43460
43459
43460
43719
43722
43463
43722
43464
44305
43465
45040
43467
43468
45182
43470
43472
44224
43471
44225
43474
43473
43475
43476
43477
44860
43475
43479
43476
43481
44862
44209
44221
43479
43480
43481
43482
43482
43605
43604
44963
43484
76653
76654
76657
45002
76675
43488
43487
43488
43489
43493
43495
43498
43496
43499
43816
43498
43532
43501
43501
44904
43503
43504
43506
43508
43513
43506
43507
43508
43509
43511
43509
45827
45229
43511
43513
43513
45229
43516
43518
43524
43520
43522
43518
43521
43520
43521
44473
44475
43524
45441
43524
43962
79664
82220
43531
43701
43698
45293
43610
79839
43530
43531
43533
77086
79077
43540
43543
43538
43542
43565
79356
79422
46037
79395
79574
79958
43543
43545
43546
45957
43547
43552
43547
43548
43552
43553
43553
43669
43552
43563
74696
75098
79574
43564
43566
45225
43559
43564
43559
43567
45824
43562
43561
43563
43562
45822
45830
43567
45225
49230
79536
45221
45223
45970
43570
44723
43571
44713
43572
44912
43575
43576
45547
43575
45550
43577
43578
43584
45576
43578
43582
43588
43646
43652
43581
43584
45577
43583
46012
43584
43585
43585
45673
46013
45672
43587
43589
43588
43651
44551
43591
43592
43599
43594
45169
43635
43594
44290
45167
45167
43596
43599
45169
43598
45171
43599
43600
43600
43602
43606
43611
43604
43616
43605
43606
43605
43617
43607
43612
43619
43614
45013
79696
79719
43612
43618
48861
79565
43619
44859
43616
43619
44861
43617
43618
44862
43619
43622
43622
45155
44084
79577
43627
44751
43627
44564
43628
43819
44756
43631
43633
43634
43640
44292
43636
43638
43639
44560
79664
79704
43639
44558
44563
43643
43643
43646
43647
43649
43652
43648
43650
45675
45674
43649
45679
43650
43650
43654
44267
43655
43655
43656
45679
43655
43656
43658
43659
45994
43660
45416
43665
43668
43669
43668
43665
43666
43669
43667
43667
45415
43673
43674
45731
43672
43673
45733
45729
43676
43678
43689
43678
43687
43693
43682
43689
43681
43682
43691
43686
43685
43691
43686
43687
43689
43686
43692
43690
48603
74709
79474
43692
43693
43695
43697
43700
43699
44182
48380
80014
43698
45291
43702
43706
43705
43706
43703
43704
44187
44552
43707
43707
43708
45548
45553
45728
43711
43713
43712
43713
43714
77438
77439
43715
77417
43717
43719
43720
43720
43721
43721
43722
44305
43722
43723
44306
43725
43726
43729
43728
45098
43727
44461
43728
43731
43732
45100
45687
44466
45858
45860
45863
43732
44467
45860
45861
43739
43740
45189
43735
43739
43740
43737
43738
43739
43748
43755
43742
43752
43741
43743
43743
45187
43742
45907
46323
43745
43747
43752
43751
46271
43747
43750
45261
43749
43749
43752
44693
43751
45263
46268
43754
45317
43758
43757
43762
45189
43759
43760
43760
43763
43764
43762
43763
44046
46035
43764
43766
43767
46289
46290
43768
46292
45838
43770
43774
43771
43772
43795
43773
44243
46107
46284
43776
43780
43782
43778
43781
43779
43781
43779
43786
43788
43781
45450
46250
46255
43784
43927
43789
43786
43787
46251
43788
46253
43790
43791
43789
43791
43792
46252
43792
44945
43794
46232
46233
43795
44243
43796
46234
45608
43799
43800
43801
43803
43805
43806
43807
43806
43807
45216
43809
43810
46179
43812
46176
43811
43812
44716
43815
46254
45235
43817
44754
44753
45164
43822
45651
43839
43826
43974
43825
43838
43826
43828
45649
44384
76765
43832
43832
43833
43837
44550
79412
79555
43837
44189
44261
43839
43842
43845
45957
43843
46097
46242
45955
46099
43844
46243
46299
44438
43848
43849
44427
43850
44440
43850
43852
44434
44437
44427
43856
45363
43856
44579
43858
43865
44019
43859
43868
44032
43860
43862
43865
43867
43865
43867
44026
43863
43864
43868
43866
43867
44025
44023
44031
43870
43878
46182
46315
43871
46180
43873
43876
43875
46183
43874
43875
43877
43879
43877
43878
45457
45461
46316
44167
43881
43882
43895
43885
43901
43894
43899
43884
43902
43885
43886
43892
43888
43891
45470
43889
45081
43894
45084
43891
43893
44010
45472
43893
43895
43895
44011
43895
43897
43898
43899
43900
44006
43901
43901
43902
44007
43902
43904
43908
43905
44712
43908
43969
43910
43911
43913
43912
43984
43915
43916
43916
43986
43914
43988
43915
44275
44593
43919
43920
44273
43921
44270
43923
43924
44278
43925
43926
43929
43932
45288
43930
44946
45287
46089
43936
43937
44071
43937
44072
43945
43945
43952
43998
44324
79567
79605
43942
43945
44002
43944
44369
43946
43950
43957
43946
44366
44376
43954
43951
43954
43948
43953
43949
43955
43950
43953
43954
43957
44374
43953
43954
43956
43957
45536
45537
43959
44194
43963
43965
45768
43963
43964
45703
45745
46008
43966
45769
43967
43968
43969
45711
43969
45771
43973
43974
43976
43973
43977
44414
43974
43975
44414
44422
44413
44418
44421
44412
44413
44423
76735
76736
76739
43980
43982
43983
76744
43989
61228
62113
76728
76740
43988
76736
43984
43985
43986
43988
43987
43989
43987
43991
43993
43993
44009
43996
43997
77086
44000
44682
43998
45642
44000
44003
44689
44004
44005
44368
44003
44369
44005
44370
44007
44009
44011
45540
44013
44016
44017
44015
45207
44015
45208
44018
45209
44018
44021
44021
44022
44025
44027
44027
44028
44029
44038
44027
44028
44039
44032
44503
44032
44033
44506
44561
44035
44038
44040
44037
44042
44037
44043
44039
44039
44041
44042
44043
44067
44045
44046
44051
44057
44052
44048
44050
44049
44050
44056
44057
44053
44054
44053
46035
44058
44056
44057
44058
74694
79704
45077
45299
44062
44063
44062
45520
44063
45521
44067
44069
44342
44344
44068
44069
46288
44343
46285
44071
44074
44608
44072
44612
44073
44074
44078
44076
44076
44611
44077
44078
45119
44081
46156
44083
44082
44083
46157
45726
74554
77242
44086
44088
44089
44697
45926
44090
46156
44089
44090
44698
46153
44092
44098
44101
44101
44615
44620
44094
44098
44095
44096
44099
44100
44161
44099
44100
44099
44163
44102
44103
44616
44626
44106
44110
44106
44108
44109
44111
44108
44109
44113
44112
44113
44114
44115
44870
46155
44121
44123
44118
44119
44124
44126
44127
44120
44121
44122
44123
44128
44125
44127
44130
44125
44126
44705
44707
44711
44129
44130
44131
44132
44133
44134
44174
44133
44176
44136
44138
44141
44147
44138
45259
44139
44140
44141
44834
45257
44142
44836
46108
44146
44148
44149
44145
44148
44147
44147
44150
44150
46109
44358
44152
44153
44157
44154
46072
44154
44155
44846
44156
44157
44158
44159
44160
46072
44162
44169
44164
44165
44164
44166
44166
44167
44168
44169
45294
44171
44173
44175
44173
44175
45991
44175
44176
45983
44179
44182
44181
45292
44184
44181
44185
44185
45292
44183
44185
45291
45291
46075
44189
44189
44191
44191
44265
44193
44198
44230
44194
44233
44196
44197
46062
44198
44200
44200
45663
44236
44205
45061
45066
44203
44205
44207
44204
44208
44207
44231
44235
44210
46083
44211
46080
44213
44213
44215
46079
44215
44216
44730
44217
46023
46022
44219
44224
44227
44222
44223
44222
44228
44224
44227
44229
44226
44229
44225
44226
44228
44231
44236
44232
44235
44233
44235
44236
44239
44240
44247
46205
46211
46213
46211
46107
46215
44255
46212
44243
44245
44244
44245
45855
44248
44247
44249
44248
44297
44251
44252
44301
44253
44255
44256
44255
44256
44257
44258
46208
46213
44259
46214
44261
44262
44266
44264
44265
44976
44267
44272
44273
44274
44273
45770
44276
45770
45771
44275
44278
44278
44276
45770
44277
44277
44281
44282
44281
44284
44470
44286
44288
44291
44287
44294
44292
44293
44289
44295
44290
44296
44291
44292
44294
44498
44878
44296
44877
44883
44298
44299
44301
44301
44303
44314
45541
44543
45980
44306
44308
44308
44309
45301
44311
44312
44313
44316
44671
44314
44672
44314
44315
44317
44317
46216
45972
68546
76903
77026
77037
44321
68322
44321
44322
45043
45413
44325
79541
79545
44330
79160
79354
80143
44331
45933
44329
44331
44417
44420
44420
44423
44512
44334
44335
44338
44339
44339
44344
44346
44341
44342
44342
44344
44343
44345
46282
44347
44351
44350
44351
46236
44352
46033
44357
44629
46098
44355
44364
45956
44356
45954
44357
46094
46093
44359
44363
44630
44362
44362
44363
44364
44364
44367
44368
44369
44367
44372
44700
44369
44370
44702
44377
44373
44376
44700
45928
44375
44376
44377
45537
45538
44379
44380
44383
44384
44385
44381
45396
44382
45397
44385
44384
45606
76761
44388
44389
44391
44388
44391
44392
44390
45976
45234
44393
44394
44399
45070
44396
44401
44397
44398
46231
44402
44400
44402
44402
46134
44405
44406
44407
45988
44408
44409
44419
44412
44415
44417
44420
44414
44415
44416
44418
44419
44419
44422
44423
44425
44428
44430
44426
45582
44428
44428
44430
44433
44431
44433
45283
44433
44436
44442
44440
44442
44437
44439
44438
44439
44441
44442
45197
79374
79566
79599
79605
44562
79679
79686
44447
44448
44451
45006
44449
45413
76652
44450
45009
44451
45002
44450
44993
76651
44993
76647
76653
44453
44454
44769
44915
44863
77634
44457
44458
44459
77471
44460
44461
44465
44866
77412
77483
44462
44463
77419
77415
44465
44466
44467
44467
44468
44469
45863
44572
44475
45441
44472
44474
44479
44475
44474
44475
44477
44480
44478
44479
44482
44483
44484
44490
44485
46302
44486
46301
44489
44488
45421
45670
46299
44492
44493
45188
46323
44496
44529
44497
44497
44501
44504
44500
44503
44504
44502
44505
44503
44504
44506
44506
44509
44512
44514
45530
44510
44511
44512
44517
44514
45819
45531
44517
44519
44522
44517
44519
44533
44521
44523
44536
44633
44521
44522
44524
45428
44524
44524
44638
45424
44575
44528
45916
44528
44529
44973
44777
44781
45601
44534
44535
44536
44633
44534
44536
44636
44538
44539
44541
44539
44542
44544
44541
44543
45031
45033
44546
44545
44546
45034
44546
44549
45953
44549
44551
44552
44555
44557
44561
44557
44559
44565
44565
45364
44561
44563
44560
44564
44564
44566
44563
44607
44566
45359
45365
44568
45864
44569
44570
44574
44572
44573
44575
44574
44575
44577
44595
44578
44584
44583
44580
44586
44581
44583
44586
44583
44585
44584
44585
44588
44589
44587
44589
45785
44589
44955
44592
44593
44594
44594
44596
46288
44599
44871
44600
44600
44872
44602
45558
44847
74594
79676
45246
79619
79621
44610
44647
44609
44610
44622
79865
44609
44611
44612
44613
44643
44649
44619
44620
44623
44616
44620
44617
44618
44623
44626
44624
44625
45152
45156
45155
45153
44628
79589
45159
44626
44627
45271
45270
79603
79684
79689
44630
44633
44634
45738
44636
44637
79806
44639
45380
44640
45424
45738
44640
45737
45738
45426
44642
44643
44647
44645
44646
44644
44648
44650
44650
44647
44649
44651
44651
44654
44668
44654
44658
44670
44655
44660
44662
44657
46241
44658
44663
44661
44662
45599
44661
44663
45597
45598
44665
44666
45371
44669
45373
44667
44668
44669
44670
44670
46028
44672
46217
44679
44674
44675
45128
44676
44680
44678
45132
44677
44679
44678
44680
44681
45124
44683
44688
44685
44689
44685
44688
44691
44686
44690
44691
44692
44737
44784
50229
44690
44695
44696
44694
44695
44694
44696
45261
44701
45927
44699
44701
44702
44701
44702
44704
44709
45813
44706
44711
44706
44707
44709
44708
44710
45182
44710
45178
44714
44715
45091
45087
44945
46195
44719
44720
44722
44721
44723
44853
44723
44725
44726
44958
44964
44728
44730
45479
46023
44907
45480
45952
44736
44739
44742
44735
44738
44736
79616
44740
46262
44742
79282
46280
46032
44745
44747
44748
44746
44754
44747
44749
44750
44755
44755
45350
44751
44752
44753
44756
44753
44754
44756
44759
44768
44760
44761
44764
45370
44766
44767
44766
45090
44768
44771
44793
44772
44794
44790
45631
45633
45634
44778
44783
44786
44780
44780
44785
44785
44786
44781
44782
44788
44785
44793
50233
79568
44789
44790
44792
44792
45595
45600
44791
44794
44796
44793
44794
79398
79511
45631
44913
45370
45372
44800
44801
44806
44801
44802
44803
44805
44894
44804
44805
44893
44886
45285
46274
44811
44812
44813
44810
44814
44839
44813
46260
44812
46281
46256
44815
44842
44818
44818
44822
44825
44825
46119
44822
44824
44827
44828
44929
44996
79278
44826
45974
44838
44829
44838
46120
44830
44831
44833
46123
44832
44838
44837
46114
44834
44837
44835
44836
45257
46125
44837
46112
44841
46260
44841
44843
44844
44842
44844
45805
44907
44847
44847
44848
44850
44850
44853
44854
44855
44854
44855
44857
44857
44888
44858
44861
46082
44861
46083
44862
44864
44866
77619
44866
44868
44870
44871
44873
44872
44874
44873
44875
45849
45439
44877
44879
44882
44882
44883
44883
44884
44881
44884
44881
44884
44890
44889
44896
44887
44892
44894
44894
44895
44888
44890
44893
44891
44892
44896
44896
44892
44895
44894
44898
45268
44899
44902
44901
44902
46075
44904
44905
44906
44906
45485
44910
44911
44913
44911
44912
44915
44915
44914
44919
44920
44948
44918
44920
44949
45871
44951
44937
45577
46012
44924
44928
44933
44925
44928
46015
44925
46012
44926
46010
46012
46013
44928
44934
50233
79283
44941
45020
44932
45016
45017
44933
44936
44934
44937
45014
44936
45019
45574
44937
45575
44939
44940
44943
45968
46015
44941
44942
45025
44943
45958
45962
46189
44947
44949
44950
44952
45355
44954
44956
44956
45783
44953
45356
44954
44955
44957
44957
45780
45781
44959
44960
44961
44962
44963
44963
44965
44965
44968
44973
44975
44968
44971
44974
45917
44969
44970
44975
44972
44972
45920
46228
44974
45916
44978
44983
46204
44979
44981
44980
44982
46198
44982
44983
45016
45014
44985
45026
46147
46200
45000
44994
44997
44999
44989
44990
45902
45005
45777
45905
46223
44992
44994
45000
44993
45414
45412
45412
79580
79603
79613
79603
79684
44998
45000
44999
46225
45008
45003
45006
45007
45010
45004
45011
45010
45012
45772
45007
45011
45009
45008
45009
45412
45715
45012
45777
45775
45779
45016
45017
45018
45019
45551
45017
45019
45551
45998
45999
45021
45026
45023
45025
45023
45958
45964
45026
46143
45150
79355
79611
45958
45028
45030
45306
45034
45947
45032
45307
45031
45032
45032
45033
45034
45037
45038
45039
45037
45038
45040
45042
45043
45046
45048
45060
45046
45050
45053
45051
45051
45052
46042
45049
45059
45053
45051
46182
46049
45062
45063
45061
45063
45064
45066
45057
45060
46044
46046
46052
45062
46052
45060
45061
46046
45064
45068
74391
75060
45068
46236
46030
45070
45073
45071
45072
45638
45639
45075
45151
45157
45077
45296
45298
45079
45082
45083
45080
45081
45437
45083
45084
45436
45474
45470
45089
45088
45091
45242
45090
46194
45095
45099
45101
45097
45098
45099
45096
45105
45103
45866
45100
45102
45100
45104
45103
45102
45104
45856
45861
45107
45281
45848
45115
45110
45112
45113
45113
45114
45145
45114
45668
46197
45112
45115
46148
46145
45115
45670
45118
45120
45127
45118
45119
45139
45121
45121
45122
45129
45886
45122
45887
45125
45126
45128
45125
45128
45131
45127
45138
45129
45140
45132
45133
45131
45136
45133
45889
45135
45137
45488
45138
45141
45138
45141
45139
45497
45140
45140
45490
45143
45145
45144
45147
45315
45319
45148
45322
45149
45151
79569
45155
45156
45154
45156
45156
45157
45159
45311
45276
45161
45162
45164
45163
45163
45165
45494
45168
45169
45171
45171
45172
45179
45183
45177
45175
45176
45808
45177
45807
45815
45179
45180
45181
45183
45182
45184
45184
45187
45188
46323
45188
45190
45191
45190
45192
45190
45193
46065
45193
45411
46068
45196
45197
45202
45205
45200
45204
45206
45202
45203
45202
45203
45759
45205
45207
45208
45209
45764
45208
45209
45212
45213
45213
45214
45664
45666
45667
45216
45218
45221
45219
45220
45226
45228
45221
45224
45223
45224
45226
45227
45825
45225
45227
45827
45229
45231
45232
45233
45694
45689
45244
45237
46248
45237
45242
45239
45239
45242
45241
46248
46252
45247
45374
45250
45247
79398
79623
45249
45250
45374
45374
45378
45375
45254
45255
45258
46055
46124
45256
46055
46057
45258
45259
45259
78926
79510
79580
79644
45263
45263
45264
45626
45267
45269
45268
45269
45335
45271
45274
45272
45276
45277
45327
48205
79616
45277
45317
45279
45282
45281
45282
45981
45288
45515
45293
45295
45300
45298
45298
46071
45299
46069
45301
45303
45309
45312
45305
45306
45305
45314
45316
45307
45307
45308
45310
45947
45310
45313
45321
45318
45314
45313
45314
45315
45317
45320
45321
45948
45321
45322
45324
45949
45323
45324
45329
45334
45331
45333
45404
45405
79355
45329
45335
45330
45331
45336
45333
45333
45334
45337
45337
45410
45340
45341
45354
45340
45341
45343
45792
45342
45344
45348
45352
45344
45783
45349
45346
45353
45365
45348
45360
45348
45349
45361
45782
45351
45354
45353
45354
45356
45870
45880
45358
45881
45360
45362
45361
45365
45363
45363
45364
45367
45369
45973
45972
45369
46027
45373
45376
45377
45378
45380
45381
45387
45391
45386
45391
45385
45391
45778
45387
45775
45776
45390
45774
45390
45398
45393
45399
45716
45773
45394
45604
45395
45396
45397
45398
45397
45607
45399
45774
45402
45408
45411
46066
45403
45405
45407
45403
45409
45405
45405
45410
45409
45411
45408
46071
45410
45414
45416
45417
45419
45419
45420
45420
45669
46203
45425
45427
46307
45424
45425
45428
45426
45740
45428
45429
45430
45884
45433
45437
45434
45436
45437
45439
45624
45853
45850
45929
45446
45444
45447
45448
45448
45450
45452
45452
46206
46209
45455
45456
46316
45462
45457
45463
45461
45459
45463
45460
45461
45463
46196
45519
45509
45518
45519
45467
46048
45468
45470
45473
45472
76879
79173
82122
45475
45475
45523
45526
45525
45529
45477
45481
45483
45479
45480
45485
45483
45484
45483
45485
45485
45487
45493
45494
45489
45492
45489
45490
45497
45495
45491
45495
45504
45494
45496
45495
45497
45499
45503
45640
45501
45501
45629
45503
45504
45511
45509
45515
45510
45519
46187
45515
45516
45518
45725
79505
79592
45522
46059
45524
45525
45527
45542
45527
45529
45544
45529
45539
45543
45531
45820
45873
45535
45655
45535
45661
45535
45537
45538
45540
45541
45544
45544
45546
45554
45578
45547
45548
45550
45573
45549
45550
45552
45554
45556
45554
45555
45574
45556
46001
45558
45560
45562
45564
45565
45563
45563
45564
45571
46294
45567
45571
45572
45570
45570
46309
46318
45570
45572
46306
46310
45576
45578
45578
45577
45578
45577
45580
45581
45584
45583
45582
45584
45585
46053
45588
45591
45590
45591
46140
45594
45595
45596
45596
45598
45600
45600
45601
45597
45598
45599
45601
45602
45603
45605
45607
76678
45716
76687
45607
76762
45610
45614
45625
45611
45626
45615
45617
45614
45616
45851
45853
45614
45615
45616
45623
45618
46269
45620
46266
45620
45621
45623
46165
45622
46169
45623
45625
45626
45628
45641
45630
45630
45633
45633
45634
45638
45640
45637
45638
45639
45641
45641
45645
45650
45648
45650
45651
45646
45647
45647
45649
45651
45653
45658
45659
45655
45655
45656
45660
45661
45658
46002
45658
45659
46003
45661
45662
46004
45665
45666
45667
45669
45670
45672
45673
45676
45674
45678
45675
45676
45677
45678
46102
46014
46101
45680
45682
45682
45684
45685
45686
45687
45687
45689
45691
45694
45690
45691
45696
45692
45693
45694
45697
45698
46244
45701
45699
45701
45699
45700
46161
45704
45710
45711
45706
45711
45705
45706
45707
45708
45714
45709
45713
45709
45712
45712
45714
45716
45772
76676
45719
45720
45719
45722
45723
45734
45727
79594
79624
74674
79590
79644
45731
45732
45736
45732
45735
45736
45740
45741
45740
45741
45743
46117
45746
45746
45748
45765
45749
45751
45752
45762
45752
45755
45752
45754
45763
45755
45766
45757
45760
45761
45758
45759
45764
45764
45765
45762
45763
45765
45766
45766
45769
45770
45769
46006
45771
45773
45774
45775
45777
45778
45904
46081
45781
45783
45784
45784
45785
45785
45787
45788
45791
45791
45792
74672
79570
45795
45797
45798
45799
45801
45802
46259
45803
45805
45804
45806
45804
46263
46265
45808
45811
45813
45810
45814
45942
45811
45813
45812
45814
45815
46024
45817
46025
45819
45883
45820
45885
45874
45823
45830
45960
45823
45961
45825
45826
45828
45829
45840
45828
45829
45846
45831
45832
45960
45847
45963
45834
45992
45868
45837
46222
45840
45841
45847
45847
45843
45845
45843
45846
45848
45844
45845
45848
46146
45850
45852
45851
45852
45853
45855
46233
46233
45857
45866
45858
45860
45865
45864
45866
45861
46162
79657
79671
45865
45865
79671
81648
46317
45870
45874
45871
45875
45873
45874
45875
45876
45880
45885
45878
45879
45883
45882
46311
45880
45881
46312
45884
46310
45884
45885
45888
45889
45890
45890
45892
45891
45893
45892
45893
45895
45899
45900
45896
45897
45900
45902
46222
45905
46224
45904
45906
45905
46117
45910
46076
45914
45921
45911
45912
45914
45911
45914
45913
46092
45915
45922
45915
46170
45919
45917
45921
45918
45920
45922
45922
45923
45924
46229
45922
45924
46226
45927
45928
45930
45932
45934
45934
45938
45942
45944
45937
45938
45940
45941
45944
45943
45940
45945
45941
45943
45945
45947
45950
45953
45949
45950
45952
45951
45952
45953
45955
45956
46094
45957
45959
45960
45963
45961
45962
45966
45964
46150
45968
45969
45971
45968
45970
45970
45971
45971
46016
46017
45973
45974
45976
45977
45979
45978
45979
46220
45981
45984
45985
45990
45988
45991
45986
45992
45987
45989
45987
45989
45991
45992
45995
45996
46000
46000
46001
45999
46001
46003
46004
46007
46007
46010
46011
46014
46101
46016
46016
46106
46014
46017
46017
46019
46021
46021
46025
46026
46029
46028
46029
46033
46032
46033
46060
46127
46037
46040
46044
46047
46047
46048
46043
46050
46050
46051
46044
46046
46049
46051
46052
79668
79669
79701
46049
46050
46056
46128
46058
46060
46058
46059
46060
46062
46063
46064
46070
46068
46071
79639
79658
79734
79781
46070
46070
46071
46074
46075
46092
46272
46078
46080
46081
46079
46118
46083
46082
46083
46086
46087
46091
46086
46087
46089
46240
46090
46091
46168
46095
46098
46095
46099
46100
46098
46100
46099
46100
46103
46103
46105
46104
46105
46106
46109
46112
46110
46111
46113
46112
46114
46114
46116
46117
46120
46126
46123
46122
46126
46127
46123
46124
46125
46125
46128
46128
46131
46132
46135
46131
46137
46134
46133
46134
46136
46136
46137
46140
46141
46141
46142
46144
46150
46145
46147
46148
46149
46148
46150
46149
46197
46153
46156
46155
46160
46160
79596
79688
46159
46157
46158
46159
79559
79665
46165
46167
46172
46166
46172
46298
46169
46270
46167
46170
46168
46170
46273
46171
46172
46173
46174
46174
46175
46297
46177
46179
46179
46181
46182
46183
46183
46185
78229
46207
46191
46193
46195
46193
46199
46204
46200
46202
46202
46203
46206
46209
46215
55878
78231
46210
46213
46214
46210
46214
46212
46215
46213
46217
46218
46219
46220
78228
78241
79464
46224
46224
46225
46247
46227
46229
46230
46229
46230
46233
46234
46235
46235
46238
46239
46246
46243
46244
46300
46302
46246
46247
46249
46250
46251
46253
46255
46252
46253
46255
46257
46262
46258
46264
46259
46260
46263
46265
46263
46262
46264
46265
46267
46269
46270
46268
46271
46269
46273
46272
46273
46275
46277
46277
46278
46278
46279
46280
46281
46279
46281
46283
46284
46286
46287
46288
46290
46291
46292
46293
46293
46295
46296
46319
46294
46295
46296
46322
46298
46300
46301
46302
46304
46306
46309
46307
46308
55848
78218
78228
79483
46309
46317
46311
46312
46314
46315
46316
46322
46321
46322
46326
46328
52102
46326
52449
56406
52450
56411
46328
50618
56158
56159
56409
46330
46332
46333
51444
46350
51441
46332
48379
48381
46335
46335
46339
46335
46344
48381
46345
46338
46342
51356
46340
46341
46341
51359
46340
54324
46343
54319
46343
51357
46344
46606
46345
46345
46607
46347
51869
52746
52744
56503
46349
48367
51418
46350
48384
51425
48379
46352
46354
53269
46353
53263
46356
46358
53261
46355
46356
53273
49552
49554
46357
46359
49553
46360
46360
46728
46724
55106
46362
49151
54081
49152
50478
56779
46365
49136
49151
49137
54048
54056
54058
54071
46373
46380
46381
53479
46372
46377
52954
46370
46372
46374
46385
46371
46379
46523
46378
46383
46378
49706
46382
46375
46377
46375
46378
46379
46400
46463
78300
78301
46381
52955
49705
46380
53783
53782
47010
46386
49688
52956
46384
49704
46385
49692
52953
46386
49695
48233
51975
52069
46389
53988
56192
54831
56738
46393
46395
46396
56195
46398
46399
48029
46395
46397
53989
46399
52068
46398
48026
48027
56201
56193
46397
46399
46398
56201
52071
78984
79466
79480
53841
53910
55612
53833
55609
55621
46404
46405
50755
51355
55500
51359
46407
46419
53253
46408
46416
46409
53241
53244
46412
46416
54749
46412
47967
48144
46415
54921
46417
47964
48144
48188
47964
48144
48147
54922
46416
46418
53241
46418
48186
48187
46420
48187
46421
46422
48187
46423
53245
46423
48189
48947
55345
46430
53161
53181
46427
53179
53181
46430
47995
53309
46428
46429
53183
51603
53162
50553
51600
53162
53169
47850
53179
53183
53367
46433
46435
46441
52812
57088
46435
46436
52168
46443
57089
46437
46445
55300
55302
55917
46439
46442
46444
53463
46440
47301
46445
53809
46442
46443
52814
53461
46444
46445
53807
55044
55303
55625
46449
46450
46451
55185
46449
46453
53469
55183
46455
49254
46452
49257
46453
49261
55186
55184
46455
48578
52797
46456
52131
49255
50561
46458
49125
53213
46459
53814
46460
53209
53215
51756
55760
78303
78975
79484
46469
49839
53097
53098
78308
78331
78333
46468
47865
49302
52996
46467
46468
47865
47866
46467
46469
51479
53097
47862
46470
46470
49844
46472
52815
55763
46475
53213
46474
46475
49122
50164
52821
52822
53214
46477
55207
56345
55125
57283
46479
55206
55212
55215
47650
55123
46481
51964
51974
53909
54545
46485
46487
46488
46494
46484
46489
47493
47506
46486
49305
46486
46495
46488
52996
47327
47527
46489
52614
46492
46493
53471
54691
46492
46493
46495
47866
53473
46494
54697
47865
46497
49749
54938
46499
49879
55818
46499
53504
55817
49878
46501
46502
55054
51463
51464
51544
46503
51460
56511
51457
52841
51450
51461
51531
51445
51450
51451
46507
46508
46509
46512
55701
46509
55951
55954
46510
46517
46516
53922
46513
46514
46518
47648
46515
49847
46515
47644
46515
46517
49847
46519
55955
46519
46519
47591
55956
46522
46523
54502
46524
49706
51072
46524
51066
54504
46524
53783
46526
51667
55966
51668
56227
56230
46528
55973
56992
51662
54153
54205
54306
57605
46533
46534
46539
52536
46536
46537
48424
46533
46536
52521
52535
46535
46536
46537
51149
48420
46538
48427
48428
51154
46542
51150
46542
46543
51552
46544
51146
52958
46545
51550
46546
47039
46546
46547
47040
46547
51145
46547
47046
46549
46560
50049
46550
46554
51333
46553
50051
46553
46556
50055
57223
46561
78298
78962
46554
50059
46558
46558
46563
46565
46557
50053
46564
57221
57223
46559
46560
46564
46565
57223
46571
78296
79451
50044
78316
79014
46571
56302
56307
56301
46568
46583
51046
46568
46569
51048
46572
57257
46572
50048
51340
46571
46572
50049
46582
46574
46576
48348
51556
46577
46580
46577
50417
51552
46577
46578
51551
48349
50418
55534
56909
56912
55534
56912
46585
46588
56299
46583
46585
46589
46589
51036
57706
46586
56302
46589
57710
46588
56301
56302
56296
56300
51038
46592
46594
47151
46599
46603
51890
46603
47152
57214
46788
75009
78296
80146
46595
46603
46596
46604
46848
46605
46847
46600
46605
51162
46599
46600
51167
46601
51896
46602
51170
46603
46604
46604
46605
47074
46607
49085
51358
49084
46610
46611
52711
53342
46641
78331
78960
78983
49994
53347
46612
46614
46613
46616
53349
48210
53343
46615
48721
46616
48723
50306
50303
46624
46631
48445
46624
46625
46626
46620
46621
46623
54596
51504
54591
46623
46625
54601
46624
46625
48444
54600
46629
54601
46627
54605
46628
48922
54550
46629
48917
46630
46631
48919
55188
48002
46634
46637
56086
46634
49868
55442
46635
55441
46636
49877
46637
46638
46639
46792
46642
49869
55447
46642
46644
46642
46643
55709
46809
78318
78323
46646
55710
46645
46792
46646
46651
48502
51467
46651
46659
49926
78251
78331
79007
79451
46651
46663
52800
51368
46654
46655
50398
46655
46658
52800
46657
50393
51483
46656
52803
46657
46662
50389
46662
46663
46661
46663
46664
49942
49952
49942
49946
46664
50390
46664
46666
46671
48431
53577
46667
48432
46668
50182
54719
46671
54718
46670
48429
54167
46671
48430
53577
46678
46925
51561
46674
46679
47867
47020
51557
51560
46679
47378
51564
47685
78305
78973
79438
46678
47376
51565
52603
52604
47871
51566
46681
46682
46691
46686
56288
46685
54275
54571
46684
46686
49464
46685
49471
54573
46686
56285
46689
49285
56287
46689
46692
46693
46691
56289
46694
49283
49298
55539
46692
49290
54571
46694
49282
49293
46697
50102
53686
53770
46699
46776
53763
46698
53771
46701
55605
46700
46779
53767
46701
46777
53684
53769
46703
46828
56434
46822
46831
56433
46710
46711
46716
46707
46712
47286
54595
46707
46711
51506
51505
46710
46713
47287
46710
46711
46712
46717
47908
47283
46714
46717
51502
46715
53789
46718
53788
46719
46720
47913
46720
46719
46720
54298
47910
46731
46732
55430
55431
46788
78296
79455
46727
46730
46728
46730
46731
54247
46729
46733
46732
49553
46733
46732
46733
46738
46739
49829
46740
46741
46743
46737
46740
47859
48399
46739
49397
46741
57358
46740
54588
46742
56036
46743
56035
47860
54374
46745
46746
54246
48587
46748
46749
47161
51799
51987
47158
47163
51800
46751
46755
47843
51602
46756
47851
46753
46756
52429
46754
51406
46755
47837
51405
46756
55661
46759
46761
46763
54710
46759
46760
50935
54711
46761
46768
57534
55886
46763
46764
55887
46766
47223
55879
57280
46766
54716
57275
54710
57279
50925
54711
54713
55869
55876
46770
52419
56469
55282
55849
48275
55850
55852
55849
55851
56469
46774
46777
46779
53682
46778
46983
46776
46778
51729
46784
53685
46779
51727
46782
54842
54846
46782
54839
55598
54843
54847
46784
47410
51724
53768
46787
46809
46950
79452
79485
46791
49590
51722
46789
51724
51729
47036
51722
51726
46791
51722
51724
47408
51725
46793
56085
47998
53170
55183
46796
46801
51741
54823
46798
46799
46799
53566
54822
46806
51734
53568
54823
46801
46803
54821
51740
46803
47256
48671
51614
46805
46807
51736
50592
46807
53561
51738
53563
46812
55372
78988
79435
46813
46813
49395
46815
46817
53843
50865
50868
46817
50971
53846
50977
53847
46819
50793
52727
46820
51704
52733
51705
52737
49300
54001
54003
46823
46824
57237
57271
46825
46831
50655
50667
57281
46827
46829
46834
46828
46830
51993
46832
46830
46837
50656
46831
46835
46839
50722
47246
51995
51996
56854
56855
46837
47247
51996
50657
78312
78319
79484
47244
51996
51998
46844
49311
56814
46843
47147
49310
46844
46851
47148
46844
47153
56816
46849
46851
56698
46847
46848
46849
56700
47076
46850
56699
46851
46852
55681
47149
47151
46858
47744
47753
47757
47753
47795
55251
47795
55196
55630
47036
78312
79431
46858
47745
55631
47795
46860
46861
46935
55630
56229
46936
47592
55636
47165
46867
46869
46885
46869
46873
56139
46867
46868
46870
52569
46870
46871
55396
46878
46871
46872
46872
46885
52567
46874
55393
46873
46874
56141
52456
46877
51112
55397
46877
50687
52567
47467
52568
46881
46883
52566
46882
46883
50608
50883
46881
46882
50689
50690
50881
46884
46885
50605
50612
46887
46888
52257
56215
48204
54706
52258
56212
47614
56351
56352
56353
47612
47616
52254
46893
46897
48478
46893
46900
46902
46901
56510
46895
46897
54683
46896
46899
54707
46897
46901
54684
46899
46900
54705
54704
46901
54709
46903
56028
47442
56026
56510
46908
46916
56514
46906
46907
46909
54945
46909
46910
49596
54942
46909
56515
56515
46915
46920
46913
48746
46913
46914
46915
46916
46919
48752
46916
46917
46919
46920
46919
46921
48747
46922
49595
53791
46922
46988
52895
53790
46926
50577
52249
46928
46937
47070
46926
46928
46927
52251
46928
56500
56489
52604
56488
46933
46935
47745
46932
46933
47750
46934
50944
50946
46934
47752
46936
46936
55631
56488
46941
46945
46947
46941
46947
47281
46941
46942
46943
46945
46960
46945
46946
46955
46956
46947
46949
53258
46949
47892
51908
46954
53257
78317
79431
79445
46952
51908
51909
46953
46957
51826
46954
51908
46955
46959
46959
46960
46959
52347
46960
49585
52351
52350
46967
46969
51743
46963
46964
51735
46965
46967
51745
46966
51736
46966
46971
46970
51739
51744
46969
46971
51742
46974
46979
47159
46974
51793
51796
51792
51794
46976
46981
46977
46978
46982
47146
46979
47143
46982
47154
46981
46982
51792
51793
54053
54060
53680
54049
55618
46986
53518
56821
46987
53515
53516
57517
57519
46994
46995
46993
46994
47661
46991
46992
48486
46995
46996
48496
46993
47658
46996
47659
46996
52895
48491
47000
48849
53897
47000
47007
55173
47000
47008
53894
55174
47002
47005
55173
47003
55171
47227
55172
47005
47006
48848
53805
53804
48849
55174
47008
55142
48593
55151
47010
48508
55484
47015
47012
47015
55473
47014
55476
47014
50843
55483
55477
55481
53479
55486
47018
47817
47821
55456
47018
55136
55453
47818
47020
47022
51563
51567
47022
47023
52242
56463
47023
56142
56143
47097
52003
52029
47027
52007
52009
47028
50364
52328
47028
52024
52325
52330
47030
56000
56003
47032
56006
47032
47033
47579
47034
56007
47034
47035
52959
56002
47038
52963
78297
47038
48869
49166
52961
49167
47044
47046
51907
47051
52958
47082
78981
79126
47043
47050
52966
47047
47049
52965
47045
51907
47050
49299
47051
47048
52957
52958
52963
47050
47051
49292
47053
47054
51371
47057
51373
47055
47058
51376
47056
51846
47059
51844
47061
48487
51374
47059
47061
47060
56062
48484
56065
48494
47065
47067
51373
47066
49887
51371
47065
47066
51375
51378
51377
52082
47068
53064
47069
48492
53066
48485
51374
56180
56496
50406
52337
56699
47073
47076
54423
47075
49771
54424
47075
47076
51162
56697
50001
50845
55477
47079
52483
52488
50594
50596
52487
47081
47100
55041
47108
53410
55043
52115
79245
47086
47167
52282
47085
52290
57464
47086
50598
52298
50596
52244
56461
57175
47431
52002
53238
47094
47099
52108
47091
47428
47431
47093
47094
48008
47132
47674
79116
47095
47431
48009
47096
52004
47097
47099
47098
52117
47099
47213
52104
47105
47108
47103
47108
47110
53449
47103
53207
53450
53449
47109
78973
78976
79263
47107
53072
53073
47108
47110
53073
47760
48331
47132
78978
79255
53205
49885
50705
57716
47113
47114
55796
57720
57338
57719
50475
50476
55796
47116
47118
47120
52845
47117
47126
47120
48256
52840
48266
52846
47120
48252
48255
48268
47125
47126
51456
47128
47130
47140
47124
47125
51445
47125
47129
51458
51455
51457
47128
47129
52845
47129
47140
51458
48928
52846
47133
47137
52189
78977
79122
47134
55983
47135
47138
55987
47136
47139
47138
54599
54604
50580
52190
52196
52190
54613
55991
47141
50737
47142
50743
48933
48937
47144
47245
47145
47146
47250
47251
47150
47153
48246
47149
47153
47151
47153
48247
57220
47152
57217
47156
47160
47156
47228
47248
51998
47245
47158
47160
47231
52252
47159
47160
51794
47162
47163
56634
51187
56633
52252
52320
56161
47168
52284
47168
47169
52380
47169
52285
52382
52287
52383
52381
48298
53874
53877
47173
49330
49332
47173
51195
51992
47174
56187
49333
56635
51749
51750
51751
47178
47179
51753
47180
47181
51761
48234
56720
47180
47182
51753
47182
51761
55947
56713
56717
47184
47187
47733
55326
47186
57238
47186
52039
57272
47187
57273
52040
47190
47191
52007
47190
47192
52324
47196
52008
47196
47198
52011
47193
52327
56186
47196
47195
47198
47328
47198
52011
47200
47210
52302
47204
47204
47205
52090
47205
47206
52094
47208
47210
49685
47207
52089
47207
52093
47208
48078
47209
47209
48080
47210
52125
47212
52917
52088
56164
52116
52119
52014
52020
52119
47216
52015
52022
52113
53050
47219
47222
52036
47219
52031
55877
47221
52037
55877
55880
55881
47225
55885
47225
52034
47224
55880
47225
57268
52042
48314
55152
55777
55777
56095
47231
47233
47230
51185
56844
47235
47236
56850
47232
47234
51184
52252
47235
47236
56960
47235
51193
56959
47238
47242
57321
54093
54095
47240
51730
54139
47241
47243
54131
47242
49664
47243
55678
54096
47247
47248
47248
47250
47247
47249
47249
47251
51997
47251
51997
47253
47254
55150
54855
55779
47818
54854
55149
47256
47257
54285
51711
54284
50590
51715
47259
54285
54286
48594
51616
51627
47267
50429
51208
47262
47265
47266
54238
47269
47273
47264
47269
49678
51201
55005
47267
54237
47267
47268
54241
47269
47270
49679
51200
51212
47273
51237
51511
47273
51238
54238
51516
47276
47278
47282
47278
47280
47282
47281
47281
47282
47895
53258
47279
61169
47280
61168
47890
47893
47286
47287
47288
47285
47286
54593
47289
54590
50712
47290
50711
47290
47291
54618
47297
47297
47298
47294
47542
47553
47294
47295
55996
47296
56813
47298
54610
47298
47299
47299
50715
54616
47549
47301
47302
53457
53458
53810
47304
53544
47304
53371
53548
53369
53545
47306
50333
50530
47308
47310
55065
47309
47349
50532
47310
47312
47315
47310
47311
47312
47316
47317
47319
47319
49025
57584
47416
51137
78945
78950
47319
57320
47318
47347
47318
57581
54871
57586
57582
49576
56366
56367
56370
47322
47325
56766
47324
56763
47325
51040
56762
47326
56757
56765
51043
56767
50924
56758
54692
54693
54697
47332
47330
47333
53238
47331
47426
53240
47334
47427
47333
47334
52012
53239
47339
47345
49111
47338
47339
53793
47338
48450
53022
53023
53794
53027
53795
52416
53793
55287
47342
47343
52643
47344
49517
52651
47344
47345
55285
52063
55284
50541
52199
57740
57742
47348
47349
47350
47560
54871
47351
50540
47351
47561
47352
50542
57742
47354
47358
52144
47355
52142
52145
47356
53789
49659
55644
47359
48983
52139
47359
52140
52136
52143
47361
47364
47365
52137
49624
52144
47363
47367
53625
47366
53617
47367
49023
47366
47367
49628
53613
53626
47369
54351
54355
54356
52193
54785
47371
53208
47372
52683
52100
47374
47377
47375
47380
47382
47377
47378
47380
52603
47379
47383
47871
47874
47874
47416
47492
79099
79232
47383
47874
53230
47869
47385
47386
47389
49584
56011
47387
47392
56016
47393
56018
47389
47390
49605
47392
56621
47391
49570
49571
49574
56360
56357
56358
57551
47395
47399
48247
47397
48250
55517
47397
47398
50841
55512
48248
55804
55805
52428
57216
47401
47403
47409
53775
55822
55821
55823
55824
47404
47407
51723
47405
49593
47406
47407
49594
51173
55823
55826
47409
47410
51723
53779
53766
47413
47424
51090
53423
47413
53424
57119
51091
47419
47422
47424
47422
47434
47435
79103
79119
47421
47433
47435
47420
47423
47694
47423
48034
52606
47421
47435
47679
47681
47423
53204
47425
51083
51090
53204
47427
47430
48007
47430
47432
51831
47432
53240
51529
56254
47635
51525
51526
47438
47442
56507
47438
47440
57326
47443
57327
47443
47455
50772
47455
47456
47442
47443
50765
56026
47446
47447
47452
56220
47452
50573
50575
52486
47452
52484
47448
56219
47449
47453
56221
47453
56223
47453
50565
51877
50565
50570
50574
51696
52486
51879
47455
47460
50761
47459
47459
47464
52761
75003
78945
79122
80181
47461
47463
49618
47461
47461
47488
49620
47463
47465
49618
47464
47469
47466
47468
54746
47467
50684
51871
47469
47469
51112
54744
47472
47475
48516
47475
47479
48515
47476
47478
50079
47474
47482
49726
47476
47477
56610
47478
48517
49727
47478
47486
47486
57615
47484
48524
57616
47482
47483
54876
47486
47484
47485
54877
50081
47486
57618
47488
47491
49621
50769
47491
50762
57547
57774
47491
49614
57774
57775
51230
75003
79127
47494
47496
47495
47533
47501
48140
54874
47497
47500
52614
47498
47525
47499
48416
47500
48419
48421
47501
47502
48137
48140
48143
47504
49302
49305
47507
49307
50403
75006
79065
79112
79244
47507
47533
49305
47510
48324
51720
54357
47510
47511
53216
53219
54793
49907
53218
47513
47515
48673
47521
51744
47515
47517
51712
47523
51713
47517
47522
50800
51715
47520
47521
51703
47520
47522
47523
47524
56856
47523
51706
47524
50795
50794
47527
47530
52614
47528
47531
54718
47532
47532
55291
47530
47531
48416
47532
48414
52616
54693
50404
54874
47535
47536
47539
52553
47540
48404
47624
52553
47538
47540
48020
49767
52626
47540
52631
54084
47549
49662
50715
47549
47550
47546
53952
54558
49658
53951
53955
53959
47548
49658
49662
49663
47550
54557
47548
47549
47550
53959
54556
47552
47553
51315
47554
47700
47555
56813
47555
47558
50437
54556
47557
47558
53964
49622
53963
54555
54557
47561
55980
57743
47561
47562
55984
47565
47575
47564
47567
56366
47574
47576
56374
47570
47572
55985
47567
47568
56362
47574
56367
47569
47573
56363
47571
51314
47571
55986
47573
55993
47575
47577
47577
47577
47576
56371
56373
47581
50348
56007
47580
47581
47582
47584
52960
47582
50349
47583
50350
50356
50357
52957
47586
49752
52551
50024
53353
53358
48453
53630
55709
47590
48292
47590
52858
53374
47640
55946
47593
55633
47595
50944
47595
47600
55270
55272
55634
47602
53556
55977
47598
53541
53560
47599
47600
53543
47601
53555
47601
47602
55635
47705
47605
47606
47606
74681
52015
52017
54261
52017
53047
53055
53043
53053
56105
47612
52255
47613
47615
48123
47616
55175
47616
48122
55182
47619
47629
51522
47620
47621
47623
51527
47620
47623
51523
51528
47626
47638
47623
47625
47626
47629
52547
52625
47627
52540
47627
47628
57205
47631
57206
52545
47685
78942
78968
79254
47632
47633
57207
47633
52541
52542
47634
52601
55640
47639
51080
47637
47639
51082
47638
51527
56777
56782
51084
51530
47646
47647
55949
47642
47643
56072
47644
56073
47645
56077
47648
56073
47646
47647
56077
56714
47648
55210
56027
56820
54866
56819
47654
47656
47663
54565
47660
47661
52894
47654
47658
51608
47664
47656
47659
47661
47662
47731
51599
78947
47659
51370
47662
52936
52893
47663
52942
47665
47666
54570
54642
51860
54568
54563
54641
47675
47677
54806
47669
47677
49099
47678
49104
47673
47678
57122
47672
53417
54797
47673
47675
54807
53416
53417
78309
78976
79124
47676
54807
47677
47678
54808
55797
47687
57070
47683
47694
48034
47687
47694
47684
47690
48035
47690
47692
48038
47690
47693
52167
79248
79438
47693
49815
52166
47689
47695
47689
47691
47696
47692
48038
47693
52166
47694
52167
47696
57068
47697
57072
49724
52166
55197
55220
55223
47700
50436
52979
50437
52980
47702
47705
55632
47703
47704
55639
55968
55969
47705
55976
55635
47708
51957
51979
47708
48575
56041
51982
56045
47713
52494
53159
47711
47712
47714
47772
48566
49960
47713
52490
47714
53206
47767
47717
47719
53411
47717
48765
51980
47718
55915
47719
53452
53410
53449
47721
47722
56801
57082
50638
47723
57083
47724
56802
48607
56800
57084
47726
52034
52038
47729
47734
52041
47728
47730
47883
50896
47729
50902
52038
47737
47738
47883
47781
75002
47736
47735
47741
47735
47738
47740
52041
47742
47743
50555
47738
47739
47740
47743
47742
47743
55326
50559
47745
47746
47752
47748
52901
47749
47750
51143
47749
47751
52901
47751
51143
57779
47752
47756
52087
78309
79080
79092
47758
52905
55544
47757
47758
47797
52900
47796
47763
47764
47771
53205
47761
47763
47762
47765
48329
47763
47764
53073
47769
48329
47773
49956
47771
53207
47769
47770
47773
47770
47771
47772
49960
49739
49742
52573
52576
47776
47778
47792
50600
57465
50600
57464
57465
47782
56988
47785
52572
56988
47785
47789
56988
78938
79117
47789
51100
57664
47784
47786
51327
47785
47787
57536
57535
47787
51103
53652
47788
47789
51108
47791
47792
47793
49743
50677
49740
56987
50599
50600
47796
47797
50438
55542
51034
55540
55249
51128
51924
52223
47800
47805
51920
47810
51924
47803
47810
47812
47803
47806
51904
47809
51905
47805
47807
49799
47808
51899
47807
49797
47809
51898
47809
47810
51925
47812
51925
52222
48543
51906
47814
47815
47816
50062
47823
50065
47817
47824
47819
50060
47819
47819
54854
53034
53036
53037
47824
53036
47825
55127
55316
47824
47826
47827
47826
53032
47827
53033
53039
49300
52652
52658
47831
52655
52658
52859
52864
52868
47832
52864
47835
52871
55683
47834
47836
52654
54583
55502
47836
47976
55108
55683
47838
47843
47844
47845
51414
47842
47843
47844
51602
47842
47846
51601
47845
47846
51605
51597
47846
51411
51598
52655
52824
53380
47850
47853
53459
47850
47852
50553
53183
47853
55662
47853
51604
53460
47856
47861
54410
47856
47857
49038
47858
48400
47858
57726
57728
54409
47860
47861
54372
48399
54414
47863
47864
51479
53185
53546
47866
53187
47870
51558
47870
47872
47873
53227
47872
53231
47873
51558
47873
53226
79600
47877
48095
48238
51350
48096
53464
47882
52847
55471
47882
49873
53131
52851
53131
53797
48235
50234
47887
47891
56197
47887
47896
47896
56197
47889
47893
47898
47893
47896
56196
47893
47895
47897
56198
47894
47897
47895
47898
53257
56196
47898
52124
47900
47901
47902
55373
47904
52875
47907
55375
47905
47907
47905
47906
48506
56626
47973
55117
55116
47907
55382
55386
47913
51506
48003
79958
47911
54301
47912
47913
54299
48443
51506
47921
47923
57334
47918
47923
57033
47917
48964
48969
47924
47925
48966
47922
57030
47920
47923
47925
47921
48975
48980
56869
47924
48967
57037
47925
48967
47928
47929
50109
47928
47933
48998
47938
49001
47931
47938
50584
47931
47934
47935
52758
48372
47933
47935
47938
47936
54024
47937
50707
47937
47937
47940
55036
47942
49500
55036
47942
47943
47944
47946
49017
52164
47945
49501
47944
47945
54025
48981
47946
49016
47950
47954
54584
47955
47956
47986
47950
47951
54575
47952
54578
47953
56810
47953
47958
47957
55107
47956
54583
47957
47958
47992
47958
54585
47991
47961
52587
79555
80014
52588
47966
47967
76198
48067
48120
79675
48145
47966
47969
54773
54772
54922
54921
54922
47969
47970
48148
48147
55298
47971
56774
49220
55298
56769
47973
47975
52874
52876
55118
47975
47977
55120
47976
52866
47977
47986
55108
47979
47982
48507
47982
47985
55119
47981
47985
47993
47984
47989
55437
47983
55116
47987
55117
47985
48763
55119
47988
47988
47993
47994
55120
47990
47993
47991
50388
47992
55107
47994
47994
47996
53313
53714
47997
53713
53311
53716
52797
53713
53398
53906
48001
54901
57141
48002
48004
55187
55188
79421
79622
48918
54899
55188
48007
48010
58808
48009
48010
52320
48011
51831
48009
48011
52323
48011
52319
48014
48019
49034
48016
48019
54085
48018
49029
49036
48017
48018
49032
48017
54091
48403
54083
48019
54089
54091
54098
48022
48029
56089
48031
56090
48025
48030
50488
48030
48031
56796
48026
48027
53986
50966
48032
48030
48031
48032
48032
52071
56797
56091
48034
48040
50710
48036
52609
48037
48039
52613
48040
49158
48039
48040
50710
48047
49537
55790
48045
48047
51929
48044
51317
55591
48045
51322
48046
51926
48047
55788
55793
48049
48052
48070
48075
54090
54092
48052
49953
50499
48052
50497
54089
56985
48062
48063
52187
48057
48058
48277
56238
74733
80083
82160
48059
48063
49417
48062
56246
48061
48281
48060
48285
56046
48061
48286
48063
56237
52433
48065
52180
57025
57026
52178
57034
56237
56245
57026
48844
49880
79357
48073
48075
48076
54106
48073
48076
57134
48075
56984
48072
48074
54099
48074
54086
54088
54107
48076
54108
54105
54108
48078
48079
57739
48080
57738
48081
48082
55753
48082
49684
55751
49683
48084
48088
48090
53296
48085
48086
48097
48090
48108
54102
48089
50096
50099
48089
48091
53297
50093
50097
48103
50097
50844
49779
48094
48095
48096
54103
48097
48098
54102
49715
53465
54104
48100
48101
56753
48107
49710
56752
48102
50098
48104
50093
48104
48105
48108
48105
50093
48106
48107
48109
49711
48109
49716
54104
48111
48114
52933
48113
48116
53005
48113
48117
49094
53002
48115
48116
52938
48296
49050
48118
48118
49053
49095
49049
50954
53002
56918
79357
79573
80015
48123
48123
55177
48124
55180
48126
48128
48778
48127
48774
48774
53868
53869
48129
52898
53870
48131
54436
48131
48135
48139
53870
48141
48140
48141
54872
48134
48137
48143
48426
48138
48428
48138
53867
50235
50236
79279
79610
48421
48142
52855
48141
48142
54873
48143
48147
48150
48149
48150
55334
55335
48148
48151
48151
48736
48151
55327
48154
48162
54198
48162
48164
48170
48155
48163
54038
48156
54036
48157
50449
48158
48160
50443
48159
50450
48161
48165
54235
48161
48163
48165
48163
54192
48165
48173
57299
48169
48170
48175
48172
48174
48519
57302
48172
48173
57298
48171
48176
48522
48171
54193
48174
57301
48174
57299
54196
54309
48523
57611
48178
48181
48185
57075
48184
57073
48180
48184
55357
48182
51770
51069
57622
48183
51074
51770
48185
51067
48185
57076
48187
48188
48229
48224
48221
48230
55345
48191
48192
48196
48770
48197
48767
48197
52172
52186
48195
48199
52168
48195
48196
52171
48198
52169
48198
48770
52183
48764
52170
52171
57086
48201
48202
56210
56216
48204
54687
54689
56215
50238
79557
48475
54685
54686
48829
52812
57333
48209
48585
50562
53344
48583
53345
48216
50302
48216
48218
50562
48213
48215
49260
50184
50304
48215
48218
49256
48219
49259
48217
53351
48219
50305
48219
50564
50182
55294
55295
48230
48231
48223
48232
55328
48225
55330
48226
48229
48226
55334
48227
55334
48228
48229
48230
48232
48230
48232
56859
55329
55324
56089
56702
56712
48237
48238
48237
48840
48842
50231
48847
48243
50366
52806
48242
55733
57001
48242
48243
56612
48244
57005
48244
52807
57004
48246
48249
49310
50842
48247
48250
50840
50841
49309
50835
50841
48253
48254
48264
55094
48254
48274
48270
49540
48259
48256
48259
48257
48260
52841
48262
48263
55057
48261
48264
48261
48262
52842
48263
55058
48265
55099
48265
57443
48267
48268
48269
48273
51748
48274
48272
51747
48271
48274
48272
48273
55103
55101
48274
48276
50751
50045
51337
55853
48279
48281
48279
54975
56234
48280
56235
48281
54981
48282
48284
48286
48284
51110
54976
48290
54982
48286
48287
48289
48288
56039
48289
51260
56050
48290
51104
55133
57565
57566
48293
53373
53376
50461
53379
49825
50029
51851
56389
48297
51857
52938
50027
51855
53655
54544
48300
48301
48330
54477
48332
56885
54478
48307
48308
48739
56768
48309
48310
56771
48305
48306
48310
55343
48311
55341
48311
48312
48309
48312
48309
56774
56771
50016
49761
57117
49758
48315
48457
48315
48316
48321
48321
48322
55780
48318
48319
48469
52315
48320
54109
48320
48323
48322
55778
48323
55779
48459
48325
50138
48328
51720
48327
50474
50702
48328
50141
48330
48332
48332
53071
48333
53071
56889
48336
48347
48352
48336
48338
48429
48340
52522
48352
48353
50909
48339
48340
53576
48341
50414
48343
48343
50912
56729
48343
48344
50907
50911
50906
50917
74707
80021
48348
48353
51554
48350
48351
52522
48349
48350
48351
50418
48354
48354
50907
48354
51553
48356
48357
48361
53220
48362
74708
79437
80733
48360
51910
56198
48362
53222
56199
56200
53224
48364
48365
48366
48786
48596
48784
48790
53224
51913
53222
48373
51548
48369
48373
48386
48370
49082
52750
48371
49076
48372
50584
52754
52752
48383
52759
50707
50708
52757
48563
50708
51547
74671
75021
79348
79580
48378
56878
57196
52766
52768
48382
48384
48382
49077
48385
48384
48386
48386
49077
49083
48388
48391
74750
48389
48390
48394
49828
78432
48391
48395
50486
48393
48396
50176
48394
49218
50174
48397
48397
48397
48399
48400
49406
49039
48404
48410
53355
48403
48412
49032
48405
48405
48411
54084
79917
48408
48409
49027
49041
48410
49040
48411
48412
48411
53359
49027
49033
49585
48416
48417
48417
48418
48423
52617
48419
52617
48419
48422
48424
52524
48422
48423
48425
48424
48425
48427
48427
48428
52855
52521
52615
54167
48432
50415
48433
53575
50182
53572
48435
48436
48438
48449
48438
49450
56339
57449
80005
80092
80115
54212
54216
48441
48442
48480
56509
48442
50685
57324
48442
56518
57324
48446
50117
48445
51503
51508
48446
51507
55189
56332
57453
57516
48449
57450
57453
57449
57452
48452
55470
48452
48453
52849
48454
52850
48454
52853
53631
48463
48467
48463
48464
51493
48459
48467
48460
48462
48468
51484
48469
48471
48461
51484
48465
51490
48466
48468
48470
51492
48465
49489
48466
51487
48470
48471
48469
52315
48471
50739
51488
51490
51491
48479
53551
56516
56517
48475
48476
53549
48477
53550
54681
48481
54682
48483
56507
48480
48481
48483
48482
53551
48483
54684
56509
48494
56063
48487
48490
48492
48488
51370
56063
48494
48495
48496
48498
79985
48491
48496
48493
53790
48493
49597
48495
56063
48499
48500
51539
52804
48622
48863
50398
51543
52621
51532
51541
52802
52800
52802
48504
48505
53482
52954
56624
48507
48762
56628
48507
56625
48509
55485
56627
48510
56624
56625
56883
48513
48514
48515
48514
49168
55390
49184
57657
53140
55389
48517
57619
50073
55391
55389
48523
49174
57651
48520
48522
57302
57652
57655
49182
57655
57662
48523
57660
48525
48526
54884
48527
57617
48527
48598
56982
57301
48531
48532
55170
48532
57410
57412
57414
48531
52686
57411
55169
57412
56421
48534
48536
51613
52714
52718
48538
48543
52723
48537
52129
52722
48539
54256
48539
52222
52725
52223
48541
48542
48759
51341
52721
48543
51906
52724
48545
55229
56094
56092
56998
48581
55232
56994
48577
53464
53467
48550
48557
55561
48553
48554
48556
53569
50218
54042
48552
48553
51521
48555
50219
52760
48562
48555
48557
50222
48557
48559
55556
48560
48561
55684
48560
49645
55557
55689
50199
55558
48563
51549
53571
53570
48565
48566
48571
52490
48569
48574
48567
48568
49955
48570
48687
48571
48690
52497
48571
48697
48576
50502
52495
48690
48691
48692
52497
52491
52494
52491
52495
48691
50503
52492
49795
51353
48580
50560
48580
48581
53716
48584
53717
48582
48583
48584
52786
49209
48585
50563
48589
48590
54245
48588
48589
48591
50897
53797
48591
54246
49562
54247
54244
48593
54460
55140
53895
48595
51621
51625
51628
48597
51914
48793
48813
51912
48599
48602
56982
48600
48615
48601
48602
48623
48614
54880
54885
79400
82166
48615
48619
57298
51130
51767
51934
48607
48610
51764
51769
48611
48610
51763
51767
48612
51132
54256
51765
48612
52126
51768
52127
48616
48617
54184
48618
56980
48620
57300
48619
50440
48618
48621
54295
48623
54292
48620
54235
48621
48623
79924
48629
48631
51891
48626
48628
49270
48627
49275
49784
48630
49788
48629
57644
48630
51893
48631
49785
51894
48633
48636
48637
52426
48634
57219
48639
57641
48644
55520
56731
52425
55525
48638
48639
48642
55527
48640
57648
48641
52429
48642
48643
52430
48644
48644
48645
56730
48648
55662
48647
48648
49764
48649
48830
52811
48649
55663
56734
48651
55201
55218
48652
55204
48653
48659
55205
48663
55715
48660
48661
52794
48657
48661
52788
48663
48664
55718
48658
48659
52793
48661
48662
48663
48664
55722
52795
48663
48664
55725
48666
48668
55716
48667
55660
55729
55724
55913
48670
55657
48670
51940
55225
55658
55717
48674
51712
48674
48675
51740
48675
51713
51737
51714
51740
51733
49162
49563
48679
48693
50509
53000
48679
50507
50512
48695
48681
49747
55255
48684
55257
56087
48686
52664
54427
48684
48686
52668
48685
56087
48686
49830
54432
48688
48697
48698
48693
48700
52998
48697
48695
48694
48695
48695
48697
48701
50867
79409
79953
48699
48701
48700
48701
52999
50224
54206
54481
50220
51436
55907
54482
54483
54484
49883
52079
54482
51056
51377
52077
48710
52414
57477
48710
48712
51139
48711
48712
52409
48713
52415
52410
52421
48713
53116
52412
48715
57362
57436
55961
56749
48717
52414
54279
49480
57475
48719
48721
52712
48722
53592
48722
48723
48724
48723
52706
48726
52318
48729
50312
49906
52205
53592
48727
48729
48734
52316
48732
48733
54171
48731
50313
48731
48732
50327
48734
50319
54170
48734
49806
54176
48740
48741
48745
53354
48737
48742
48739
48743
55327
48739
48744
49758
48742
50022
48743
48744
48743
55333
48745
49759
49753
48752
50955
48752
48754
48749
48751
52939
48754
52133
48751
48753
50956
50954
52937
48753
48754
52133
48757
48757
48758
51348
48846
52684
51342
52685
51342
51345
48761
53970
53982
48763
53483
55437
53485
55119
53481
48766
55914
48766
48768
48769
55915
48768
50385
48769
51956
48770
48777
49163
48777
48778
52897
48781
49163
49164
48775
48780
48781
48870
49097
74292
75278
48779
48779
52898
48780
48782
48782
49165
49163
48785
48788
54810
48785
48786
48795
48792
48789
48788
48790
56871
48789
54809
48790
54817
48792
48794
51832
48795
54811
48795
48814
48810
48815
48799
48874
48994
48798
48799
48800
48806
48821
48880
48806
48876
48887
48804
48805
48808
56081
48803
48804
48820
55834
48805
48821
55837
48807
48807
56084
48808
56084
56082
48810
48811
51620
48812
51833
51628
51861
48817
51863
48814
48818
48815
48819
48817
48817
51325
51820
48819
51819
51821
51829
51821
48821
51271
48822
48891
51280
52436
52438
52504
48825
51253
52506
48826
51252
56711
48827
52507
56705
56715
48830
48837
56735
48832
48834
48838
48832
48838
48839
48833
52813
48835
48838
48835
48836
54582
48837
48837
48971
56732
52811
52809
53461
48842
48846
48847
48843
48845
79279
48845
79270
80116
50236
51348
51348
48849
53907
48852
48857
56694
48852
48858
48859
56530
56528
48857
49891
49893
48856
49893
49894
49901
48856
49901
50601
56426
48860
48859
56376
48860
48862
50603
48860
79599
50602
56529
48866
52622
54890
54893
54897
48866
48867
54498
52623
54499
48868
52624
56616
54893
56615
48870
51915
49165
51916
48872
48873
48954
48875
48996
48877
48950
51292
48875
48876
48878
48997
48878
48879
48878
51293
48882
48887
48887
48891
48891
48892
51270
48888
51293
48884
48888
49432
48885
48886
49975
48892
49977
48888
48889
48890
51294
48890
48892
48891
55425
50998
79333
79975
48906
48907
48916
48896
48900
50473
48899
48901
50472
48898
48899
48901
50703
48902
54826
50698
48907
48905
48904
48920
48904
48906
48913
48905
48924
48908
48908
48914
48908
48912
48916
48911
48913
48926
54905
54909
54908
54917
48914
48921
48915
48916
54912
48919
48922
48925
48919
48926
48923
48924
54828
48925
48926
48923
54827
48925
54899
79202
79376
79962
48933
48934
48931
48937
50738
48932
48938
48939
57564
48935
48936
51489
48934
50067
48937
48939
48939
52844
48940
51484
48937
48940
48940
54110
52857
48945
48946
56859
48944
48945
49046
48945
49042
49117
49042
49047
49393
56858
48948
49114
48948
53247
48949
56857
49116
53256
48953
48954
48952
48953
49451
55546
48959
50914
49442
48959
48963
48958
48962
48995
54169
48957
48960
50920
48958
48962
54168
54171
48960
48963
50916
48962
48963
48996
48966
51121
54524
48968
49389
51117
51119
51126
48968
57032
49387
48973
48975
48972
48973
56324
48979
55529
48974
50718
56328
48977
54524
48977
50717
48976
48980
48977
48978
48979
55532
48980
54582
48982
54025
56519
48983
48991
48992
56519
48987
48991
48998
48987
48988
49003
48987
48989
48990
49002
48989
53788
52140
53372
48991
48992
54023
52143
48994
48995
49803
48997
56079
48996
48997
49000
54023
79293
79312
79410
79423
49001
49002
50108
49003
50113
54297
49006
49860
50249
50250
52511
57587
52508
52511
56660
49008
49011
54527
49009
49014
57488
57485
57685
49012
56331
57683
49013
54528
49013
49409
49014
54526
57684
49018
49020
49491
49503
49017
49020
49491
52163
49226
54726
79952
80012
54728
49022
49024
52156
52161
50704
52155
52134
52139
52134
52163
52513
57319
49030
49390
52775
49028
49391
52769
49030
49032
49031
49036
49033
52764
49033
49035
50497
49036
49390
50496
56590
57348
57590
49039
57345
49407
57350
49044
49045
53356
49045
49391
49392
49044
49046
55328
50026
49047
49047
55332
49319
56593
56602
49050
49053
49056
49063
49063
49064
51854
49061
49065
54312
49055
49055
49057
49062
49072
49091
49057
49060
49059
49060
49061
49065
49061
49062
54311
49063
54311
49071
51852
49065
51773
51772
49070
49090
57066
49068
49070
52907
49069
49071
54315
49070
49072
57065
54316
49091
79161
79377
79403
49075
49079
49081
50281
49076
50275
49079
50585
49078
49080
49083
49086
49082
49084
49086
49086
50278
49083
49085
49087
51020
49087
56224
49089
49093
57187
49094
57190
49091
49093
49092
49093
49095
57188
49095
53004
49098
49102
49109
55794
75278
79388
79409
49105
49106
49100
49103
54808
49101
50475
49102
55794
55795
49103
49104
49105
55798
57118
49108
49109
55859
49108
49109
49187
53111
50007
49112
53024
53029
49112
52064
52057
53027
49117
49392
51630
49116
49117
49116
50810
51632
51642
51631
49119
49123
57456
49120
49124
57457
49125
57459
49122
49124
53214
49123
57454
57458
49125
53212
49127
49132
51028
49133
54856
49134
49135
49139
49153
49130
49131
49138
50866
49132
50862
49132
49135
51032
49134
49135
54857
49152
49147
49150
49147
49148
49139
49140
49150
49143
49146
50866
49142
49148
55617
49144
53839
49144
49145
49146
53842
49148
49149
50865
49149
54057
55619
49150
49153
49152
49153
49155
49811
49814
49811
52607
52612
49157
49159
54643
49158
53414
52613
53415
49160
49161
49161
54566
54567
52610
52611
74696
55999
49167
56000
49166
49167
56002
49169
53141
49172
49194
49171
49176
49189
53139
49172
49185
49193
53138
49174
57340
57612
57614
57654
49176
49179
49180
53139
49177
49178
49186
57336
57338
57339
53141
57656
57336
57661
49182
49184
57615
57616
57652
57655
57662
57619
57658
49190
49192
49188
49189
57339
49188
49190
55794
49190
53111
49195
49196
49970
49196
53112
49195
49196
49195
49963
49964
57513
49904
49922
52951
49199
49855
52446
49848
50037
55694
49201
49207
49210
50082
50091
53348
49203
49205
49208
55235
49204
55230
49206
49487
49207
49211
49207
50083
54926
49209
49211
52786
53350
49211
53346
53352
49213
49214
50171
49836
50175
56056
49216
49217
50178
49218
50177
49828
49220
54780
49221
49222
54777
56773
53191
56413
49227
52464
54724
49226
49231
49497
49226
49227
54727
49493
49231
49233
49232
49477
49481
49477
49479
52467
79576
82131
82154
49232
49233
49475
52473
49235
49236
56778
49244
54647
55857
49238
49241
49241
49363
56830
49239
49242
56834
49240
49357
49243
49354
49358
49242
56832
49243
49369
49245
51081
49247
49251
55857
49248
49252
50013
49252
55854
49249
51091
49250
51085
54646
49251
51086
49252
55855
49257
49260
49261
49255
49257
49256
49258
50561
49258
49259
49260
50184
49262
49263
55295
50184
50187
49265
49269
56311
49266
49373
55623
49268
49269
49269
49271
56318
49274
49278
56319
49275
49277
51413
49272
49274
49273
49786
51404
49274
49275
49276
49277
49278
51412
49279
49372
49376
51410
49281
49827
52887
50463
56318
49283
49285
49286
49284
49287
55539
56909
49288
49287
49288
56913
51079
56292
49291
49295
54469
49293
49295
50353
52966
49296
49299
49296
49298
49295
49296
52966
54471
49420
79336
79373
49299
55535
52833
49302
49304
49844
49304
49306
50160
50161
49306
49845
52996
49307
50405
49309
49312
49325
49326
49311
49311
49312
56815
49315
49320
49587
49315
49317
49591
49318
55564
49318
51234
56558
49318
49592
51236
51234
56556
49322
49323
49322
50832
56557
49327
56560
49324
49327
54094
49325
54093
49326
49328
50829
49328
55066
49331
50970
56253
49331
56187
52046
49333
52238
51196
52239
49335
50378
55921
49339
55002
55109
49337
49341
56920
49342
55112
49340
49345
50341
49340
49342
49343
55001
49344
49675
51510
49344
55111
49345
49346
49346
49676
55004
49677
49348
49349
54019
50274
56726
57239
49350
53014
53014
56067
56071
49353
49356
51176
49356
49357
57229
49355
49359
55115
49355
49357
49356
57231
56834
49359
49369
49367
49361
49364
50075
49362
49370
57140
49365
57249
49364
49369
49370
56833
49366
49368
57250
49367
50374
49368
55115
49371
49371
49371
49373
49376
49377
49376
51415
56092
49376
49379
56093
49378
49379
55623
49379
49482
49483
49382
50274
56722
49382
56709
57247
56725
57246
49384
54637
56115
49386
56130
49386
49388
56233
56137
56236
49388
49389
57029
57028
56138
50367
49393
49394
49393
49394
52773
49396
49402
49406
49405
49407
57588
57600
49401
49402
50456
49403
56929
57597
49403
56940
49404
54588
49404
56931
49405
49406
49407
49412
54225
57756
49410
54234
54525
54224
57752
49413
49450
54231
49413
54219
54218
54232
49415
50683
57753
50670
54528
56943
57537
57755
49418
52431
49419
52434
56051
50384
56040
75280
79334
79397
49424
54887
57508
49423
56295
57511
51290
56293
57510
56303
56304
49432
49434
49974
49432
49435
49437
51294
49428
49429
49430
54665
49434
54664
49431
49433
49431
49448
49438
54663
49434
49435
54666
49439
49442
49446
49451
49439
49443
49439
49440
49444
49441
49444
54701
49446
49453
49443
49445
51292
49445
49446
49455
49449
50726
54940
49449
51298
54663
54672
56334
49454
49454
49456
50733
49456
50727
49455
50908
49456
50732
49458
49459
53605
53614
53606
53615
49460
49461
53634
53858
49833
52677
53605
49463
52565
52913
54313
51776
52561
49465
53044
49466
53046
56102
49467
56103
50243
56108
49470
49490
52839
56354
49470
52559
52912
52838
49472
50419
49473
54271
54572
53045
53047
49475
49504
55046
49481
49481
49646
54277
52468
54278
49480
50192
54281
57476
51140
54279
54277
54282
49483
56094
49485
49488
49487
49488
55234
49486
49488
54928
49487
54925
54926
49490
51487
51496
51485
49501
79366
80015
49497
49503
49496
49500
55035
49496
49499
49505
55047
55034
49498
55046
49499
55046
55047
49502
49501
49502
49503
49646
55047
55685
55033
55034
55690
49507
49509
49514
49882
57686
49511
51189
56848
49510
49513
52225
49511
51198
49513
56632
49513
56839
56848
49515
52225
52650
49516
52233
49518
52645
49518
52061
52236
52649
49520
49523
56336
49524
56333
49522
49535
49673
49523
49524
49527
56337
49666
56341
49533
51297
57682
49527
49529
49532
56337
49528
49530
49535
49533
56329
49531
49538
51295
49532
51296
49533
56330
49536
49537
49669
49536
49538
49673
49539
55792
49539
55791
55083
55084
49542
49564
55430
49545
49550
55430
49545
49546
49552
49547
49549
50828
49550
49553
49547
49551
49555
50822
49549
49551
49565
49558
55435
49551
49553
49555
50819
53273
50822
49557
49560
50903
49561
49562
54244
49565
49566
49560
50899
50904
50901
54243
49569
55428
55428
79395
79574
79652
49565
55428
49569
49567
55432
49568
50904
55433
49569
54243
49571
49865
56618
49572
49573
50247
49859
49861
50245
49577
50248
49576
49579
52976
49580
56361
49578
49582
56360
49579
56358
49580
56359
49582
49582
50246
56370
49584
50036
56622
56014
56620
52343
49589
49590
54139
49588
54094
55564
49589
54095
54140
55566
55567
49593
55567
49593
49594
55568
51173
49596
49597
53061
53069
53791
49600
49603
57363
49600
55313
57572
49601
57365
49604
55311
49604
50434
54178
49604
56080
54179
49606
56618
56621
49856
56622
55401
55409
55415
49610
49616
54730
54741
49610
54747
55289
49616
49612
49617
54733
49613
49634
49615
53586
54735
49615
49619
54737
57775
50151
55269
49639
50149
54734
49620
54732
49621
54738
49621
54736
53940
54558
49630
49632
55644
49628
49630
49626
49631
49649
49628
49629
53613
49631
49632
49652
49630
49631
55642
49651
55643
49649
53615
53617
49637
49638
53586
49636
50152
53503
49637
49638
53502
53585
49639
50150
49642
49643
55350
57774
79578
79662
79975
53590
55351
53588
57775
49645
53570
55032
53569
55689
55692
49649
53639
53640
53643
49650
53642
53650
49652
53956
49652
53643
53954
53857
53858
53859
49655
49656
55553
56645
50808
57382
55547
56650
55705
55950
56646
55643
49660
50714
49662
49663
50713
49728
79996
80005
80092
55645
54124
55421
49667
49671
49672
53513
49673
49674
49668
53520
49669
51930
49670
55792
49672
49673
49674
53515
49674
53514
49677
51329
49677
49678
49680
49679
55004
49680
51516
49682
50259
55005
50341
55003
55008
49684
49685
49686
52998
49687
49687
52997
53001
49689
49695
49696
53480
49697
49700
53973
49699
49700
56385
49693
49695
49694
49699
56743
49698
49700
49698
49697
49698
53484
53970
56736
56387
49703
49706
51072
49703
49704
51718
51068
49705
51717
49706
49708
49718
54839
49794
51900
54840
49710
49722
54845
49711
49716
49720
49713
49717
53466
49714
49798
49718
49719
51902
49716
49717
49719
53465
49721
49720
49722
49722
54842
54841
50074
52481
55448
51499
57133
49726
49729
57508
56610
57507
49733
50295
49801
49896
49732
49733
49731
49734
51290
49735
50284
57562
49734
57506
56610
56611
49735
57510
56611
49737
56822
56828
49738
56838
49744
56835
49740
49742
49743
49742
49744
49745
49744
49745
50673
52570
56827
49747
55267
56085
56086
49751
54332
56103
54347
54364
54346
54361
54362
54348
56282
49753
49755
49757
53354
49756
49762
52601
49756
52543
49757
52544
49760
49759
49761
49760
49762
49762
57117
49765
52809
53456
49765
53459
52810
53455
51077
54358
56291
56894
49769
49770
52632
49770
54100
57071
49770
54101
56257
49777
51163
49774
49777
51675
49774
50465
52280
49775
51678
49776
49777
49778
50468
54424
49791
51168
55009
49782
55544
57624
49783
55540
57043
49783
57626
55541
57045
49786
49788
49788
51164
49792
49789
49791
49792
49789
51166
49791
49792
50464
51169
51404
49794
51919
55592
51901
49797
51897
79685
79994
79996
51898
51903
49802
51897
49802
51901
49802
51897
51898
79325
79342
51902
49808
49809
56079
49805
49808
56078
49806
54173
49807
54176
49809
54169
49809
56078
49813
50028
54561
49812
49813
49813
51847
54562
49818
49823
49823
49824
49817
49824
51500
49820
49927
57131
49819
49826
49821
49935
51498
49821
49934
49822
49823
49824
52608
51501
49826
50031
51848
51498
51848
50471
52889
50455
54589
57361
55442
55449
49834
52673
52990
49833
49834
52982
52671
52672
52986
49836
50168
50461
56055
57147
57153
52838
52907
57152
49842
49844
49841
49842
53104
49843
50163
57603
49843
53098
49845
49845
53071
56890
57396
49850
49851
49849
49850
50035
55704
49851
55694
55702
49854
49856
49857
56619
49854
52442
52447
49863
49856
49857
56623
52448
49862
52437
52438
49861
49865
49861
49864
49867
49864
56659
49865
49866
56619
49867
56660
49867
52441
49874
49877
49871
49877
49871
49872
52848
49876
55447
49873
49876
52852
53119
50074
53124
55452
49876
49877
53129
49879
50154
54331
54339
79350
79667
80116
51950
55649
57049
56839
57548
49884
57606
49885
49886
57607
49887
49887
52084
51372
49889
49891
56375
56383
49890
51096
56378
56380
56376
56382
49897
52693
55735
56384
49900
57413
49897
56384
57024
79586
80137
49898
55736
49900
52696
78306
78991
79006
80177
56384
57415
49903
49915
57157
49905
50490
57161
49905
49917
50494
50491
52218
52707
52713
49912
49914
49910
49912
51787
49911
49919
50495
49911
51788
49916
51791
49913
53216
49914
49916
49915
57156
49918
49924
49918
49922
49924
49921
49924
49921
49923
49925
50382
50381
49923
49925
50380
49925
49931
49946
49934
49945
49930
49937
51568
49930
49931
51366
49933
51570
49933
51368
49933
49936
49944
49935
49936
49937
49937
51497
51362
51379
51465
49942
49949
49952
49941
49947
57129
49947
49948
57132
49950
49968
78978
78989
80145
49945
49946
49950
49948
49949
56986
49950
57132
56984
49952
49953
50390
56983
50395
56985
49955
49957
49958
49959
49960
49958
49959
49961
49961
49961
49963
49965
55422
49964
55422
49967
49966
50068
49967
50075
57139
49969
51824
79237
49970
50077
50078
57695
49973
49979
55064
49973
49974
54667
53329
49975
54666
49976
49978
49979
49978
55426
49979
50043
55064
50003
50100
56747
50094
50098
56754
49983
49984
54522
49991
54328
49986
49990
54521
49986
49987
49988
52120
53075
51061
52122
49990
51062
49991
51053
54511
49991
54323
49993
49995
50089
54492
54496
49996
52709
49996
50087
50087
52710
50002
54384
55476
50002
50003
55964
50000
50004
50101
50001
50003
50002
50006
55962
50005
50006
50095
50096
55016
50846
50008
50010
50009
50011
55859
50013
50021
50011
50012
54650
50014
50015
53112
50014
54645
55855
50076
55858
57695
50017
55343
56416
50020
53302
50019
51233
55339
50020
50962
55340
50960
57121
57125
57127
50025
55330
50025
50026
55331
50025
50026
53353
53356
50032
51858
50030
50033
50031
51850
50031
50034
51847
50033
51860
50034
51859
51856
50036
50037
56973
56971
56623
53719
53785
53786
50040
51310
53785
51221
53328
53723
50042
53339
55064
51213
51214
53338
51216
55426
50173
79006
50046
51336
50047
51049
50048
51332
51339
50049
51333
50056
50058
54296
50052
50058
50054
51331
51335
50057
51199
50058
54293
50057
50059
50057
56980
56981
50059
50063
54855
50063
50064
54113
50063
50064
54114
50065
57563
50066
50067
51746
57563
51747
50069
50072
55423
50071
51306
50071
50375
57249
50072
51307
57139
50079
51306
55423
53123
50077
50078
55856
50078
56833
50080
50296
50300
54877
54881
54884
50083
50091
50084
50086
54923
50086
50088
53383
50090
54924
50091
50092
50089
53404
50090
53403
50092
50092
50099
50098
50100
50101
50096
50101
50097
50099
50101
50103
55237
50104
54659
50105
54660
55246
54835
56862
50107
50633
54301
50113
50114
54300
50109
50111
50113
50110
50111
50275
50585
50112
50114
50277
50619
50116
50117
54299
50626
50633
50636
50636
55189
50122
53491
53504
50124
53488
53497
50121
50122
50123
55813
50124
54027
55811
50124
53487
53498
50196
57522
57524
50127
50130
50139
50131
52204
50136
50137
54825
50131
50136
50580
50133
50135
50145
50132
52202
50135
50136
50134
50142
50135
50137
50701
54829
54826
50141
50147
50144
50145
54356
50141
50142
50702
50146
50143
50700
50145
50146
50147
54355
50147
54357
56247
57522
57628
50150
50151
50152
53490
50153
53493
50156
53495
55269
50155
54340
50159
54329
50157
50159
50158
54343
55268
50239
54337
54330
54342
50161
50162
50163
56888
50405
54488
56893
50166
50167
52819
50166
50168
52827
50167
56053
56054
52826
56055
50176
56058
50174
50175
50176
56059
56053
56061
50750
57368
57372
50200
78316
78320
50177
50178
50178
50180
57044
57625
50181
51250
53787
54983
50187
50323
53572
50186
78448
78468
78470
78472
50187
50189
53573
50189
50324
50329
50308
50193
50194
53282
50192
50193
50199
55686
50194
53284
53279
57474
50196
50198
53320
57520
50197
51313
53321
53326
50204
56024
55686
57528
79006
79011
50202
50205
55443
50204
55444
50205
50206
57418
50207
57520
50207
57421
56020
57416
56025
50214
50682
56943
50210
50211
51283
50212
50213
51285
50214
56688
56941
57595
50214
56934
56586
50216
51324
53815
50217
51818
53823
51814
57503
50222
50223
50222
50228
50224
50225
55908
50222
50225
51437
50224
50225
54045
50227
51427
51518
50228
51428
52760
51430
50238
79584
50231
79610
79614
50234
50236
79120
79250
80177
79609
79568
79282
79269
79277
79673
79686
79348
79616
50240
50243
50241
50242
55290
50243
56110
55289
57093
56104
50250
50251
57583
50247
50249
50248
50251
50252
50248
50252
50250
50252
56368
50254
53721
54952
50255
51217
53724
51223
54955
50258
50259
55871
50260
50340
57699
50260
55870
50261
57663
50261
55873
55003
50265
50266
50268
56057
50264
50265
56061
50266
57458
57696
56058
50267
50270
57455
50270
52344
50270
51804
57456
57236
50272
50273
54020
50347
57244
50274
57239
57245
50277
50279
50622
55492
50280
50625
50279
50281
56224
50624
55491
50281
50282
50620
50624
50625
50287
50291
50982
50288
50298
50287
50288
50989
50287
50288
50292
50991
57562
50295
50297
50298
56611
50293
50300
51306
50292
50294
50298
50299
50300
50301
51307
50299
50301
55919
50296
50297
50300
50299
51309
50303
50305
50306
50315
50305
50308
50316
50312
50310
50324
50329
50316
50329
79009
79011
80157
50311
50314
50326
50317
50329
50313
50317
50314
50327
50316
50317
50322
50330
50413
50320
50327
50321
50328
54172
50330
50913
50323
50325
53574
50324
50325
50331
50327
50328
50331
50331
56728
50333
50336
57315
53454
55065
50337
51256
51257
50336
50337
57319
57316
57318
52516
57317
50339
51309
55920
50375
51308
55344
50342
55930
50342
55003
55926
50345
50381
50383
50345
50346
50495
51783
53596
50535
53595
53926
53935
50349
51650
50350
50351
52398
50352
50356
50365
52394
50358
50363
50355
50361
50364
54270
50360
54273
50357
50359
50358
50359
52964
50362
50363
54266
50362
50365
50363
54469
50365
52329
50371
52785
50368
52782
50370
50496
52783
50371
50392
50394
50392
50500
50373
52808
79313
79363
79364
50392
52784
50379
55110
50377
50377
50379
57250
50378
55344
50379
55109
53084
54655
50382
51783
53092
53090
53601
50385
51957
51955
52434
50387
53988
56385
53984
53989
53979
56806
50390
50393
50395
50393
50394
51481
50396
50396
51482
50397
50397
50500
52804
52837
54837
56741
56864
50401
50402
50404
54875
51172
54872
50405
54490
50404
50405
50408
52341
50408
50410
54421
52333
52340
50411
50412
55167
50411
52331
54422
55165
54416
50415
50416
53574
50415
50416
53576
56728
50418
52535
52537
54267
54271
54275
53318
53322
57342
50422
50426
50931
50423
51393
50425
50431
51393
50425
50427
55432
50431
55433
50428
50932
51203
50429
54239
50430
50431
50430
54242
51209
50435
52205
52207
50434
55307
55312
52211
52206
52211
57550
57553
57557
53962
51937
55250
50444
50449
53285
50442
50450
50442
50445
54188
50446
54190
50448
50449
50445
50448
53276
53277
50448
50450
50566
79190
79304
79362
54037
54235
50452
50455
57434
50453
50460
57355
54529
57353
50456
50458
50459
54587
50457
50457
50459
54589
50672
54531
50460
54530
52825
52824
52825
52828
50464
50469
56317
50468
50466
50468
50467
50470
52281
50471
52882
50469
50470
50471
52891
50473
50474
50698
50476
51837
51840
50479
53425
56542
50480
53448
50480
56544
53447
56780
50484
74161
50483
50484
74746
50485
50486
50485
74748
50488
53758
56809
53986
56797
50491
50493
50494
50491
50492
52949
52945
52946
52949
52952
51783
51791
50498
50498
50499
50500
50500
50502
50504
50506
53632
50503
50506
50507
51263
53632
50506
50507
53633
50508
50512
50516
50512
50514
50514
50523
55751
50512
50513
50514
50518
50528
55750
50516
50517
51265
53633
50518
50518
57665
50522
79523
50521
50524
50527
55748
50529
57462
50528
51098
50525
50528
50525
55746
55752
55754
79304
79313
79386
50529
55754
55754
51097
55749
50531
50532
50534
52387
53454
50534
50539
52387
52388
52391
51784
50536
51779
50537
51782
52390
50538
52388
51785
57305
50540
51785
50542
50542
57307
57312
50546
50548
50550
50547
50550
50548
50549
50551
50551
50548
50552
50552
79509
51597
50556
50557
50556
50558
50558
50559
56430
56440
50561
50563
50564
50563
50564
50573
75281
79303
79320
50568
50572
51702
50569
50576
51701
50575
50675
50571
51576
50572
50576
51698
51583
50574
50575
50576
53291
56501
50579
50582
54598
50581
50583
54603
50582
54605
54824
50583
52190
54829
50585
50591
50798
50809
50588
50591
55548
50590
55550
50590
50591
51716
55552
55555
50593
51739
50597
52482
50597
50599
50678
50597
50598
50599
50600
50603
56420
50603
50604
56428
56522
57058
50608
50612
50613
50611
50615
56407
50609
50611
51589
50610
50610
50878
50614
50880
50614
56410
50615
50614
50615
56140
50617
51593
50618
56157
56412
56408
50625
50633
50635
50627
50635
50648
50654
50699
50623
50624
50630
50631
55494
50627
50628
50635
50631
50631
50632
50630
50632
57141
57142
50636
57630
50806
75281
79962
50638
50646
50697
56978
50643
50640
50643
56802
50644
51765
50642
50644
50653
50645
50696
51582
50646
56801
50645
53736
50646
50651
50652
51573
79175
79383
50650
50653
51572
53735
51763
53731
50653
51581
51582
51577
51581
51586
50658
79379
50656
50667
50657
50663
56855
50674
79138
79180
50662
50667
57270
50662
50665
50709
50664
50665
56851
50668
54714
50664
50666
56854
56855
50668
56852
50667
50668
50721
54304
56851
50671
54532
56938
50672
56936
54533
54587
50677
56824
50699
79191
50679
52483
50677
50679
50681
50678
50679
52482
51702
56822
56824
51701
56824
50683
56935
56937
56942
50687
50688
50688
50692
50688
50690
50691
50690
51871
50691
50693
50892
52566
50692
50693
56518
50893
50695
50697
56899
56978
56896
50697
50754
50700
50702
50806
79192
50701
50703
54826
52149
52158
50706
51846
51835
51842
51845
55035
52755
55037
54714
54716
54717
52606
53421
50712
50713
50715
50714
50714
51502
50718
55513
55800
50718
55531
55533
50725
56847
56962
50721
50722
50723
56853
50724
56961
50724
56963
50725
54302
56763
50727
50729
50731
54701
50735
50736
56902
50730
50731
54700
50735
51076
50732
50734
50736
50905
50735
50736
56903
55545
50741
50743
50743
50744
50740
50744
50746
52556
50742
50745
51447
50746
51448
50747
50747
51488
50746
50747
51480
51334
53505
54181
79350
79357
79366
79423
50751
53505
50752
53506
51338
53505
51880
56897
51874
56900
50760
55497
50757
50759
51021
50760
55495
55499
50759
54904
54914
57142
51356
50769
50772
50763
50769
50764
50770
57547
50767
50774
50768
50772
50768
50770
50771
50770
50775
50777
50782
57546
50771
50772
50775
50857
51183
51177
55351
50778
50780
50781
56030
50778
50782
50783
50856
50780
50781
50783
50782
57546
50851
57067
50858
50785
50786
50787
56759
50788
57006
50790
56756
50790
56097
50935
57530
50790
56101
57705
57711
50792
51291
55893
56099
56298
50794
50801
50797
56856
50796
50800
50797
50799
50801
50799
50800
50802
50805
51716
50802
57323
50804
50807
50808
57384
57389
50807
57386
57389
50807
50809
79362
79383
50809
55555
53246
56404
50812
50815
51008
51005
56206
50815
50816
53188
54756
50817
51238
54236
54755
50817
53305
53287
54754
79309
79347
50821
50822
50827
50828
57115
50823
54648
50825
50824
50825
54649
50827
54849
50826
50827
50828
57116
55435
50830
50836
50833
50837
55066
50834
55841
56546
50833
50834
50834
55066
56550
50836
50842
50837
50838
55842
50840
55843
74282
79040
79161
79368
50842
50842
50845
55025
55010
55013
55016
50846
55015
55014
50848
50854
50855
50942
54860
54932
50850
54930
56818
50851
54934
57067
50852
50853
50858
50854
50855
50860
50939
54931
50857
50858
50859
50861
50860
50948
51183
50861
50947
50863
50975
50864
50868
50978
50865
50866
53840
50874
75266
79162
50977
50870
50871
50888
50872
50876
51594
50878
51591
50877
50888
79174
79184
79360
50876
50877
50882
50889
50890
50882
50881
50882
50890
50882
50883
50883
50892
50886
50893
56517
50888
50887
56517
50889
50891
50891
50892
50893
50895
50902
52038
50898
50927
50897
50902
50903
50899
50900
51395
51396
50901
50902
50903
54244
51396
54243
50909
50910
55545
50907
50910
50909
50910
55546
50912
50917
50919
50919
50920
50917
50918
55546
50916
50920
50922
50918
50921
50921
50922
56729
54168
50922
51671
52792
56872
50926
57006
50926
54304
54305
57007
50928
51395
52035
50929
52036
50930
50931
50933
50934
52033
50934
51394
50934
51206
51205
51398
57008
57532
51211
51400
55489
50938
50941
50943
57776
50940
57777
50940
50947
50942
57781
50942
54861
50945
54862
50945
50946
55272
57776
50948
50952
50950
50950
50951
51181
50952
51179
51142
57778
57781
50955
50957
50958
52065
50956
50956
50958
52066
56917
56919
50960
50961
53307
50962
53306
50964
51239
50964
50964
51233
55336
55338
50997
53203
53980
56808
50968
50969
52052
52054
52055
50970
52045
56251
52043
50973
50977
50973
50974
52947
50976
53553
50975
50976
53078
51029
50978
50978
54217
54966
57452
50981
55866
55870
50987
55888
57698
50984
50993
55919
50987
50992
57699
50992
55928
50986
50988
55891
50989
50990
55895
50988
50990
55888
55893
50991
50993
50993
57697
50996
50997
50996
51001
54775
51004
56154
50999
74282
79165
51003
53193
53203
51002
51003
53193
53197
51002
51004
53190
53192
51004
51006
53197
56208
53193
53200
51008
53196
53198
53189
53194
53832
53915
54289
51015
51019
53828
51012
51015
51016
53919
51014
53917
51018
51019
51247
51017
53924
53829
51017
51019
51018
54119
51242
54122
51021
55492
55493
55495
51023
51474
51534
51025
51380
51472
51531
51534
51466
51467
51469
51029
51030
51028
51030
51032
53079
51031
53078
51031
51032
56356
56552
56565
55198
55252
51036
51041
56760
51037
56761
51038
51042
51046
51043
57548
57694
51041
51043
51044
51042
51044
51045
57691
51046
51047
57257
57688
57692
51051
51340
52641
51050
51339
52635
51051
52638
52634
51055
51056
51060
52072
51062
51063
51057
51063
51417
51057
52074
51059
51058
52073
51063
51064
51060
51061
52121
51064
51062
51064
54510
51439
52074
55910
51071
51072
51069
51074
51075
51074
51075
51719
51070
51071
51073
54402
54399
51073
51075
51077
56894
56903
51078
51079
56290
56904
56910
51083
51084
53204
51082
51086
51087
54647
51085
51087
51086
51087
75264
79040
82172
51207
51230
79232
54646
54645
54646
51095
55402
55406
51094
51095
52311
51096
55408
56379
52314
55405
55403
51098
51099
51101
51100
51101
57664
51102
51105
57665
51105
51108
51108
51109
51110
51111
51259
51107
51107
51108
51268
51266
57665
51110
51111
53652
51261
57092
51114
56781
57230
51115
57208
57234
51116
57206
57105
57108
51119
51126
51127
51119
51122
56132
51123
51124
51156
56576
51126
51159
51123
51124
56129
51138
51127
51126
51127
51160
51133
51918
51130
51134
51323
51927
51131
51132
51134
51768
51136
51135
51136
51928
51136
51320
51918
51928
79103
79209
56674
56679
51140
53118
53117
54280
51142
51143
52903
51144
55440
51144
57780
51146
51150
51152
51147
51153
51915
51153
51155
57163
51150
51151
51154
51152
51155
51153
57162
51155
52856
51160
56577
51161
56573
56577
51232
56322
56573
51160
56323
51161
56327
51163
51171
51168
51166
51167
51166
51167
51170
51169
51894
51169
51171
51171
54441
54491
51235
56605
51175
51176
56925
55113
55114
56926
56928
51178
51183
51180
51182
55352
51181
51182
51181
55354
55355
51183
51187
51193
51193
51194
51187
51188
51192
56633
51190
51191
51190
51194
51192
56632
51193
51194
56629
56849
56630
56636
51197
56631
51198
52224
56638
52226
54882
54886
51208
51209
51212
51212
55006
51204
51212
55006
51206
51209
51206
51401
51206
51401
51533
78958
51209
51230
75003
79024
51401
55006
51214
51221
51216
51222
51216
51218
55426
51231
51223
51224
51229
51273
51220
51229
51278
51316
51228
55427
51224
51226
51231
51225
51227
51226
53724
51226
51316
51228
57471
51316
57472
51231
51276
56355
56356
57111
51236
56604
51236
56606
51238
51240
51241
51240
51512
51241
51512
53287
51243
51249
54119
51246
55938
51245
51248
55933
51246
55935
51249
55941
51248
54120
51249
54123
51948
57048
55863
55891
57531
51253
51255
51254
52529
52436
52518
52534
56711
52374
57200
51258
52516
52532
52520
52530
51260
51261
51262
51268
51269
51263
51267
56044
51264
51265
51267
53633
51266
51268
51269
51269
51273
51280
51280
51281
51277
51281
55832
51275
55425
79057
79129
79244
79257
51276
51279
51278
51278
55427
57543
51280
51281
55833
51288
51289
56585
51284
51285
56582
51289
56580
51286
51289
57599
51305
51343
51421
56588
57598
56585
51291
55894
56293
51293
51294
51296
55786
51297
55575
55574
51304
54673
51302
55811
55812
54670
55812
57341
51302
51304
54665
51303
55820
51304
55817
55815
79074
79123
51308
51309
55918
51311
53333
51312
53324
53336
51313
53323
53322
51315
55994
55998
56812
51319
51321
51923
51319
51320
51918
51917
51321
51323
51322
51323
51926
51326
51861
51326
51817
51816
51863
54957
54958
54962
51329
51330
51510
51515
51511
51514
56923
51332
51336
51333
51335
51338
54294
51336
51337
51338
51340
51342
52685
51344
51349
79075
51345
51347
51346
51352
51904
51905
51348
51350
79056
79062
51351
51352
51353
51904
51903
51357
51356
51359
51358
51359
55495
51361
51363
51365
51362
51366
51367
51384
51364
51386
51774
51365
56392
51569
56388
51367
51570
51369
51369
51465
51610
51372
51375
51376
51374
51375
51846
51378
53065
52083
51381
51384
51387
51382
51387
52558
51382
51383
52562
51385
51386
51775
51386
51776
52563
51469
51391
54513
51390
51392
51391
54320
54322
51396
51397
51395
51397
51397
51399
52031
51400
51402
51401
51403
51403
52032
55883
55487
56317
51406
51414
51407
57647
51408
57645
51409
51412
51411
51415
51412
51415
51414
51416
51413
57646
51416
51606
51422
51433
51419
51425
51426
51420
51427
51422
51423
79063
79118
51435
51442
51424
51442
51443
51425
51441
51427
51519
51428
51431
51430
51432
51436
51431
51437
51435
51433
51439
51434
51435
51439
52073
51437
51438
51439
55907
51443
54317
54511
51443
51444
54510
54326
51448
79087
79088
51448
51458
51453
51450
51455
51461
51452
51452
51453
51470
51472
51473
51456
51457
51460
51456
51459
52840
51461
51536
51463
51462
51536
51540
51536
51536
51537
51467
51469
51534
52802
79034
79047
79082
51474
51475
51474
51475
52558
51474
51475
51480
52554
51478
51479
53546
51478
53097
53108
53110
53547
52556
51482
51483
52836
52808
52837
51489
51487
51490
51491
79025
79053
79076
51489
56354
51495
51494
51495
51496
57154
52839
51498
51568
51500
51501
57128
57130
52166
53789
51504
51505
51508
51505
54594
51507
51508
55336
56921
56923
56924
51515
51516
51513
51514
51514
55338
51515
51518
51519
51520
51546
51521
51548
51521
51549
52760
51523
51524
52628
52629
52548
52625
51526
51528
51530
51529
51530
51529
56258
51532
51540
51534
79029
79078
51537
51543
51544
52619
51538
51539
51541
51542
51543
51541
51542
52805
52618
51546
51548
52751
51547
51549
52756
52749
51552
52536
51552
55538
51554
55545
51555
56902
51556
56907
56912
51558
56173
56172
51561
51562
51564
51566
51567
51565
52251
51563
52240
51567
52241
51565
51566
51571
56391
51570
51571
56391
51581
53733
51575
51875
51575
51580
51875
51576
51577
51580
51698
51578
51586
51697
79066
79114
79208
80230
51696
51876
51699
51700
51588
53518
56826
51586
51588
51699
51587
51588
53732
53519
51590
51593
51591
51592
51594
51593
61132
56410
78960
78964
78983
79008
51603
53309
53315
51600
51604
51607
53315
52115
79116
79247
51601
51603
53315
51604
51606
51607
56993
56997
53314
51609
51610
54642
51611
54801
51611
51612
56065
54800
56064
51615
51618
51623
51619
51621
51621
51623
51619
51624
51832
51624
54821
51620
51622
51833
51622
51628
54284
54812
54820
51626
51629
53826
51627
53831
54287
51629
51862
51631
51637
51638
51642
51633
51642
51651
51635
51639
51639
51640
51644
51637
51640
51637
51638
51641
52770
52773
51643
51652
51641
51648
52767
51644
52787
51645
51646
51649
52796
51648
51649
51649
52762
56878
52767
56876
52397
51652
51654
52789
51654
52790
56402
56404
51659
51665
51673
51657
51658
56400
51660
54152
54166
51659
51672
51660
51661
54158
51662
51663
51666
54158
51664
51665
55968
51666
55969
55966
55973
51668
51669
51673
55203
51670
55204
51671
51672
51674
52791
51673
51674
56403
51676
51679
51677
51680
51688
51678
51689
52280
51680
52339
54425
51690
51684
51685
51686
51684
51685
51685
51689
51693
51691
51687
51688
51690
51691
54415
51689
51695
54420
54417
51694
51695
52883
51694
52280
51878
51698
51699
56825
51702
56823
56825
51702
51705
52746
51705
56856
52747
51707
51710
51708
51744
51709
51743
51710
51869
52746
51712
51715
51714
51714
51716
51718
52953
51719
56740
56742
51721
53219
51731
51725
55568
51728
51729
51729
54062
51730
54125
51731
54132
54139
51733
51734
51741
51735
51737
51735
51738
51738
51739
51745
51741
51743
51865
51866
51745
51747
55102
51748
52844
53799
55931
51751
51752
51759
51761
51762
51755
55772
55768
56070
51755
51756
51758
51759
51760
51757
53812
51760
55764
53802
53813
53801
55775
51762
55931
51766
53735
51765
56800
53736
51767
51935
51769
51769
51771
56866
55362
56866
51773
51777
51774
56392
51775
51776
51777
54313
51779
51780
51788
51782
51789
54789
57309
54788
54789
54791
57304
51785
52393
57306
51787
53216
54793
51790
54788
51789
51790
51791
54789
51793
51801
51800
51797
51798
51803
52679
51798
51801
51801
51799
51800
51802
51803
51988
52681
51805
51806
51811
51808
51809
51808
57461
51808
51810
51817
51813
51810
51812
51822
51820
51812
57236
52349
51815
57460
51815
51818
57492
51817
51817
51818
51827
51912
51821
51825
51825
51830
78313
78991
79014
51887
79008
79009
51829
51827
51828
51829
51909
51830
52347
52348
52349
64183
51833
54811
51838
51843
54805
51837
51839
51887
78994
79258
51840
51842
51839
51841
54806
51844
51841
54808
57717
51844
56062
51845
51846
51848
51850
51853
51855
51851
51856
56394
51854
51857
51854
56393
56395
51856
51857
51860
52940
52942
51860
54569
51862
51863
53816
51868
51868
51867
51869
51868
51870
51870
56504
56493
56494
52761
51874
51875
51885
51877
51884
51885
51876
56901
51876
51878
51879
51885
51883
51881
51884
51888
51882
62835
51883
51884
56222
51886
51888
56901
79004
79240
56897
51890
51892
57214
51891
51896
51892
51895
57218
51895
57643
51896
57219
53468
51901
51921
51901
51902
51904
51906
55536
55537
52123
51911
51911
51913
52123
51914
51914
51914
51916
52962
57162
51919
51920
51922
51921
51923
51921
51922
51924
55593
51925
51927
51934
54257
51930
51932
51936
55793
51932
51933
51936
53730
51934
51935
53731
51935
53734
51941
51942
51952
78964
78969
78994
79263
51940
51941
55653
51943
55655
51944
51943
55250
55224
51951
51952
55647
51952
55542
57042
52018
78948
78972
51948
57042
57044
51949
51953
51950
51951
51954
55648
57042
51954
57048
57049
51956
51957
51983
56052
51962
51966
51967
51961
51962
51964
51964
51966
51974
55610
55611
55614
55603
51967
54661
55607
51965
53909
55611
51968
51973
51968
54674
51969
51971
51973
54676
51972
51975
52069
51972
54676
56191
51976
51976
51977
51976
51977
54547
51981
53159
53450
51981
51982
51983
51981
51983
53453
53160
51985
51986
51987
51992
52405
51988
51990
52099
51988
51991
52406
52100
51992
56637
52407
51995
51995
51997
51999
56960
52001
52006
53239
52002
52003
52004
53237
52004
52030
52006
52009
52027
52009
52010
52008
52009
52325
52012
53239
52012
52014
52022
52114
52020
52022
52016
52022
52017
53059
52019
74994
78971
53047
54262
52021
52028
52025
52117
52026
52028
52029
52026
52027
52330
52028
52029
54258
52030
54263
52030
52032
52033
55882
52037
52039
52036
52038
52037
52040
52042
52041
57274
52044
52045
52046
52047
52056
52055
52047
52228
52229
52050
52057
52064
52050
52056
52235
52053
52062
52087
75000
78948
78990
52059
52054
52056
52059
52056
52058
52059
53029
53030
52061
52062
52234
52063
52237
52064
52064
52067
52067
52069
56191
52070
52071
56089
52075
52077
52074
52075
52078
52079
52085
54482
52081
52083
52080
52085
55910
52080
52084
52081
52082
52083
52084
55912
52088
53227
56169
75568
78982
53232
56165
52092
52091
52092
52581
52093
52582
52587
52094
52095
52292
52096
52293
52098
52582
52098
52295
52595
52585
52593
52100
52681
52682
52102
52105
52450
52103
52109
52105
52107
52106
52108
52106
52111
52116
52108
52110
52323
52110
56159
52321
56163
52112
52116
52113
52451
52114
52458
52118
79116
52118
52119
52119
52122
53068
52122
53065
53063
52124
56198
52302
53001
52127
56486
56487
52130
52129
56485
52130
54256
52797
55185
52133
52894
52934
52894
52138
52162
78943
79099
79118
79127
52137
52139
52144
52139
52165
52141
52143
52142
53372
53789
52145
55642
52147
52152
52982
52983
52148
53607
52149
52983
52151
52160
52174
52185
78886
52983
52985
52982
53611
52155
52156
54728
52155
52985
54725
54721
52163
52158
53609
53625
52160
52161
52160
53607
53609
52162
53626
52164
52165
56519
52608
52169
57090
55917
52173
57087
52172
52173
52184
52179
52392
75495
75497
52176
52178
52179
52182
52187
52180
52187
56244
52180
52181
52181
52184
57035
52183
52186
52432
52431
52186
52209
78887
52433
52189
52191
52201
57741
52195
55979
57743
52193
52194
52200
52198
52203
52195
52204
52196
52201
52202
52198
52199
57313
54785
52200
52201
57740
52204
52204
54356
52210
52317
52316
54174
52208
52210
52215
52211
53707
52402
52435
75522
52217
54177
52213
52214
52221
52218
52219
52707
52215
52220
52216
52217
52220
53707
52218
52221
54495
53705
54463
54461
54493
52223
54257
52226
52239
52227
52227
52231
52233
52229
52235
52230
52238
52232
52238
52232
52233
52234
52236
52235
52237
52237
52239
52241
52245
52250
52242
52246
52248
52244
52246
53292
52247
53288
52246
52249
52248
56461
56463
52250
53293
52251
52255
52258
56349
52255
56352
52256
52258
56214
52258
56346
52260
52261
52262
52274
52266
52271
52304
52309
52264
52266
52268
54068
52266
52267
53158
52268
53145
53156
53146
52272
52273
52279
52276
52279
57021
52274
52277
52277
52278
53157
52274
52276
52275
52276
52309
52306
53158
52279
55737
57022
52281
52883
52283
52285
52289
52286
52296
52286
52287
52596
52287
52595
52291
52293
52296
52296
52298
52291
52298
52299
52300
52293
52294
52295
52300
57738
52296
52299
52300
55746
55748
57737
52302
52304
52922
52305
52307
52312
52307
56378
52308
52309
52312
56379
52311
52313
52314
52921
52312
52313
52922
52931
52857
52317
54175
52318
53592
52320
63003
52322
52322
52323
56161
52327
52328
52328
52327
52329
52394
52395
52329
54264
52332
52973
52334
52969
55420
52334
52337
55419
52336
52337
55419
55676
56698
56701
52339
52341
54423
54420
52341
54418
54426
52343
52344
52345
52351
52345
52346
52348
52349
57236
52348
52350
52351
52353
52385
52391
52355
52379
57314
52355
52386
53454
57315
52357
52362
53618
52358
52368
56266
52359
52362
52363
52367
52361
52367
53594
52362
53599
53619
52365
52366
52385
52365
52368
52379
52385
52367
52389
53593
52372
52371
52373
52374
52371
52377
56262
52376
57197
52373
52377
56266
52375
52376
52378
52378
52379
57314
57200
56268
57317
52383
52384
56218
52382
52384
52484
52487
56220
52391
52387
52391
52393
52390
52393
52390
53595
52402
75506
78862
52395
52398
52396
52397
56186
52398
52401
52406
52404
52405
52403
75529
78889
52405
52406
52407
52408
56187
55458
55459
52411
52412
52420
57370
57479
57481
52414
57475
57484
52415
54280
52418
52422
55469
52418
52419
52421
55465
52422
52423
52421
52423
55467
55286
56468
52425
52428
55515
55516
52428
52427
57219
52428
57216
52430
57649
55661
52432
52434
52433
75527
78739
78890
52439
52501
52438
52441
52442
52439
56657
52442
52443
52447
52503
52442
52444
52505
52445
52447
52448
52446
55693
52448
55695
52460
56139
52452
52452
52455
52458
52460
52455
52456
52459
52456
52462
55393
52460
52457
52460
56141
52461
52461
52462
53052
53050
53054
52465
52479
52994
52466
52471
52473
52466
52471
52472
52469
52468
52469
52475
52473
52470
52474
52475
53133
54722
52474
52479
53135
53134
52477
52479
52995
52478
52989
54249
52479
52480
52481
53135
53126
54254
52483
52485
52488
52486
52488
52488
52512
52657
78931
52494
52496
52498
52497
52498
78829
78904
78907
78929
52496
52498
56047
53160
52507
56075
56715
52502
52504
52507
52504
52506
52503
56072
52504
52505
56074
52507
52509
52513
52510
52519
56658
52515
52520
52513
52550
78782
52514
52515
57319
52516
52518
52519
52520
52531
56657
56659
52528
52523
52524
52523
52537
54167
52526
52533
57241
57248
52527
52534
52530
57203
52530
52531
52531
52534
52532
57202
52534
56708
52536
52537
52539
52543
52547
52541
52545
52541
52545
52542
52549
52544
52546
52549
52548
52547
52552
52548
52601
78830
78906
78907
52552
53355
53358
52553
53355
52555
52557
52556
52559
52560
52561
52562
52562
52560
52564
56354
52563
52565
52563
52565
52912
52569
52568
52569
55398
52571
56835
52574
52600
52573
52575
52574
52576
52575
52598
57535
56987
52579
52580
52580
52585
52591
52583
52586
52583
52582
52584
52585
52584
52587
52588
52588
52592
52596
52591
52592
52594
52594
52594
52595
52596
52598
54959
54968
52600
52600
54965
57452
57451
52602
55641
57117
52605
52605
56489
62469
53420
52608
52612
52610
52612
52611
52612
52613
52616
52617
54718
54167
52619
54895
52620
52621
52622
54891
52622
52623
52624
54892
52627
52631
52627
52631
52632
52628
52630
52630
56258
52632
56256
52634
52636
52637
52646
52640
52638
55853
52639
52644
52640
57690
52639
55847
52642
52641
57251
57256
52643
55279
55846
52644
52646
52651
52648
52649
52650
52648
52648
57689
57690
52651
57687
52653
52654
52658
52654
54004
55683
52656
52659
52870
53380
52680
78905
52659
52834
52661
52662
52664
52665
54994
52663
54990
54999
52668
55260
52666
52668
52667
52674
54991
52667
54428
52675
52670
52671
52675
52673
54428
52672
52676
52673
54431
52675
52678
52676
52677
53855
53859
53861
52681
78781
78833
78908
52682
52683
52685
52687
52700
52688
52689
52703
53648
57680
53651
55161
57259
52691
52692
52693
52694
52695
57408
52698
55273
52696
55275
52696
57413
52701
57411
52698
52699
52700
52701
55276
52702
53862
52701
52703
52703
53866
57680
52705
52707
52712
52709
54495
52711
52712
52743
52799
78830
78876
52710
52711
54497
52713
53592
52718
52722
52716
52719
52717
52718
52718
52720
52720
52726
52723
52724
52726
52725
52724
52725
52733
53580
53584
52733
52734
52739
52730
52731
53583
52736
53578
53582
52732
52734
52735
52736
56181
52735
52739
56183
57177
52738
52739
52739
52741
52748
52741
53295
56183
52744
53288
53295
56182
52772
78899
52745
52748
53295
56505
52747
52748
52751
52759
52754
52759
52753
52756
52753
52754
52758
52757
52756
52757
52758
57325
52766
52767
52765
52770
52775
52769
52775
52768
52771
52767
52768
52776
52770
52773
52774
52776
52779
54479
78418
78836
52775
52782
52781
52779
52780
52785
52780
52785
57004
52782
52781
57002
57196
52783
52784
52785
55233
52788
52789
52795
52792
52790
52792
52792
52793
55205
52796
55731
56876
52796
53715
52800
52803
52805
52801
78620
78907
52830
53501
53641
52805
52804
52807
52808
52836
56614
52810
53462
52811
52813
57331
52814
53461
52818
52822
55762
52817
52818
52820
52823
52832
55370
52821
52820
52821
52827
52822
52827
52828
52829
52835
52826
52829
52827
52832
53381
53182
55069
78817
52832
52833
54009
52835
52834
54011
52835
54498
54499
52839
52908
52841
52843
52843
55058
56511
52846
52846
52849
52851
52854
52849
52852
52853
52854
55470
52852
55711
55471
52856
57163
54110
52859
52865
52869
52860
52863
52874
78712
78723
78787
52865
52867
52873
52870
52871
52872
52871
52874
52874
52876
52869
52870
53375
53374
52873
55377
52875
52876
55373
52878
52879
52881
52880
52885
52880
52884
52882
52890
52883
52884
52886
52890
52892
57012
52889
56308
56313
52889
52890
52892
52891
52891
57013
57019
52894
52895
52933
52934
52935
52936
54442
54445
52901
52902
52905
52901
52905
52903
52904
55439
52906
55446
57526
52906
55543
52908
52909
52914
57065
57152
52912
52913
54316
52941
78702
78724
78787
52914
54312
54315
52916
52918
52919
52917
52919
56174
52923
56166
52921
52922
52924
52924
52928
52927
52931
52926
52927
52930
52929
52931
55402
52928
56175
56176
52932
55401
52932
56177
56465
56466
52939
52939
52940
52942
52942
52939
53005
52940
78742
78746
52946
52947
52950
53553
52945
52949
53077
52947
52952
53035
75557
75744
78732
52952
54654
52952
54656
56743
52955
52956
56627
53482
52960
52965
52962
52960
52963
52962
52963
52965
52966
52968
52970
53438
52969
52971
55417
52974
52971
53434
54138
54134
52973
52975
53440
52974
55165
53439
53432
55166
56569
52977
52978
56364
52979
56362
52979
57557
52980
55998
52983
52984
52985
52991
52986
52987
52992
52987
52990
52989
52990
52992
54250
54255
52992
52993
52995
52994
54725
52995
54723
52998
52999
53000
55750
53003
53005
53004
56918
57190
53007
53998
54006
53008
53011
53009
53010
53014
53011
53018
53014
53995
53013
53016
53013
54007
55369
53019
53020
55761
55771
53017
53019
53018
55770
55774
56068
53020
55368
55759
55755
55761
55771
55775
53023
53024
53025
53027
53026
53026
53631
53028
53629
53029
53031
53030
57379
53033
55100
55130
55102
53038
53709
75527
78866
78896
53039
55457
53040
53042
55317
53041
53042
55309
53040
55316
53704
53710
55310
53044
53045
53046
54573
53048
54572
56106
53048
53057
53074
53076
53178
53051
53059
53052
53056
53054
53056
53057
53058
53060
55394
53056
53057
53059
53060
56105
55399
53062
53069
53070
53063
53067
53064
53065
53066
53069
53068
53070
54943
53075
54942
53072
57400
75524
78732
78739
54517
54943
53180
75738
78732
53078
53080
53082
53082
75530
75545
75738
78732
53085
53092
53093
53088
53090
53087
53093
53096
54651
53088
53094
53089
53091
53095
54657
53091
53092
53602
54655
53095
53096
54535
53679
53850
53099
53101
53108
53101
53104
53106
53103
53109
53103
53106
55045
55626
53107
53106
53107
57399
55040
57397
57603
53109
53110
55626
53545
54650
54650
57513
53115
53118
53137
53115
55460
55462
53121
53118
55461
53118
53134
53120
53122
53129
53123
53125
53122
53125
53128
53132
53124
53126
53129
53130
53127
53130
53135
53130
53137
53136
53132
55460
55460
53136
53137
53137
53136
53139
53141
53141
57659
53144
53146
54067
53144
53145
53148
54989
55256
53146
54065
53150
53152
54998
53149
53150
53152
53156
54989
54995
53153
53154
55278
55735
53153
53155
53154
53155
55737
53157
53158
53158
53160
53451
53163
53165
53181
53164
53170
53168
53171
53186
53166
53167
53177
53181
53361
53168
53175
53177
53174
53170
53714
53171
53475
53174
53176
53185
53175
53176
53364
53548
53175
53184
53546
53366
53180
78738
53365
75735
78707
53289
53510
78813
53185
53186
53187
53474
53472
53189
53305
53300
53191
54777
53192
53195
53196
53196
53197
53196
53199
53199
53300
56415
56413
53201
54851
53202
54853
53203
53207
53207
53451
53812
53814
53289
53608
78655
53212
53814
57490
57495
53214
53215
55758
53218
57160
53219
57159
53221
53224
53224
54817
53226
53229
53232
53227
53232
53229
53231
53235
53231
53236
53234
53235
53236
53238
53239
53240
53242
54751
53248
53249
53253
53248
53253
53247
53253
53250
53252
53256
53249
53256
53254
53250
53251
53254
53255
54160
53255
56404
54162
54159
53258
53262
53512
76321
53263
53264
53263
76385
53512
76302
76363
76365
76379
71912
76363
76368
76598
76362
76366
76373
53270
53509
76381
53271
76369
53507
76353
53272
53273
76369
57478
57480
57483
53277
57376
57480
53277
53278
57377
53279
53285
53280
53281
57474
57480
57483
53283
53285
53284
53286
54034
57528
53286
54035
53308
53292
78665
78802
53292
53294
53295
53293
53294
56502
53293
56499
53297
55010
54816
56870
53301
53302
56416
53301
53303
56415
53303
53306
53304
53305
53307
53308
53307
53308
53310
53313
53312
53315
53312
53313
53316
53314
53317
56996
53317
53716
56994
54027
54029
54030
53321
53322
54030
53321
56023
53337
53325
53326
56247
53325
53785
56248
57522
53330
53333
53339
53333
53338
53330
53331
53332
53334
53339
55064
53334
54668
53336
53335
57341
53337
57342
53337
53339
53341
53343
53345
53346
53347
53347
53349
53349
53351
53345
53351
53350
53348
53352
53348
53352
53354
53359
53496
78801
53359
53363
53365
53368
53363
53365
53366
53367
53368
53455
53371
53366
53371
53367
53370
53456
53370
53371
53457
53788
53374
53376
53376
53378
53377
53379
53379
53380
53381
53381
53383
53386
54924
53384
53391
53397
53407
53386
53389
54923
53388
53390
53388
53389
56316
57018
54929
56609
53391
57015
53397
53394
53395
55743
53395
53398
53398
53399
53397
53399
53904
55744
53903
55745
53407
53901
53904
53402
53404
53901
53406
53888
53404
53405
53407
53406
54492
53892
54492
53411
53412
55304
53410
53412
55043
53411
55039
55306
53414
53417
53419
53415
54644
53422
53419
57124
53419
53421
53424
53422
53421
53423
53422
53424
57123
53428
53429
53428
53432
56570
53428
53429
53431
53444
53447
53431
53432
53440
53443
53436
53437
53443
53435
53438
53436
57428
54077
57429
53438
53440
53439
53440
53444
53446
53448
53446
53448
54081
53444
53445
53446
54077
54072
53448
53452
53451
53453
53453
53459
53457
53458
53463
53460
55663
53462
53463
53467
53466
53467
53468
53468
53470
53476
53478
53473
53474
53473
53477
53473
53474
53475
53476
55183
53478
54691
55184
55480
53481
53482
53483
53485
53485
53484
53970
53489
53491
54329
53488
53491
53489
53492
53493
53493
53495
53494
53493
53500
53504
54331
54330
53501
78803
78820
53499
53500
53591
53499
54026
56022
53503
78782
78801
53503
57417
53591
55816
54182
55851
57369
53508
53512
53509
53511
53608
53663
78800
53512
53517
53520
53516
56341
53516
53517
53518
53519
53521
53521
53734
53729
53524
53527
53699
53524
53531
53558
53701
54394
53526
53528
53529
53530
53531
53528
53531
53533
53535
53537
53532
53534
53541
53532
53559
53539
53693
53535
53542
53536
54867
53538
54866
53538
53539
55124
55123
56396
53542
53543
54868
53542
54864
55270
53810
55627
55629
55629
53547
53548
53550
53551
53553
53852
54654
53556
53557
53560
53556
53560
55971
53558
56991
53559
56990
53560
53562
53563
53565
53567
53566
53567
54813
53567
53568
53568
54815
53571
53571
55031
53573
53575
55295
53575
53577
53579
56445
56538
57183
53581
53583
53584
53583
57388
53583
56446
57323
53589
53590
53588
53589
53590
55348
53590
55346
57419
57416
53594
53595
53597
53600
53596
53597
53601
53599
53600
53603
53604
53619
53601
53602
53603
53604
54657
53623
53611
53607
53609
53611
78653
53610
53616
53625
78641
78654
78657
78665
53617
53615
53640
53616
53617
53621
56342
53620
53621
53624
53624
56342
53623
53624
53675
53670
53675
53626
53628
53630
55710
57379
53630
57379
53631
56048
56049
53639
53640
53864
53636
53639
53642
53638
53857
53638
53644
53649
53860
57681
78411
78636
78801
53643
53644
53650
53646
53647
53649
53650
53938
53651
53947
57259
53649
53651
57681
53944
54979
53654
53655
54538
53658
53659
53656
54539
53657
54544
53658
54543
53665
54543
53660
53665
53676
53661
53667
53677
56276
53674
56276
56277
53666
78631
78642
53669
54551
54552
54551
78652
53668
54551
53669
56271
56276
56273
53671
53679
54657
53673
53678
53676
53678
54538
53675
53677
53675
53677
53677
53679
54537
53681
55602
55615
53684
55605
53685
54054
53684
53685
54049
54046
54659
55606
53688
53694
53696
57290
53691
53692
53692
53693
53698
53691
53702
53694
77952
53695
53695
57292
53696
56397
57296
53700
53702
54393
78033
53699
53702
53700
53701
54391
53704
53705
53711
53706
55312
54458
53707
55312
53709
53711
53712
53710
55455
53711
54465
54464
55454
53714
53715
53717
53717
53719
53723
53785
53720
53721
53722
54987
53722
54950
54984
53724
78638
78641
78652
77947
78028
78035
56965
78008
78033
56930
78008
78012
78032
53730
53732
53734
53731
53733
53733
53736
53744
53745
54581
53739
53740
53748
53755
53743
53927
53741
53742
53744
53745
53743
53746
54017
53929
53757
54574
53746
53997
54022
53748
53927
56792
53756
53753
53757
53759
54576
53752
53753
53756
53752
53756
56795
53754
56799
53758
53758
56798
53756
53757
53759
54577
53763
53764
53771
53764
53765
53774
53770
53774
55237
53767
53768
53766
53772
53773
53778
53768
53772
53769
53771
53771
53779
53774
55245
55236
53777
53779
53780
53777
53780
53781
55366
53778
55245
55367
55242
55361
53783
55478
55480
53822
78451
78461
53787
56248
54987
56249
54298
53791
53793
53795
55287
53794
55466
55284
53797
53799
53800
55933
53801
55937
53802
57502
53802
53803
53813
57500
53806
53806
53808
55300
53809
55625
53810
55624
53813
53814
57501
53813
53816
53818
53823
53817
53818
53826
53830
53819
53820
53828
53824
54120
53823
53824
57496
78643
53825
57499
54121
57502
56033
78618
78619
53830
54122
53832
56033
56033
53832
56033
53912
53834
53835
53836
53837
53839
53841
55612
53839
55622
53838
53841
53843
53873
53842
53842
53843
53872
53849
53845
53850
53851
54652
53875
53882
53847
53851
53852
53849
53849
53873
53875
53885
53852
54652
53854
53861
53862
53863
53865
54993
53858
53859
53898
78438
78617
53860
53864
53864
53861
53866
53865
53863
53866
54997
54991
53869
57163
53869
53870
57164
53873
53875
53879
53873
53883
53877
53879
53880
53882
53878
53882
53885
54536
53878
53884
53884
54536
53883
53883
53911
78438
78440
78632
78846
53885
53910
54539
53894
53897
53908
53888
53889
53891
53892
53902
53895
53908
53891
53893
54466
53892
54466
53895
54460
53895
53897
53905
53908
53907
53899
78447
53901
53904
53905
53902
53908
53904
53906
53906
53907
53910
53911
54546
53915
53919
53914
53916
53920
53918
53921
53968
53916
54290
53917
53918
53919
53966
53921
55549
55554
53967
53923
53924
53969
54119
55955
53966
53927
53928
56661
53928
53930
53934
56665
53929
53930
54017
54020
53932
56264
56667
53933
53935
53936
53937
57240
53935
56666
53936
57244
56261
57204
53941
53944
53947
53940
53941
53949
53942
53945
53946
53946
53958
53944
53946
53956
53949
57425
53953
53948
53950
57260
53950
57422
57265
53952
53953
53958
53959
53956
53955
53956
55643
74271
74379
75824
78380
54558
53961
53964
57426
57554
57559
53964
57553
53964
57425
53966
53968
55952
53969
53968
56649
56651
55953
53972
53973
53984
56387
53973
53982
53976
54013
54015
78572
53976
53977
53980
53984
53979
53982
53979
53982
55437
53985
53981
53983
53985
56808
53984
53987
56806
56807
53989
56201
53990
56386
53990
56194
53992
53993
53999
55508
53997
55501
53994
53998
53997
54021
53996
53998
54019
54021
54022
53999
54006
54002
54003
54005
54008
54003
54004
55503
54006
54007
54008
54005
55507
54011
54007
54010
54010
54011
54012
55369
55369
55370
75840
78521
78523
54016
54019
54021
75871
78376
78522
54017
54020
54019
54020
57239
54022
54024
54025
54027
54031
56019
78431
78467
78559
78562
55814
57342
54031
56023
54033
54036
54041
54034
55559
54035
55562
54037
54037
54038
54040
54041
54042
54208
54041
54209
54044
54043
54045
54044
55561
55559
54210
54048
54049
54048
54050
55619
54055
54050
55618
54052
54058
54075
54053
54056
54054
54063
54055
54056
54057
54058
54074
54073
54075
54079
54061
54062
54063
54079
54129
54128
54076
54068
54069
55264
54066
54067
54068
54069
54070
55253
54070
55263
55254
54072
54074
54081
54073
54078
54075
54076
54079
54078
54082
57429
54082
78388
78394
78496
78497
54130
54084
54091
54086
54090
54088
54090
54088
54091
54098
54092
54092
54097
57322
54097
54096
54097
54140
54099
54101
54100
54101
57137
54103
54104
54106
56986
54107
57129
57138
57137
54110
54113
54111
54113
57564
54114
54855
55778
54114
77951
77971
78033
54118
54156
54118
56992
56992
54121
54122
54123
55933
54126
54131
54135
54127
54128
54132
54127
54133
54129
54129
54130
54136
54132
54135
54136
54138
54135
55421
57428
54165
78469
78534
57428
54140
54145
54150
54768
54769
54143
54146
54147
54764
54145
54150
54151
54146
54149
54149
54162
54149
54151
54157
54163
54155
54154
54157
54154
54156
54158
54155
54156
54163
54166
54161
54164
56401
54161
54162
54163
54166
56400
78478
78535
78559
54172
54171
54171
54172
54174
54178
54175
54177
54176
54178
54179
56083
54181
54183
54184
54291
54183
54191
54185
54186
54185
54295
54190
54187
54188
54189
54191
57375
54189
54190
57377
57372
54193
54198
54196
54195
54197
54198
54199
54203
54207
54197
54307
54201
54199
54209
54201
54205
54484
54202
54203
54205
54307
54485
54205
54480
57608
54207
54210
54486
54208
54209
54210
54212
54213
54217
54216
54217
54215
54220
54632
56149
56150
54629
56150
54218
54973
54220
54220
54222
54221
54222
56150
54223
56145
56146
57751
54226
54230
54234
54226
54230
54232
54227
54229
54233
54233
54234
56331
54231
56336
57750
54232
56335
56329
56338
54237
54238
54758
54757
54240
54242
55434
54753
57115
54242
54759
54246
54248
54248
55429
54250
54254
54252
54255
54253
54254
55448
54253
54430
54433
55450
54429
54257
54259
54263
54264
54260
54261
54268
54273
54262
54263
54272
54270
54266
54267
54275
54469
54268
54272
54273
54276
78535
78536
78552
54273
54272
54275
54471
54571
78533
78551
78558
54281
54282
54279
54282
54280
55688
54285
54286
55552
54285
54287
54288
54289
54289
55550
54290
55551
54294
54295
54296
54296
56980
54294
54296
54298
54300
54301
54301
54305
56765
54304
54717
56852
54305
54308
54309
54309
54310
57609
57610
54310
57611
54314
54313
54314
54316
54316
54318
54326
54327
54321
54324
54320
54324
54322
54322
54328
54325
54327
54328
54326
54328
54515
54511
54330
54331
54336
54338
54341
54334
54335
54341
54344
54339
54347
54336
54340
54337
54338
54343
56104
54340
54342
54348
54343
54345
54347
54348
54361
54363
54368
56281
54365
54350
54350
54368
56281
56282
54354
54786
78388
78563
54354
54357
54793
54355
54787
54359
54362
54363
54360
54366
54935
54362
54364
54365
54368
56291
54365
54367
54367
54935
54938
54371
54388
54389
54371
54372
54411
54373
54374
54412
54375
54378
55957
54375
56034
54380
54386
55474
55479
54379
54381
54388
54379
54388
54385
55963
54381
54386
54384
54383
54388
54389
54387
54507
54385
55475
55964
54387
54506
54506
54390
54413
54406
54507
54393
54394
54394
56990
54395
56979
54398
54404
54405
54407
54400
54405
57620
54400
54401
54401
54402
54508
54403
57621
54509
54403
57622
54406
54505
54409
54407
54413
54408
54410
54411
54410
54414
54412
54413
54414
54416
54419
54417
54422
54420
54421
54420
54421
54422
54425
54426
54425
56697
54428
54430
54431
54430
54431
54433
54433
55449
54435
54437
54442
54443
54472
54437
54444
54445
54438
54439
54441
54440
54443
54448
54441
54451
54444
54445
54452
54873
54449
54454
54477
54450
54454
54455
56887
54449
54450
54452
54474
54453
54453
54491
54475
54455
54489
56885
54487
54457
54460
54464
54458
54459
54463
54465
54462
54466
54468
54462
54463
54466
54493
54465
54467
54468
55141
55140
54471
54476
54690
78464
54475
54474
54478
54475
78417
54478
54671
78842
54482
54484
54483
54486
55911
55912
54485
54486
54488
56888
54489
54490
54491
54491
54496
54494
54495
54496
54497
54497
54499
56614
56965
77950
78031
54502
54503
54506
54504
54506
54507
54509
54508
54507
54509
54509
54511
54516
54514
54515
54516
54522
54522
54518
54521
54523
54519
54523
54520
54941
54523
54945
54522
54944
56325
54526
57753
54528
54529
54531
54532
54530
57488
54531
54533
54533
56933
56936
56940
54536
54537
54538
54539
54541
54544
54545
54542
54543
54548
54549
55321
54549
54546
54546
54547
54548
55324
54553
54605
54830
54554
54554
56784
54554
55323
56783
54557
54558
54557
54560
54561
54568
54563
54566
54562
54569
54566
54564
54570
54567
54643
54568
54570
54567
54569
54573
54576
54580
54576
54577
54578
56811
54579
54580
54584
54581
55506
55501
56869
54585
54586
54586
55506
55108
55502
56939
54589
54593
54611
54615
54593
54594
54596
54596
54600
54607
54612
54595
54595
54598
54599
54600
54599
54603
54604
54602
54603
54605
54608
54609
54610
54613
54608
54612
54613
54611
54612
54614
54616
54612
54615
54617
54617
55996
54618
54618
55991
54621
54622
56114
56152
54621
54624
54631
56149
54625
54636
54624
54626
54980
54625
54633
54626
54627
54635
54640
54978
54630
54961
54971
54630
54632
54970
54631
54632
54633
54634
54963
54980
54637
54638
54637
56115
54639
54639
54640
56232
56236
56234
54643
54803
54795
54644
54802
57127
56776
54649
54853
54652
54653
54654
54655
54656
54656
54659
54661
55604
54660
54662
54662
54674
54680
54701
54667
54670
54669
54667
54668
54670
54670
55812
78352
78434
78476
54673
54940
54937
55815
54675
54678
54679
54678
56188
54678
54679
54836
56188
54680
54832
54835
54682
54688
54683
54684
54687
54688
54688
54689
54707
54792
78826
78872
54692
54697
54695
54694
54696
55291
54696
55184
54698
55292
55184
55186
78367
78464
78854
54936
56894
54705
55208
56347
54706
56346
56347
54706
56347
54709
55209
54707
54865
78390
78872
55216
54712
54712
57008
54713
54716
54717
57278
78425
78863
78874
78875
54719
55297
54721
54724
54726
54725
54723
54724
54725
54727
54727
54728
54731
54738
54740
54731
54734
54745
54733
54736
54743
54734
54735
54737
54738
54738
54742
54747
57096
54742
54743
54745
54745
54747
54746
54746
54746
57095
54748
55289
57097
54750
54751
76199
54921
76197
76195
54753
54757
56205
54759
56202
54756
54758
54756
56207
56209
54758
54759
54761
78149
78170
78180
78000
78054
78065
78152
78153
54768
54770
56483
78151
54769
56483
54770
78151
78170
55936
78116
78152
78153
54768
78151
54769
73633
78006
78054
78169
78170
54773
54920
54774
55298
54779
54780
54778
54780
54780
54779
54919
54781
54783
56154
54783
54785
54791
57311
54786
54791
54788
54793
54790
54791
57310
54894
78390
78462
54797
54799
54803
54801
54803
54799
54800
54804
54805
54798
54802
54804
54807
54801
54801
54803
54805
54806
54810
54815
54812
54822
54812
54814
54815
56871
54819
54817
54819
55042
78493
78501
78860
56870
56871
54821
54822
54823
54825
54829
54830
54827
54828
54828
54830
54833
54834
54836
54833
54835
54837
54837
56744
56865
56192
56868
78427
78474
78476
54840
54843
55599
54842
54845
54843
54845
54846
57732
56755
57730
55588
55595
54850
56202
57116
54850
54851
54852
56203
54852
54853
56208
54855
54857
56779
54859
54860
54868
54862
55270
54861
54863
54862
55271
54870
54932
54867
54868
54879
78350
54867
54869
54870
54870
54933
56371
54873
54875
54875
54877
54878
54889
54889
57507
78351
78832
78852
54881
54883
54885
54886
54886
54888
57221
54886
56981
54885
54888
54889
54889
57222
54891
55049
54892
54895
54893
54896
78401
78425
55055
54897
55670
54898
57040
55051
55072
54900
54901
54905
54903
54906
54904
54906
57142
54904
54905
54911
54913
57141
54908
54916
54916
54917
54912
54913
54917
54914
54915
54916
55498
54913
54914
54917
54915
55499
55496
54919
54920
76206
54924
54927
54928
54929
56609
54927
54929
56309
54932
54933
54934
54932
54934
56819
54936
54939
54940
54938
54939
55819
54940
56515
54944
54945
54944
54947
54949
57227
54948
54953
57225
54950
54952
54950
54951
54985
54988
55081
54953
54955
57441
57440
57441
57444
57439
54958
54961
54964
54964
54979
54959
54962
54969
78349
78409
78503
54963
54972
57536
54964
54974
54966
54968
54967
54973
54968
54971
54969
54972
54971
54973
54972
54976
54977
54977
54978
54981
54979
54982
54980
54980
54982
54984
54986
54987
54985
54988
54988
57048
57046
54990
55256
54994
54993
54998
55000
54994
54999
54998
54999
54998
55000
55278
55000
55276
55274
55002
55926
55921
55008
55007
55008
55007
57663
55010
55011
55012
55021
55013
55024
55014
55015
55016
55026
78446
78448
78479
55019
55020
55028
55021
55022
55023
55024
55028
55029
56881
55024
55025
55026
55026
55027
55029
55483
55385
56880
78373
78378
78426
78501
55032
55037
55033
55034
55691
55036
55037
55040
55041
55043
57399
55040
55044
57398
78399
78431
78467
55045
55305
55625
55049
55050
55054
55051
55055
55052
55058
55052
55053
55067
55056
55070
55055
56511
55057
55058
55059
55061
55063
55099
55061
55062
55063
55079
55070
55071
55078
57226
57318
55068
55070
55072
55073
78411
78627
78839
55071
55073
57040
57041
55074
57041
55076
55650
55076
55077
55080
57047
55078
55656
57049
55079
55080
57226
55081
57228
55086
55087
55128
55084
55087
55105
55088
55089
55086
55089
55098
55131
57539
55104
55089
55094
55090
55091
55092
55093
55098
55095
55096
57445
55096
55097
57469
55095
57443
57444
55098
57466
57539
57447
55101
55104
55102
55103
55105
55105
55129
56804
55111
55112
55113
55112
55113
55114
55115
55117
55118
55120
55123
55125
55215
55123
55124
55125
56396
57288
55127
55128
55133
55130
57568
55129
55131
55130
55132
55133
57545
57569
55135
55136
55140
55137
55139
55143
55137
55138
55149
55141
55453
55140
55151
55454
55143
55144
55151
55145
55145
55148
55172
55146
55150
55152
55150
55152
55780
55153
55172
55150
55153
55777
55159
55162
57667
55156
55159
57670
55159
56424
57674
55158
55159
55162
55170
56425
55162
55170
57264
55169
57261
57263
55164
55168
55166
55167
55168
56569
55170
55172
55173
55174
55176
55182
57289
55178
57285
55178
55180
55182
55181
55180
55181
55898
55899
57294
55185
55293
55189
57630
55191
55194
55200
56226
55201
55203
55193
55196
55630
55200
56229
55195
55201
55196
55197
55198
55199
55202
55199
55248
56226
55202
55218
55204
55205
55207
55211
55214
55215
55211
55214
56344
55210
55211
55216
55217
55217
56819
78348
78365
78397
78426
56345
56029
56820
55219
55226
55226
55715
55221
55225
55226
55227
55714
55296
76046
76053
55224
55247
55248
55225
55227
55714
55717
55229
55230
55232
55231
56999
55234
55235
55234
56094
55233
56995
55235
55237
55238
55246
55240
55241
55240
55243
55364
55244
56861
55243
55245
55243
55245
55360
55246
56862
55250
55251
55252
55250
55251
55252
55254
55258
55259
55266
55257
55258
55259
55258
55260
55260
55267
55262
55265
55263
55265
55264
55266
55267
55269
55290
55271
55272
55274
55275
55276
55277
55277
55278
55735
55280
55285
55281
55288
55846
55282
55283
55286
55288
55284
55287
55285
55287
55849
55290
55292
55297
55294
55294
55295
55297
55490
78870
55302
55304
55914
55303
75494
78825
78832
78883
55303
55305
55306
55916
55306
55308
55311
55312
55309
55313
55310
55314
55317
55313
55314
57573
55316
55317
55320
55319
76035
78353
78849
78868
55320
57568
57567
57574
55323
55324
55323
55325
56090
56785
55325
56089
56438
56768
55331
55332
55332
56858
55331
55333
55335
55335
55337
57113
55338
56923
55340
55342
57102
55343
55342
55641
57101
55922
56857
55347
57418
55348
55349
55354
55352
55353
57420
55351
57547
55352
55354
55355
55438
55440
55359
55363
57077
57078
55358
55362
57076
55360
55364
55360
55361
55363
55366
55364
57765
56860
55367
57764
57768
57764
55822
55369
55759
55765
55372
55377
55374
55375
55377
55376
55376
55379
55379
55380
55381
55386
55383
55383
55384
55384
55386
55388
55385
55387
55387
55388
56879
56882
55391
55391
55422
55424
55394
55396
55397
55396
55399
55399
55400
56112
55398
55398
55400
56109
57092
55402
55407
55408
56375
56695
55412
55414
56694
55406
55408
55407
55412
55416
56462
56466
55411
55413
55414
55415
57168
56695
56696
56525
56531
56520
56696
55416
57170
56696
55418
55420
55421
55674
55420
55680
55679
55424
55424
55426
57542
55429
55431
55431
55433
55434
55436
55436
57115
55439
55443
55440
55445
55442
56088
55451
55445
57421
55446
57525
57526
55446
55711
55450
55452
55450
55451
55452
55454
55456
55455
55457
55457
55459
55468
55472
55461
55462
55462
55462
55464
55468
55471
55465
55470
55467
55469
55469
55470
55472
55471
55472
55474
55478
55478
55479
55476
55479
55477
55480
55483
55486
55483
55484
56880
55485
55486
56884
55488
55489
55872
55861
55883
55871
75499
76033
55492
56224
55493
55494
57142
55498
55498
55499
55500
55508
55504
55507
55504
55507
55508
55505
55506
55508
55511
55513
55526
55514
55522
55526
55512
55516
55517
55806
55514
55799
55531
55516
55518
55517
55525
55526
55520
55521
55525
55527
55528
55522
55526
55523
55530
55528
56733
75499
76049
78363
78694
55527
56731
55530
55532
56733
55533
55533
55533
55536
55538
55537
55539
55537
55538
55541
55542
55544
55544
57624
55548
55549
55553
55549
55554
55551
55552
55554
55555
55557
55561
55558
55560
55563
55560
55562
55561
55563
57528
55566
55628
55567
55568
55570
55576
55596
55597
55571
55573
55572
55576
55579
55574
55583
55574
55782
55575
55787
55578
78218
55579
55581
55587
55580
55582
55583
57485
55582
55587
57486
57685
55586
57354
57430
57736
55586
55587
57733
57356
55588
57731
55590
55596
55598
55592
55594
55593
55594
55789
55593
55599
55784
55596
55598
55597
55783
55599
55601
55603
55608
55602
55604
55605
55607
55614
55606
55607
55606
55609
55614
55620
55610
55612
55612
55848
78190
78232
55618
55620
55617
55618
55621
55619
55622
55621
55622
56309
55625
55627
55627
55629
78218
79463
55631
55633
55638
55634
55636
55635
55637
55638
56229
55639
56228
55967
55641
57100
57103
55644
55645
55645
55652
55657
55664
55648
55653
55649
55651
55656
55652
55654
55656
55652
55653
55655
55667
57041
55658
55658
55659
55660
55664
55668
55662
55663
55665
55667
55668
55669
55668
55670
56617
55669
55913
55670
57040
55673
55674
55676
79457
79476
55682
56814
55679
55680
55678
55682
57321
55677
55680
55681
56698
55679
56816
56817
57321
55687
55690
55690
55692
55687
55688
55692
55692
55691
55691
55695
56073
56076
55695
55697
55699
55701
55698
55705
55706
55707
56641
55700
55704
55707
55708
56968
55702
55703
55704
55705
55954
55708
55706
56647
56969
56973
55710
55711
55713
55714
55718
55716
55726
55718
55717
55727
55728
55721
55722
55723
55723
55724
55733
55731
55732
56874
55725
55731
55726
55729
55730
55728
55727
55728
55729
55733
57005
55734
56873
55734
57001
55737
57024
55739
55742
55740
57009
55741
55742
55745
57017
55743
55745
55745
57016
55747
57737
55752
57739
57464
57465
57664
55751
55753
55753
55767
55770
55757
55759
55763
55760
55761
55760
55763
55765
55764
55764
55763
55765
55767
55768
55769
55772
55772
55773
55773
55776
56069
55771
55774
55775
56070
55776
56068
55779
55780
55782
55785
55786
55783
55787
55784
55785
55789
55790
55787
55791
55789
55790
55791
55793
55796
57339
55798
57122
57118
55800
55806
55802
55810
55802
55804
55807
55809
55807
55809
56326
55805
55808
55806
55808
55838
55843
55810
56321
56328
55813
55820
55814
55814
55819
55817
55820
55818
55819
55822
57768
55826
55826
55828
55825
57766
57785
55828
57786
79456
79457
79468
56605
55830
55836
57565
57578
55831
55832
55834
55837
57576
55833
55835
55834
55836
57543
57545
57577
55839
55842
55841
55845
55841
55845
56551
55842
55843
55845
56326
56355
56355
55847
55852
55850
55851
55852
55853
55856
56830
55858
55858
56831
56832
57125
55861
55864
55869
55862
55875
55867
55881
55864
55865
55868
55866
55866
55892
55874
55869
55876
55869
57534
55873
55874
55872
57663
55875
57698
55875
55886
55887
55882
55885
78249
79440
79475
55880
55887
55885
55882
55883
78222
78227
55887
55892
55890
55891
57531
55895
56099
55892
55894
55895
57562
55897
55900
57292
77945
55899
57291
55899
55901
55901
77942
55906
55903
55905
55906
55904
57213
55905
57210
55908
55909
55911
55910
55912
55912
56613
55916
55917
55916
55919
55927
55922
55924
55927
55922
55925
55958
78169
78179
55925
55928
55930
55930
55928
55929
55930
57697
55932
55942
55934
55937
55937
55935
55942
55941
55943
78154
78180
55939
55955
55940
55941
55945
55946
55956
55944
55947
55944
55945
55947
55946
55949
55948
55949
56713
55951
55952
55953
55954
55953
56652
55956
55960
56034
56021
78168
55961
56034
56037
55961
55963
55965
55964
55965
55964
56748
55967
55968
56230
55970
55976
55974
55977
55972
55977
55975
56991
55974
55978
55975
55978
56989
55977
56992
55980
55983
55982
55984
55982
55986
55992
55983
55987
55985
55986
55989
55997
55990
55991
55992
55992
55993
55994
55996
55997
55997
55994
55995
55996
56812
56363
56001
56001
56002
56004
56004
56005
56006
56007
56011
56013
56016
56012
56972
57405
56964
56966
56972
56012
56014
56013
56017
57406
56970
56017
56018
57633
56018
57636
57634
56020
56024
56022
56025
78064
78117
78136
57416
56024
56025
56032
56029
56030
56031
56029
56030
56032
56820
57067
57546
56035
56038
56038
57358
56038
57362
57360
56042
56046
56050
56042
56051
56052
56043
56045
56047
56043
56048
56049
56050
56052
56051
56048
56049
56054
56060
56055
56059
56061
56058
56059
56061
57696
56064
56065
56065
56067
56069
56723
56068
56071
56069
56719
56727
56074
56075
56076
56076
56077
56715
56082
56083
56084
56081
56082
56083
57364
56086
56088
56088
56091
56785
56786
56093
56997
56094
56098
56099
56101
56101
57529
57531
57533
56100
56101
57707
56103
56286
56104
56106
56107
56108
56108
56109
56110
56112
56111
56112
57093
57091
56116
56117
56131
56115
56116
56124
56123
56124
56119
56123
78005
78054
78066
78103
56120
56126
56122
56125
56691
56148
77786
77789
56672
56693
56125
56151
56136
56153
56134
56670
56672
56131
56133
56135
56129
56135
56674
56132
56133
56136
56137
56134
56136
56133
56138
56135
56671
56138
56140
56141
56406
56143
56467
56458
56464
56145
56146
56151
56147
56153
56690
56149
56150
56306
78092
56152
56152
56153
56156
56157
56158
56160
56162
56160
56160
56163
56162
56163
56165
56174
56169
56170
56174
56175
56168
56169
56170
56171
56172
56172
56175
56173
56178
56467
56173
56176
56177
56178
56467
76265
77767
78093
78094
56498
56183
56185
56183
56184
56185
57175
57172
57178
56189
56190
56191
56192
56193
56195
56194
56194
56195
59097
56200
56199
56200
56205
56204
56206
56205
56209
56209
56207
56208
56209
56212
76608
76637
77790
56213
56216
56214
56216
56218
56219
56220
56221
56223
56226
56227
56228
56227
56230
56229
56232
56233
56239
56234
56236
56240
56235
56241
56244
56246
56241
56246
56240
56241
56246
56242
56245
57028
56245
57025
57026
57026
57027
56248
56249
57629
70311
76266
77770
56252
56253
56255
56256
56258
56257
57070
56257
57071
56260
56263
56268
56262
56264
56262
56264
57197
56269
56669
56668
56266
56267
56268
56342
56343
56274
56272
56274
56278
56271
56272
56276
56273
56277
56279
56793
56275
56277
56343
56343
56279
56669
56793
56282
56283
56288
56283
56284
56286
56287
56287
56292
56286
56288
56289
56289
56291
56292
56298
56297
56299
57708
57709
56297
56299
56299
57512
56298
57707
56303
56307
56307
56304
56305
57505
57509
56307
57222
56350
77995
56310
56313
56314
56312
56311
56315
56312
56316
56609
56319
56315
57019
56316
57020
56318
56319
56321
56322
56323
56324
56326
56327
56325
56327
56325
56328
56331
56331
57683
56333
56339
56340
56334
56335
56339
56336
56338
56338
56341
57515
56343
56347
56348
56351
56353
56349
56349
56351
56352
76252
76265
77757
57287
56356
56575
56358
56360
56359
57558
56364
56367
56363
56364
56368
56374
57583
56368
56370
56572
76247
78059
78155
56372
56373
57586
56374
57580
56377
56377
56695
56379
56381
56381
56383
57023
57021
56383
56384
56386
56387
56737
56390
56393
56390
56391
56394
56391
56395
56394
56395
56397
56399
56398
56399
57286
57296
57288
56401
56403
56405
56404
56405
56872
56405
56872
56407
56411
56408
56409
56412
56411
56412
56414
56770
56415
56772
56775
56418
56422
56429
56419
56423
57059
56429
57675
56422
56426
56428
56422
56425
56427
56428
57060
56425
56429
56427
57414
57674
56431
56440
56432
56436
56441
56434
56435
56436
56441
56439
57237
56437
56439
56440
56439
56440
57238
56443
56449
57383
56444
57385
57387
56447
57388
56446
56448
56539
56447
56449
56449
56453
56452
56451
56476
57394
56453
56455
56453
57393
56454
56456
56539
56456
56470
56478
56473
56460
56461
56463
56459
56463
56462
56466
56462
57166
57176
57169
56465
56467
56466
56469
57371
57367
56473
56481
56472
57050
57054
56474
56526
56474
56540
56535
56476
56484
56948
56477
56478
56952
57394
56482
56480
56481
57057
56484
56953
56482
57050
56484
78171
78179
56956
56486
56487
57084
56489
56491
56494
56495
56492
56497
56499
56503
56494
56504
56506
56498
56506
56497
56498
56500
56501
56502
56505
56501
56502
56504
56505
56508
56510
56509
57327
56514
56514
56515
56517
56518
56525
56528
56523
56525
56528
56523
56529
57055
56524
56526
57054
56527
56527
56533
56531
56530
56530
56532
56534
56537
57181
56534
56535
56537
56536
56540
56537
57184
57180
56539
56540
57184
56542
56543
56544
57000
56780
56547
56548
56554
56547
56550
56551
56552
56549
56599
56553
56562
56595
56555
56552
56553
56565
56555
56559
56600
56557
56558
56559
56598
56559
56560
56560
56562
56564
56568
56584
56563
56565
56567
56567
56682
56566
56567
56575
56571
56584
56596
56570
56574
56677
73469
78056
78102
56574
56575
56577
56577
56678
56579
56585
56597
56580
56584
56581
56582
56583
56676
56684
56584
56682
56601
56689
56943
56588
56590
56591
56589
57593
56591
56601
57783
56592
56608
56593
56594
56598
56607
56597
56599
56596
56599
56597
56601
56600
56600
56603
56604
56607
56606
57786
56606
56606
56608
57784
56613
56615
56617
57005
56616
56616
56617
56619
56621
56622
56623
56627
56628
56626
56628
56882
56631
56636
56633
56636
56637
56635
56638
56638
56634
56637
56636
56640
56641
56643
56656
56950
57390
56969
56643
56644
56653
56647
56656
56646
56648
56650
56654
56647
56652
56650
56651
56651
56652
56651
56654
56655
57380
57382
56656
57395
56659
56659
56660
56662
56665
56666
56663
56667
56664
56669
56787
56793
56794
56667
56668
56669
56671
56673
56674
56673
56680
56687
56683
56676
56677
56679
56681
56678
56682
56679
56683
56681
56683
56684
56687
56688
56686
56689
56693
57537
56687
56688
56689
56691
57751
56692
56693
57537
57760
56695
56700
56701
56700
56701
56705
56706
56716
56704
56705
56707
56706
56710
56724
56720
56709
56711
56709
56711
56710
56725
56714
56716
56717
56714
56717
56716
56840
78057
78099
56720
56723
56724
56722
56723
56724
56725
56726
56727
56727
56729
56731
56734
56735
56733
56735
56735
56737
56739
56743
56738
56739
56744
56740
56741
56742
56744
56867
56746
56751
57729
57734
56750
56753
56748
56750
56754
56749
56750
57437
57732
57735
56753
56755
56754
57729
56758
56760
56758
56762
56759
57006
56761
56762
57711
56764
56765
56766
56847
56767
56846
56843
56774
56773
56774
56772
56773
56772
56775
56775
56777
56778
56782
56781
57233
56780
56782
57208
56784
56785
56786
56788
56789
56791
56793
56794
56790
56791
56790
56796
56795
56799
56792
56794
56795
56798
56799
56798
56802
56802
56805
56809
56810
56806
56810
56806
56808
56808
56809
56811
56811
56813
56816
56817
56817
57322
56819
56820
56823
56826
56829
56827
56828
56828
56827
56826
56829
56837
56831
56832
56833
57233
56836
57451
56838
57518
56838
57517
57514
56841
56843
56905
78044
56846
56848
56844
56846
56847
57548
56849
56850
56847
56850
56962
56849
56852
56853
56854
56859
56859
56861
56863
56862
56865
56864
56866
56867
56868
56868
56867
57328
56874
56877
57003
56875
56876
56878
56878
57196
56881
56883
56881
56884
56883
56884
56887
56889
56887
56890
56893
56893
56890
56891
56892
57396
56893
57603
56896
56897
56898
56899
56898
56900
56900
56901
56907
56904
56911
78042
78059
78102
56907
56908
56910
56911
56909
56912
56913
56911
56913
56916
57190
56917
56917
56918
56919
56919
56921
56924
56926
56925
77955
78017
78041
56924
56926
56927
56928
57113
57106
57231
56931
56932
57596
56965
77972
78016
56940
56933
56941
56935
56935
56941
56937
56938
56939
56938
56940
57601
56943
57759
56945
56946
56948
56947
56951
56950
56952
57390
56966
56975
56949
56952
56951
56956
56974
56955
57402
56956
56957
56958
56955
56958
57343
57407
57403
56958
57051
57343
56961
56962
56961
56963
56963
56968
56971
56975
56976
56968
56969
56975
56974
56971
56972
56973
56977
56975
56977
57402
57405
62371
78017
78031
78033
56981
57297
56984
56985
56986
56988
56991
56991
56996
56998
56995
56996
56999
56998
56999
57003
57004
57003
57196
57007
57008
57011
57017
57013
57014
57020
57012
57013
57015
57017
57016
57018
57017
57020
57020
57023
57023
57024
57024
57031
57028
57030
57029
57032
57031
57032
57033
57034
57037
57039
57036
57087
57039
57335
57038
57039
57334
57329
57043
57044
57045
57625
57047
57048
57049
57057
57057
57063
57053
57054
57057
57058
57061
57055
57058
57074
57191
77959
78032
57060
57061
57062
57061
57063
57063
57344
57748
57066
57144
57188
57066
57146
57069
57070
57072
57071
57136
57135
57078
57079
57253
78012
57080
57622
57077
57078
57352
57080
57352
57725
57623
57083
57084
57083
57087
57088
57335
57087
57090
57089
57332
57090
57093
57094
57094
57095
57097
57096
57096
57097
57099
57100
57105
57101
57114
57103
57104
57102
57103
57112
57105
57207
57107
57109
57110
57108
57114
57109
57235
57232
57111
57114
57112
57113
57114
57116
57121
57125
57120
57123
57127
57121
57122
57124
57124
57191
77944
78021
78037
57130
57138
57130
57131
57132
57134
57135
57138
57136
57136
57137
57140
57249
57630
57191
57446
77938
77970
57150
57151
57148
57150
57151
57147
57151
57148
57153
57150
57153
57154
57154
57157
57158
57160
57157
57159
57161
57161
57160
57164
57164
57166
57167
57173
57169
57174
57168
57185
57170
57181
57170
57172
57173
57179
57175
57174
57186
57176
57176
57178
57183
57179
57182
57186
57182
57185
57185
57183
57184
57186
57193
57194
57193
57190
57194
57504
57195
57195
57195
57198
57201
57204
57203
57204
57248
57201
57202
57203
57203
57240
57206
57208
57207
57552
59769
77709
77973
57213
77975
69571
77965
77983
69587
77942
57215
57217
57216
57218
57220
57220
57219
57222
57226
57227
57448
57227
57442
57228
57228
57230
57232
57233
57234
57232
57235
57235
57238
57282
57243
57242
57247
57248
57243
57247
57244
57245
57246
57247
57250
57255
57690
57255
57256
57692
78020
78021
57255
57689
57690
57692
57257
57259
57260
57262
57262
57265
57262
57264
57264
57264
57267
57266
57422
57267
57424
57667
57274
57277
57280
57270
57271
57276
57278
57281
57281
57282
57273
57274
57276
57282
57277
57278
57279
57277
57280
57284
57287
57288
57285
57286
57289
57293
57295
57289
57291
57295
57292
57294
57294
57295
57296
57300
57301
57299
57300
57302
57305
57308
57309
57305
57309
57306
57312
57308
57312
57313
57311
57310
57311
57313
57315
57316
57317
57320
57320
57322
57386
57325
57326
57326
57327
57333
57334
57330
57335
57333
57334
57332
57333
57335
57340
57757
78023
57340
57613
57342
57344
57747
57346
57350
57727
57348
57770
57348
57767
57783
57589
57762
57769
57770
57771
57602
57409
57463
78036
57773
57356
57487
57355
57356
57434
57486
57446
57757
59164
57359
57361
57360
57433
57362
57432
57438
57364
57365
57571
57577
57572
57367
57368
57370
57369
57371
57369
57373
57371
57482
57373
57375
57374
57378
57482
57376
57377
57378
57480
57381
57382
57383
57395
57384
57385
57392
57385
57388
57388
57389
57391
57394
57395
57393
57395
57394
57397
57400
57398
57399
57400
57404
57638
57746
57403
57404
57407
57405
57406
57637
57749
57410
57411
78002
57415
57412
57415
57415
57417
57419
57419
57420
57421
57423
57424
57426
57427
57666
57426
57427
57668
57429
57431
57435
57436
57735
57433
57434
57435
57438
57435
57437
57438
57734
57441
57470
57445
57448
57442
57448
57445
57447
57468
57470
77959
78029
57448
57453
57451
57452
57518
57458
57696
57456
57458
57457
57461
57460
57495
57461
57493
57464
57465
57467
78035
57469
57540
57541
77967
77970
78038
57469
57471
57471
57472
57541
57474
57475
57483
57476
57476
57478
57481
57484
57479
57481
57482
57484
57487
57487
57488
57490
57491
57496
57497
57501
57495
57503
57493
57503
57495
57498
77940
77993
78003
57503
57499
57501
77959
78018
78026
57502
57501
57502
77971
78028
78032
57506
57509
57512
57511
57508
57509
57511
57512
57695
57516
57519
57516
57519
57518
57519
57525
57544
57552
77701
57523
57524
57627
57525
57527
57527
57624
57530
57533
57532
57533
57533
57534
57536
57539
57540
57545
57542
57542
57543
57744
69571
57565
57693
57556
57560
57561
57631
57556
57559
57556
57558
57560
57744
77755
57559
57555
57559
57561
57561
57668
57558
57634
57631
57564
57567
57569
57579
57575
57569
57571
57572
57575
57577
57573
57574
57575
57579
57577
57578
57579
57585
57586
57582
57586
57584
57585
57587
57585
57587
57594
57597
57600
57590
57602
57591
57593
57592
57594
57595
57598
57598
57597
57599
57601
57597
57601
57599
57602
57605
57606
57712
57608
57609
57607
57608
57718
57721
57612
57722
57614
57613
57614
57715
57618
57619
57617
57618
57655
57621
57623
57723
57622
57723
57627
57626
57629
57628
57628
57629
57632
57633
57702
57634
57640
57636
57638
57704
57637
57640
57638
57639
57677
57746
57703
57642
57643
57648
57644
57645
57644
57646
57646
57647
57649
57649
57653
57656
57657
57653
57654
57660
57660
57662
57661
57659
57661
57658
57659
57662
57667
57671
57670
57669
57671
57702
57672
57672
57701
57678
57674
57678
57679
57679
57748
57677
57678
57704
57679
57700
57745
57681
57683
57685
57684
57685
57687
57689
57693
57689
57691
57692
57694
57694
57694
57699
57699
57701
57704
57702
57703
57704
57706
57709
57710
57711
57708
57709
57710
57713
57718
57721
57714
57716
57719
57722
57719
57722
57717
57718
57720
57720
57722
57724
57728
57725
57728
57772
57727
57728
57771
57732
57731
57732
57733
57733
57736
57735
57736
57739
57739
57741
57743
57743
59392
77702
57746
57747
57749
57748
57749
57754
57756
57758
57756
57758
57753
57754
57759
57755
57759
57760
77987
78014
57760
77979
78010
57763
57772
57764
57768
57765
57773
57767
57769
57770
57782
57769
57772
57773
57779
57778
57779
57780
57781
57780
57783
57785
57784
57786
57786
57791
63400
65362
65365
57789
65121
65363
57790
65122
64638
64645
65123
64136
64145
57794
57795
61479
62432
57794
61389
62433
62434
58915
61391
57802
57803
57806
57798
62643
63693
57800
63654
57800
58089
58099
63691
63694
57803
57809
58089
57810
63693
63691
57806
57808
57809
58089
57809
57808
58090
58095
68737
57812
57818
62745
57813
57819
62754
57815
57815
57820
57820
57818
62761
57819
62744
57820
57822
57823
63193
57824
59969
63194
57824
57828
57830
66655
57830
57831
66665
57831
57832
57841
57842
58975
58981
58982
57829
57830
57834
57833
57835
57833
66656
57833
57842
58975
57835
59371
67927
57837
57837
58980
59369
67859
59372
57839
57841
66663
57844
66651
57844
58976
66668
57843
66657
57845
57844
57845
66652
58982
58253
61956
62477
57918
67190
67930
57849
57850
57852
67933
57854
57863
57851
67930
63955
67932
57854
63959
57854
57878
68274
68275
57859
57861
59557
67518
57858
57864
67186
57858
57862
58010
57860
67184
57860
59560
57862
57863
57864
67518
59550
67521
57864
67187
63218
64057
64064
60896
63476
66244
57868
57873
64812
57875
60008
64814
57870
60002
63133
57871
57872
63134
57874
59600
57874
57875
57874
63136
63137
60009
57877
64134
65390
57895
64141
67070
67074
61032
67071
68384
57881
57882
63940
63960
63939
67074
57883
63955
63948
63956
63939
63945
64262
57886
60773
61024
63946
57887
63944
57889
60777
57889
60781
63951
63954
69053
57894
65952
66428
57892
57990
63719
57893
63720
57894
63720
65959
65951
66429
57896
61929
57897
61939
64142
57898
57956
63385
69287
57908
57910
66609
57901
57908
58186
57902
57904
58187
57903
58190
57907
60995
57908
57909
57906
57910
64620
57907
60706
57909
63619
66614
57910
64620
57913
57914
65469
57913
57916
64619
65192
65191
57915
64617
65468
60713
64618
58282
64620
57920
57922
63760
57919
57921
61196
57922
61195
66283
67932
57922
67931
63760
57924
57925
58173
63757
63759
63761
63956
66283
57928
57929
57931
63999
57928
57929
61192
63756
63997
63765
57931
57941
57992
57942
57935
57941
60243
57934
57939
60126
57935
57940
58197
58193
57937
57942
60131
57939
57940
66253
57940
57941
57942
60125
57996
63999
57944
57945
68249
68953
57946
66072
63339
68950
57947
68250
57948
57950
66071
57951
62691
57951
57952
67143
57951
68251
67147
66393
67145
57954
57956
61934
57955
58491
60106
64451
69286
61938
69292
57958
66337
66912
57960
66913
57960
57961
63101
57963
66914
57963
57968
63100
57967
57968
60190
68186
66335
77701
77709
77975
57966
57969
59933
59078
59079
57969
60189
68188
57970
59932
59078
68185
57978
57985
59263
57973
57977
65176
57974
65178
57975
57980
65179
57976
69277
57978
63499
57979
59266
65180
57980
63505
57980
59262
57982
57985
61967
57986
61968
63500
57984
57986
63455
63507
63453
63503
61988
63501
58036
59229
59238
65182
57989
57990
63714
65956
65957
65961
63716
67618
67619
67620
57993
57995
63765
57994
63766
57995
58101
63770
57996
60243
58002
58009
59549
58000
58002
58006
58001
59548
60023
58001
61124
58003
61127
58003
58008
59547
58005
58006
64518
58007
61153
64521
58007
64449
58008
61157
58012
61157
58013
60718
58012
58013
60720
58014
61154
58014
60719
67521
58017
58020
58026
59180
58019
58031
60643
58018
58027
58019
58022
58021
68624
58022
59171
58022
59186
68620
58029
58030
58031
64714
58025
58026
59175
58028
59161
61728
58027
58030
58031
58030
59160
59166
64715
58033
58622
64522
61126
63867
64523
58035
59300
59715
64977
59713
64976
58037
64366
59875
61973
64802
58040
64842
65800
58040
61961
65563
66493
62074
65802
67336
58048
58054
67320
58046
58097
58113
58048
58049
58056
58049
60996
60998
58162
77715
58050
58204
67321
58062
67323
58050
63288
60998
58053
60714
67320
58053
58106
60245
58205
67321
58061
61155
58058
58059
63510
58057
58062
63290
58058
61629
58063
63512
58060
58064
64521
58061
61153
58064
61156
58063
58064
58067
65121
65438
58068
58716
65125
65440
58071
65124
65439
58069
58071
58072
61625
65440
58071
58072
58085
65439
61761
58075
58086
61756
58080
58085
58087
69079
58076
58081
62455
58077
58208
58082
58207
58082
58083
65189
58080
58083
63184
69078
58086
58087
58088
58687
58088
63183
58085
58086
61757
61757
58088
58098
58091
58095
62716
58092
58107
58096
62717
58094
58099
65168
58096
65167
58100
58100
65170
77714
58099
58100
65172
58102
58104
58106
60242
58104
60717
61151
58105
63770
58106
60721
60716
58288
62716
62719
58110
58114
58122
58110
58111
59509
58254
59512
61072
61074
58116
58354
58510
62770
77690
58118
58354
58116
58117
58119
58574
58118
58508
58512
58574
58119
58121
58573
58121
58122
58255
60388
62228
62246
59205
62392
68082
58127
58128
64160
58127
58128
66492
61567
64161
58129
64163
58130
64156
58131
64146
64157
58132
64149
58133
64151
64153
58617
64154
58135
64148
67686
58136
58618
62683
58620
64151
60555
63227
67739
63227
67738
67739
58143
58144
58145
64393
58146
58147
64790
58142
58244
66758
58147
64811
64433
66751
58146
58148
58146
66749
64788
64791
66763
65209
65211
58150
58152
59523
58151
63597
63603
58152
68560
58160
68811
58159
58160
68807
58156
58159
64508
58156
61680
63525
58157
64511
58158
58161
58159
68561
68808
68561
58168
61679
58277
69565
58165
58166
58169
68560
58167
58168
61679
58168
68561
63569
63606
58169
63568
58172
60224
64778
58172
60149
67197
64776
68097
63480
66247
58175
60734
65472
66470
58176
58180
58177
58179
65472
58178
65464
58183
60713
65468
58181
58183
58181
60736
58182
60640
60642
60712
60711
58188
58189
58194
58198
58187
58190
58201
58189
63629
58188
58189
63629
58202
60997
58192
58198
63630
58199
60126
66252
58196
58197
60248
58195
58198
58196
58201
60247
58199
58199
58202
58204
60998
58202
58203
58204
60247
58205
60244
58208
58209
61421
58213
58215
58687
58212
62455
58211
58212
62471
58211
58214
59610
60205
58215
58214
58686
58215
59609
58223
58224
61408
58218
58221
58222
64162
58221
64160
58222
61122
66962
58221
58224
68296
64164
64162
66963
66967
69362
66966
68297
58226
58227
61406
68549
61407
68521
68524
68547
58234
58235
66364
58237
58238
60962
58231
58232
59387
58235
68807
58236
60951
65359
58234
58236
58238
58237
66366
58236
68809
67200
60959
60965
58240
66400
66683
66951
67145
58242
58244
67258
58246
67259
58247
60037
66761
66767
67260
58246
58248
58250
62147
58248
67259
58249
64197
66765
66766
58250
64194
62136
62464
62728
63030
58253
62488
63152
63885
63158
58255
58380
59509
58257
58257
58383
58381
58261
62945
58262
58263
58263
58524
62983
62984
58262
62985
63126
58270
62827
68313
58267
58272
58274
62660
58273
58274
59632
58268
62661
58272
59028
68120
58270
58276
62370
58271
62369
58275
58278
58278
68156
68313
58275
62660
68313
58278
59021
68121
69557
69564
77960
61332
62717
66602
65198
66605
66619
60271
65199
65200
66068
58283
66618
58284
65195
66611
58285
65199
58576
65196
65202
58287
59446
65747
68152
68154
65746
66593
58290
58291
66072
61823
62691
58292
62690
66073
62689
68949
58294
58298
61998
62861
63146
58296
58298
58297
62000
62001
61135
61999
58309
63522
63528
58306
58308
58355
62736
58302
58456
62737
58305
62531
58305
58306
67896
58456
62734
62737
62532
62743
58308
58308
58309
58312
63529
67895
58310
58311
58312
58892
58897
58891
58897
62731
60501
64300
64311
58316
58318
66392
58317
64294
66390
61581
64292
64308
68178
61631
63076
63083
58321
58323
61818
58324
58328
63521
58323
58325
58330
58328
61820
58329
67143
58326
64477
58327
60192
63865
58328
58329
60191
66952
61827
61831
64478
59343
61730
61828
58333
62014
62868
63402
67034
62839
58341
62208
62842
61164
62197
62210
58341
61276
62841
58340
58342
58344
58420
58340
58417
67760
58419
67761
58342
58343
67762
58344
62209
58347
58346
58347
58349
58353
62203
58348
58420
58349
58479
58352
62625
61094
62614
67827
58353
62204
62614
58353
62621
62620
62764
58894
62739
58357
58358
65042
65097
58361
58363
65045
65095
58361
58362
68083
58362
59207
62679
62680
65042
69258
59204
62715
69253
58365
58367
62749
58366
62747
62762
58452
58454
62762
58371
62759
58384
77696
77707
58371
62761
64184
58371
62744
62761
62760
58375
58376
58383
58384
58444
58376
58385
58388
58379
58380
58382
58459
58383
58386
58387
58381
58382
58383
58388
77721
58386
61131
58388
63124
58459
58531
58397
63023
58392
58395
58392
58398
62817
58396
67750
58399
63025
63039
58424
77694
77713
77718
58396
58397
67751
63029
58399
62819
67751
67831
58401
61905
61908
58403
61910
63041
58403
64464
63040
58405
58560
61376
58557
58558
58559
58407
64463
64470
58408
61908
61909
64483
64484
58411
58412
62758
58412
58414
62288
62746
67732
58413
62755
58415
67734
58415
59980
62291
59988
58482
58566
58677
58418
58564
58419
58565
58420
58426
58426
62999
58426
58427
77699
77719
77736
62805
63147
62804
62805
58429
62802
62998
62807
67814
60068
60072
60073
58438
58743
60073
58435
58720
64673
58438
58744
64671
58435
58437
64670
61338
64674
58444
77696
77719
77722
58742
61338
64692
60075
64672
58440
58443
65973
58445
67170
67173
58445
60963
67173
67176
58445
58871
60953
58866
58876
65972
77697
77720
58451
67170
67172
67175
58449
65968
65973
58449
58451
65971
58450
65970
58451
59268
67267
58453
58454
63000
67816
63015
63017
58457
61413
63038
58478
61395
58458
61396
64290
61401
63037
58460
58461
58461
59502
59503
62786
58463
58464
59158
65139
59152
64012
65137
65497
58467
58468
58507
62767
58467
58468
60373
62646
62768
58470
62217
68099
58471
68675
58472
67966
68676
61372
67964
58475
58476
58477
62523
58477
62531
62535
61399
62523
58478
62538
62537
62538
61398
58480
58565
58481
58563
62625
59107
62117
58563
58676
58487
58488
58485
58487
58486
67988
58489
59468
67989
58489
58490
59469
61795
58490
59475
64091
64451
64452
58494
58495
59035
59037
59034
59036
63531
65474
58497
69015
58497
65475
58497
65476
65484
65483
58499
58501
65477
58500
58502
65478
58505
69112
58503
65476
58504
58505
58504
58516
65480
58515
60386
65479
58508
58511
58512
58513
58511
58512
58513
62767
58513
58516
68777
68781
58516
58517
60383
60389
68779
58519
60391
65482
68780
66728
68775
59597
61209
65946
58522
62473
62475
62472
62474
65933
59359
68901
68928
63117
63126
58526
58529
59504
62786
58528
62782
58530
59301
59305
58530
62785
58530
68941
62780
62782
63125
58533
58534
61183
63144
61188
68018
58535
68014
63899
63904
68590
58542
58544
61211
64486
58538
58543
61427
58541
61422
58540
58541
58546
58545
61220
63256
58545
66327
58543
58558
58544
58561
58545
63255
65543
58549
58550
65938
58552
58554
63255
58552
62475
58551
61213
65943
58552
63257
62476
58554
58556
62473
58555
62476
58556
65545
60492
63095
58558
64482
64485
58560
58561
61425
61911
61427
58643
58645
60310
58565
58566
58567
58566
58571
58630
77805
77842
58570
64188
58573
58575
76459
77833
77896
58574
58575
64188
58578
65193
58579
58580
58589
58579
58582
58584
65197
68863
69131
58589
60240
69135
58583
58587
65202
58588
66069
58587
58589
58588
59741
60230
58587
58588
60239
66067
60228
58592
58593
58598
58599
58601
63664
58597
59115
58594
59403
63601
58598
63853
58598
58600
63851
58597
58601
63329
63665
58598
63326
58602
63665
63666
58602
63665
63854
63327
67674
58608
58614
68632
58612
58613
58614
58609
58613
61107
58608
58613
68636
68631
58611
58612
61112
58611
58612
61108
68635
58616
58619
62682
68633
68631
58620
68636
58619
58620
62681
68634
58623
65823
66682
58624
63861
58624
60194
63862
65829
58626
62503
69184
58627
58629
69185
66773
66842
58629
58634
66773
62502
76465
77847
77881
58634
62490
66731
58634
58635
66773
58635
66734
66769
66738
66737
66768
58647
77805
77809
77810
58641
58648
68057
58640
58641
60467
58644
59367
60484
58644
60469
60473
58642
64326
58644
68053
59366
68053
60304
68056
68057
58648
58650
58673
77798
77895
64326
64329
58650
58699
68054
64328
64329
58652
58658
58660
58654
60755
61729
58654
58656
59498
58658
59498
61726
62957
58657
58659
58663
59499
65393
58659
66885
58661
66023
68804
58669
69180
58668
65393
65395
58666
65393
58668
58670
69175
63045
65393
65395
58669
58670
59828
65395
66401
59828
58670
69180
69175
58672
58680
58675
58678
77842
77853
77865
58676
58677
58678
59063
58677
62120
58679
58680
59015
59017
58929
60680
66733
58685
61615
65189
58710
76446
76454
76456
58686
58689
59611
58688
58689
65188
58689
59609
58688
65189
65188
58691
58695
63468
58692
58694
68368
60313
68366
58696
58697
69073
58695
58698
58696
69068
69069
58698
60306
68050
60308
58701
59978
64328
58701
59978
61256
63474
68055
58710
76456
77806
77887
58704
63682
68392
63711
68146
58706
58707
58711
58708
58712
58711
58713
58714
58711
58714
63581
58724
77893
58713
58881
63627
58715
58716
58877
58880
58881
58877
58718
64934
67883
67884
68542
58721
60813
64671
58721
64683
64670
64682
58725
58727
67923
58725
67918
67920
77860
77872
77889
58733
67924
58727
58728
58734
67872
68201
67860
67869
58730
59369
67854
58732
59374
67862
77880
77889
77890
77892
59375
67920
58734
67920
67861
58736
58738
58739
67925
58926
68201
58738
58739
58740
69146
67922
67804
58741
69147
67164
67805
58744
64691
58744
60208
64694
58747
59087
67603
58747
58751
66081
58748
67606
58749
58751
59088
59090
58751
59091
68202
67608
58753
60516
65919
65983
67475
58756
58757
65662
58756
65671
66354
65663
65667
61574
65669
65671
65672
65673
58760
58761
59614
58761
65768
65769
58889
65391
58763
58765
58768
58764
59346
58765
58766
64333
58767
64334
58769
58770
64338
58769
59348
58785
58771
58776
58772
58785
58782
58784
58774
58779
64339
58776
64337
58781
58782
68943
58777
64338
58780
58782
58779
58781
59888
58780
64341
58781
68944
66887
58784
58785
60289
60288
66887
59345
58790
58792
63743
58788
58792
63748
58793
59862
63750
58790
58791
59870
64242
64241
58792
58793
63744
59866
58795
58799
60131
58796
63994
58797
58801
63995
58800
63991
58800
58802
64500
58801
58803
60132
64491
58802
58803
64501
60121
63983
63984
63985
63755
63983
68065
63372
64457
66881
64454
66904
66910
63007
64187
58810
58813
63797
65048
65058
62126
62132
62176
58813
62016
63411
63799
68923
58815
58818
60115
58829
61141
58817
60115
79139
58818
59903
58819
58830
58825
64192
65253
58822
58824
61780
58825
58826
63752
58824
60489
65257
58826
63751
63753
65260
58829
58834
59790
58832
59781
59793
58830
61142
58831
58833
58834
58833
58834
63280
59894
60102
66605
66625
58968
64369
64396
58842
61381
65990
58839
64664
65987
58843
58844
64665
58841
58842
62272
58843
58844
62276
62296
65989
64668
65986
58848
58856
67474
58847
58854
65987
58848
58855
65988
67108
58851
58853
65572
58851
58853
58855
58854
65985
58853
58856
65984
68107
65990
58856
67478
58859
68526
69362
58859
59272
68535
69364
69363
58861
68600
62029
66447
58863
61174
61347
60580
68755
58865
58869
58870
62436
58866
62433
58876
58868
58869
62526
58873
58875
62526
62450
58874
58875
58874
58876
60952
58873
60956
61161
58875
62525
58876
65122
58895
77807
77895
58881
58882
63623
58882
65123
58888
63626
58885
58886
63107
58885
59598
63133
61874
63135
60643
63451
64714
58888
58889
63626
64643
64641
65389
58891
64172
64181
58893
58893
58897
69168
58897
62725
76437
76443
77810
58904
77831
77968
77977
58899
61812
61814
66484
58900
66483
58902
58918
58902
61895
66358
61894
66360
59977
61800
66146
59099
76252
77757
58908
58934
62438
58913
59626
62438
58911
58913
59628
58909
58912
62440
58917
61472
58911
58914
61475
59637
61471
58914
62438
58914
59634
58916
58933
62439
58917
61388
62440
65127
61899
63294
58923
58924
66860
58921
58923
64656
58922
59226
66845
59223
66849
66852
66861
68851
69080
58926
58928
58932
67804
58927
58932
60679
67871
58930
67805
58930
67794
58931
67802
58932
60685
58935
58940
58940
67953
58937
61479
58937
58938
61483
58939
61484
61618
67950
58940
67951
62439
58942
58944
66213
66208
66459
58944
58945
68801
66215
68803
60639
63651
60453
63636
68800
61601
58949
58954
60444
61606
58951
59427
58952
58953
67217
67219
58956
58957
59381
64543
64540
59378
59382
65414
65424
66031
58960
61160
65424
58962
65425
68031
58962
61763
62111
65411
58972
61269
61835
61837
77785
77788
77832
78069
58967
58971
61817
58970
58971
60379
58970
58972
61836
58969
60378
58970
58972
64374
60380
61834
58985
67856
67865
59085
70374
78091
58980
58982
58983
58978
58979
58985
58989
58979
58983
68143
67858
58981
67863
67864
58983
68143
61580
62022
62029
58989
58987
58988
59566
59653
58989
59649
58989
67897
58991
58992
65426
61488
59050
60624
58995
60634
67701
67702
67706
58998
59001
64584
67710
59281
67701
59001
59005
61809
59002
59005
63301
59007
59004
63302
59004
59007
64586
59006
66411
59006
63303
59007
64584
60632
79200
59010
59012
65541
65546
65540
65543
59012
65552
65555
59013
59014
65546
69367
60492
69368
59016
59064
64217
59017
64219
59018
59019
64221
62268
63703
68733
59023
59028
59023
59024
62364
59025
68121
59025
59026
59027
61663
67754
59029
61667
59029
61666
68120
60497
68273
68652
59032
60013
63794
69209
59033
67250
61319
63790
63796
60547
65477
59036
59037
59042
59039
59040
59040
59041
59042
59040
60364
63555
60365
60541
60539
63531
60431
67183
68605
59047
65312
59048
61328
59047
59048
60859
60983
65311
61327
59050
59052
59053
59052
59053
60300
60476
60481
60298
59058
59061
59105
59061
60156
62973
59059
59060
60153
59058
59059
62530
59060
62529
60151
62527
59061
62972
62116
62117
62121
59064
62121
62115
59066
59070
67610
59067
59071
67774
59072
67771
59070
59075
67599
59071
59084
59675
59071
67601
59675
59680
59078
59082
68187
59079
59084
59675
59076
59084
59080
59081
67598
59080
59082
64533
59086
59086
59681
59093
59083
59084
59083
64534
59086
59099
77829
59088
67599
59089
67600
59090
59093
59091
59095
59092
59095
60673
63198
59094
67598
59095
64529
59098
59103
61774
59098
59102
61774
77982
77998
59101
59105
62971
59102
59104
59104
64127
59105
64120
77735
77827
77829
61092
62119
62723
59109
59112
61731
61740
61733
61743
59113
59114
60490
59112
59114
61829
61730
60497
61739
64347
61738
61830
59116
63604
63328
63605
59118
59124
59126
59121
59122
65348
59122
59706
59121
59127
59122
59706
59124
59125
61069
64257
65348
64270
65351
59127
64258
59128
59131
59130
60602
59130
59131
59133
59132
67926
64260
59133
67934
64940
64941
64261
64947
66011
62362
63806
63807
59137
63807
66935
59138
60095
63811
60853
61650
59152
64013
69055
59141
61309
66278
59142
59148
66281
59150
59519
61318
65818
66279
59164
69586
77684
78029
59146
59149
61310
62902
59147
62899
59150
62904
59149
59150
61314
62903
59157
61325
69057
59153
59156
59154
59158
59155
59156
65918
59157
61322
69059
61323
69060
64436
61321
64446
65919
59161
59165
59166
62951
61727
62951
62952
62966
62968
63130
64716
77691
77704
62969
64716
64716
59267
59297
77962
61726
61727
62956
62058
63566
68105
59172
59175
60757
59173
59179
68620
59174
60806
59176
59184
59177
59178
60807
59180
61724
59177
59179
63557
60803
59179
59180
59182
59183
66756
59185
59186
68625
59184
66713
59185
66716
68620
68621
59201
60590
65760
61683
66503
68404
59190
59926
67485
59191
66060
69195
59925
66058
59193
59194
66056
68680
60164
61435
61546
68678
59197
68495
68675
59197
68496
69386
59198
68677
60158
68678
59200
59201
67882
66909
68145
65407
68148
59203
66986
66988
67000
69165
59205
59207
68086
59206
59208
59210
62396
59208
59209
59210
59211
64880
59212
62677
64879
61177
62395
59216
59220
59222
68232
59216
59217
59721
59219
60385
65838
68227
59218
59221
59719
59219
59728
59221
65839
59221
67891
66843
67892
59224
66135
59225
59226
60887
60728
60886
64657
59228
59230
59261
59255
61886
59230
59264
59237
62546
59232
59233
59337
59234
59238
59337
59235
59342
59236
59238
59236
59252
66886
59237
59261
65185
59240
59243
61441
59241
65422
59244
59248
65409
59243
59439
68437
59244
68438
59245
59247
59434
59247
59434
63054
59250
62267
59249
59250
60345
62358
65409
62266
59441
62482
64635
59253
59261
59258
59328
59267
59392
77684
77755
59256
59260
61885
66358
66359
59258
62797
66359
59259
62798
59260
59261
66359
59263
59266
61987
61985
59265
62547
59266
62545
65187
59314
69580
63070
67262
59270
60750
68369
59275
68360
59273
59275
59276
66954
59273
68536
66956
59277
64573
68530
59278
59278
68539
59278
69336
68361
59283
67702
67703
59281
59287
66417
59282
64585
59288
67711
59298
65688
59285
59287
59289
66418
59295
67618
59290
64971
65334
59288
59298
59299
59296
59299
59294
64970
59292
59294
59296
59299
65334
59294
59295
59296
64974
64975
64974
59314
77982
65334
59574
64971
59302
67908
59308
59312
67915
59304
59307
61452
59305
62779
59308
62780
59309
59312
59313
59318
59309
59313
61452
59309
59311
59316
68573
59313
59318
68577
59319
59572
77768
59316
59317
59318
59321
68578
59319
59326
59320
67909
59324
59326
59322
59326
59325
68578
59325
59698
64558
64564
67916
64559
64561
64568
59328
59330
62794
62796
66886
59332
66725
68613
59335
59342
59333
59335
59338
59333
64227
59334
64233
59335
68619
59341
59337
59339
63724
59340
59339
64232
59340
64229
59341
59342
66886
59344
61819
60381
61744
61834
59347
59348
59348
59349
60289
65397
67617
67612
67615
59352
59356
60770
59356
59357
69267
59355
60141
60771
59355
59356
59357
59357
59358
60135
60142
69269
68902
59359
59362
68905
59363
59361
59363
65684
59364
60148
67504
59363
59364
65685
60136
59366
59367
68053
65309
69268
60475
65310
59375
59376
66329
59372
59371
59377
67928
59372
59373
59374
59377
59375
66333
59377
66343
67929
59379
59381
59380
59401
62192
64711
68884
59387
62534
64508
59392
59501
77712
77977
62534
62535
62539
64509
64510
59423
66520
69111
59391
59400
59402
68873
59393
59397
59399
77691
59395
59398
59395
59396
59397
59396
59401
59399
59402
68875
59401
68874
63607
63610
59405
59410
60427
59407
59409
63741
60430
63740
67784
63730
63738
60428
60429
66019
66021
59410
63736
59411
66027
59412
66024
59418
59832
59418
59419
68943
59417
65402
66026
59417
59420
60288
59417
59420
66029
65400
59421
68945
59420
59421
69129
69129
66028
59424
61304
69106
59424
65573
65584
69110
59426
59427
59429
59907
59500
59572
59676
75180
59431
59782
66526
66525
69119
59433
59440
62631
59437
59438
66012
59436
59439
59437
59438
63055
66014
59437
59440
66011
59440
68436
62487
63297
63877
63884
63885
59444
62485
63884
62487
63887
61890
61896
61902
66591
68592
63900
63902
63903
59449
63900
68154
68343
59453
59454
59452
59458
66075
59459
66084
59459
59460
67605
59460
59456
59457
64872
59458
59480
59458
59460
66074
67602
63453
63466
64358
59468
59470
59478
63596
59466
59822
63594
59465
59467
59670
60622
59466
63593
59467
69138
60621
59475
59475
59476
59471
61097
59472
59478
63592
59474
63591
59474
59476
59477
61798
63594
59477
61797
59478
77785
77817
77820
77827
59481
59484
64876
59483
67568
59483
59514
62684
59484
62044
62687
59486
60397
67494
60532
67495
59488
59489
67495
67312
67317
67497
59490
66383
59491
61076
66385
61080
67496
59494
59495
60915
59495
64662
66785
60913
60921
66786
66790
67901
60913
61458
65221
61367
67110
67113
59499
60758
62953
69580
77699
77736
77961
59503
59504
59509
59510
59505
59506
59513
68941
59508
68942
59508
59511
59513
59511
68940
59510
59512
61073
61075
59513
59515
62043
59516
59518
62045
59517
62047
59518
61178
62049
62685
66718
66722
59521
59526
63612
68792
63611
66936
59524
59526
68789
59524
66364
63608
66365
63599
63600
63607
63600
59529
65489
65491
59531
59533
65493
59532
64916
59531
59532
64882
59534
64890
59534
64888
65487
65488
65492
59536
59540
62109
59546
68235
59541
62223
68240
59540
59542
67446
59540
59542
68242
67447
59542
62225
62226
59545
59546
59565
59545
59567
68220
59569
68238
62106
68241
59548
59549
67519
63046
67522
59551
59560
59561
67522
59558
59561
59563
59554
59558
63175
59559
67517
59558
59561
59562
59557
59559
68274
59560
63174
59562
67515
59562
67520
63046
63169
59566
59567
60766
59568
59648
59568
59569
60767
59569
59654
59571
63360
64456
63362
63363
63368
77692
59576
67704
67713
59577
65688
59576
59577
59716
60360
59717
65689
59898
64272
68895
59588
59589
66257
59581
59584
61130
59582
59587
63866
59588
64475
59584
59585
61126
59586
63867
59586
59589
61129
59587
59588
64480
61125
59591
63549
68853
65533
66710
59593
59595
63215
59596
63216
59595
59596
59597
59605
64466
59606
59602
61873
59600
59601
59603
59643
60220
59602
63134
59603
61875
59641
61216
64472
64481
59606
64471
59607
61212
61217
64474
59610
59613
66677
59612
59612
66681
59613
60645
59613
65282
59616
65770
59617
66176
68323
59617
68320
65767
68321
59620
66926
68765
68760
68761
68765
65142
66833
59625
59628
59637
62653
59623
62649
62656
59624
67050
59625
62658
67051
59635
59631
67954
59628
59629
59634
62653
59633
62655
59631
59633
59634
59632
67956
59633
62659
59636
59639
67055
59638
67054
59639
59640
67080
59640
61469
66950
59644
61926
59647
59884
60217
59645
60220
59645
59646
61924
59647
59647
59878
59880
59652
59654
62106
59655
59656
61764
59651
59652
61763
59655
59656
68440
62105
59654
59656
68439
59662
59664
66213
59666
59667
60831
68704
59661
60615
60835
59661
59662
60620
59663
60623
59663
66202
59665
59665
59666
68694
59667
59974
60828
59669
59672
61594
59670
63591
59673
59672
60618
60847
59674
61597
59674
60615
60622
60616
59677
69559
77692
77835
59680
59681
59679
59680
59682
59941
67772
59682
59933
62051
64883
65135
59685
59687
62381
59690
62377
59688
59689
62836
59693
68291
59694
62835
59691
59692
62838
59692
59694
59693
61162
59693
68294
59697
59702
63822
62421
63821
64562
59699
63824
64556
59699
64560
64555
59701
63732
63818
59702
63823
63846
63844
59704
59707
61051
59708
59707
59708
65349
59708
61057
61067
66285
66289
69065
59711
61914
69065
60671
61920
66292
59713
59714
64879
59715
64878
59716
60359
59717
59717
60361
59719
59720
59725
59721
59723
59728
68141
59724
68231
59724
59727
59725
60055
59725
59726
59727
60058
59729
59730
67723
68141
60883
67716
59734
69388
69391
69392
59734
59735
61647
59735
59738
59739
66884
61649
64893
59737
66305
66316
59738
60937
61648
67193
59740
64892
59745
64896
65974
59742
59749
66067
59752
68758
59744
59750
61006
59751
59753
69333
59746
59750
59747
60229
65991
59748
59751
59749
60234
59752
59751
65974
59753
69335
69334
59755
66003
67019
59756
59757
67020
66000
69411
60018
69414
59948
59950
69407
65992
66006
69412
60587
69301
69409
77757
77980
77990
78087
59763
64891
64903
60232
64894
64909
64278
64286
66265
62628
62637
67445
61303
62638
67450
59768
62684
66075
61622
62688
77938
77939
77970
59772
60923
65722
59772
59777
61687
67401
59776
65719
60927
67396
67399
59779
60924
60929
59777
67398
67399
59777
60930
59825
77692
77837
60927
60930
67399
59797
77747
77752
77961
59784
63280
63519
59785
63514
59784
59785
63278
63281
63283
63518
59788
59789
59792
61139
59789
59799
63520
59790
61142
59795
59793
59795
59792
60977
63520
60980
59794
59795
59796
63516
59799
63517
60074
77754
77821
59799
63520
68691
68013
59809
59811
67648
59802
59808
65899
59806
59815
69063
59804
59805
59962
59811
59812
59966
59806
59807
65738
69062
59812
59815
59814
59815
67653
59810
67648
67655
59812
67654
59965
59814
60488
67655
67653
67654
61254
65699
69108
59819
59820
66447
59820
62027
65741
66449
67649
62028
65743
59822
66212
69138
59823
63595
67837
67843
67848
69561
77731
59827
59947
67841
60864
67849
69223
59864
65394
77697
77703
77960
77978
61294
63573
64558
59832
59834
63737
63731
68945
59834
59836
59888
65441
59837
59839
62413
62420
59837
62414
59838
67890
59839
67888
62418
62419
63719
66277
66721
59842
59845
63449
64713
61527
61532
59845
63446
64708
59846
63915
64699
59846
64709
64713
64706
64708
64711
59850
63918
67014
59850
59927
64701
59923
67015
59855
59856
66237
59854
61619
66873
66876
59854
59857
65673
61619
59857
68287
59899
66878
66879
65676
66877
59859
59860
59865
61668
59869
63742
59871
59872
67616
59863
59866
59864
59868
66401
59871
59872
59873
59867
59870
59869
59873
59871
59873
59870
63742
65398
67615
59876
59877
63881
64799
59876
61974
64800
61970
63886
59882
61925
59883
59886
65595
59881
59884
59882
59886
59885
61917
59884
64131
64129
59886
68490
65596
61073
62416
62426
59891
59891
62415
62428
62423
62428
62647
62648
62414
62431
59893
59896
60463
60462
61607
69047
63475
69043
69050
60898
59901
59959
68896
66237
68896
59957
66237
77734
77752
77820
59957
66865
66869
59917
61604
59904
59906
61292
60040
77909
77927
59911
79147
59908
75191
59909
75183
59913
75229
59912
59915
75232
59916
59917
59913
59914
59914
59918
61601
59916
59917
75225
75226
59919
59919
61602
61604
62149
62160
65895
60488
65250
65255
60019
67021
67848
59924
59927
67013
69194
67457
69193
59927
64697
69198
59930
61123
68373
59930
60753
69359
68374
69356
59932
60187
60189
59934
59934
59942
59935
59937
59942
59944
59938
59946
68211
59945
60182
59945
61584
59940
59946
59941
59943
59942
59944
59946
59945
61587
66903
59948
66321
69404
59950
59951
60018
69415
67844
60019
67846
63706
63709
65055
59954
66287
66293
59955
64252
63666
65527
66295
59958
59959
67978
69142
68896
67979
69140
67744
59963
59964
65740
59963
59965
59966
67650
59964
65736
65741
59966
65737
67649
66654
66658
66662
59973
62875
62883
59971
66658
59971
59973
62888
59972
63195
59973
68206
62874
68696
68701
60636
65608
68709
59977
67708
67709
67714
65154
59984
59985
60205
59986
59988
59982
59988
60199
59983
59989
60198
59990
60203
59986
62452
59987
59992
60204
59991
62451
59989
59991
59991
59992
59992
66678
66679
59999
60000
68804
59997
59998
67356
60000
60756
60802
60000
60001
60805
60001
60801
67358
59999
60001
67360
68842
68806
60003
60009
60005
60011
63452
60006
60007
68621
60007
63450
63434
66436
60010
68623
60009
63435
60011
60011
63436
62251
62256
65630
63795
69213
69207
69213
69216
60016
61492
62597
60017
62590
62591
68746
60019
67022
61340
66382
69019
69248
60022
60023
61125
60026
63172
61128
63047
60026
66260
67833
66262
67100
68504
63173
67834
60030
60031
63171
60031
63175
67092
60030
61351
68504
60032
66264
60032
63168
67087
60040
60098
77922
77929
60035
64076
64195
60038
64077
64080
64071
64434
66754
60038
64080
66752
60039
64071
64072
69591
77928
60042
60043
62915
63164
64070
64072
61845
64074
60046
64200
64555
60047
60048
60064
60048
63573
64208
69244
63572
64213
60052
60057
60884
60052
60060
61044
60052
61050
63276
60056
60059
60060
60058
60059
60057
60058
60060
60061
60061
68142
60062
60062
63271
60062
60064
60065
61671
63574
69243
61677
69245
60068
60073
60075
60068
60071
61281
60078
60071
60072
60213
63663
63236
69591
77928
61282
60209
60207
60098
69573
77739
60076
64409
69224
61278
67947
69227
61281
69225
62573
62582
67452
60081
60082
60087
63576
60085
63575
60083
60088
67379
68388
60086
63352
67382
60086
63577
60087
63579
67384
68385
68979
60090
63575
68977
60093
65489
60092
61271
63577
60093
61514
63580
65490
63284
63577
63579
60853
66937
65344
66065
67460
60100
60101
60999
65780
77821
77910
60101
60102
60999
65792
65785
66627
66630
67346
60104
60105
67635
60882
67637
68557
67632
68448
60107
69285
66473
66475
60113
79181
79185
60113
60114
61143
79178
60113
60115
79143
60112
60206
77330
77564
60486
77580
60115
61144
60118
79177
79187
79191
60973
60974
60978
60973
79203
60975
60978
60980
60225
65576
68216
60125
60129
60123
60129
68839
60124
60130
68840
60127
66623
60128
66253
60127
60128
66252
60130
60130
64502
60132
63998
66253
60134
66426
66818
68959
68965
68966
60136
60142
60143
60146
60140
60147
67195
60139
60140
60145
67196
60145
60854
60863
67196
60142
60861
60144
60144
60147
60145
60147
60148
67198
60150
60150
67503
67198
67504
60153
60154
60154
60155
65847
60157
62606
62600
65846
62601
65840
60157
62511
62599
60159
60160
60161
60162
68679
60161
60317
69386
68929
60165
60338
60166
61437
65337
60165
60166
60167
68679
60167
61438
65339
60170
60180
60329
60170
60176
65337
60177
69270
60172
60174
65336
60173
60175
65335
60179
68126
60176
65342
60177
60181
60177
65338
60179
60180
60332
60181
66199
60181
60330
60187
60188
60184
60185
61703
60188
61585
60186
63099
63106
60187
60188
60189
61586
60190
63100
60192
60195
63864
60194
60195
66951
63862
66953
63863
66952
60199
60200
67732
60202
60203
64627
60201
60203
60201
67734
60202
63018
60202
63020
64626
60205
66681
62471
77538
77580
77649
60208
60209
64687
60213
60214
60211
60213
63659
60212
60214
64548
60216
64550
60215
60216
64693
61171
64554
60220
60221
60221
60222
62007
60220
60221
63137
62006
63136
68117
64356
64358
64364
64749
68089
64751
64759
60231
60241
65955
60240
60241
66435
60239
60240
60234
60235
60234
60239
60232
60233
65958
60235
60235
60238
60236
65991
60237
60239
60238
60240
60241
66431
60243
60245
60246
60245
60247
60246
60248
60248
60253
60260
69324
60251
60254
60257
67027
60256
67024
60258
60260
69159
60255
67077
60255
67048
60257
67044
60258
67029
60259
60259
69160
60260
69331
60262
60263
66369
60264
60265
68751
60264
60266
66370
67025
67028
68747
60268
67029
60268
69162
69163
66370
69161
60270
60894
67981
61054
63268
65357
66069
68745
60274
65376
65381
60275
60277
60280
61364
60276
61641
60276
61358
60277
61644
65373
60279
60280
60283
65373
60281
65376
60284
60282
65375
67285
67296
60284
67287
60293
61360
60286
62221
62225
60287
62219
62222
60743
63360
60289
65401
60292
60294
61368
60292
67122
67283
67115
67286
60294
67288
61365
60296
60297
60628
60298
60301
60301
60465
61771
60301
60470
61772
60303
60307
60309
68049
60310
68899
60305
60310
60312
68054
60307
60308
68048
60311
60313
60310
60311
60312
60313
68058
60315
60321
68048
60316
60325
68051
60318
60327
69072
60318
69073
60326
60320
60322
60324
65686
60323
60336
60322
68928
60324
68928
60326
60328
60325
60327
60327
68929
60331
60337
68930
60338
65677
69270
60335
65677
60338
65677
68930
60333
65678
60334
60335
65680
60336
65679
60337
60337
65686
62784
77324
77341
77568
60341
65331
66643
60564
68738
60353
60354
60355
65665
60348
60349
60350
65421
60350
60351
63341
60346
60348
60347
60356
68626
60355
68627
65416
60350
60356
63342
60352
63344
60353
60354
63345
65660
60356
68628
60358
60359
65153
60360
65161
60361
65152
60361
65150
60515
62061
64448
75042
75072
82091
60365
63550
60551
66714
61539
67389
69018
60373
60374
60369
62644
62645
64339
60371
62647
60374
64337
60373
62645
62646
60374
62645
64336
64918
77464
77581
77615
60377
67095
68262
64423
68309
60379
68825
60380
60382
60381
61742
61746
68827
60386
60389
60385
60393
60395
67891
60392
60387
60388
60390
65479
60396
60391
60394
60394
60396
60392
60395
65482
60396
67892
60395
67893
64039
67500
60399
60401
67500
60400
60404
67500
60404
60405
60402
61653
60405
60406
69182
60405
60406
60408
64516
60533
60534
60433
60408
60412
60534
60413
60410
60414
60415
64515
60411
60420
60416
60418
64517
60417
60418
60530
60414
60415
64516
64513
60418
60417
68847
60528
60420
60422
60512
64515
60513
60423
60434
64506
64514
60423
60511
64507
60426
61664
68856
60426
61669
65630
65629
68859
60428
67786
60429
67790
68841
64911
67273
61861
61863
60434
60437
64513
60437
60438
68310
60436
60437
60438
61712
68312
64512
61711
65948
60441
60443
65431
68312
60442
60885
65429
61244
65432
60443
65437
68311
68310
60447
60450
60446
60451
68377
60448
67220
60448
64331
60452
67218
60451
60452
60454
60461
64330
64331
60458
68379
64331
62072
62087
62088
60456
60458
60459
60456
60459
60464
60897
60461
60460
60781
60900
64332
60780
60460
60782
60462
60463
64330
60464
60899
60470
60471
60467
60471
69171
60469
62799
60469
60471
60472
60472
60482
61770
60477
60477
60484
60480
60481
61328
60484
60485
60481
60482
60482
60483
60479
60485
60769
61331
60480
61329
61330
61331
60487
60484
60487
60770
64953
77541
61331
66686
66687
66696
64344
66258
60496
63093
63096
60496
77490
77634
63093
63108
63203
60496
63093
69369
63095
61732
60499
60508
60500
64315
67764
64312
67766
60508
60509
60504
60506
67205
60504
60509
60737
60505
67206
60507
60509
60507
60508
67765
60513
60519
68846
60512
60727
64659
60514
60514
64517
60523
60517
64441
60517
63566
63565
64443
60519
60520
60522
62344
60523
61540
62345
60522
61541
64658
60523
60524
60727
64652
60526
66769
67798
66776
66779
60529
60531
61080
60529
60530
61081
61081
60535
60532
60535
67496
60533
60534
60535
60540
60544
63802
60538
60543
66437
68688
60544
66949
60540
60541
60542
63805
60542
60550
68686
60544
68685
63801
60546
62232
62270
60549
62234
63803
60548
62237
60549
62236
63804
63802
60551
68687
66709
60553
60557
66504
60554
61557
61504
61512
66509
60556
68416
60558
63228
66507
60558
61563
66505
61564
60563
60692
66169
60561
60562
66166
69098
65807
69099
60563
60675
60699
61708
65322
68744
60566
62576
66797
66800
62339
68457
60575
62590
62605
60574
60580
68756
60570
60576
65843
60573
60577
65845
60578
61172
61173
69064
60573
60576
60579
60578
60575
60579
62587
60576
62602
60578
61302
69064
60580
61175
60582
60584
61575
63543
68255
60585
60969
66884
60585
60586
61575
60586
61579
63540
66043
66219
60597
60599
62550
61104
61194
76729
77654
60599
62550
60592
60593
62555
60596
60597
62556
62548
62550
60598
60600
68391
60596
60600
69023
68563
60600
60599
68150
68151
68396
60603
67935
60603
67926
60605
60607
63365
64944
60606
63361
60607
67943
67944
64942
65921
67121
69058
60613
67113
67120
60611
64014
65921
60613
60614
67117
60647
61370
67118
65921
67123
60616
60617
60618
60619
60836
60619
60832
60851
60621
66206
60623
69139
60623
60626
60633
60629
60631
79292
60627
60628
60629
60630
60635
60635
60909
60631
60633
60632
60634
60634
60907
60638
63647
60638
60639
68696
63652
68703
63648
66214
60642
67202
60642
67201
68868
68872
63450
60645
60646
65281
65283
60648
65276
65279
60668
77675
60655
65282
65283
60650
60652
60656
61499
60651
60796
60653
60664
60653
60654
60667
64621
60655
60657
64621
60661
60658
61501
60658
60659
60660
60660
60661
61706
61551
61552
61706
60663
60670
61646
60669
65275
67128
60665
60667
60790
60792
65275
60667
60670
65276
60972
61260
77672
60789
67127
65275
65277
60672
66291
67682
68034
60674
63191
64031
64530
60925
65814
69098
60931
65724
65815
60702
67404
69097
60680
60683
60684
65869
60685
60687
60685
60688
60689
67865
60689
60690
60766
60690
68224
60685
60686
60690
60691
60688
60691
67867
67869
60691
67866
65870
60698
61460
66171
60696
60699
65815
60695
60696
60697
60912
61456
61458
60910
60698
61456
60699
65814
60703
61662
61700
60703
61692
69101
60703
67408
60704
60705
67413
61662
61672
60707
64618
60708
60710
64618
60709
60710
67659
67662
68190
63619
60712
60713
67663
67660
60715
60716
60720
60722
67322
60721
60718
60721
60719
67184
60722
61155
60722
60724
60881
62694
68984
60981
65035
66776
66777
66778
65024
66777
67796
60729
60729
64650
64654
64659
60731
63312
64353
66499
69281
60734
60739
63536
66470
60735
63534
65820
60735
68866
60738
60741
60738
67201
60742
67202
60740
60741
63533
63537
60742
66470
63532
60744
60749
60745
60746
62219
62223
68444
60749
68442
60748
60749
67879
65406
67882
67880
60753
60754
68372
60752
60753
60754
60784
60763
60764
68362
60756
60758
60762
61729
60759
60761
61724
60760
60760
62956
60762
61726
60762
60806
67647
68363
60765
60784
67642
60783
67644
60767
67897
65870
60771
60856
61329
60770
60771
65310
60776
60777
64265
60775
60777
60776
61026
64263
60776
61025
64267
69053
60779
61136
64265
60780
64266
68382
60782
60782
64268
69355
69383
69360
60786
60787
64582
68348
60794
68353
60788
61513
64575
64578
60791
60792
60792
60793
60794
60795
67125
60795
60796
64576
67152
64581
60797
64580
61499
64571
60799
61745
68830
68644
68648
60801
60811
60812
67358
60805
60805
60806
60804
60809
63557
60810
65533
60808
60807
60808
60809
60812
60811
60812
67363
67365
60818
64407
60815
60818
64677
60817
64681
60817
64402
64412
64403
64414
64676
60825
64849
64865
60821
61541
64651
61538
68783
60824
65162
66148
60824
62828
62404
66566
69211
60827
62107
62109
67447
61442
62111
60831
60835
60837
60830
60838
68700
60833
68705
60838
60834
60836
60839
60840
68707
60840
60843
60836
60837
60841
60839
68702
60841
60841
60846
60843
60844
61531
60846
60851
60845
60846
61530
61530
61533
63922
60848
60849
61597
60850
61591
60850
60851
61531
69042
60853
66940
68786
68798
60861
60863
60856
60858
61329
60860
60861
60862
60863
60985
60991
60859
61327
60860
60984
60862
60863
60866
60870
60866
60867
66324
60872
69222
60868
66309
60872
60875
66313
60870
60872
60879
60871
66946
60873
66948
60879
61261
60876
60877
61003
67656
60876
60879
67657
60880
61005
60880
61000
61261
66933
60880
61655
68987
68556
69238
60884
63273
68142
63272
60886
64507
60887
64660
66139
60891
60893
60894
69272
60892
63272
67721
60892
60893
60894
63275
63231
69271
63274
63230
62630
63364
63373
60901
69048
60899
60900
60899
69046
69051
60901
64332
69052
60903
67541
67578
67129
67149
60905
60907
60906
60908
60907
60909
79297
79289
60911
60912
65816
60914
60917
60914
60914
60921
60918
60922
67901
60917
60920
65718
60919
65725
60920
67902
60921
60922
60922
67903
60929
60930
60931
60926
60928
67405
60932
60933
60933
67404
60928
67406
60934
60932
60934
65817
60934
67403
60938
60941
66307
60938
60939
60947
60939
61648
66315
60944
66318
61647
60947
60948
60969
60946
66319
60946
60950
69302
60948
60950
61576
60945
60947
60946
60949
66322
66362
60949
61577
60950
69303
60954
60959
60953
60956
60958
60961
60957
60960
65359
60958
60959
60961
60965
60957
60960
61161
60960
60963
60964
60968
68335
60966
60967
68333
60968
60967
60968
67176
68337
61579
66362
60971
60977
68042
60976
60978
61104
77679
60975
60976
60979
79177
68043
60980
61143
61139
65888
65889
61545
66891
66898
60984
60989
60985
60991
60988
60990
60992
67418
60988
60989
65427
68047
60990
65428
60991
60992
67417
61637
65834
66350
60996
63289
63291
68189
60996
60997
63291
60998
66539
61005
66802
61002
61004
66822
65782
66803
61004
61005
66806
66824
66807
61008
66306
67345
61008
66303
67339
66305
61011
63287
66666
61011
61016
63286
66650
61270
61016
61017
61018
66653
61015
61017
61019
66669
61015
61019
61160
68031
68439
61159
66651
61019
61158
61021
61024
63945
61022
61030
64262
61031
68384
61027
61029
61040
61025
61026
61028
61029
61031
61038
61029
61030
64264
61031
64583
67084
67517
61034
61041
61042
67093
61035
61353
61039
67535
61039
61040
66091
61039
61040
61042
61041
61042
64583
67140
64264
67090
61046
61049
61053
61049
61050
61047
61048
61055
61051
61056
68833
61050
63274
61052
61055
61057
63269
61053
61057
61053
61056
61055
61068
63268
61057
61059
61061
61066
67396
67410
67412
61061
61062
67397
67488
67396
61638
61639
67488
61065
61676
67414
61065
61066
61238
67415
69247
61690
61068
61069
65358
65349
65355
68500
63484
67873
61074
62764
62769
61075
62427
61075
61077
61080
61078
61506
61079
61084
61508
61080
61085
61082
61085
61083
61085
61090
61084
61090
61510
61087
62346
69028
61089
67278
61089
61090
69031
61090
67278
62621
62624
62723
62624
67985
61098
61592
62611
61098
61100
61100
61102
62622
61097
61103
63596
67992
61589
61099
62609
61101
61105
61101
62615
61102
61106
67991
61106
67984
77676
77682
61588
61592
61593
67991
67992
61111
61112
66487
61110
63040
61110
61199
66488
61112
66489
61202
61203
66487
61117
61515
65549
61118
61121
61123
61116
61121
63855
61119
61516
63859
61118
63868
61120
63873
61120
61522
61121
63858
61517
66964
63874
61126
61127
64449
61128
67834
61129
61129
63861
63864
63116
61133
61134
61135
63150
61135
66093
66104
61138
64684
66993
61146
64673
61140
61141
61143
61142
61144
61144
61147
61149
69337
61147
66972
61148
66973
61149
64674
61336
69339
66047
66981
68770
61152
63771
67185
67186
67189
61157
61156
61157
61156
67322
61159
61160
66034
61275
62525
62533
61165
62839
61164
61165
62842
68293
68295
62841
61167
61170
61775
61169
61169
61774
61773
64126
61173
64689
61173
61175
61176
61175
61176
61348
64690
62407
65153
61181
62688
61181
63262
64887
61181
62686
63263
62049
62085
63490
66465
61184
61188
61186
62943
61186
61187
61465
61189
62171
61190
61191
65813
61189
61598
61191
61467
61695
61699
61193
63764
61195
63755
76756
61196
63754
63769
61198
61206
64156
61202
64154
61200
61203
61201
61204
66490
61205
61377
61203
61204
61207
61207
61565
66491
61207
61572
64158
62548
62562
65761
61210
61212
61218
65935
61215
61220
61217
61218
61221
61218
61219
61221
61216
61219
64486
61217
61219
65942
61221
63256
61223
61227
61229
61232
61241
67493
61235
61236
69244
61369
62080
76747
76784
61235
64211
69244
61231
61241
61369
76751
61233
67491
61231
61245
64210
61234
65434
61233
61234
61235
61237
64215
61237
61238
69245
61239
61239
69247
67492
61241
61242
61715
61243
61243
61244
61716
65436
61712
65435
66121
64214
64912
66128
66122
66125
66128
61251
62104
63655
61250
61251
61489
61252
61253
62275
61252
62103
65165
64669
65166
63762
68066
63438
63439
63443
61259
63440
62373
63438
61259
63472
63445
63474
76728
76745
76836
66931
61264
61265
61623
61265
61266
63262
61267
61624
62878
62880
63263
62879
64920
62875
66079
61269
61835
63239
63244
64371
61272
62895
63286
61272
63284
61487
76728
76745
76784
63284
63346
63358
63346
66035
67755
67763
61879
68571
69380
61281
61285
61280
61283
61284
67374
61285
67376
61286
61283
61286
63663
63660
61285
61286
67377
68465
69340
69343
65790
68476
69343
61291
64852
64856
65712
61291
68647
68657
68643
79139
79154
61295
61296
68572
68579
61296
61298
68574
68578
61297
61300
64559
68572
61300
61671
63574
61467
61657
65813
61301
61658
61675
64551
65860
62634
68437
63990
64487
62779
62783
62980
61307
61312
62909
61310
62905
61309
61317
61318
66282
61314
61314
61313
61316
63534
61313
61315
62911
63537
61317
61316
61317
61318
65819
61320
63785
63773
63778
61322
61326
61324
65918
61324
67290
61326
67282
67300
61495
69103
61328
61330
61330
66587
69035
61335
61457
66602
61457
61459
65174
65175
65167
65173
61337
61338
61341
64695
69019
61342
61343
64691
61341
61345
61343
61349
64688
61344
64695
61349
61350
61346
61350
69248
61347
68754
61348
61350
61349
64690
61354
67089
61353
61354
67536
67093
67538
67094
67539
61357
61361
61365
64047
61357
61359
64052
64047
61363
61642
61362
61363
64052
61361
61364
61365
61363
61364
64055
67116
61367
61371
64041
67110
61368
67115
67116
76747
76734
64045
67116
61375
68435
61374
61375
68291
67965
68295
67967
68292
61377
61906
61907
61911
61384
62447
64235
61382
61384
65568
61480
77452
77638
77653
61382
61383
61383
65570
61385
65571
62448
65569
61386
62449
65571
62444
65572
61390
61632
65968
61391
65126
61390
61391
61392
62435
61392
65128
61394
61397
61403
68170
61402
68171
61398
61401
61397
61401
68170
61399
61400
61402
61401
61403
61403
68174
61406
62852
62854
61992
62853
68164
61407
61408
68167
68168
61411
61483
61618
61411
61412
61482
64290
61415
61413
61415
63033
61415
61617
67831
67830
61417
64959
69232
66513
66516
61420
61421
62281
62454
61420
61749
61756
62282
61428
61429
66326
61429
61431
61518
61425
61426
61571
61427
61430
61432
61573
61428
61430
65535
61431
61432
61525
61568
61434
61435
67484
61436
66058
61438
66059
61437
61438
66064
66065
61440
61609
65279
61646
65134
65280
61444
62639
65423
61443
62638
61444
62112
62640
65410
61447
61449
61452
61447
61464
68577
61448
61464
62172
62174
61450
62172
62986
61452
62988
61480
61454
61455
61650
61455
63936
63966
68795
68797
61460
61462
61461
61459
61462
65221
69039
65175
66603
69038
65175
77679
77681
77682
61465
61468
61466
62171
61468
65813
61659
61660
68575
61470
61471
61476
61631
66950
61475
61473
61475
61474
61636
65127
61475
61476
61634
62981
62986
62991
62174
62944
62987
61485
61521
61485
68170
68173
61483
68173
61484
61486
61486
62432
68173
61514
62894
65427
68040
62090
62273
61491
61493
62513
61492
62515
62588
62598
61670
62596
65631
61496
61498
61685
67472
61497
61688
61497
67473
61498
69103
67293
61501
61501
61549
64928
64933
61510
61511
69026
61504
61506
68914
61505
61507
61511
66509
61508
66387
61508
61509
61510
61511
69031
66508
61557
69351
68364
69336
62892
61518
61522
61520
61522
61520
61524
61523
65550
61525
61568
68897
63859
68897
77665
77667
77681
61523
61525
61566
64161
68897
61527
61529
62617
61528
63449
61529
61530
61531
69042
61533
63913
63923
63914
63922
68707
61536
63909
63918
63910
63921
66541
66823
67343
61539
68784
69010
69012
61541
62354
62355
61545
62330
68817
61544
66895
67974
62703
68815
62693
66055
68099
61550
61553
67820
61549
61554
61555
64931
61551
61555
64630
67885
61552
61554
64631
63016
64632
64633
67883
61560
61562
68486
61559
61561
61559
61562
66863
69346
61564
68487
61562
61563
68488
61564
68489
61571
61572
61567
61568
61569
61570
61570
61572
66492
61573
61573
66491
68386
68388
61578
66221
61578
66216
61578
61579
66217
68229
65830
66388
66389
61583
61584
65930
61585
65933
61587
68210
61586
65934
61587
61591
61595
61593
61594
61661
65008
76817
61592
62619
61595
67992
61596
63592
61596
61597
61693
65809
61600
61606
61607
64330
61602
61604
61602
61606
61604
61607
61765
61945
76824
77573
61611
61613
63185
61615
65130
61612
61621
65129
61612
65010
65011
65132
61614
61616
63186
61615
61616
65189
65133
61618
68158
67952
61620
66356
65833
66352
65000
67564
61623
66080
61624
62686
66078
61627
61762
61627
61759
63581
61629
61630
68196
63508
63512
63511
65866
61634
61635
63073
61635
61636
65126
61636
63077
63075
65128
64019
64022
61639
61643
61645
61640
61642
61722
61643
67398
61645
64055
61644
67400
61645
67557
61649
66363
61649
63930
61652
63810
63829
63938
66457
61654
67499
69182
61721
64043
61656
62693
62333
68983
61658
68576
61659
68579
61673
61662
61701
77577
77623
61674
61667
62257
61665
62260
61666
62261
68109
61667
62262
61670
65627
62595
61675
61674
61676
61678
61674
61675
61678
61677
61678
69246
61680
62387
62388
61682
61684
68427
61683
68426
69030
69027
62347
62352
67294
67898
61687
65721
68934
65377
67292
67295
61690
61710
67491
67490
67492
61692
61696
69100
61698
61700
61694
61699
61696
61697
65810
61699
61701
65811
61698
61699
61701
61701
61703
62472
63097
63105
65934
61705
61707
66677
61706
61707
65284
65284
64624
66680
61709
65323
65003
65041
61714
61715
61712
61713
61716
61717
61719
65949
61718
61723
67489
61718
67493
61717
61718
61720
61723
61721
64053
65949
64050
61723
64051
67489
61728
62957
62956
68806
61731
61833
61744
61734
61739
68659
61734
61736
61740
61735
61737
68660
61741
61745
61741
68649
68655
61739
61740
68648
61743
61744
61746
61745
61746
61748
61754
62279
61749
61751
61750
61754
61753
61752
61753
62281
61758
61759
61760
61760
62454
61758
61761
61762
61762
61762
62110
68440
66668
68143
62108
77592
77646
61767
61769
61768
69170
69172
61771
61772
61774
61775
64128
61778
61780
61782
61780
63751
61779
61783
61782
61786
61787
61783
63752
61788
61786
63753
64075
61786
61787
61789
61846
61788
61838
61843
61845
64079
61792
61793
61797
61793
61796
61794
61795
61794
61797
61798
63595
61801
61803
66144
66481
61801
61811
61813
66146
77573
77622
77674
62793
66482
61805
61808
61810
61811
61812
61807
61808
61815
63292
61809
63303
61809
67699
67705
67706
61812
61813
61814
67709
61815
63294
61817
61818
61823
61821
61824
61819
61820
61821
61831
61834
61823
62691
63521
61824
61836
61826
64476
66254
61827
61829
61828
61831
61833
61830
61833
66259
76825
77664
77665
77667
62689
61837
62690
61839
61841
61846
61847
61842
61848
61842
61843
61844
61844
61846
62914
61848
62917
62918
62920
61850
61852
61857
61851
61860
67181
61858
69266
61853
61854
61855
61859
61863
61855
61856
61868
61870
61857
61872
61858
66250
69261
61860
61863
67183
61862
61863
67005
61864
67011
68570
61878
68571
61866
61867
61868
61867
61871
64781
61872
64783
61869
61870
61871
61879
61878
64780
66251
61874
61875
61876
63131
61921
61927
63128
63128
63130
63132
61879
61880
61881
69380
64780
69377
61883
61886
61897
61884
61891
62543
61886
62546
61886
61898
61889
61890
63897
61890
61902
63898
61893
61980
61892
61892
61893
61897
61976
62543
61895
61904
61896
61898
61897
61898
61900
61901
61904
61902
61903
63294
63300
61904
63299
63889
61906
66488
61907
61909
66490
61909
61910
64460
66491
61915
61918
61925
61914
61918
64112
61915
61920
68038
77587
77596
77605
77646
61925
68039
61919
61923
61924
61925
68033
61926
61927
61923
61926
61927
64110
61926
64107
61929
61932
65388
61930
61939
61931
61932
61934
61936
61935
61942
61935
61936
61950
61937
61938
61943
61937
61948
64081
61939
61943
61950
63586
61942
61943
61946
65386
61944
61946
68315
62030
62244
77674
61947
68314
65384
68318
61949
61950
63588
64085
63587
61953
61954
61955
66114
63154
63155
63160
61957
61959
61962
63154
61957
61958
61957
61958
62483
64094
63159
61960
61961
64095
64100
61962
65565
66501
61966
61967
61988
61966
61967
61969
61966
61971
61977
61989
61968
61973
61972
61974
61972
61974
61972
61975
61975
61974
61978
61984
61980
61982
61979
61982
61989
61979
61984
61980
61981
61983
63897
61991
61984
63882
63880
61986
61987
61988
61989
61991
61990
61991
62545
62544
61993
62857
61994
61996
67688
61998
62862
67683
67686
67689
61997
61998
62001
67689
61999
62000
62001
62002
62683
67691
62004
62008
62012
62017
62005
62007
62010
62006
64129
62007
68118
62009
62010
62869
65598
64131
62015
62017
68922
62017
62018
62014
62018
62868
62015
62019
62016
62019
68918
68921
62869
63401
62022
62024
62036
62022
62024
62026
62025
62025
62036
68232
62027
62038
68229
62028
62029
65207
66447
62037
62086
62206
62032
62034
62041
62039
62040
62243
62034
62039
67894
62035
66843
62036
62038
66843
62046
77670
62042
62247
62041
65204
62042
65206
65207
62044
62045
62057
67571
62059
62325
77629
62051
64448
62049
62051
64885
62051
64437
64448
62056
62057
67571
62062
67570
67571
62057
62058
62061
62056
62058
63564
62062
63558
62060
62061
64448
62061
63565
63563
62066
66923
76409
62067
63414
76409
62066
62067
64874
63417
64870
62074
62081
64835
62070
64823
64833
62071
62081
62072
62077
62087
63644
62076
62078
62079
62075
62076
62083
67336
62081
62081
62082
62082
63482
66182
62083
66187
68300
69743
76835
77640
63483
67338
62085
62087
63483
62088
63487
62108
62343
77629
63489
62090
62091
62093
62101
62091
62092
68506
62274
68508
62101
62103
62097
62099
62100
76546
62096
62099
62104
62098
62102
62641
62098
68200
68514
62101
62101
76548
62104
63654
62104
62106
62107
62109
62110
77608
77627
62111
62112
65411
77622
77664
62115
62116
62720
62121
64218
62118
62119
62120
62119
62721
67990
62121
62123
62126
62132
63710
65056
62126
62128
63707
62128
63708
68733
62127
62128
65730
68731
62130
62132
65056
62134
67592
77538
77570
77646
77649
62180
62134
63798
65057
67593
68559
62137
62140
62145
62137
62144
62147
62138
62141
62144
64196
62143
62145
62157
62142
62148
62154
62148
64199
62143
62149
62161
64194
62146
65274
62147
65272
62155
62151
62154
62152
62153
65248
62152
65895
65900
62155
69075
62155
69076
62157
62163
62168
65274
65287
62159
63404
67957
62160
62163
62161
62162
62163
65897
67957
62169
76819
76825
76830
77678
63407
67957
67960
62167
62170
65285
67042
62168
63409
62169
62170
63410
65287
62173
62175
62174
62943
62175
62987
62178
62180
65735
62178
62181
67595
69061
65729
65729
65731
65736
62181
67592
62441
64236
62186
62187
63559
62186
62187
62188
62187
63563
62446
62190
62191
62193
62192
67826
62194
62195
62211
62196
67829
62194
62201
67823
62207
62196
62211
68889
62198
62200
62207
62199
62200
67961
62214
62216
67961
67963
62202
62210
62205
62209
62204
62209
62205
67822
67824
62343
76826
62210
62209
62210
62212
62214
62213
62214
62217
68888
62216
62217
66057
68890
62218
62218
67966
62224
62221
62637
67449
62222
63373
63374
62224
68445
62225
62226
67449
62228
62233
62246
62230
69115
62231
62233
62235
62238
62231
69114
62232
62234
62235
62242
62236
62240
69116
65478
69112
69116
62239
62242
62240
65732
68734
68735
62242
62243
62245
65728
62246
76826
76831
77578
65204
65727
65728
62247
67893
62249
62251
62253
62254
62255
62522
62252
62253
62260
62252
62254
65629
62259
62846
62505
62848
62978
62505
62507
62516
62258
62262
62263
62259
62260
62845
62261
62262
62847
67754
62265
62266
62357
63057
68285
62267
62356
63056
62269
63702
68732
62270
63701
68735
62272
62274
62278
62296
62273
62274
62275
62276
64669
64234
65569
68507
65568
68508
62280
62290
62282
62452
62282
62453
62284
62286
62289
62285
62293
62286
62292
62288
62289
62294
62291
62294
62290
62292
62295
62295
62294
63265
63266
62451
65570
62298
62299
66578
62303
63848
62301
62310
62301
62303
63611
62302
66939
62307
66935
63610
63852
62305
62308
62361
62309
64589
64599
62308
62309
62310
62310
62311
62311
62362
64595
66584
63809
62313
62318
62332
62315
62322
68816
62315
62316
62335
62320
62318
62319
62318
62319
62326
62331
62323
62342
62321
62322
62580
62341
62585
62586
62776
68550
62327
62774
62776
68555
62496
76828
62327
62331
62776
62329
62330
62331
62333
62333
62773
62332
62334
68817
62334
62693
62336
62341
62342
62338
62571
62339
62571
62576
62339
62340
68459
68451
68554
62571
68553
77589
62346
67279
62346
62347
62348
62348
62353
69029
62350
62351
69013
62352
62354
68425
69011
62353
68428
62354
62355
69009
62357
62358
62359
68627
68626
68285
68630
76828
77630
77632
77673
63813
63843
63809
63813
62364
62365
62366
62367
62370
68121
62368
62370
62370
62826
62372
62376
62374
62375
62375
62376
62384
62377
62383
62380
62379
62382
68432
63443
63468
62381
62383
62382
68433
62383
62384
63444
62386
63522
62388
62388
63527
62390
62391
62392
62395
62405
62394
62393
62396
62394
68085
62396
62411
62403
62404
62399
62400
62404
62402
62403
62405
62409
62402
62403
62406
62410
62406
62412
62408
62411
65151
62409
65159
62410
62412
65160
62412
62415
62417
62418
62418
62416
62417
62425
67913
62421
67889
62421
67914
67912
62423
62426
62429
62424
62647
62429
62646
62426
62428
62427
62430
62431
62430
62768
62769
62648
62434
62435
62436
62437
68172
65969
62437
68172
67955
62440
62445
62447
62443
62444
63614
62445
62447
62449
63616
62446
63615
62448
62449
68171
68172
62452
62453
62471
62455
62457
62459
62462
62459
62460
62463
63031
62460
63022
63028
62462
62463
62464
62466
63030
62465
62467
62470
62730
62467
62469
62468
62469
62470
64166
62473
63094
62475
65932
62476
62481
62483
62489
62479
62480
62484
62569
62482
62570
62481
62482
62485
62486
62484
64096
62486
62489
62487
63298
62489
63883
62491
62495
68218
62493
62501
68236
68244
68246
62494
68244
62499
68247
68441
62501
62502
76828
76841
77628
62501
62503
62504
62503
62504
65762
62500
62501
62504
68443
62503
65403
62509
62507
62509
62511
62513
76835
76853
77661
62510
62518
62511
62521
62512
62514
62599
62514
62516
62515
62588
62604
65631
62536
62692
62742
62519
62522
62520
62521
62970
62978
62979
62973
62978
62524
62526
62526
68174
62537
62528
65846
62530
64122
62530
64120
64121
62532
62538
62540
62535
62537
62541
62541
62542
77371
77521
62540
62542
63523
67896
64509
63530
62544
62547
62547
62547
62549
62564
62550
65760
62552
62553
67970
62554
66896
62557
67971
68562
62555
62563
62556
62565
62557
68563
62559
62560
62567
62566
62568
65883
62562
62563
62562
62566
69187
62564
62565
66897
62565
65887
62568
65890
66900
65872
64082
64102
64093
64635
62572
62573
62574
62577
62585
62575
62576
66798
62577
67455
67452
62579
62580
62586
62581
62584
64994
62582
62582
64990
62585
62584
62586
68818
64996
68812
62590
62592
62589
62590
62605
62592
68748
68753
68756
62594
62595
62597
68750
69204
62596
65625
62598
62598
68749
62604
62606
62601
62606
62603
62607
62605
62607
62604
62605
65840
62611
62612
62617
62610
62611
62613
67827
62616
62613
63446
63448
67821
62615
67828
62620
62617
62619
62618
63446
63449
69042
62621
62622
62624
77368
77495
77535
77549
67986
62723
62627
62630
64945
62629
62631
62629
62632
62633
62634
62632
62636
62635
66012
62637
62634
67448
62635
68436
63365
64946
63373
62640
67451
62640
68438
62643
68514
63693
68582
68587
68587
62648
64341
62651
62652
65623
62652
62657
68858
65628
67052
65624
62658
62655
62657
62659
62661
62656
62657
62658
62660
68858
62663
62667
64965
64978
62664
62668
62665
62666
62669
62668
62700
62667
62675
64979
64968
66794
62671
69257
62671
62672
62697
62701
62672
62673
62708
62707
69256
62676
64979
69251
69251
69257
62677
62679
62678
62679
64878
64981
62680
69259
62682
62683
62685
62687
62688
62688
66074
62690
63251
66071
62933
77540
62694
66892
62699
62700
62702
66793
62697
62699
62705
62698
62701
62705
67972
62703
62701
62706
68818
62704
62706
62705
67974
67968
68815
62708
62711
69255
62709
62710
67972
62711
67976
68564
68566
62714
62715
68566
69020
62714
62715
65097
69021
69252
65748
62718
62719
65170
66602
66592
62721
62722
67987
64218
62726
62728
62738
62726
62731
62740
62727
62729
62730
64168
62730
62733
62731
64172
62735
62738
62739
62738
62741
62735
62741
63036
62737
62739
62743
62743
62740
62740
63035
63906
77321
77371
62748
62746
62748
62757
62749
62749
67733
62749
62751
62752
62756
63264
62753
62754
62756
62758
62757
62756
62758
63266
62758
62760
62763
63005
64186
64182
62763
63002
62766
77423
77549
77554
77582
62768
62769
62770
62770
62772
62773
62774
68982
62775
68998
68983
62775
62777
69237
68558
69238
62779
62980
62988
62781
62781
62783
62786
63123
62785
63117
77464
77538
77610
63120
62789
66480
66482
66486
62790
62792
62833
62790
62792
62791
62795
62797
66486
62793
62831
66149
62796
68616
68618
62797
68612
62798
62798
64325
69171
77232
77444
77536
77561
62803
62805
62806
63147
62804
62805
62812
62806
62808
62858
62994
62860
62810
62812
62813
62809
62812
62810
62849
62858
62811
62851
68543
62814
67814
67884
68548
62818
62820
62827
62817
62820
62821
68155
62818
62824
67750
62821
67831
68159
68158
62823
62825
62826
62825
62827
62827
62829
62832
66151
62830
62834
68610
62832
66149
62834
62834
68612
68617
62836
62837
62838
62839
62840
62841
67756
62842
62844
62847
67753
62845
62846
62847
62848
62850
62851
62853
62857
62854
62856
62853
62854
62855
62855
62856
68166
68544
62859
62862
62859
62861
62861
63146
62862
62865
62866
68347
62866
62949
63141
62867
62947
62945
62870
62871
62871
65605
62872
67043
62872
65606
66117
62874
62875
66079
68203
62876
62878
62884
62879
62885
62890
62880
62880
62893
62882
62887
66662
62883
62885
62884
62888
62885
62889
62887
62889
62896
63287
66660
66664
62890
62891
62893
62894
62896
64916
64919
65490
64917
62895
64919
62896
63287
62899
62900
62901
62899
62901
62902
62904
64223
62910
62904
64231
64225
62907
62910
62907
62910
62908
62909
62911
63535
62913
62915
63165
62917
62919
62915
62917
63164
62918
62919
63246
62918
63243
63350
62921
62923
63246
62923
63247
63248
62927
62929
62930
62936
62926
62928
65982
62929
66517
62928
65086
62932
65975
62937
62931
62934
65086
65087
65086
65088
77368
77535
62935
62939
65774
62936
65772
62937
62938
62941
64950
65775
67032
67431
62941
64949
64958
66517
62944
62949
63142
62944
63138
62948
62950
62948
62950
62981
62990
62948
62949
62989
62985
62956
62954
62963
62954
62957
62958
62955
62958
63008
63044
63045
62960
62961
66743
66747
66748
67437
62964
63011
62963
62964
62965
62966
62967
62967
67439
62968
67436
62969
63009
62969
67438
62973
62974
62972
62974
62973
62979
62976
62977
62978
62979
62982
62983
62982
62983
62984
62985
62988
62991
62989
62991
62990
62991
62996
62997
63002
63005
62997
62998
62999
62998
62999
62996
62999
63004
63000
63001
63001
63002
67817
63004
63007
63006
63006
63007
64186
63009
63010
63011
63011
63044
63747
63012
63746
66743
63015
63016
63018
63015
63018
67733
63017
63019
64628
63019
63020
67819
64634
63023
63026
63026
63027
63028
63029
63025
63029
67751
63026
63027
63039
63031
63035
63032
63036
63038
63034
63038
63039
63039
67830
63036
63037
63038
63041
66489
63043
63044
63748
63045
63749
65395
63047
67520
63170
63050
63052
63058
63055
63058
66014
63053
63057
63057
63060
68286
63054
63055
63059
63060
64274
63055
63056
63057
63059
63061
63066
68893
63062
63064
63063
63065
64259
64261
66010
63065
63066
64269
64256
67748
63068
63069
63074
63089
63070
67269
63070
63072
63071
63073
65970
63073
63076
63075
63078
63088
63077
63077
63078
63083
63080
63086
63087
67076
63081
63083
63082
63085
63088
63161
63162
63086
63129
63197
77535
63087
63163
67082
67078
63089
63092
63161
63091
63092
67512
67263
67507
63161
67510
63103
63095
63097
63097
63098
63102
63101
63102
63103
63100
63101
63106
63105
63104
63108
66914
63106
63132
64715
63109
63110
63111
66913
63112
63205
63112
63114
63113
63207
63114
63423
63115
63422
66915
66919
63119
63124
63127
63120
63119
63120
63126
63125
63123
77423
77468
77520
77532
63126
63127
63125
63125
63131
64113
63148
77534
64108
63132
64717
63134
63135
63452
63137
68110
63142
63144
63140
63142
63901
63143
63908
68345
63142
63143
68347
63904
63149
63149
63150
63149
77465
77520
77551
63156
63158
63160
63158
64799
63155
63157
64361
66114
66115
66115
63157
64800
64359
64801
63159
63160
66114
63163
65651
65654
67075
63165
63166
63167
63167
63350
63347
64384
63169
63174
63170
63171
63172
63172
63173
66263
63175
67091
63188
63189
65368
63180
63188
63189
63179
63188
65364
63180
63190
65438
63181
63184
63185
63187
63189
65014
63184
63186
63190
63186
63187
65010
65360
65367
69078
63192
63198
64035
63196
63200
63194
63196
64032
63195
63200
64033
63224
77528
63199
63200
68202
68206
63202
63203
63204
64728
69374
63205
69373
63205
63207
63211
63207
63212
63423
63210
63212
63426
63210
64731
66249
69264
64729
63212
64730
63213
63423
63427
63215
64069
63216
63217
63220
63218
63219
63220
63219
64067
64068
64467
63223
68485
69141
63223
63225
68487
63226
69143
77422
77519
77531
63232
69273
69144
69273
63229
63232
63229
68489
63232
63231
67722
63233
63235
63234
67718
67738
63235
69273
69271
63237
63260
66671
63238
63261
69572
63240
63242
63244
63242
63245
63250
63242
63243
63349
63246
64375
63247
63250
63247
63249
63250
63252
63251
63254
63253
63254
68947
68952
68949
63257
65544
63257
63260
65937
68209
63260
63261
65944
63263
64884
63265
63266
63356
63359
63366
63275
63270
63271
63273
63276
67720
63275
63276
63280
63281
69049
63279
63282
63478
63283
65703
63282
63475
63477
66524
63285
63286
63346
63289
63290
68194
63508
63619
63293
63294
63296
63301
63296
63299
63325
63300
63304
63298
63322
63324
63892
63300
63890
63303
63304
63305
63320
66410
63305
63325
63314
63317
63319
63317
65613
69091
63312
63313
64840
63310
63312
63319
63311
63313
64822
64826
63316
64828
64839
69394
69397
63330
63375
77353
63319
64353
63318
69094
63319
65619
63321
66412
63323
66532
63324
66529
63324
63325
63325
63328
63329
63329
65518
77362
77395
77529
63332
63334
63335
63339
63334
63337
63339
63336
63336
67808
63338
67807
63340
67811
68248
63340
68249
63342
63343
66030
63357
63344
67381
63345
67378
65666
66036
63348
64382
63349
64373
63350
64376
63355
63357
66030
66032
63353
63354
67381
63358
66030
63358
63579
63358
66036
77365
66037
63378
77372
63374
64455
63362
63364
63369
63364
63374
63365
77430
63371
63372
68136
63369
63370
63371
67941
63372
64458
67940
68137
63378
63379
63380
63390
63380
63390
63397
77367
63383
69003
63381
65039
63382
65039
63384
68742
63384
66647
66811
68739
63388
63391
69007
63388
63391
63396
64140
63388
63389
69005
63390
63395
69006
64142
63393
63399
65371
63395
63398
63398
63400
64145
63396
63397
63398
65370
64139
63400
65362
65368
63402
63411
63403
63408
63405
63409
63405
63407
63410
63411
63407
63411
63799
63409
67037
63410
71060
76390
76446
76516
63415
63419
66921
76401
63417
76401
76452
63416
63417
64877
66924
76409
76414
76452
63538
63649
63698
63422
63423
63428
66919
63425
63428
69152
63426
69262
63427
69263
63428
69153
63431
63432
63699
64818
64819
64820
63437
63696
64818
63434
63435
63434
63437
68684
63436
63436
64813
66437
63441
63444
63440
68366
63445
68367
63445
63488
77359
77361
77370
63444
63469
63448
63448
64712
67829
63451
68624
63452
63454
63455
63460
63466
64357
63457
63458
63502
63461
64897
65750
63459
63460
63464
63461
63544
63504
64901
63463
63465
63467
68254
63466
64354
63465
63544
63466
63545
68255
63469
63470
68368
63471
68432
68493
69068
63473
63474
63477
63479
63481
66248
63479
63481
63479
65703
65700
65705
66245
69045
63485
66181
63485
63487
63486
63497
67876
63486
63492
63494
77336
77337
77339
63490
68800
66458
68799
63493
63495
63496
68399
63493
63494
63497
66464
66466
66467
68400
63497
63499
63502
63503
63505
63506
63501
63507
63505
63504
63506
63504
63507
65750
68195
63510
64525
65826
65828
63511
63512
63513
65826
65866
63515
63518
68009
63517
68011
63517
63519
68012
63519
68689
67147
63526
63524
67896
63525
63528
63527
63530
63527
63528
63529
67895
64511
63804
63533
67206
63535
63536
65819
63537
63537
63578
63602
63542
63547
64901
63541
63543
63547
69392
63543
63544
63545
63545
63547
64898
64901
69391
63551
63556
67387
63551
63552
67392
63551
63552
63555
66715
63556
67391
69018
63555
63556
69015
69017
65534
63559
63561
63560
63563
63561
63615
63562
63613
63564
63618
68105
63566
68106
63570
63569
63571
63571
63605
63606
63573
63574
64557
63576
63580
68980
63580
77239
77336
77375
65440
63585
64089
64097
63584
63589
63590
65795
63585
63586
63588
63587
63590
63588
64090
64097
65794
68315
63592
63593
63594
63595
67989
63598
63603
63606
63599
63606
63604
63608
63609
63604
63607
77317
77319
77336
63608
63605
63609
63612
63611
63612
63614
63618
63615
63616
63617
63618
68103
68100
63625
63627
65764
63624
63625
65764
65765
63624
65764
63628
65768
64255
63628
65768
66613
66616
63631
66615
63632
66617
66622
66252
66623
63634
63640
63651
63636
68802
63637
63638
63642
64824
63639
63644
63638
63639
63641
64823
63640
63643
63646
63644
64823
63643
65614
63645
63650
65616
65617
63651
65617
63650
63652
65617
63651
63652
77318
77356
65612
63654
63692
63694
63655
63692
63658
63692
65165
63658
63692
65168
65164
65171
63661
64544
63661
67370
63662
63663
64544
67371
63666
65521
65526
63668
63672
63686
64317
63670
63672
63678
63671
65044
68070
63673
68072
63673
63680
63675
63677
63682
63676
63679
63683
63682
63712
63678
65093
63680
63681
63680
63686
65044
65094
68397
63684
63686
63688
63690
63688
63690
66906
63687
63689
64317
63689
66880
64322
63712
66908
63693
65172
63700
63702
63703
63701
66949
63701
63803
66949
63758
77316
64818
64819
63704
64818
64820
63702
63704
63708
63705
63706
63707
63709
63710
63708
63710
65051
65054
63712
66908
68147
63715
63716
65184
63716
65960
63717
63718
63723
63718
63724
65186
63721
63721
63722
63722
66271
66721
66272
63724
66720
66719
63727
63844
64205
63727
63728
63739
64914
64910
63729
63738
63734
63846
63733
63734
63736
63736
63737
63733
63734
63735
63737
63818
67887
67890
63739
63741
63740
64915
67789
67785
63745
63746
66742
63746
63747
64244
66746
63748
63749
63750
66401
66693
63753
64078
63755
63763
63756
63987
63760
66283
77303
63760
63762
63762
65704
63763
68066
63765
63766
63769
63767
63768
63771
67189
63769
67190
63771
63773
68258
68303
63781
68305
63775
63776
63793
63784
68265
63777
63783
66061
63784
68268
63780
63781
63793
63876
77378
77429
63782
63796
68259
63783
63792
63793
64859
68267
68269
63787
63789
63790
63787
67257
68771
63788
63789
63791
66050
66048
67252
66047
68772
63795
64864
63795
63796
64867
63798
63799
63800
63800
67960
68559
63802
63803
63805
63805
63808
63812
63809
63811
63810
63934
63814
63935
63928
63813
63814
63842
63826
63816
63818
67888
63817
63819
63820
63821
67889
63819
63823
63821
63822
64567
63823
63824
64563
63827
63829
63837
63829
63838
63828
63833
65499
65501
66455
66453
63832
63837
63841
63838
63841
67208
63834
63836
63837
63840
63835
63840
65060
63836
65062
63839
65079
63838
63841
65081
65064
67207
63843
67208
64599
67215
63845
63846
63847
64205
64200
64556
63849
63852
66579
63850
63851
66580
67678
67680
63853
63854
63853
67680
63856
63857
63858
66957
68371
66959
66961
68373
66965
63861
63863
63864
63867
63863
63865
63866
64477
63871
63873
63875
63871
63875
65551
65556
63871
63872
64738
63874
69358
63874
69357
65549
63905
77368
63879
63881
63879
63882
63895
63896
63880
63882
63886
63885
63886
63884
63885
63893
63888
63892
63893
63889
63894
63890
63891
63892
63894
63898
63895
63895
63896
63897
63898
63901
63902
63907
68596
63904
63908
68593
63907
63908
68344
77350
77427
77495
63912
77566
68343
63913
63915
63911
63917
66008
63914
66009
77206
77555
63916
63923
63920
63921
63916
63919
64713
63918
67017
63919
64700
63924
68705
63923
63923
66005
68712
63963
77219
77237
63941
77201
77241
77267
63930
63931
63934
63930
63934
63931
63937
63971
63936
63938
63937
63938
66457
63937
63974
63979
63935
63938
63970
66450
63940
63942
63952
63986
63943
63945
63944
63949
63946
63950
63946
63948
63949
66241
63952
63953
63950
63952
63954
63954
66241
66242
63956
66246
63958
63959
63957
63958
66283
67932
63960
67074
63962
63976
68334
63965
63976
68338
77220
63965
63975
63978
67671
68341
63969
63970
63972
63969
63972
63976
68330
63969
63971
63978
63971
63974
68332
63974
63975
63977
63978
63982
68330
63979
63980
63981
66450
63981
63982
67665
66456
67669
63987
63988
63988
63989
63987
63996
63997
77234
77247
63993
69109
63990
63991
63992
63993
63992
63995
64492
68064
63996
63997
63998
63996
63999
64001
64002
64015
64021
65445
64003
64016
64023
64004
68971
64006
68385
64006
64025
65670
68387
64007
68385
68386
68387
64011
64014
64015
64010
64017
68970
64011
64012
68970
64013
64013
65920
64015
65922
64016
64017
68971
64019
64020
64021
64022
64024
64024
64025
65670
64023
65446
65456
65461
64025
66348
64027
64037
64038
66341
64030
66343
64030
64033
67928
77256
77315
64031
64035
64036
64033
67927
64035
64088
77137
77238
64037
64530
64535
66343
66346
64040
64042
67501
64043
64044
64042
64044
64045
67494
64049
67499
64046
64046
64047
64048
64048
64049
64054
64052
64053
64054
64053
64055
64054
64059
64062
64058
64059
64065
64060
64061
64062
64462
64065
64473
77201
77235
77238
77282
64065
64467
64468
69565
64068
64069
69576
69575
64072
64077
64073
66753
64073
64383
64076
64077
64079
64076
64078
64079
64190
64198
64085
64091
64084
64093
64104
64085
64091
64092
64452
64086
64089
64090
64092
64637
64092
64637
66478
64130
64363
64090
64103
64450
64637
64095
64096
64100
64102
64102
64099
64105
64099
64100
64101
64105
65561
64101
65565
64104
64104
64105
64108
64109
64111
64110
64113
64113
64114
64110
64116
64112
64114
64115
67435
64117
67438
64116
69066
64117
66289
69067
64123
64126
64122
64123
64174
64127
64122
64125
64176
64125
64125
64126
64127
64128
64128
64131
64547
65099
77204
65594
64135
64136
64639
64134
64135
64136
64137
64143
64138
64642
64144
64138
65390
64646
64140
64145
64141
64142
64143
64144
64145
64147
64163
64149
64152
67693
64149
64150
64151
64152
67686
67692
64154
64157
64155
66487
68635
64157
64158
66492
64160
64163
64164
67693
64162
67694
64166
64169
64167
64168
64169
64170
64171
64171
64172
64181
65849
65856
65857
65857
64176
65852
65857
65847
65507
77119
77181
77287
64180
64181
64180
64185
64185
64187
64185
64187
64187
64189
64192
64195
64193
64194
64196
64193
65252
64195
64197
64198
64199
64198
65263
69074
64203
64204
64203
64204
64207
64212
64206
64207
64912
64205
64213
64206
64910
64214
64209
64211
64213
64210
64212
64215
66123
64215
64214
66122
64219
64220
64218
64219
64221
64221
64223
64226
64224
64225
64226
64227
64228
64228
64233
64232
66719
64231
64232
66722
64233
66722
64235
76540
64236
64240
64239
64241
64243
64247
64242
64242
64244
64244
64248
64249
64246
64247
65520
64248
65530
64251
66746
64251
64252
65523
64253
64254
65529
64254
66739
66744
66286
68501
64257
64270
64258
64259
64260
64261
64261
67073
66086
66090
66094
66090
64266
64267
64268
66094
69053
64270
67747
65356
64274
67745
67749
64273
64274
68893
67746
68896
64276
64343
66258
64279
67832
64278
64279
64346
64287
66261
66268
67833
64283
64284
68263
64282
64283
64286
67102
64289
67102
64286
64285
64288
64345
64287
64346
64287
68264
68270
67095
68266
68169
64293
64295
64310
64293
64294
65862
65867
64314
64298
64299
64313
64298
64300
64304
64301
64304
68868
64302
64302
65868
64301
64307
67765
64303
68061
64304
68062
68869
64308
64312
67767
64309
64311
64312
64311
64313
64309
64314
64310
64313
64314
64315
64315
64317
64318
64319
64321
64322
64324
64321
64324
68130
64323
66880
64324
66883
68131
64326
64328
68056
66243
64334
64335
64340
64337
64339
64340
64340
64341
64344
64345
64346
64344
64346
64347
68270
68271
64349
64350
64364
64355
64360
69280
64351
69398
64354
68254
69401
64353
64355
69400
69397
64365
69281
64359
64366
64358
64366
64365
64361
64362
64364
64362
66497
69282
64547
77107
77249
64365
64802
64368
64378
64385
64369
64396
64370
64374
64372
64378
64372
64374
64375
64373
64376
64377
64376
64378
64382
64379
64381
64385
64381
64383
64389
64434
64382
64384
64384
64392
64395
68834
68835
68837
64390
64393
64433
64390
64391
68835
64390
64392
64435
64392
64395
68838
65208
64395
64396
68826
68828
64398
64399
64400
66105
64416
69228
64410
67725
66112
67731
64402
64405
64419
67724
64403
64404
64428
64432
64405
64413
67725
64407
64409
64411
64408
64414
64409
64672
64415
64411
64413
64416
64412
64413
64414
64416
69224
64418
64423
67096
64421
64422
64420
64421
64422
64428
64426
67730
64424
64427
64424
67104
68308
64426
67103
67537
67729
64428
64430
64432
64431
64432
64681
64431
68307
64678
66054
64435
66755
64435
64440
64444
64445
64438
64441
64439
65136
64442
64445
65138
64442
64446
64442
64443
64447
64446
65918
65139
64447
65919
64523
64452
66477
66474
64454
64456
64457
67879
64456
67880
64458
64458
64459
66881
66905
64463
64464
64462
64463
64464
64473
64468
64471
64472
64467
64471
64470
64470
64472
64483
64473
64474
64474
64476
64477
64478
64479
64478
64480
66254
66257
64482
64484
64484
64485
64484
64486
64488
64492
65574
64490
65578
64490
64493
64495
65590
64491
64492
64493
64496
64497
64499
64505
69345
64497
65585
64497
64500
64505
64499
69343
69345
69315
64501
64503
64502
64504
64504
64505
68839
69321
64507
68311
64660
64510
64511
65359
68808
64513
64516
64514
64515
68847
64519
64520
64522
64524
64524
64525
65828
64525
64523
64526
64526
65823
65829
64528
64531
64535
64532
64536
68180
64530
64533
64531
64533
64534
68187
64534
64536
66341
68182
64538
64539
65858
65859
64541
64545
64546
64542
64543
67373
64543
64545
67372
64545
64546
64548
77136
77255
64549
64552
65858
64551
64552
64553
64554
64553
65858
65860
69064
64556
64557
64558
64559
64561
64563
64565
64568
64565
64566
64567
64567
64565
64566
64568
67917
64570
64577
64579
68534
64571
68528
64579
64929
64607
77119
77335
64574
64577
68540
64578
69336
64576
64578
64582
64580
64581
64578
64580
64582
67088
64585
66419
66402
66420
64588
64592
64593
64594
64595
64590
64595
64591
64601
64592
69086
64598
64603
64597
64598
68035
64596
64597
66577
64596
66584
66581
68037
64600
64601
64612
64613
69086
64607
77226
64604
69086
64606
69087
64606
65597
69086
65601
65604
77225
77244
77087
77219
77315
64622
77250
77261
64611
64612
67211
64614
64616
65602
64613
67209
64614
65597
64616
66119
67216
65603
64618
64619
64620
65278
76844
77197
77204
64624
64629
64631
64625
64631
64626
66680
64627
64629
64634
64632
64634
64632
64632
64633
64633
64636
66534
64637
66530
64640
64641
64645
64645
65365
64641
64642
64643
64646
64644
64646
65389
65387
64648
64650
64656
64649
64653
64655
66862
68782
64654
64657
64653
64655
64658
64653
64654
64658
68783
64657
66858
64660
64666
65988
67108
64663
64664
64666
64667
67907
64665
64666
66791
67108
67899
64669
66789
66788
64671
64672
64674
64686
64677
64679
64683
64677
64682
64681
64680
64681
64680
64684
66046
64683
64686
64685
64686
66053
66977
64688
64693
64694
64689
64690
64693
64692
64694
64695
64697
64699
64702
64701
64703
64699
64702
64709
64700
64701
64704
64706
64704
67485
64705
64706
64710
67482
64873
64918
65447
77029
64709
64712
64711
67483
64712
64715
64717
64717
64721
64723
69372
64723
65555
69366
64721
64722
64733
64736
64724
64723
65560
65553
64726
64732
64733
64733
64734
64784
64727
64734
64728
64729
64730
64732
64730
64731
64735
69371
64735
64782
66251
64739
65560
64739
64779
64784
64739
64740
65557
64786
69358
64743
65111
66152
64743
64744
64749
64745
64747
64748
64755
64746
64747
64752
64768
65113
64757
64749
64756
68087
64751
64752
65589
64757
65581
64768
64754
64760
64774
64756
64758
64777
64758
64759
64778
64759
64760
64761
64761
64770
68213
64763
64764
64769
64767
65587
65592
64765
64768
65112
68472
64769
68465
68472
64769
69345
65591
69340
64771
64772
64773
64774
68405
68000
68213
68215
68001
68411
68407
64777
67194
68407
64778
67199
64778
64784
64785
64786
64781
64787
69393
64783
64784
66251
64786
64787
69353
69361
64790
65218
64790
64791
64809
64795
64811
64793
64794
64795
64797
65212
64796
64798
65771
64809
64804
64809
64798
65213
65706
65776
64800
64801
64802
76905
77163
77591
77613
64810
67033
64837
72203
72314
77118
64807
64810
64811
67030
64808
67428
64811
67260
64810
67031
64814
64815
68111
64814
64819
64816
68113
64817
64819
64820
65050
65052
64827
64828
64836
64824
64826
65620
64825
65614
64827
64833
64827
64828
64829
64832
64836
64831
64832
65802
64834
64838
65801
64833
64835
65802
65804
65802
64838
64841
72411
77231
65803
64840
64841
64843
66500
64842
64844
65803
64844
66500
66493
64846
64847
64854
66063
68658
64848
64854
64855
64855
64862
64851
64857
65755
72243
77118
77126
77205
65757
66570
64854
68661
64856
65712
65756
65712
64857
64863
64858
65716
64865
65716
65752
64860
64864
64861
64862
66062
64863
64864
66063
64865
64867
64866
64867
69208
64869
64870
64877
64875
64874
64872
64874
64876
77205
77222
77614
64876
67570
64879
64880
65152
64886
64889
65136
64883
64887
64885
64886
64887
64888
64887
64890
65135
64920
64890
65496
65493
64892
64895
64893
64896
69388
64896
65991
69387
69390
64899
69278
64899
64900
69387
64901
64907
69387
64905
64906
65950
65966
64905
64907
64909
64905
64908
65962
69275
64909
65958
64908
69278
64913
64914
64913
64915
66127
64913
66129
64915
64920
64919
64920
77464
77614
64923
64954
65773
64948
64949
64954
64924
65707
65776
64955
65708
64926
64934
64938
64927
64928
64930
64937
68527
64931
64933
64930
64933
68528
64932
64934
67883
64935
64938
68542
64937
64938
68547
68523
68545
64940
64943
64947
64941
64947
64942
64944
64944
64945
64946
64946
66013
66015
64951
66567
64950
64961
64954
64952
64955
65753
65757
66571
77342
77566
64955
64958
64959
66518
64958
64959
66573
64961
64962
66565
66573
66575
66572
66550
69232
64964
64967
64993
64966
64970
64966
64968
64973
64978
64968
64996
66794
64971
64973
64977
64973
64975
64972
65334
65688
64983
64989
64995
64977
64980
64981
64980
64980
64981
64985
64987
64989
64989
67621
64987
64992
66632
67628
64990
64991
64994
64988
64990
67452
64988
64992
67456
64991
64995
67453
64994
64995
64996
65000
65001
65004
65000
65005
65011
65004
65006
65037
65007
65003
67566
65003
65329
67566
65006
65005
65015
65012
65041
67564
67566
77594
77650
65010
65012
65014
65011
65013
65015
65014
65372
65367
65016
65017
65037
65040
65369
65372
65019
65020
65021
65028
65023
65032
65024
65025
65022
65030
65025
68603
65024
66775
67135
67134
68601
65028
65030
68996
65028
65032
68989
65030
67009
68603
65031
67007
68996
65033
68990
65034
65035
65878
66778
65877
68991
65037
65038
65039
65040
65041
68742
65040
68741
65043
65046
68083
65045
65046
68069
68084
65049
68119
68925
68917
68923
68924
65050
65051
65051
65052
65054
68114
65054
65058
68924
65056
65058
65057
65058
65060
65061
65066
65064
65062
65063
65073
65070
65067
65075
65065
65498
65066
65514
65067
65512
65980
65069
65074
67443
65072
65077
67441
65071
65074
65079
65072
65304
67442
65074
65075
65076
65083
65089
67443
67443
67444
65099
77108
77204
65080
65081
65304
65082
67213
65308
67210
65084
65089
65086
65980
65233
77136
77152
77255
65089
67431
65511
65980
67429
65091
65092
69021
65093
65095
65096
68395
69024
65094
65096
65095
65097
68397
65102
65103
65109
77120
65101
65106
65117
65102
65143
65107
65149
65107
65108
68463
65105
65108
65109
65110
65106
65118
65109
65114
68467
68466
65111
65112
65113
66153
65113
68466
65116
65119
65116
65120
66161
68123
65117
65120
65141
65119
66153
66154
66157
68129
65124
65364
65123
65125
65125
65127
65128
65131
65132
67567
65131
65133
65134
67552
65133
67555
65136
65138
65138
65139
65496
65142
65145
68766
65143
65144
65144
65146
65146
65149
65145
66235
68129
65148
65149
66826
66839
66833
66839
65158
67714
65153
65156
65153
65155
65158
66150
65157
65161
65159
65161
65159
65162
65161
65160
65162
66147
65164
65173
65223
65166
65166
66792
65169
65170
65171
65172
65171
65173
65174
65223
65177
65180
65183
65181
65184
65179
65181
65963
65964
65187
65960
65183
65185
65187
65184
65186
65186
65281
65191
65193
65194
65192
65470
65195
65196
65197
65467
68861
65196
68862
65199
65200
66620
66606
77120
77158
77162
77164
66068
65205
65206
65740
65205
65727
65742
65207
65744
65209
65210
65211
65215
65216
65220
65212
65218
65213
65218
65214
65219
65709
65216
65219
65217
68837
65219
65714
65711
68835
68837
65222
65225
65225
65226
66787
65224
65226
65226
66792
66786
66787
65228
65229
67151
65232
67156
68351
65230
67574
65231
65243
67576
65232
65246
68352
76845
77162
77175
65235
65238
65271
65240
65241
67643
65237
65239
65241
67646
68355
68358
65239
65246
68352
65269
67645
67640
67646
65243
65244
67587
65246
65245
65247
65264
65267
67583
65247
65271
65249
65251
65899
65250
69075
65251
65261
67653
65253
65263
65254
65260
65256
65258
65258
65259
65261
65262
65263
69074
65258
65259
65260
66690
65262
69075
65267
65268
65266
65267
67526
65270
67530
67630
65270
65271
65270
65271
67529
65273
65296
67259
65274
65289
65277
65278
65280
65283
65280
65281
65284
65286
67040
65291
65302
65297
65289
65291
65294
65296
65297
65296
65300
67259
65297
65298
65293
65294
65300
67426
65295
67444
65295
65299
67441
65299
65302
67442
67258
65302
65303
67442
65305
65304
65306
65308
65306
67040
65307
67038
65308
67041
65310
69269
65428
65314
65318
68281
68458
65316
68279
65316
65320
68020
65317
65319
65318
65332
68461
65320
65332
65321
65325
65323
65324
65325
65323
65333
65324
65329
65326
65327
65328
67546
68024
65329
67545
67565
65331
65332
66796
65333
66801
65333
65336
68127
65347
66236
65339
65340
65340
65345
69270
66065
65343
65346
68763
65343
65345
65347
65344
65345
67464
65347
66234
68767
65349
65351
65352
65358
65355
65356
65353
67980
65354
67743
67977
65356
67747
65358
65358
67982
65362
65363
76854
77185
77221
77603
65364
65365
65367
65369
65371
65371
65370
65372
65371
65376
65375
65376
65381
65379
67298
65378
65380
68937
65379
65381
68935
65381
67401
65383
65385
65387
65386
65390
65385
65386
65392
68317
65388
65389
65390
65391
65392
68320
65398
69179
65397
65399
67616
65401
67614
67616
65402
69178
65401
65402
69181
65405
65758
65406
65407
67882
65406
68443
68446
65408
65758
65760
65419
65411
65415
65412
65418
65425
65416
65417
65422
65417
65418
65420
65417
65418
65423
65419
65421
65422
65421
66037
65423
65425
66033
65427
65428
68041
65430
65437
66140
65433
66137
65432
65437
65433
65436
65435
65435
65436
66120
69078
69079
68944
68945
65444
65450
67118
65446
65456
65460
65445
65460
65446
67117
77113
77197
77200
65449
65450
67316
65451
65452
65453
65451
67314
65460
65454
66384
65454
65455
65462
65485
65456
65460
65461
65459
65461
65834
65459
65462
68913
65462
65831
65485
65465
65472
68866
65465
65466
65473
68864
65467
65469
65470
65471
65469
65470
65473
68861
68865
65475
65477
65476
65480
65478
69115
65481
65484
68781
66729
67307
69015
67301
67305
65486
66383
68911
65488
68968
68974
65491
65492
65490
65491
65492
65495
65495
65497
68969
68972
65497
65497
65499
65514
65501
65503
65504
66454
65502
65504
65505
65514
65506
67664
66451
65506
65510
65508
65694
77134
77201
77267
65698
67664
65510
65511
65513
65694
65979
65978
65979
65513
65980
65514
65516
65525
65518
65531
65522
65528
65530
65524
65526
65531
65523
65524
65529
65530
65525
65528
65531
65527
65529
65533
65534
66710
67363
66716
65536
65538
66326
65537
65540
65538
65542
65547
65550
65540
65543
66327
65541
65542
65552
65544
65545
65546
65548
65552
65549
65551
65550
65558
65554
65555
65559
65555
65558
65557
65558
65560
65559
65560
65562
65794
65563
65564
65565
65566
65566
65567
65796
65797
65798
67334
65569
65570
65985
68103
65580
65584
69117
65578
65584
65576
65577
65580
65581
69124
65578
65583
65579
65583
65590
69122
65582
65583
65589
65588
65586
65587
65590
65587
65588
65592
65589
65591
65592
65595
65598
65604
65595
65598
65596
65601
65599
65600
65600
65602
65604
65605
69087
65603
65606
66117
65606
65608
65609
65994
65612
68715
65610
66039
65611
65618
66038
65612
65618
65615
65618
65619
65616
65620
65616
65618
65620
65623
65627
65628
65624
65627
68859
65624
68857
65626
65627
65628
69204
69202
65630
65631
65639
65641
65642
65903
65634
65636
65639
65642
65643
65905
65636
65640
65650
65637
65653
65643
66999
65674
65697
77083
65655
65644
65655
65655
67239
65902
66996
65645
65648
65656
65646
65650
65647
65648
67511
65652
67510
65659
65650
65651
65653
65652
65652
65654
66999
66998
65657
65657
65658
67238
65659
67241
67508
67509
65661
65662
65662
65666
67383
65663
65664
65665
65671
68628
67383
65669
66355
65669
65670
66347
68390
65675
68283
68628
65675
65676
65734
77257
66353
68288
65680
65687
66201
65682
65684
65681
65682
66197
65683
68891
65684
67502
65685
65686
66194
66200
65689
67712
65691
65692
65694
65693
65698
67242
65693
65695
66512
67246
65696
65976
66512
65977
66514
77104
67247
65702
65704
66523
65701
65703
65705
65702
65703
66521
65705
65707
65709
65708
65710
65751
65710
65711
65752
65713
65714
65716
65715
68642
65717
68642
65717
68643
65720
65725
65720
65721
65722
65721
65723
65726
67903
68934
65725
65726
65816
65726
65731
65732
65735
65739
65733
65735
65733
65733
68736
65749
65754
65737
65739
65742
65739
69061
65742
65744
65743
65744
67650
65747
65748
66594
66590
69279
65753
65756
65756
65755
65906
65756
65757
65759
65762
65760
65761
69187
69186
77084
77106
77111
65766
68502
65770
68499
65770
68497
65769
65770
65772
65773
65774
65775
65775
65776
67033
65778
65781
65782
65788
68483
65780
65781
66539
65784
65783
66536
65783
68482
66540
65785
65788
65786
65789
65787
65788
65790
69319
68484
66627
69317
68478
69322
66537
66543
66544
67347
66544
67346
65795
67328
68316
65795
65796
67330
65798
65800
65799
65801
65804
67334
65801
65803
67336
65808
65809
68017
65807
65808
66167
65812
66165
65811
65810
68019
65811
65812
69100
65817
65816
65817
65820
69297
65820
69298
65827
65830
65862
65823
65825
65830
66682
65829
65906
66188
77084
77271
65827
65828
65827
65861
65832
65834
65833
68907
65835
68912
65836
65836
66352
66350
77087
77267
77289
65839
66729
67695
67697
65841
65843
65842
65848
65843
65844
65851
65845
65855
65860
65847
65848
65852
65852
65853
65851
65852
65854
65855
65854
68879
65855
68878
65860
68875
65859
68876
68877
65865
65867
65867
65864
65866
68199
65865
65868
68061
65866
65868
66733
68226
68223
65873
65877
65888
65873
65880
65875
65888
65875
65878
65882
65880
65881
65882
66783
65878
65879
65882
66778
65881
65883
65885
66780
65884
65885
65887
65886
66842
65887
69185
69183
65889
65891
66901
65891
66890
66889
65981
77078
65894
65896
67596
65895
65900
65897
65897
65898
67958
67597
67959
65900
65901
67596
69063
65903
65904
65915
66553
65907
66563
65908
66996
77264
77283
65914
65915
65916
65911
65912
65913
65911
65923
66987
65913
66989
67000
65912
65914
65915
66996
65929
65917
66564
65925
67255
67476
65922
69054
65922
65927
65928
65929
65925
65927
68768
65926
65929
67255
68774
66982
66984
66987
65931
65939
65947
68208
68210
65933
65941
65934
65936
65942
65946
65937
65940
65944
65945
65940
65941
65943
65940
65941
65947
65943
65946
65947
68209
65949
69182
65954
65957
65952
65959
65953
65954
65955
66431
65955
65958
65957
65959
65965
65961
65963
65965
65966
65967
65967
65967
69277
65966
69275
65969
65970
65972
65973
67170
65973
67193
65978
65982
65977
65978
65979
65982
66087
77116
66515
65984
67477
68102
68104
65990
65987
65989
65988
65990
65993
65996
66002
65997
66040
65995
65998
68716
65996
68717
65997
65999
66041
65999
66039
66042
66003
66006
66003
66004
66006
66006
68718
66007
66005
66008
66009
68713
66008
67018
66009
66011
66014
66015
66013
66015
66017
66018
69173
66020
66025
69176
66021
66023
66020
66021
66027
66022
66023
68805
66885
66025
66027
66028
66026
66029
69177
66029
66032
66033
66037
66035
66034
66035
66036
66039
69092
69095
66045
69412
66042
66044
69093
69096
66044
66045
66230
66228
69409
66049
66053
66054
66049
66053
66051
68305
66050
66051
66052
68302
66054
68307
66056
66057
68886
66059
68099
66060
66064
67480
67486
66062
68651
66063
68662
66066
66066
67466
66070
66069
66070
68759
66072
66073
68951
66075
66082
66077
66083
68203
66079
66080
66079
66080
66085
66083
66084
66084
66085
66085
67608
67606
66089
66093
77105
77106
66089
66095
66106
66091
66091
66092
66095
67140
66094
66101
66112
67139
66097
66098
66100
66099
66103
66101
66104
68383
66102
66113
67947
66107
66109
66113
66109
66103
67377
68381
68518
68378
66110
69228
66107
66109
66112
66110
77117
77246
77276
66111
66113
67947
69229
66498
66501
77087
77109
77267
77287
66118
66119
67035
67041
67210
66121
66130
66123
66125
66123
66126
66138
67277
66126
66130
66128
66129
67276
66129
66141
77116
66134
66135
66136
66134
66135
66853
66143
68880
66139
66137
66138
66140
66141
66141
66142
66140
66143
67277
68881
66145
66146
66148
66149
66150
66148
66150
66151
66151
66153
66155
68088
66155
66158
68091
66158
66159
68093
66158
66161
68092
66160
66196
66198
66161
68122
66163
66170
66173
66164
66168
68016
66173
69032
66166
66167
66169
66168
66170
68017
66170
66171
66172
66173
69039
69037
66175
66176
68497
66177
66184
68499
66177
66185
66178
66179
66180
66183
66184
67875
66181
66186
66182
66183
66187
67876
67874
66186
68301
66187
68300
77079
66191
66193
68096
66191
67503
68098
67503
68891
66196
68093
68096
66194
68891
66195
66197
66196
66200
68891
66200
68122
66201
68125
66201
66210
66213
66204
66211
66469
66206
66208
66207
66210
66212
69139
66209
66210
66211
66459
66461
66215
66215
68694
66217
66218
66220
66221
66219
66227
66220
66229
69303
68256
66224
66232
69402
69088
69094
69395
66225
66227
66226
66227
68253
68253
69403
66229
66230
66231
66232
66230
69088
69096
69088
66238
67010
77103
77130
66236
68760
66236
68128
68894
66288
77065
66240
66241
66242
66246
66244
66247
66243
66244
66248
66247
66248
66247
66250
66251
69261
66255
66259
66256
66258
66257
67832
67835
66259
66263
66266
66268
66265
66268
66266
66267
66269
66264
66269
66266
66267
67101
68504
66275
66276
66429
69295
66272
66275
66273
66280
66274
66279
66275
69297
69294
66432
69137
66278
66280
66281
66282
66280
66282
66723
66285
66286
66290
66739
66287
66287
66297
66381
76996
77002
66290
69067
66741
66292
66294
67681
66296
66294
66295
66297
67679
67676
66297
69065
66301
66303
66312
66300
66301
66304
66823
66824
67656
67657
66303
66305
66317
66304
67341
66306
67193
66308
66310
66318
66309
66311
66310
66313
66323
66312
66316
66314
66317
66314
67657
66316
66318
66317
66320
66322
66323
66321
66324
66325
69223
66325
66324
69222
69410
66327
66329
66330
66342
66333
66346
66332
66336
67921
66332
66333
67920
67919
66337
66345
68181
66337
68184
66339
66344
66338
66339
66912
66917
66341
66342
66345
66344
66346
67929
66345
68182
66348
66349
66355
66350
66350
66351
66352
66354
66356
66354
66356
66355
66358
66360
66361
66480
66361
66483
66486
66363
66884
66365
68811
68790
67200
68785
66371
66373
68757
66369
66372
66373
66378
66371
66378
68751
68752
66377
66382
66382
66375
66376
66380
69163
66376
66377
66970
69338
69337
66380
66382
69019
69339
69163
66485
67740
77130
66384
66385
67317
66386
66387
68911
68914
66682
66683
66390
66683
66391
66392
66400
66397
67812
66394
66395
66398
66396
68251
66396
66399
67813
68248
66399
66400
66400
67145
67810
66403
66407
66411
66404
66420
66408
66421
66406
66407
66412
66409
66414
66438
66408
66409
66425
66443
66411
66412
66413
66414
66532
66445
66416
66421
67619
66417
66420
66418
66419
67624
66420
66424
67625
66425
66426
66443
66426
66427
68965
66425
66814
66820
66442
66443
66429
66430
66432
66435
69136
66435
69136
66441
77011
77180
66435
69135
69136
68622
68681
68684
66949
66440
66445
66444
66445
66533
66442
66443
66978
77058
77065
66444
66471
66472
66531
66447
66448
68600
66449
66700
66699
67652
66454
66454
66455
66457
66994
72589
77011
77057
66455
66457
66456
67664
66460
66465
66460
66462
68803
66462
66467
66469
66463
66464
66465
66466
66467
66466
66469
68400
66473
68962
66473
66475
68963
66475
66477
66476
66477
66533
66478
66535
66480
66481
66483
66482
66484
66484
66494
76876
77172
66489
66490
66496
66501
66661
67623
76869
66496
66499
66500
66498
66498
69282
66500
69283
66503
66506
66508
66504
68403
66505
66506
66507
66509
68417
69027
66511
67228
69233
66512
66513
66514
69234
66516
66516
66517
66518
66518
66520
66525
69127
66525
66527
66523
66524
66526
66523
66527
69108
66526
66526
69111
66530
66531
66532
66532
66534
66534
66535
66533
66535
66537
66541
66539
66568
76878
77176
77184
66544
66541
66822
66542
66543
67343
67348
66546
66550
66552
69230
66547
66551
66575
69212
66551
66558
69217
69207
69212
69218
66574
66552
66554
66560
66556
66557
66559
66555
66556
66559
66560
67236
66558
66558
66563
66561
67239
67237
66562
66564
69215
69218
66564
67256
66566
66567
66569
66570
66571
66572
76905
77154
77163
66576
69211
66571
66573
66574
66575
66576
69212
66578
66582
66579
66584
66580
66583
67682
68034
66583
67682
66585
67678
67681
67682
67214
76881
77067
77171
66589
66592
66600
66589
66591
66599
66593
66591
66594
66596
66593
66594
66597
66599
69036
66599
66601
66598
66601
68589
68591
69032
66600
69041
68592
66603
69040
66605
66621
66625
66607
66607
67350
67346
66609
66610
66618
66614
66618
66612
66619
66618
66620
66613
66615
66615
66616
66616
66617
66621
66620
66621
66623
66624
66626
66625
66628
66631
66628
68840
66629
66630
66629
66631
69318
66631
66633
67627
66634
66636
66640
66641
67453
66636
66638
66819
66640
66816
66639
66640
66648
66639
66812
66646
66813
66642
66644
66643
66648
66645
66649
66645
66799
67454
66801
66647
66648
68739
66649
68743
66653
66667
66652
66653
66669
66659
66665
66658
66665
66657
66665
66663
66664
66663
66666
66662
66666
66938
77155
77189
66664
66667
66667
66669
68439
66674
77912
66673
77928
66674
66676
68207
68212
66674
66676
66675
66902
77913
68209
66678
66679
66680
66681
66953
66686
66687
66688
66688
66707
67648
66690
67655
66690
66691
66689
66691
66695
66706
66696
66695
66698
66708
66696
72589
77179
77184
66697
66697
66700
66704
66701
68598
66705
68599
66705
66708
66782
66795
76873
66705
66707
66707
66708
67651
66711
66712
66714
66712
66715
66713
66757
66713
66716
66715
66718
66719
66720
66724
66722
66723
66721
66724
66724
66726
68611
66728
66730
68663
68665
66730
67695
68667
66732
66738
68225
66735
68219
66735
66736
66735
66736
66737
66771
66738
66740
66741
66745
66748
69066
66743
66746
66747
66745
66746
66747
67440
66751
66764
66751
66754
66759
66755
66753
66762
66754
66755
66757
68625
68682
68687
66760
66763
66767
66760
66762
66764
66761
66762
66765
66764
66766
66767
66769
66772
66770
66771
67798
67794
66773
66781
66776
66777
67799
66777
66778
66779
66780
66781
66783
66783
67687
76869
77127
66842
66785
66787
66789
66790
66791
66790
66789
66792
66791
66794
68818
67641
77063
77190
66797
66800
66801
68461
66799
66800
67455
66804
66807
66841
66805
66806
68481
66805
66836
66827
66807
66812
66821
68966
66810
68955
69008
66812
68960
66813
69004
66813
66815
66820
67626
66817
67629
66819
67622
66818
66819
66820
66821
66821
66823
66824
66826
66827
66831
66830
68467
66828
66829
66830
66836
66831
68481
66839
68474
68475
66834
66836
66838
66838
66840
66837
66840
66927
76905
77146
77173
77184
66841
66841
66933
66839
66926
66848
66850
66854
66849
66852
66852
66854
69080
66848
66851
68883
66855
69306
66850
66853
66851
66853
68880
66855
69081
67361
66859
66860
67390
67613
77157
77165
66861
66862
66862
67395
68782
66861
67393
66864
66874
68488
66866
69347
66867
66869
66871
66871
66872
66874
66868
66874
68486
69141
69145
77062
77165
77166
66879
66875
66879
66876
66877
66876
69348
69350
66878
66879
66882
66882
66883
66906
68137
69392
69174
66888
68943
69129
66890
66891
66901
66893
66900
66892
66898
66901
66894
66896
66895
66898
66899
67975
66897
67973
66900
66899
68819
66903
68212
66905
66907
66910
66906
66907
66908
66910
66911
68149
66911
67881
66915
66916
66914
66915
66917
66918
67063
67921
66919
67059
67062
66921
70760
76479
66922
76479
76401
76452
76560
66924
76453
71072
76442
76432
76460
76463
76464
66927
66932
66929
66929
66930
66934
66941
66931
66931
66944
66933
66934
68765
66942
66937
66939
66939
66940
66940
67315
76869
77170
68791
66942
66943
67465
68761
66945
67852
66945
66948
66947
67853
66948
67850
66948
67842
67082
66953
67146
67144
66958
68369
66959
66961
69364
66958
66959
66958
66959
68370
66961
66964
69363
66965
66963
66964
66967
66966
66965
66967
69365
66969
66970
66990
66972
66974
66971
66992
66973
69338
66973
66976
66975
66976
66979
66984
66990
66993
66981
66993
67214
77061
77180
66980
66982
66981
66993
66985
66983
66984
66985
68768
68770
66987
66988
66989
66989
66990
66991
66992
66992
69165
68719
77179
66996
66997
66999
67000
69330
66999
69327
69329
67004
68570
69312
67003
67008
69000
67004
69312
67006
67011
67011
68607
67008
67009
67008
67009
68994
68604
77047
77065
67013
67016
67021
67015
69199
67015
67016
67017
67019
67018
67019
67020
67022
67022
69192
67024
67028
69201
67026
67027
67026
67028
67029
69203
69206
69160
67031
67428
67032
67033
67432
67036
67037
67043
67038
67041
67043
67038
67040
67042
67081
68719
77187
67042
67045
67053
67077
67080
67047
67048
67054
67050
67056
67049
67053
67056
69203
67051
67052
67055
67056
67054
67055
69200
67058
67060
67064
67065
67067
67922
67060
67062
67063
67061
67068
67069
69150
67069
67066
67065
67066
67918
67924
67919
67068
69146
69151
69153
67071
67072
67074
67072
67073
67516
68384
67078
69328
67078
67079
67079
67083
67083
67080
67082
67354
76880
77168
69323
67085
67088
67090
67091
67517
67089
67090
67092
67089
67092
68384
67094
67092
67094
67099
67104
67097
67103
67104
67098
67105
67099
67100
67102
67101
67106
67102
67105
67106
67536
67539
67108
67472
67906
67111
67313
67494
67498
67111
67112
67112
67313
67319
67114
67319
67115
67120
67118
67318
67124
67284
69057
67122
67123
67122
67123
67124
69058
67127
67155
67127
67129
67558
67128
67559
67154
67550
67131
67137
67797
67136
67138
67136
67137
67157
67136
67138
68608
67135
67138
67800
67158
67163
67795
68601
67142
67727
67141
67142
67535
67534
67728
67144
67147
67146
67146
67149
67151
67579
67150
67154
67151
67152
67156
67153
67155
67156
68353
67155
67159
67166
67159
67162
67160
67165
67162
69154
67162
67182
68608
67191
67164
67166
67167
67801
67166
67168
67167
67169
67169
69148
69157
69147
67173
67177
67178
67179
67180
68339
67177
67267
67180
67178
67268
67179
67268
68340
68337
67182
67183
67191
69266
68606
67185
67186
67187
67188
67190
67933
67190
67192
69155
69265
67195
67199
68408
67197
67416
68409
67198
67199
68336
68794
67202
67765
67204
67205
67206
67208
67212
67215
67211
67215
67213
67216
67212
67216
67213
76881
77141
67222
67367
67220
67220
67221
67223
67223
67224
68519
67224
67368
68376
67375
67226
67227
67234
67229
67231
67240
67228
67245
67246
69235
67231
67249
67232
67509
67514
67232
69240
67508
69239
67234
67236
67238
67235
67240
67237
69235
67237
69231
67239
67241
67241
67243
67245
67244
67247
67248
67249
69240
67246
67249
67248
67666
67670
67251
67252
69210
67254
67257
67257
67254
69216
69221
67255
67256
69219
68773
67260
67426
67262
67263
67264
67267
67269
67269
67270
67265
67268
67266
67271
67272
67672
68340
67271
67507
67272
67505
67673
67275
67276
67777
67275
67779
68881
67277
67277
67279
68848
68848
67281
67285
67288
67282
67283
67284
67299
67284
67286
67287
67297
67288
67288
67295
67296
67300
67295
67300
67292
67294
68938
67293
67295
67294
68933
67297
67298
67299
68936
67300
67302
67308
68725
68781
67304
67308
68430
67306
67311
67307
67308
67309
67310
69011
67311
68421
68429
69011
67311
69014
69016
67313
67316
67316
67318
67569
76988
77170
67317
67319
67322
67323
67323
67325
67331
67337
67327
67328
67327
67331
68299
67332
68326
67329
67330
67332
68316
67335
67338
68298
68324
67334
67336
67337
67335
67337
67338
67340
67341
67345
67342
67343
67343
67348
69334
67347
67348
67353
69333
67349
67349
67352
67350
67351
68745
67353
68759
67353
69335
68758
67675
77012
77127
67356
67361
67362
69304
67357
67359
67361
69082
67359
69085
67362
68842
69305
67366
67365
67366
68852
69083
69085
68853
67368
67369
67374
67376
67370
67372
67371
67374
67372
67373
67376
67377
68518
67380
67382
67380
67384
67385
67383
67382
67384
67385
68388
67388
67390
68855
67388
67391
67392
67389
67391
67394
67393
67395
68854
68850
67395
68784
67397
67402
67400
67401
67402
67402
67404
69102
67407
67406
67407
67409
67410
67408
67411
67413
67410
67411
67412
67414
67415
67414
67415
67417
68410
67419
67419
67423
67421
68412
67421
67422
67999
68411
67424
67425
67425
68047
67425
68004
68692
68046
67427
67428
67434
67433
67430
67431
67434
67443
67432
67433
67434
67444
67436
67440
67438
67439
67439
67440
69066
67442
67446
67448
67449
67450
67451
67450
67451
67456
67454
67455
67456
67459
67466
67467
67700
76876
76889
77015
67460
67462
67464
67466
67462
67468
69190
67470
67464
67470
68763
67469
67470
69190
69193
67469
67471
67851
67852
68762
69189
69190
67474
67474
67475
67478
67476
67477
69103
67478
67481
67482
67484
67484
67487
67483
67487
68885
67485
68884
67486
67486
68886
67490
67490
67492
67493
67498
67496
67497
67498
67501
67501
67503
67504
67506
67507
67514
67673
69242
67513
67509
67511
67512
67512
67513
67514
67516
67517
68274
68275
67520
67522
67522
67524
67525
67530
67526
67528
67634
67527
67528
68569
67636
67532
68571
69311
67530
67531
67532
67645
69376
69381
67534
67537
67729
67535
67538
67537
67538
68504
67541
67543
67544
67547
67560
67543
67547
67581
67548
68022
67546
67561
67546
67556
67548
67578
68024
67551
67552
67554
67558
67560
67561
67562
67553
67555
67562
67567
67557
67558
67557
67561
67562
67559
67559
67561
67563
67564
67565
67567
67566
67570
67571
76981
76991
77028
67575
67577
67580
67588
67574
67575
67578
67576
67579
67581
67577
67587
67579
67582
67589
67582
68022
68025
67584
67587
67585
67586
67631
67590
67632
67587
67588
67589
67591
68276
67591
68448
68280
67593
67594
67597
67595
67596
69062
67597
67600
67600
67601
67604
67603
67605
67606
67604
67607
67610
67607
67609
68204
67610
67611
67774
77161
77203
67616
67617
67617
67621
67624
67624
67625
67627
67629
67628
67627
67629
67687
77057
77154
67626
67629
67628
67631
67636
67632
67638
67634
67635
69307
67636
67637
67638
67638
69310
67643
67644
67645
67643
67647
76868
77161
77613
67644
67647
69379
69382
68357
68357
67651
67650
67652
67652
67655
67657
67661
68060
68871
67662
67663
67661
67663
68870
67662
68197
67666
67666
67669
67668
67669
67672
67670
67673
69242
67670
67672
68341
67676
67677
67680
76999
77035
67679
67678
67679
67681
67685
67692
67685
67692
67694
67690
68163
67691
77063
77168
67689
67690
67691
68164
67693
68296
67696
67697
67698
67715
67723
67741
68669
67706
67710
76981
76998
77043
67710
67711
67703
67711
67712
67713
67708
67713
67714
67706
67708
67709
67845
68063
67713
67719
67741
67719
67720
67723
67718
67719
67721
67722
67742
67721
67722
67726
67730
67726
67731
67727
67728
67731
67729
67730
67733
67734
67737
68413
68670
67737
67738
67739
67741
67742
68419
68095
76985
67742
67747
67749
67745
67746
67978
67746
67749
67748
67749
67753
67754
67756
67759
67763
67759
67758
67760
67763
67761
67762
67763
67767
68175
68178
71799
71862
67770
68511
68516
71632
68512
71567
67773
67774
77878
67773
77891
67776
67782
68883
69306
67778
67779
67779
67780
67780
67781
67788
68882
67784
67782
67787
69305
67784
67786
67788
67789
67786
67789
67790
67788
67791
68844
67791
68841
67793
67794
67798
67796
67797
67802
67797
67801
67799
67800
67800
67799
67803
67803
67805
67805
67809
67810
68177
67808
67809
67811
67812
67813
67813
68179
67815
67817
67816
67818
67817
67819
67820
67884
67820
67886
67825
67827
67824
67828
67824
67826
67825
67826
67829
67828
67831
67833
67835
67835
67838
67847
67851
69189
67838
69196
67839
67840
67842
67841
67843
67844
67849
67847
67850
67844
67846
76997
77038
67848
67853
69197
67850
67852
67853
67855
67859
67862
67857
67860
67857
67858
67868
67863
67863
67864
67861
67870
67862
67864
67866
67868
67897
67869
67871
67870
67870
67872
68201
67875
67876
67877
67875
67878
68500
67878
68500
67880
67881
67882
67885
67886
67886
67888
67890
67889
67892
67894
67894
67896
67900
67905
67906
67900
67906
67907
67902
67907
67904
67904
67905
68931
68933
67910
67915
68939
67915
67916
67911
68942
67914
67916
67914
67917
67914
68940
67917
67919
67921
67923
67924
67925
68201
67936
67928
67929
67931
67933
67932
67936
67937
67943
67936
67939
67942
67938
67943
67939
67940
67945
67941
67946
67944
67945
68030
67944
67946
68028
68138
67949
67953
67954
67950
68160
67951
67952
67953
68161
67955
67955
67956
68162
67958
67959
67960
68559
67962
67964
67965
67965
68295
67966
67967
67967
67969
67974
67970
67972
67971
67973
67976
67976
67975
67975
67978
67980
67980
67981
67982
67982
69274
67984
67988
67990
67985
67986
67990
67991
67988
67990
67989
67995
67997
67998
67995
68003
68013
68005
68690
67998
68000
68002
68215
68002
68003
68008
67999
68001
68004
68001
69126
68007
68005
68692
68008
69118
69125
69126
68008
68010
68011
68010
69125
68011
68012
68013
68015
68018
68594
68016
68591
68017
68019
68019
68021
68024
68025
68279
68023
68024
68025
68278
68027
68030
68028
68029
68139
68140
68440
68035
68036
68038
68034
68038
68035
68037
68039
68490
69087
68039
68041
68042
68044
68047
68043
68045
68689
68045
68046
68693
68047
68051
68052
68052
68899
68051
69072
68900
68057
68055
68056
68058
68367
68060
68061
68192
68062
68198
68871
77033
69106
69109
68066
68067
68068
68068
69105
69109
69108
68070
68084
68073
68072
68074
68073
68074
68080
68078
68081
68085
68078
68079
68082
68078
68080
68081
68083
68084
68084
68085
68086
68086
68088
68089
68091
68090
68097
68091
68094
68092
68093
68094
68096
76980
77015
77044
68098
68098
68674
68101
68103
68104
68105
68104
68106
68107
68107
68106
68109
68120
68858
68856
68111
68117
68113
68113
68115
68119
68114
68119
68117
68927
68118
68920
68926
68123
68125
68124
68126
68128
68126
68127
68128
68129
68134
68135
68132
68134
68136
68139
68134
68135
68140
68137
68138
68139
68140
68142
68145
68146
68150
68148
68149
68147
68393
68149
68151
68151
68394
68154
68595
76894
76915
77024
68157
68158
68157
68159
68162
68160
68161
68313
68161
68162
68165
68296
68165
68166
68168
68167
68168
68297
68170
68173
68172
68174
68176
68177
68178
68179
68179
68183
68187
68182
68183
68184
68188
68188
68186
68187
68188
68190
68191
68194
68191
68197
68193
68193
68198
68199
68196
68195
68196
68199
68198
68512
76568
68204
68205
68204
68205
68206
68208
68211
68209
68211
68212
68216
68237
68322
76894
68217
68217
69123
69128
68225
68245
68221
68225
68226
68222
68223
68239
68222
68224
68246
68224
68226
68228
68231
68232
68229
68230
68233
68233
68234
68234
68236
68241
68242
68240
68389
68239
68241
68246
68242
68243
68247
68445
68245
68247
68246
68250
68250
68251
68253
68254
68255
68256
68256
68258
68260
68265
68259
68261
68265
68262
68263
68262
68306
68266
68264
68266
68267
68267
68272
68651
68270
68273
68271
68273
68273
68652
68275
68278
68280
68280
68281
68460
68279
68281
68447
68283
68284
68287
68288
68629
68285
68290
68286
68290
68288
68289
68290
68894
68895
68292
68294
68434
68294
68295
68297
68299
68300
68301
68327
68323
68303
68304
68305
68306
68307
68309
68309
68308
68309
68311
68312
68316
68318
68316
68319
68320
68319
68324
68325
68321
68328
76896
76936
68327
68328
68325
68326
68328
68327
68330
68331
68333
68332
68336
68796
68795
68334
68335
68337
68336
68339
68339
68341
68341
68343
68346
68345
68346
68347
68353
68354
68350
68354
68355
68358
68351
68353
68352
68355
68364
68359
68360
68363
68363
68359
68364
68361
68362
68365
68363
68365
69336
68367
68368
68370
68372
68371
68373
68374
68374
68377
68378
68380
68377
68380
68379
68382
68383
68382
68381
68519
68383
68978
68388
68390
68390
68455
76896
68394
68395
68396
68393
68395
68397
68394
69025
68401
68400
68401
68404
68420
68729
68404
68418
68423
68406
68411
68407
68410
68408
68409
68410
68412
68412
68414
68419
68671
68415
68723
68416
68420
68417
68419
68418
68420
68724
68430
68726
68424
68430
68728
68426
68730
68425
68427
68428
68429
68427
68428
68430
68432
68435
68493
68433
68434
68435
68494
68437
68438
68443
68444
68444
68446
68446
68445
68449
68452
68449
68456
68450
68453
68456
68551
68452
68453
68454
68460
68554
68459
68460
68470
76910
76911
68557
68458
68459
68461
68460
68463
68465
68472
68469
68469
68471
68476
68471
68472
68468
68469
68474
68473
77030
69343
68476
68477
68475
68477
68480
68478
68480
68479
68480
68484
68483
68482
68483
68484
68486
68487
68488
68489
69087
68493
68495
69069
68494
68495
68676
68494
68496
69070
68499
68500
68502
68503
68502
68502
68503
68506
68507
76534
76535
68508
68508
71567
76565
76574
76582
68512
68514
76552
71693
76340
68517
68516
68584
71632
76350
68517
68587
68519
68522
68524
68526
68524
68525
68523
68529
68538
68524
68526
69362
68531
68528
68529
68533
68537
68532
68539
68540
68535
68538
68536
68537
68534
68537
68540
68536
68539
68538
68542
68543
68545
68548
68544
68548
68549
68547
76924
77023
77035
68549
68552
68553
68555
68552
68556
68554
68554
68558
68557
68558
68561
68563
68564
68567
68565
68566
68567
69020
69023
77010
77013
77037
68570
68571
68578
68574
68577
68579
68576
68577
68579
68581
68585
68584
76350
68585
68737
68584
68585
68587
68683
77008
77039
68589
68592
68593
68591
68593
68594
68594
68595
68596
68596
68598
68599
68600
68602
68603
68605
68604
68607
68606
68607
68608
68610
68611
68617
68613
68614
68616
68615
68619
68615
68616
68617
68618
68619
68622
68623
68625
68624
68627
68630
68629
68630
68632
68633
68634
68636
68636
68638
68639
68643
68640
68642
68644
68831
68641
68642
68836
68832
68836
68646
68645
68824
68646
68648
68647
68649
68656
68649
68651
68652
68653
68662
68659
68654
68660
68657
68658
68656
68660
68657
68661
68661
68662
68660
68665
68667
68670
68665
68672
68673
68722
68666
68668
68775
68669
68673
68776
68670
68671
68672
68723
68725
68675
68677
68676
68678
68680
68680
68682
68688
68687
68764
68688
68686
68688
68687
68693
68691
68692
68693
68693
68696
68706
76890
68698
68703
68709
68710
68701
68703
68700
68701
68710
68702
68720
68704
68704
68707
68714
76898
77016
77027
68709
68710
68711
68715
68720
68712
68717
68713
68714
68718
68720
68716
68717
68718
77057
77168
68722
68723
68727
68725
68724
68729
68726
68728
68728
68729
68730
68730
68733
68736
68733
68735
68735
68736
68740
68743
68744
68740
68743
68742
68742
68744
68759
68747
68748
68749
68750
68751
68750
69205
68753
68754
68756
68755
68757
68756
69248
68759
68766
68767
68762
68763
68767
76897
77007
68766
68769
68774
68770
68771
68772
68772
68773
68774
68777
68780
68777
68781
68779
76922
76942
76952
68780
68783
68784
68790
68793
68787
68788
68791
68789
68793
68793
68798
68790
68792
68792
68794
68796
68796
68797
68798
68800
68801
68802
68802
68803
68805
68806
68845
68808
68809
68811
76867
76930
68816
68818
68892
68964
76860
68815
68816
68817
68819
68819
68821
68829
68832
68834
68822
68831
68823
68826
68825
68830
68830
68831
68827
68828
68828
68829
68830
68838
68832
68836
68838
68837
69314
69320
68843
68845
68843
68845
68844
69305
68847
68848
68848
68852
68853
68855
68851
68855
68852
69084
68854
68855
68857
68859
68858
68861
68863
68865
68862
68863
69132
68865
68867
69133
68867
69299
69300
68869
68872
68871
68871
68872
68877
68876
68878
68879
68877
68878
68879
68881
68882
68883
68887
68889
68886
68887
68890
68888
68889
68890
76858
76957
76958
68895
68895
68899
68901
68903
68904
68901
68928
68905
68903
68905
68904
69267
69268
68907
68908
68909
68912
68913
68911
68914
68910
68915
69349
68912
69350
68913
68915
69351
68917
68922
68927
68925
68922
68923
76860
76899
76960
77016
68921
68927
68922
68925
68926
68927
68930
68932
68934
68935
68938
68938
68937
68936
68937
68938
68941
68942
68942
68944
68947
68950
68952
68949
68950
68952
68951
68953
68953
68957
68961
68963
69291
68956
68957
68960
68961
69008
68958
68959
68962
68960
68966
69290
68963
68965
76975
76976
68971
68973
68975
68969
68974
68972
68972
68973
68978
68973
68976
68977
68976
68979
68977
68980
68979
68980
68982
68986
68993
68983
68988
68987
68991
68986
68987
68989
68988
68999
68988
68990
68997
68991
68993
68994
68996
68998
68999
68995
68998
69000
69236
68997
68999
69309
69002
69005
69289
69003
69008
69004
69006
69008
69006
69007
69293
69010
69013
69012
69013
69013
69014
69018
69016
69017
69018
69022
69022
69024
69023
69025
69025
69027
69028
69030
69029
69031
69030
69036
69037
69038
69039
69035
69036
69037
69040
69041
69041
69039
69040
69044
69045
69050
69046
69048
69048
69051
69049
69050
69052
69050
69052
69055
69058
69056
69059
69057
69058
69060
69060
69062
69063
69067
69069
69070
69071
69073
69386
69073
69076
69076
69120
72411
77146
77591
69079
69081
69084
69082
69085
69084
69085
69089
69090
69093
69091
69095
69092
69094
69095
69095
69096
69099
69101
69102
69102
69100
69101
69105
69106
69109
69107
69110
69108
69111
69111
69114
69120
76863
76884
69115
69116
69122
69127
69119
69121
69125
69127
76842
76856
69122
69128
69124
69124
69128
69128
69131
69136
69137
69132
69135
69133
69134
69137
69300
69296
69139
69142
69143
69144
69143
69145
69145
69274
69147
69148
69151
69150
69152
69155
69151
69157
69153
69158
69155
69157
69156
69158
69265
69262
69164
69166
69161
69167
69163
69164
69167
69166
69167
69166
69325
69332
69171
69172
69172
69172
69174
69176
69180
69180
69178
69179
69177
69181
69179
69181
69184
69187
69185
69186
69187
69190
69191
69196
69196
69193
69194
69197
69199
69195
69198
69199
69198
69197
69201
69202
69203
69206
69204
69205
69206
69211
69211
69213
69210
69213
69216
69217
76798
76974
69218
69219
69221
69221
69218
69221
76854
76856
76868
77185
69223
69225
69226
69227
69227
69228
69229
69229
69231
69232
69233
69234
69234
69235
69237
69309
69238
69313
69240
69242
69342
69389
76809
69244
69245
69246
69247
76777
76778
76821
76837
69251
69254
69257
69259
69253
69255
69254
69258
69255
69256
69257
69259
69261
69262
69265
69264
69263
69264
69266
69268
69269
69272
69273
69274
69276
69277
69278
69279
69279
69281
69282
69283
69283
69285
69288
69291
69286
69291
69292
69288
69292
69293
69289
69290
69293
69291
69295
69297
69296
69300
69298
69299
69300
69302
69303
69413
69405
69305
69306
69308
69310
69311
69309
69312
69313
69313
69312
69316
69320
69321
69321
69322
69318
69319
69318
69319
69320
69322
69324
69328
69326
69331
69329
69332
69328
69330
69328
69330
69330
69332
69334
69335
69338
69339
69345
69344
76787
76804
76808
69344
76779
76776
76777
69347
69349
69351
69348
69349
69350
69353
69354
69358
69361
69355
69359
69360
69384
69357
69359
69358
69360
69385
69393
69365
69364
69365
69367
69372
69368
69369
69370
69373
69372
69374
69372
69374
69374
69376
69378
69380
69381
69382
69378
69385
69393
69383
69382
69383
69381
69384
69385
69390
69390
69396
76822
69391
69395
69399
69402
69402
76805
76810
76818
69399
69399
69400
69401
69400
69403
69403
69405
69407
69410
69410
69413
69408
69409
69412
69408
69415
69414
69413
69412
69414
69415
80190
69425
69426
69419
69970
80190
73064
73464
74119
74143
69427
69959
69980
69996
69481
69953
80450
69424
69959
70075
69425
69975
80192
69987
69477
69999
70075
74127
73070
80187
80188
80191
70351
73080
81752
70222
80488
80492
80519
69437
69439
80197
70041
70043
70320
70354
69439
70040
70396
80198
70051
70859
72974
74062
69437
69447
70398
69438
69448
69459
69440
70355
70396
80199
70022
70399
70406
70021
70022
70025
80637
69444
69447
80202
69445
69448
69463
69518
72993
80206
80644
80653
69448
80210
69460
69476
70221
70308
69458
69462
80212
70041
70320
72988
73063
69454
73037
80214
72983
73068
73414
69457
69458
70337
72984
82077
69474
70330
73343
80225
69463
70337
69459
69460
69462
69463
70314
70082
80197
80211
73027
69467
73061
73344
69468
73331
73486
73543
73028
73407
81742
81756
73465
73488
81714
73057
73315
73345
70328
70342
80217
70338
73346
73347
81709
69474
73061
73344
70004
73334
73464
81735
69474
69475
70346
69994
80183
70306
81760
69996
73077
80186
70332
73075
80194
80410
69939
69946
69979
70074
73353
73397
73481
80413
69980
70083
69488
69489
69494
70561
71434
71787
81258
69486
69487
71792
71616
71797
81167
81263
69488
71426
74086
74096
74089
70548
80233
72710
80235
80729
80730
70561
71426
80234
69493
69498
70545
69494
69495
70549
74097
74068
74071
70497
70558
70594
70600
70513
70547
70568
80247
70589
74077
69505
70377
70401
80253
69501
69502
69510
69503
74078
69506
69520
69504
74076
70378
70381
70378
80251
80661
70383
70392
70381
74076
80657
80663
70380
70555
70573
70594
69513
69514
74058
69511
74048
69513
69520
74049
69514
69515
69518
69515
72986
69516
69517
69520
70026
72996
80203
70026
72992
69581
69601
76781
72996
71517
71587
80260
71568
71590
80259
81138
71195
71568
71590
71608
71661
71813
80273
69526
71503
81139
69527
69528
69534
69555
69533
69538
71615
71793
71797
72699
80241
81119
69532
69537
71513
69535
69538
69537
71589
69555
71589
71601
71497
71512
71583
71611
71617
80270
80262
71504
71573
71836
81119
71450
71602
71352
81000
81065
69548
71522
80277
71428
71474
71838
80713
71513
71571
71591
69551
70559
71616
81260
71512
71513
71568
71591
69549
69552
71522
80271
69552
80279
71520
69551
69552
80268
71415
71420
71427
71610
80271
81114
71429
71602
80278
81118
80256
81138
69557
69577
69578
77708
69565
69576
76667
76700
76809
76834
69570
69589
77835
69588
77700
77717
77923
69567
69573
69590
77754
69564
69567
69590
69576
77690
69568
69572
77732
69568
77732
69575
77756
69571
77714
77715
77983
77708
77978
69591
77725
77733
77771
77782
77788
77836
69576
69578
77690
69583
69583
69584
77708
77755
69664
76775
69585
77820
77822
77837
77756
77835
77822
77918
77976
77994
77997
77957
77958
77975
77693
77721
77754
77961
77978
77697
77726
77733
69748
73831
80327
80622
69618
73752
73760
69666
80324
80337
80351
69619
69748
80339
69725
69727
69786
81997
69798
73802
80625
81968
73787
73823
73850
73976
69969
69976
70006
70074
69604
69728
82001
76679
76790
69604
73985
82071
73179
73850
82047
82055
69605
73965
80322
70267
73758
73788
82004
70183
73084
80387
80395
69612
69614
73968
80329
69612
80323
80332
69693
70269
80324
82050
69728
73682
80329
80319
80374
73090
80338
80343
80380
69728
73965
80338
69629
69666
73961
80324
69617
69754
80384
80533
69700
69783
69903
73804
80327
82004
69728
73682
81998
70185
80340
80378
69650
73969
73980
73752
73776
80330
80383
73839
74001
82003
82059
80325
80341
80377
73933
73958
73973
80627
69648
69706
70245
80349
69628
69693
73946
73949
80317
81994
69781
70239
73863
71027
71033
74007
74010
69656
76707
76786
76796
71026
71027
71043
72482
69634
69641
69644
80346
69638
69639
72442
73883
81436
69638
73975
73992
70885
73883
80356
74005
70204
73974
73975
69653
69657
73098
82030
71030
71033
74010
69644
71030
69646
70241
70816
80349
69676
70242
70248
80372
69678
70884
70895
70241
70245
69669
80375
80586
69653
70269
73863
80346
73953
80318
70133
70291
70294
80531
82028
82055
82059
82069
69657
73863
69657
70295
71033
74004
70232
71020
80574
76788
76821
76837
80603
69659
69744
70206
80556
69660
70175
70213
69668
70216
69662
69711
69744
69667
69668
69667
69669
69711
69743
76786
73864
80548
80343
69689
69688
69680
69687
73953
73965
73968
70137
70166
80566
69679
69688
70166
70216
70236
80562
80564
70169
71034
80371
80577
70138
70226
80485
70816
70895
71022
70248
70805
71029
80372
69679
69689
71034
70241
70245
70884
70808
71022
71034
70234
70775
80574
70224
70817
80366
70242
70246
71022
70243
70295
72477
73116
70805
71037
80372
69689
70884
80590
69689
70236
70159
70170
80551
80554
69816
70280
70286
80439
69693
70204
73974
80348
80347
69698
70239
80336
69696
69716
80551
69697
69703
69718
69751
70253
80375
80586
69744
70253
80550
80556
69745
70185
80320
69705
69707
69751
80345
80334
81788
69705
70206
73805
81977
69744
70271
73980
80350
69764
73864
80589
73965
80322
80337
80351
70147
70213
80556
80562
70234
70237
70761
80482
70203
80375
69713
69717
69734
69714
70190
69716
70171
69884
70161
80540
80543
69718
70170
69718
80341
69731
69722
69725
80320
80325
69722
69723
69727
69722
69724
69732
69729
69767
69729
69742
69726
69745
69782
69786
80323
69762
69763
70203
73980
80375
69751
80341
80344
69733
69742
69754
69734
69811
69756
69793
69742
69811
69814
69828
69784
69885
70181
70134
70238
73102
80588
69908
73470
73473
69740
69741
69788
69779
69828
69826
70266
69789
76704
76788
69783
80380
69756
80320
80341
80344
73086
73696
81780
73093
81998
69890
73724
73774
81965
73984
80334
82064
82067
69764
69753
69827
70278
76614
70274
76579
76586
69756
80320
69911
73698
80621
69803
76334
76425
76573
69759
69768
69766
69778
69761
69766
69769
69762
73862
69767
80382
69767
69778
69789
80377
69827
76576
76628
76633
69767
69769
69775
73768
69775
69776
73779
70268
80333
80400
69991
70303
80424
69774
69776
69777
69788
73777
73770
69788
69789
70183
73777
80383
70252
70287
73961
73761
80325
69785
69819
70265
69826
70184
70266
80332
69788
73777
80384
80385
80384
69836
69843
70106
70194
70180
70188
80418
69810
69853
80415
69803
69878
70190
70164
70171
70177
70190
70103
70127
70153
70154
69983
69990
80426
69799
73484
80411
73702
81966
73071
81914
81971
69903
73141
69804
69846
69880
69886
70154
70277
80539
70188
80418
69846
69879
73684
69806
69808
69812
69817
69818
69812
69813
69815
69809
69821
69810
69815
69830
69854
69813
70176
69823
69814
69824
70176
70156
70173
70282
69822
69823
69821
69822
69825
69855
73702
81966
82006
69842
69825
69824
69828
69826
69828
71871
76606
70186
80400
80546
69875
70176
70184
69833
69834
69843
69834
69839
69852
69840
69859
69838
69836
69865
69886
70194
69853
69883
69838
69839
69842
69841
69848
69852
69863
69843
69853
69854
69855
69845
69846
69849
69848
69855
69847
69854
69855
70265
69850
69851
69877
69851
69852
69871
69854
69860
69862
69869
69859
69861
69876
70103
70106
70127
69863
70194
69861
69900
69864
69863
69870
69871
70193
80431
69881
69886
70104
81761
69872
69877
70303
69881
69893
69924
70104
69874
69894
69871
69874
69877
69873
69902
69874
69904
69878
70188
80415
70179
70194
80431
69880
70176
70187
69885
80424
69886
70303
70105
80426
74124
80389
80458
81745
70103
70180
80415
80427
80539
69889
73684
69924
80409
80444
73795
81975
81983
80390
80391
80421
73748
73832
81986
70136
70173
70286
80540
73704
70130
80409
80423
69900
69904
69916
69898
69901
69951
70094
70095
80435
80440
70032
70038
70064
80493
69900
69935
70100
70108
70130
80428
80417
69920
80435
69936
80442
80443
80533
69936
69937
69936
69937
70182
80447
70100
70191
70193
80431
70002
73474
80392
69991
80443
73674
73678
73680
80535
81739
73693
73799
69915
69935
69914
69921
69933
69917
69931
69917
69927
69935
69937
69919
70056
71799
71862
76579
69920
69922
69935
70095
69922
69977
69952
69925
69929
70182
80425
80448
69928
69937
69928
69931
69930
80386
69974
69933
69962
69965
69969
73070
80191
80459
80423
69945
69955
70083
69955
69980
70083
70113
70172
70275
80440
69942
69947
80440
69944
70113
69944
70072
80452
70070
69947
80452
70074
80501
80503
69952
70172
70305
80433
69979
70094
70095
80447
69985
76555
76563
76575
70129
80417
80435
69981
70095
69999
70005
69957
69958
69964
69963
69981
81739
81757
69959
69980
69975
69975
69995
73466
74124
80186
69962
69973
69965
69974
69964
69977
69965
69977
74127
74131
80193
69968
73474
80191
74126
74141
69978
69996
74131
69973
69974
80187
70002
80392
80446
70300
80189
80408
80412
80504
69981
80458
80459
69981
70006
70085
70346
80454
73684
73799
73349
73477
73669
70250
76559
73077
80219
80502
81757
69988
70075
73466
80183
80184
70000
70002
73484
73698
73799
80425
80442
80448
70094
70125
70275
80503
70015
76410
76575
73334
81735
81737
74145
81737
70074
81697
81742
81774
74125
74141
74142
70005
70078
73468
80389
81915
73468
81909
81910
70061
73064
73318
81711
73344
81738
73056
80455
70300
80464
70011
70232
70775
70009
70010
80483
70437
80481
70446
70766
70229
70258
70801
70047
70058
70316
70158
70802
70818
71020
70016
70059
70326
70396
70250
76422
70355
80466
70321
70412
80205
80639
70021
70025
80466
70422
70443
70455
70021
70022
70024
70035
70405
70442
70454
70456
80473
70404
70455
70027
70344
70410
80642
70353
70406
70406
80204
80249
72990
73017
73031
82072
70033
70320
80198
80211
70047
70225
70442
80478
70039
70107
70328
73036
73063
70055
70453
80469
80476
70060
70456
80473
70043
70045
70221
70412
70066
70068
70114
80498
70039
70326
70059
70447
70326
80200
70352
72999
70868
72504
80208
81457
70396
80470
70050
70152
80522
70059
70107
80477
70049
70053
70126
70336
70143
80572
80492
80519
70086
70306
80472
70057
70139
80522
70413
74050
80251
70142
70407
80514
80515
80491
80494
80514
70088
70108
70125
70060
70450
70456
76555
76586
76631
70116
80487
70076
80517
80474
80468
80474
73465
81710
81731
70310
80521
73676
81716
81724
80195
80493
80495
70142
80472
80514
70073
80221
80499
70068
70069
70072
80489
70073
80449
70091
70120
80507
80517
80523
80457
80507
70078
70086
80472
80478
70115
80519
80184
70346
80223
80454
70084
73118
81740
70124
80502
80508
81757
80629
80453
70281
73475
80182
80183
70107
70123
70192
70279
80456
80544
70599
76577
76586
76614
70172
70305
80521
70120
70122
70310
70093
70097
70102
70305
70110
70097
70101
70102
80512
70109
70117
70294
80438
70108
70110
70130
80409
80430
80433
80430
80542
80433
80416
80423
80442
70141
70180
80426
70179
70308
70128
70125
80445
76410
76419
76523
70170
70282
80381
80554
70120
80521
70333
80221
70222
80522
70139
70140
80531
70118
80491
80438
80520
70122
70310
80490
70275
70351
73054
80506
80437
80438
80456
80504
81764
80504
80492
80498
70277
80429
70276
70286
70294
70193
80434
70191
70135
70140
80479
70142
70291
80485
80524
70168
70198
70201
73073
80516
80538
70168
70211
70821
70155
70217
70776
80577
70225
80572
80479
80524
80529
70153
80428
80513
70316
80469
80481
70202
70229
70766
80580
70255
70793
70800
80571
70152
70316
80481
70212
70215
80553
70199
70200
70210
80527
70211
70231
70237
80482
70230
70802
80580
80805
70205
70233
80909
80486
70180
80541
80419
80427
80414
80437
80512
70178
80400
80439
70159
80551
80552
70223
70807
80799
70167
70208
70207
73102
80532
80567
70163
80525
70231
80482
80565
70167
70208
70165
70189
80543
70167
70171
70236
80577
70197
80529
70249
70255
70793
70171
80441
80541
80414
80512
80539
70206
80552
70282
80418
80541
70273
73698
80432
73957
80390
80443
80463
73957
80385
70265
73775
70282
80381
80418
70190
80420
80419
80427
80417
80423
80438
80487
80531
80417
70284
70313
70216
80527
80557
70218
80526
80559
70227
80537
80538
70200
80561
70208
70212
70215
70218
70286
70209
70232
70765
70269
80346
70748
80367
80551
70239
70252
80588
70212
70759
70802
71020
80527
80552
80559
70218
70216
80527
70776
80565
80573
70280
80538
70745
80371
80525
70258
70771
70801
80480
70226
70292
80478
80513
72999
80633
80491
80520
70818
80576
80578
80582
70226
70259
70364
70228
70821
70237
80569
80578
70769
70770
70807
80560
80564
70791
80800
80912
70258
70761
80575
80801
80911
80563
70821
73952
80342
80568
80587
70298
70319
80582
71019
71025
70903
72494
80570
73952
80567
80585
80605
71019
71032
70296
70324
70357
81703
80361
71037
80584
76424
70792
70824
80558
73101
73791
80336
80591
70867
73116
80570
80604
73981
80577
70257
73132
80595
80605
73099
73132
80671
70775
70260
70322
70462
80592
80676
70318
70322
80592
80631
70295
70904
71031
73116
70858
73009
81464
81664
70788
80592
80593
80822
73684
73957
80385
73682
73862
73092
73791
73945
73698
80400
80546
73864
73793
73801
81973
80425
76521
76537
70284
80439
80542
76521
76624
76636
80414
80530
73073
80553
73348
81734
70335
70339
70375
70312
70407
70313
80510
80616
73098
73101
81785
73477
73483
73680
73072
73100
80532
80615
72488
73041
73451
81679
70407
80537
70307
70321
70364
73106
73128
73140
73430
70407
80603
73100
80615
81705
70855
70863
80597
80677
73102
80516
80617
73072
81783
81785
81791
73070
80386
73478
73678
73685
73257
73281
73494
73502
80442
70309
70370
80508
70308
70370
80633
81758
81760
81755
80220
81757
76238
76496
70313
80515
70334
72991
80209
70358
80209
80648
81677
70356
70348
70363
70367
80640
70319
70324
80596
70357
70364
70334
70363
80633
70364
70367
80631
80632
80824
81661
80599
80632
70345
73063
80629
73118
73332
73467
70342
80213
72991
73043
81676
82078
70342
80216
72990
73031
73403
82074
80194
80458
80493
73034
80211
77770
78096
70340
70370
80498
73027
73037
73060
80216
70368
76238
80494
80506
80508
80209
80210
80636
80649
80225
70351
70353
70355
80199
73343
80225
80630
80225
70351
81704
81758
70360
72944
73137
73080
80598
81704
81705
73370
81688
81692
72994
73045
70398
70358
80209
80470
80476
80517
80617
81758
72998
80639
70369
81680
81692
81693
70367
80631
80667
72905
72919
72941
73051
81661
80639
81660
70429
70778
70795
80806
70442
70462
70783
70796
70780
70400
76491
76493
72994
73045
73047
70452
70376
70385
72939
70376
70569
72727
73107
70780
72489
80667
77796
77827
76275
77796
70387
80669
70390
70490
70383
80253
70588
80661
80662
70497
70542
80247
74077
80661
70484
70513
70568
70384
70392
70395
80253
70387
70414
80660
74101
80654
80655
80663
70389
70390
70478
70391
70394
70401
70492
70397
70399
70402
70413
72974
74057
81650
81662
70404
70427
70397
70402
70401
70411
80199
80210
70405
70411
76275
76501
77792
80250
80249
73009
81464
81650
81662
70405
70423
80634
72972
72992
80642
81675
70460
70859
80650
80202
80203
80649
80249
80652
80205
80470
72996
80645
70420
72949
80250
70416
70427
70451
70417
70494
70418
80678
70419
70474
70449
70466
70493
70575
70590
70675
80689
70448
70451
70424
70427
70458
70425
70461
80206
70435
70575
80643
70457
70550
76500
70479
70608
70609
70836
70585
70865
80669
80823
70783
70784
70798
80806
70862
70863
72980
80810
72489
80601
80667
70481
70491
70577
70481
80672
70437
70440
70453
70446
80469
70444
70445
70476
70440
70445
70446
70441
70443
70444
80469
70450
70448
70764
70782
80475
80523
70449
70451
70467
70453
70458
80220
80499
81755
70461
70796
80635
70456
70458
76457
76488
70461
71018
71021
80673
80793
70610
73039
70777
70780
80676
77752
77765
77961
77977
70471
70574
70714
70466
70473
70476
70467
70474
70476
70798
70505
70518
70697
70699
70472
70679
80681
70501
70514
70536
70587
70473
70785
70473
70474
80680
70602
70700
70784
70478
70480
70494
70479
70492
70494
70485
70677
70575
80692
80696
80700
70485
70490
70506
70487
70546
70486
70512
70556
70556
80248
74112
80658
70497
70507
74112
70492
70588
70583
70692
80689
70493
80658
70584
80697
70515
70540
70686
80797
70567
70506
70589
80248
70505
70509
70546
70633
70655
70696
70536
70541
70701
70503
70512
70676
70699
70505
70512
74080
80251
80660
80661
70556
70588
70512
70546
70556
70524
70552
80244
70510
70552
70538
70697
70642
70652
70659
71536
70567
80243
70518
70697
70525
70720
80690
76500
76503
77761
77794
70689
71333
80721
81043
80699
70647
71330
71330
71332
81064
70632
71348
71335
71348
70541
80239
80721
81129
70534
71433
70698
70702
70726
70639
71333
80720
71554
71332
71452
71549
70705
71458
80239
70532
70536
80239
71429
71450
80276
80723
70537
70539
71443
70537
70563
70565
70563
71433
71465
70538
70565
70587
70563
81120
70688
70781
70596
70689
70555
80662
71509
71543
71383
80276
80713
70554
70589
80247
70567
70548
71416
70549
80235
70573
80247
77781
77799
77808
70552
70567
71430
80243
70565
71429
80277
80723
70568
80248
70570
80659
71416
71417
71424
80235
71430
80240
80693
71420
71837
81100
71817
72738
72763
72765
71423
70636
76477
76518
71421
71432
71435
71514
80731
71430
71707
72744
72772
81588
70597
72728
70581
80659
74057
74080
74082
81652
70603
72713
72762
72803
74102
80729
70590
70682
80687
70677
70691
80679
70778
80680
80689
70583
70692
70781
70594
70600
80717
70706
80697
80707
80660
70608
70719
73107
80669
80796
70677
80678
70795
80823
81462
70659
80695
80719
70697
80693
80662
70679
70682
71350
80734
70593
70607
80732
81048
71432
71436
80698
70604
70596
70659
80719
80693
80724
70598
72730
80717
70614
76561
76566
74112
80718
70850
72506
72508
72716
72717
72732
71782
72772
71470
80716
80728
70847
72506
72507
72943
70670
71380
71485
81094
70638
71439
71470
81666
70719
81462
72944
72976
73131
70845
71004
80762
81556
72660
72684
81548
81551
71381
72712
80747
80763
76511
76513
76522
70651
70958
80788
81555
70619
70833
80771
80774
81060
70669
70925
70945
80879
70655
70674
71407
71452
71468
80768
81042
70634
70646
71411
81081
70623
71387
72402
70995
71214
71322
71387
81061
70664
70665
80773
70669
70703
70830
71392
70667
70830
80771
81044
70631
70698
70997
80714
70630
71004
72659
80764
70668
71006
80735
70642
70667
80771
70639
70640
71536
81043
71311
80776
80766
81067
76432
76514
70690
70701
70723
72714
80724
80734
70831
80720
81127
71857
81049
81095
70655
70698
70674
70827
70833
80882
70672
70690
80699
71311
71457
71460
80776
71403
81061
71330
81166
70660
80706
80770
70656
70662
70671
70729
71425
81129
72408
80787
81070
70654
71408
71451
71486
81123
70667
71485
81068
70702
80765
80769
70666
70685
70726
80782
70739
70945
70998
80849
72714
70704
80708
80722
70974
70994
71002
71384
80778
80781
70724
70735
70756
80782
70804
70827
71001
80778
80780
70674
70702
70710
71006
70849
71005
80714
80787
80859
72659
80738
80748
71007
80765
80777
70690
70680
70693
70694
70729
70679
80681
80702
70677
70691
80700
70680
70681
70712
70683
80707
70706
80682
80709
80709
71076
76511
76527
76566
70693
70712
70730
70707
72506
72508
80684
80702
80696
80719
70701
80701
80696
70710
70725
70704
70710
80769
73117
80600
80671
80824
70702
70704
80697
80797
80692
80700
70787
72507
70723
72659
80748
80787
80707
71442
71461
80710
70708
80690
80793
70837
71021
80687
70711
70715
70730
70729
70712
70713
80688
70714
70768
70786
80687
70717
70724
70736
70737
70803
80893
70718
70751
70755
70768
70790
70850
80823
80682
80697
70760
71024
76442
70860
80677
80827
80829
80704
70728
70730
70730
80784
70743
80690
70738
70822
80891
70735
80783
80781
70811
70942
71039
70925
70945
71117
80852
70937
70946
80786
70736
80780
80783
70737
70812
70737
80888
70746
70815
70819
70825
70936
80894
70741
70743
70997
80884
70742
70834
80794
70743
70754
80793
80782
70790
70792
70799
70824
80576
80801
70750
70753
70828
70938
80885
70773
80368
80909
70753
70774
80802
70751
70792
70756
70790
70803
70804
70827
70921
70815
70756
70820
71018
70758
70772
70819
70763
70764
70767
70767
70768
70763
70772
70789
80573
80579
70771
80485
80524
80572
70765
70782
70784
70766
70782
70785
70786
70770
80580
70817
80366
70821
80479
70824
70823
80368
80686
70813
80536
80910
80576
80799
70796
70798
80672
70798
80672
70790
70799
70838
71018
70796
72508
70783
70797
70785
70786
70838
70844
80795
80597
80820
80822
76395
76404
76482
70793
80367
80575
80802
80800
70836
73002
80826
70837
71021
80580
80676
80807
80686
80805
70817
80571
80579
80484
70824
70921
80893
70825
70947
71031
70808
71032
71036
80575
80367
80571
80371
70854
70927
70931
80840
70813
70815
70938
80890
70889
80908
70819
70822
80888
71017
80368
70870
70875
80840
80903
80885
80579
80558
80890
70823
70890
80890
80889
80675
80812
71001
80848
71390
80917
80780
70922
70982
80906
70843
70917
80789
80791
70925
71003
71348
80715
81045
70951
80906
80907
80915
80792
80852
70840
71038
80883
70906
80808
80886
80814
80689
80796
71021
80806
70848
80759
80795
81450
70843
70851
80817
70867
70911
71029
80808
70909
71040
72498
70848
70852
70845
72505
72717
80795
81553
72443
72676
80751
72506
80794
80815
70866
80817
72507
72943
80818
71038
72481
70918
80758
70907
70952
72456
70867
80813
70864
80597
80804
80819
70862
70900
80673
80816
73001
81461
81690
80651
71040
72492
80821
70900
72980
81450
70864
80811
80677
80810
80673
80675
72489
80819
81462
71005
72507
80795
70912
72952
72968
72975
70909
72496
72946
80757
70906
70927
71027
74015
70888
71035
71041
74017
76476
76508
76630
73995
74005
80357
70898
70942
80904
72278
72477
73970
74004
72455
73926
81448
70880
72473
73993
70880
80834
80877
70881
70887
80354
72271
72363
72452
72461
72268
72471
73930
81445
73993
80358
72378
72451
70888
70893
70896
80355
70894
71014
70924
71038
80900
70892
70940
70893
70894
70896
70901
70897
71034
71041
80831
71012
80360
70929
70943
80851
70907
70919
71042
80831
80816
70940
72460
80877
72367
72457
81444
72493
73104
73111
71037
80585
80604
71038
71044
80899
80901
80907
80908
70910
72482
70987
80901
80902
80903
80810
70950
72491
80813
80886
80913
70950
71040
72490
72538
72569
72355
80835
80837
80842
80858
81426
81559
80843
81427
70918
72368
80856
70952
72495
70950
80808
73999
74016
81435
80882
80899
70987
80887
80892
70937
70947
80893
72481
80812
80886
80792
70991
80838
80841
72460
70931
70979
80898
70930
70932
70939
70943
70959
72362
70933
80786
70939
80785
70992
72401
72410
72419
70936
80785
80786
80848
80790
80895
80896
71017
80906
70948
70943
80841
80875
80898
80851
72361
72463
72476
81430
71008
71039
80896
80904
80848
71010
80790
80875
70991
80857
80872
70982
71013
80908
72478
72350
72357
72372
80836
70962
70968
70969
71321
71073
71102
72351
80936
70966
70969
70970
70993
71328
72402
80945
72368
80842
80854
70988
72439
72460
70991
80845
80867
70962
70963
71104
70969
70964
81366
70966
72346
72152
72179
72218
80975
72352
71105
71113
72406
81364
80865
80942
70993
72352
72407
80847
70979
72479
74013
80866
71099
71114
71073
71390
80943
70976
71114
76418
76484
76490
70986
70994
70978
70992
80858
80874
70983
80862
80863
70990
72362
70984
70986
71010
80863
76405
76464
76471
76522
71009
70984
70998
80878
70994
80790
70986
71099
80864
80896
80897
72364
80834
80877
71092
71100
71308
72479
80873
72407
80862
80869
80861
71000
71093
71384
70999
71000
71001
80773
80714
80880
71008
80858
71093
80774
80852
80860
80852
71384
80917
71318
71389
71403
71005
80788
80789
71485
72659
71340
71407
81060
80859
80878
71039
80887
80872
71012
71015
71025
71014
80359
71014
71015
80908
71016
71019
80914
80798
80915
80675
80916
71026
71041
71042
80359
71060
76450
80361
71029
71042
74017
71035
73995
80363
71043
80363
71033
71043
71036
80916
80364
80911
80800
80677
80360
80808
73116
72478
80895
80903
71051
71053
71141
71047
71048
71049
71177
71271
71053
71206
71052
71054
71051
71054
71056
71151
71057
71265
71166
71057
71069
71070
71326
71069
71144
71071
71158
72134
80921
81350
71095
71120
71135
71072
76454
71071
71265
71281
80990
71264
71276
71281
71233
71293
71371
80931
71161
71312
71388
71291
71365
71367
81008
71068
71070
71281
71131
71200
71399
80999
71075
71326
80931
71071
71074
71071
76414
76435
71116
80944
71097
71145
71300
71163
80932
76394
76415
76484
71081
72146
72187
71080
72136
72193
71080
71081
71088
71120
72406
72214
72421
81369
81384
72174
72409
81290
81363
71085
71098
72194
80919
71327
80959
71087
71088
71110
71090
71098
71105
71156
71386
71863
72351
80943
71091
80919
71096
80935
71107
80947
71117
71387
71154
71159
71162
80955
71098
72194
71385
71397
80935
71147
71326
80926
71156
71114
71395
71314
80949
81059
71103
71109
71106
80809
71104
81364
72413
81368
71110
80957
71109
71386
71401
80948
80949
71317
71385
71397
80918
71110
71386
72337
72409
81373
81385
71113
71119
72170
72171
72240
80957
71393
80941
80943
80809
80946
71318
80917
72358
72393
81408
81422
71393
72412
72416
71156
72136
71132
71216
71315
71398
71123
71172
72059
71125
72087
71125
71134
72084
71133
71133
71134
71164
71128
71130
71134
71129
80956
71135
71153
72080
72084
72196
71351
71859
71325
71351
80998
71139
72132
80956
71171
71215
72132
80962
71138
71141
71174
71139
71140
71164
71173
71149
71150
71151
71175
71143
71159
71160
80923
71144
71148
71145
71151
71176
80923
72196
80921
80956
80962
71324
80923
71150
71155
71152
71155
71151
71153
71164
71164
72132
71155
71159
80961
72134
80958
80960
81356
72136
72193
80921
71160
80922
71314
80930
72194
80920
71310
71312
71167
71168
71169
71168
71175
71266
71172
71174
71211
71190
72061
71171
71176
71189
71398
71173
72062
71173
72065
71174
71175
71176
80994
71183
71206
81004
71192
71272
71566
72142
71181
71182
72035
71190
72048
71218
72036
71271
80990
71855
72006
72044
71703
71847
71860
80981
71506
71547
81152
71189
71283
72031
80994
71216
72063
71283
72066
71197
71258
80926
80998
72036
80967
71241
71248
71552
71550
71638
81134
81155
71488
81143
81170
71448
71539
80980
81137
71300
81006
71202
81147
71202
71369
71547
72053
81037
81082
71800
71962
71557
80964
81145
71623
72049
80967
71210
71303
72031
71266
80991
71210
71218
71272
72036
71218
80991
81005
71210
80966
80972
71374
71266
71283
80991
76412
76481
76520
71299
81021
81023
71384
80946
71398
72031
80969
72787
81246
81262
71283
71236
71374
81002
71533
81017
81019
81030
71227
71269
71274
71225
71227
71247
71227
81024
81034
71241
71302
71552
72047
71229
71253
71229
71230
71274
71282
76347
71231
71232
71279
71232
71370
81007
71258
80928
81052
71244
71247
71298
72047
71449
71531
71537
71538
81026
81035
71476
81074
81088
71256
71259
71364
71454
71243
71257
71534
81130
71488
71539
71560
81143
71244
71245
71248
71493
71251
71507
71248
71249
71246
71251
71249
71256
71249
71259
81155
71544
71550
81028
81033
71252
71254
71256
71259
71370
71454
71364
71534
71257
71496
71534
71261
81012
71298
71296
71369
71552
71449
71537
71263
71270
71271
71264
71268
71265
71271
80994
71268
71269
71274
71275
71270
71285
71374
71357
71367
81016
81025
71279
71278
71279
71278
71294
71336
71418
76347
81010
81009
71295
71306
72003
71293
76349
76338
76344
76349
71290
72050
81033
71364
71366
71454
71304
71308
71311
80950
80996
81001
81083
81213
71299
81024
71370
81007
81025
71431
71477
81029
81038
71294
81012
71373
81010
71337
81057
71506
71547
71558
71303
71477
81026
81029
81020
81134
81004
80990
80994
81020
81030
81033
81134
81034
81006
81021
71355
81040
71319
71347
71872
71339
80965
71322
80951
81040
81059
71457
71460
71324
71326
80950
71329
71319
71349
81078
81355
80929
80938
71858
81225
71329
71388
81084
71376
81061
71347
71349
71460
81039
72413
72663
80942
71328
72402
71859
72138
80959
71329
80922
71351
71396
80925
80960
80947
80948
80918
80993
81018
81047
81097
80704
71344
71361
80768
81067
76343
76605
81053
81056
81015
81016
81051
81089
71367
81011
81053
71407
80766
81047
71457
81058
71479
81065
72003
81003
71353
71356
71359
81015
71361
71445
80772
71402
71873
80768
71479
80983
71425
81045
81129
71399
71575
72400
81038
71368
80965
80927
81052
81054
81055
71457
81057
71368
81016
81017
81051
81052
71359
71455
80772
81017
71361
71478
80772
81015
71404
71456
71478
71553
71445
71463
81042
81133
71368
71372
71372
81014
71368
71372
71373
81053
81011
81021
71391
80929
81055
81059
71389
71390
71378
71381
72732
80745
80735
80736
80739
71866
80995
81361
71487
80694
80753
71410
80745
71498
71553
81089
71560
80255
80919
80959
72351
80774
71394
80938
71392
80941
81040
81056
71405
72404
72403
72410
71397
71401
72663
80864
80942
80925
80937
71575
81038
80768
81042
80934
71405
81094
81044
71406
71446
81031
71873
80748
71456
71551
72714
80734
80739
72715
80737
80741
80745
80694
80744
80747
71476
71480
81083
71473
71867
81545
81549
71422
80281
80279
81098
81261
71794
80243
71794
80238
71515
76337
71523
81115
81263
81099
71465
71484
81120
71438
80245
71437
81255
81256
71432
71436
72710
71541
71434
80233
71464
80723
71573
81107
80242
71459
72400
80232
80245
71792
80236
80732
80742
71459
71470
81100
81259
71465
71469
81096
80716
80736
80746
71472
72684
81177
81230
81079
81091
81276
71466
71468
71541
81097
71447
71455
81032
81050
71455
80772
81050
71453
81050
71489
71631
81027
71501
81130
71519
71543
71453
71540
81041
81097
81049
81019
71481
80720
81128
80240
80698
71554
80239
71572
71849
81301
81595
81095
81115
71467
71555
71469
81126
80715
80275
81106
80240
81062
81081
71668
72684
71873
72403
72416
71481
71551
71561
81082
81074
81213
81075
81086
81000
81041
72053
80966
81107
71853
80747
80753
71701
72021
80984
81180
80698
81096
81122
80739
71524
81046
81094
71569
80980
71490
71494
71500
71503
71500
71502
71504
71578
71628
71640
81141
71631
81027
81155
71495
71507
71500
71501
71533
71564
71502
71504
71521
81030
81031
81033
71501
71502
71531
71504
71525
71594
72019
80986
81148
71552
81155
71631
81130
71514
71511
71591
71529
71542
71512
71516
71521
80259
80232
71545
76554
76562
71521
71530
71546
71584
80264
71557
71625
81157
71522
71571
71571
80258
71569
80723
71836
71861
71555
81124
71569
80980
81139
71527
71530
71531
71535
71562
80242
80713
71531
71546
71535
71537
81131
81014
81133
81133
71540
81043
81131
71544
71560
81150
81150
81156
81132
80715
71556
80255
71591
80276
71563
81135
71799
76563
71560
71557
72050
81035
81152
81041
81065
81150
81151
71556
71563
81000
81120
81123
71563
80255
71558
81153
71667
71670
71832
71833
81028
81124
81135
81032
81131
71582
71586
80254
81136
71625
71628
76552
76562
71569
71632
76551
76569
71808
72787
71838
81103
81144
81146
81152
81157
81054
81062
71597
71664
80273
71872
81073
81079
80980
81137
81140
71581
71582
81136
71581
71585
71646
81160
71587
80260
71584
71587
71599
80265
71588
71619
71590
80270
81172
71588
71598
71601
80262
71610
71615
71822
71839
81164
71610
71611
80258
71662
81104
81170
71596
71599
71617
71600
71621
71840
81159
81169
71599
71600
71620
80264
81108
71606
71619
71677
71607
71690
71695
81188
71606
71614
71620
81186
71613
71676
81186
71614
71621
71617
71807
80267
80270
71807
80265
71821
72797
71614
81188
71823
81253
72699
81161
80273
72165
72683
71620
71621
80273
72123
72414
72035
72051
71635
80963
81144
81137
81153
71629
72016
71630
81105
81113
81105
71630
71644
71638
72016
72023
71855
72139
72054
80997
71637
71669
81102
81103
71833
71838
81149
81130
81150
71828
80982
80986
81159
81112
81170
81171
71643
71648
71672
71677
81168
81186
81190
71673
72023
71647
71683
71647
72016
72023
71692
71667
71673
71703
71847
72012
71652
81196
81200
71780
71826
80272
71688
81191
81193
71654
71774
71801
71803
71840
81169
71756
71809
71824
81212
81262
71696
71845
81253
71809
71825
71827
71680
71688
71691
71812
71809
71827
71676
81186
81192
80267
81163
72019
72054
81112
71861
80986
81115
81148
80270
81159
81172
71738
71812
81168
81283
81294
81295
81315
71687
81101
71796
81071
71861
81148
81174
71694
71843
71672
71674
71697
71708
71683
71675
71678
71685
71812
81194
81111
71680
71705
71681
71744
71745
71681
71688
71738
81198
81199
81206
71700
71706
71745
81111
71728
71735
71765
81196
80988
71744
71919
72219
81312
71803
81168
81198
81190
81192
81160
81183
81201
81187
81194
71815
71820
71701
71705
71708
71702
71711
71951
71704
71706
71727
71720
71728
71765
71702
71704
72023
71705
71716
72725
80741
81590
72021
81182
72056
72415
71721
71725
71988
71713
71727
71747
71721
71966
71974
71984
71714
71984
71715
71727
71718
71721
71717
71719
71727
71718
71723
71722
71720
71723
71736
71734
71723
71725
71726
71740
71955
71988
71726
71746
71734
71906
71745
71763
71765
71742
71764
71735
71752
81196
71752
71830
81116
81208
71734
71742
71746
71736
71742
71746
81331
71952
72024
72141
80989
71744
81201
71903
81178
81211
81320
71746
81331
71965
71966
71985
71986
81211
81218
81591
71758
71953
72309
81331
71750
71751
71754
71757
71829
81220
71764
71900
71752
71753
71764
71757
81220
71874
71762
72628
81241
71757
81210
71830
71763
81193
81199
71825
81205
81222
72770
72773
81237
81586
71793
71805
71850
71829
72785
81200
72814
72817
81533
81601
71768
71888
72791
71777
71913
71897
72626
81233
72320
72643
81307
71888
71913
81239
71776
72628
81247
72782
81110
71824
81116
81206
71779
72743
81246
81596
71778
81223
72771
72804
71806
71894
71845
81214
81217
81265
72713
72796
81605
72713
72738
72779
72788
71808
71848
81240
71786
71788
71795
71922
72751
81240
71789
71791
71791
72783
71795
71835
71841
81165
81246
71792
81587
71814
71816
80246
71957
81272
72415
81181
76555
81199
81200
71815
81206
71832
72773
81586
81597
71816
81117
71841
81224
81595
81205
81264
81270
81298
72141
81173
81282
81190
71840
81163
81188
71837
72699
71824
71819
72766
74099
71831
71846
81249
71823
71831
71841
81215
81251
81214
80261
81163
71826
80261
71830
71846
71831
71845
81114
81159
81167
72628
81210
81224
81168
81102
81146
76562
76579
76602
71850
81252
81258
72706
81103
81252
71842
72699
81164
80269
81161
81164
81101
81184
71906
81116
81218
81251
72021
80984
71925
72705
81596
71907
81212
72752
72784
80236
81594
80232
81096
80738
80753
72702
80740
80747
80979
71961
81362
81095
81073
81079
80937
80999
72024
76334
76615
72138
72412
80957
71907
81238
81593
81594
72637
81278
72055
80952
81069
72171
72416
72416
81072
81078
71873
72660
80749
72052
81362
76583
76625
76637
81046
71891
71897
72592
72593
72632
72882
71886
72308
72326
72650
72296
72395
72593
72644
71945
72686
81314
81324
71905
71945
81309
71885
71890
71938
71938
71944
72234
81327
71953
71972
72309
81204
72162
72322
72334
72867
81318
81319
71886
81302
72232
72619
81538
72642
81235
72315
72321
81303
81380
71898
71938
72140
71893
71900
72626
71899
72626
81324
71894
72331
81274
72622
72642
81233
71924
72220
72621
81307
71915
71945
81325
71900
71911
71903
72028
81274
72573
72634
81522
81543
72331
81207
72219
72657
81389
71918
72630
81185
81330
81301
81594
71962
71912
71976
76367
71961
72027
72309
81330
72331
76314
71914
81223
81241
72642
81239
72322
72649
72653
81091
81102
81305
81309
81311
72307
81289
81305
71958
71961
81182
81185
72122
72166
81176
72705
72335
80954
81392
72686
80977
81316
81250
71995
72126
81335
72127
72128
72131
81398
71929
71933
71930
71931
71935
71979
71932
71934
72112
71970
71995
71937
81399
71937
71982
72117
81396
81399
72242
71948
71941
71942
81319
71949
81226
81315
81327
71943
71964
71943
71944
81327
71987
71948
72140
81318
71983
72235
72245
81327
81326
71963
72140
81314
71951
71972
72029
72309
81180
72025
71966
71984
72222
80954
80970
71960
71985
71958
81185
81201
81218
81265
81183
81080
81245
81268
81590
81318
81328
81180
81246
81262
72208
81323
71965
71986
71987
71980
71988
71968
71970
71971
71969
71975
71977
71979
71979
72002
71972
71994
72001
71974
71977
71980
71975
71984
76627
76628
71978
71980
71981
71982
71982
71987
71983
71987
71998
71988
81204
81328
71991
71994
72126
71991
72041
81333
71993
71995
72002
72126
81337
72008
72010
72001
72002
81338
72098
81335
81338
71998
72124
72245
81337
72000
72002
72683
72001
81092
81204
72030
81003
81058
72007
72009
72012
72045
72681
81343
81344
72040
80979
80985
72038
72010
72032
72045
72010
72029
72030
72022
76383
80984
81231
72017
81281
81343
72064
72067
72185
80972
72018
81344
81281
80988
80997
72025
81182
76288
76361
80743
81267
81339
80734
80940
81048
81178
81322
72133
80977
81316
72030
81179
72681
81006
72038
72045
80974
72034
72040
72100
72043
72044
72036
72037
72048
72051
80972
72042
72041
72129
80985
80974
72048
72068
72051
80985
80732
80940
81048
81266
81034
72067
72139
80964
81028
81092
81283
81294
80983
72142
80963
72092
72222
72247
72165
81357
72118
81287
81291
72059
72060
72061
72065
72088
72068
72096
72065
72066
72063
72065
72137
72064
72066
72135
80973
72067
72068
72101
72071
72097
72099
72115
72077
72099
72111
72073
72078
72075
72083
72084
72075
72087
72075
72078
72086
72117
72177
81348
72078
72081
72081
72082
72086
72083
72191
72182
72180
72199
72086
72087
76286
76300
76324
76387
72088
72097
72143
72091
72102
72125
72099
72102
72115
72095
72100
72247
80975
81287
72112
72117
72107
72112
81338
72096
72115
72097
72101
72130
72125
81347
81398
72111
72101
72127
72128
81347
72110
72144
81348
72105
72113
72116
72248
72183
72244
81285
72178
72211
72239
72241
72121
72128
72130
81400
72119
72145
72180
72199
72111
72227
72184
81399
72178
72202
81285
76336
76374
76381
76389
72177
72229
81396
72145
72200
72205
72120
72181
72197
72121
72130
72143
72414
72157
72867
81232
81277
81358
81092
81283
81341
72127
81334
81333
72129
81076
81333
81340
72184
72169
81286
81340
80955
72167
72417
80961
72137
80971
81277
80956
72143
80962
81036
81077
81302
81174
81105
72196
72184
72210
81401
72175
72198
72168
72192
81352
72150
72205
81354
72390
72446
81382
72150
72200
72223
72151
72156
72217
72163
81352
81385
72599
72625
72793
72807
72420
81290
81376
72179
72186
81352
81384
72173
72315
81354
72158
72164
72166
80995
81071
81232
72185
72292
81383
72206
72427
81371
72164
81374
81381
80975
81350
81351
72418
80952
81357
72427
81547
72347
72637
81299
72397
81386
81076
72396
72410
81368
80933
80939
72619
72654
81378
81380
72176
72396
81366
72186
72205
72346
72398
72433
81336
72204
81284
72205
81369
72188
72191
72414
81291
81350
72184
72199
72210
72209
72244
81345
81076
81277
72189
72190
72193
81352
72189
72191
72190
72193
72197
72397
72406
81385
80955
72217
72315
72335
72338
72197
80921
72200
72201
72201
81345
81349
72204
72249
80954
72225
72343
72237
80970
72418
72333
72653
81387
72650
81392
72212
72223
81349
72242
81396
81399
72216
72248
72215
72236
81393
72337
72420
81376
72216
72338
72217
72223
72337
81369
81374
72307
72653
72320
81289
80939
80952
81069
81361
81345
72637
81227
72480
77184
72230
72236
72248
81347
81348
72244
81336
81349
81401
72230
81396
72231
72232
72233
72234
72238
72234
72242
72235
72239
72242
72238
72248
72239
72249
81323
72249
72308
72245
80939
81351
81385
72246
81337
81338
77003
77029
81336
81315
81284
81286
81398
81374
81392
72875
73209
81489
81819
72252
73182
73236
72253
72255
72262
72555
73170
73181
81494
81822
73880
73923
73170
81478
81817
81820
72563
73196
73211
81491
73896
73906
73940
81445
72260
72266
72276
72265
72574
72262
72263
72267
72566
73888
72264
72266
73885
73888
73889
72267
72596
72270
72557
72457
73931
73932
72270
73894
73927
72283
73889
72365
72458
74011
72274
73931
73999
74019
72275
73938
81439
73989
74000
81437
72276
72277
72283
72389
72281
81407
74015
74016
72662
81442
81443
72469
81431
81440
72469
81403
72360
72452
73997
74012
72285
72470
73881
73939
81443
72286
72438
81472
72389
72580
81404
72379
72575
72582
72587
72298
72306
72592
72290
72299
72586
72303
72390
72303
72336
81353
81382
81411
72305
72318
81306
72593
72655
72656
72882
72577
72633
81538
72632
72634
81522
72604
72638
72651
81541
72306
72632
72633
72303
72304
72306
72322
72328
72375
72431
72392
72305
72339
81353
81382
72305
72306
72333
81392
81393
72447
72690
81313
72622
72624
72645
72655
72810
72881
72320
72333
81289
72319
76847
72334
72328
72448
81376
72323
81387
81388
72323
72339
81540
77118
77612
72447
72322
72375
81390
72327
72327
72432
81390
72340
72348
72378
81519
72657
81394
72329
81381
72339
81409
72428
72434
72668
81371
81329
81178
81294
81320
81362
81317
72335
81374
81353
81411
81381
81303
81393
81412
72360
72393
72394
72374
81372
81424
72344
72349
81424
72411
77146
72346
72398
72349
72350
72352
72352
72690
81176
72429
81375
72372
80845
80847
80935
72356
72358
72372
72502
73997
74012
81427
72363
72466
80866
72363
80836
72370
72479
81425
72365
72540
73110
72458
72467
80841
72439
72456
80832
80850
72383
72373
72392
72393
81422
73931
74000
72441
81559
80836
80839
80845
72407
80847
80874
72386
72438
72534
81432
81408
72384
72385
72377
81423
72391
72432
72391
72430
72432
81424
72394
81372
72387
72578
72588
72382
72576
81403
72384
72390
72392
72384
72591
81402
72385
72393
72458
81431
72459
74012
81518
72586
72592
72680
72467
72469
81402
81431
72574
81407
72591
72448
81380
72451
81408
72593
72825
81525
72405
80933
72409
81363
81370
72401
72408
80842
80858
81051
81089
72422
80853
72404
80853
80859
80941
72428
72433
81365
72419
80853
80859
72420
76848
80943
81036
81346
81350
81351
81356
81373
81381
72428
72434
81386
81354
81378
72424
72434
72664
81371
81545
81546
72664
72665
80853
72525
72526
72678
81567
72527
72660
80749
81070
81414
81546
72433
72443
81372
81383
81410
81413
81416
81409
72520
72677
72963
81566
72454
72617
80756
72648
72712
81562
81563
72459
73882
72483
81433
72479
80846
81425
72453
72495
80854
72468
74009
81436
72668
72472
72501
81435
72459
72467
81404
81521
72671
81375
72643
81313
81377
81383
80760
72473
72476
80834
81433
80846
81425
72463
72466
80844
72610
80755
81420
73931
73999
81445
74006
80844
73939
81431
72467
80831
72463
74011
72601
72819
72848
81635
72527
80754
81551
81564
72665
80751
81554
72476
74013
72473
74009
81439
73882
73927
73938
73884
73939
81446
74008
74009
81430
72501
72502
74012
81434
74006
80835
72482
72494
80840
80855
77156
77169
80811
74015
72497
74008
81433
73100
80599
80606
81795
73127
73201
81907
72511
72946
80674
81801
81815
81818
82037
73044
73445
81688
80820
72491
80570
80821
72494
72503
72499
80821
80828
73099
73113
80583
73111
80758
80844
72498
72511
80755
72502
74006
74008
72499
72500
72503
72510
80828
81453
73926
81434
72545
72517
72950
72951
81467
72521
72734
80796
72955
73446
80208
81461
72511
72514
80674
72528
73126
73430
73448
81795
73008
73113
73128
81816
72529
72947
81452
72945
73004
81452
81466
72518
72948
73117
80825
72542
80833
81453
73004
73129
80828
72558
73154
73439
80321
72691
72700
72708
72526
72646
80750
72591
72680
81517
81520
72567
72569
72608
72617
72819
73114
81482
81510
72526
72610
81553
81554
81557
72529
80750
81420
72608
81459
72556
72883
72902
81497
72612
72613
72953
81458
72612
72661
72724
81419
81477
82039
72535
72567
81472
72536
72569
73916
81432
81482
81501
81510
81511
73110
80833
81473
72544
72945
73133
81474
72546
73109
73145
73172
73362
82038
72546
73111
73113
73228
80321
81471
72608
81452
81473
74006
80843
73110
73146
72549
72553
73133
81465
73133
81469
81498
82036
72550
72554
72975
72613
72820
81469
73204
81478
81492
73182
73892
73923
81818
72554
73439
81479
72879
73428
72562
73170
81492
72750
72970
81630
72559
72566
72568
73147
73358
81471
72561
81491
73181
73226
81823
72563
72585
81491
81494
81502
72571
72598
81500
73183
81475
81488
81489
81492
81428
81513
72585
72596
81511
81473
72598
72603
72615
72601
72655
72656
72577
72655
72669
81539
81542
72582
72587
72579
72584
72586
72588
72882
72579
72592
72583
72582
72616
81512
72584
72585
72596
72596
72603
72882
72615
81501
72591
72590
72590
76851
76878
81407
72636
72645
72651
72654
72635
72673
78055
73204
81468
81488
81505
81503
72839
72639
72805
81484
72652
72810
72805
72857
72615
72656
72813
81541
81427
81518
81519
81406
81421
81510
81524
73895
73918
81810
81498
73114
81468
81482
81496
81552
72661
81406
81524
72613
81633
81476
72815
72820
81499
81632
81501
72680
81421
81517
81420
81460
81514
81561
81527
72742
72810
72881
72631
72686
81309
72631
81234
72769
72786
72790
72822
72636
81234
81531
72814
72847
81508
72686
72640
81236
81273
81222
72792
72827
72850
81535
81302
81312
72641
81233
72633
81306
72644
81405
72767
72798
72638
81176
81531
72839
72885
72658
72794
81236
81308
81309
72658
81537
81539
81308
72733
72734
81456
72669
72677
72691
72806
72707
72718
80741
72867
81302
81312
81500
81634
81388
81310
72848
81312
72692
72801
81549
72736
72737
73882
73938
81439
80862
72665
81545
81070
72669
72693
81418
81542
72737
72806
72825
72826
81372
81561
81406
81421
81428
81513
81382
81415
81522
73469
76223
78142
78182
76319
78140
72789
72815
72816
72819
72708
72749
72821
72963
72823
81460
72721
72737
72721
72823
81566
73996
81441
81525
81092
81228
81267
81270
81342
72688
72700
81269
81551
72693
81176
81550
72698
72692
72693
72693
72694
72695
81299
72695
72708
72800
72704
72802
72745
72962
74110
81572
81253
81272
81562
81564
72746
80731
80742
81589
72712
81080
81271
72706
81266
80257
72711
72744
72749
72711
81085
81102
81144
81174
80728
80731
81562
80741
80736
72716
72719
72731
72720
72730
72720
80762
72719
81558
81563
72720
81558
72734
72736
81561
72723
72828
72861
81605
72744
72749
74110
72735
72811
81458
80737
81588
81589
72808
72829
72862
81607
72728
72729
72940
72730
80727
72734
72954
72731
72740
81574
80735
80764
81558
81567
81569
80750
81456
81459
81419
72778
72781
81578
81580
81582
81585
74098
80737
81576
72757
72764
81581
81582
72807
72966
81529
72782
72787
72772
72861
72880
72962
74098
80737
80746
72922
72928
74093
81647
72967
74091
74107
81571
81455
81483
81633
72783
72753
81584
81587
72762
72803
74104
72921
72926
74053
74094
72925
72929
81615
72832
74108
81620
74055
74092
74103
72907
72930
74108
72763
72929
81615
72764
72780
74086
72763
72764
74055
72779
74087
72765
72779
72780
72781
81597
78071
78122
78141
72793
72807
72850
81534
72770
72775
72771
72795
81237
72780
72783
74099
72777
72790
72778
72788
81609
81617
72778
72781
72929
81583
74104
81586
81244
74104
80730
81584
81589
81220
72809
72829
72863
81573
81606
72885
81508
81638
72812
81609
72792
72804
72849
81603
72814
72860
72801
72870
81244
72809
72851
81243
81242
81243
81604
81195
81199
78044
78102
78141
72800
72801
72824
81526
72802
72830
72802
81242
81301
72851
81600
72855
81526
81539
72824
72870
81534
72829
72851
81634
81456
81570
72842
81602
81529
81530
81607
72820
73114
81508
81635
81636
72863
81568
81607
72878
73183
81496
81499
81633
72828
72830
72853
72842
72863
80754
81561
72830
81528
72848
81524
81528
81635
81636
72849
81531
81534
72858
72862
81604
72862
72835
72909
72918
72907
72925
72935
72834
72837
72868
72846
81621
72837
73415
72852
72935
81609
81628
72899
72841
72843
72846
72847
72841
72847
81533
72844
81568
72884
81484
81602
81619
72923
72960
73020
76217
72869
81624
72885
81510
72870
81235
72860
81532
72870
72856
81602
81619
72854
72858
81636
72961
81483
81637
72864
72877
81611
81628
81629
81449
81504
72932
72957
72928
72935
81614
81625
81601
72933
81606
81604
81600
73195
81506
72918
74108
81622
73184
73195
81490
81496
72869
72871
72900
72884
81627
72874
72884
73171
73215
73217
73233
72876
72877
81481
72876
72898
72895
73185
73191
72878
73210
72878
73195
81509
73203
81499
72956
81610
81541
72919
81630
81509
81484
81678
81682
81889
72894
72896
73200
72890
73426
73433
73435
72891
72892
72894
72916
72917
73423
73433
73435
72896
73436
73418
73437
73438
81655
73201
73186
73212
73237
72897
72898
72899
72900
73210
72900
73431
73442
81682
81807
81889
72952
72968
81639
72938
72955
73206
73444
73206
73444
80641
72910
81657
72908
72911
72930
74093
81612
72909
72913
72927
81643
73013
73431
81657
72914
74064
74045
74059
74064
72915
81646
72915
73024
81642
73012
73421
73438
73416
73434
72927
81621
74113
81627
72958
72969
74073
81672
74107
80656
72967
74059
74091
76218
76244
76325
81614
81617
81670
81618
72931
74075
81667
72930
81608
74093
81608
81617
74093
73018
74072
81671
72933
72970
81611
81610
81628
73013
74113
81608
81656
81617
73021
80656
72948
73364
81466
81467
72952
73428
72940
73000
74073
72954
72969
72948
73002
80825
72997
73008
73427
81681
80714
80797
73008
81465
72980
81450
72950
72951
81459
81451
80643
80651
72975
81466
81457
72955
72975
81455
81458
80670
81454
72981
72965
81668
81508
81607
81611
72977
74105
81577
72964
72977
80727
81580
76231
76248
78178
72963
81419
81570
74109
81573
81569
74102
80655
80659
81497
81610
81625
81634
81612
81455
74105
81483
81610
73018
74047
81649
73046
74085
80646
73046
81664
81679
81680
74054
74080
80647
81665
74056
81669
73023
74061
81655
72987
74052
74063
80814
74061
81654
81655
72984
72986
72989
82074
73043
82072
73024
73025
72992
72995
73024
74045
74064
73034
73068
73414
73068
81692
82078
82073
73027
73034
73043
80643
80651
72998
73053
74058
74085
74062
73117
73126
81451
81677
81702
73003
81662
73051
81701
81467
81665
80647
80670
81663
73005
81453
73008
73113
73129
73055
73213
81683
81699
73187
81821
81897
81904
73039
73046
73039
80650
81675
81677
73014
73134
73014
73434
81641
73437
81643
73016
74042
74058
74081
73017
73025
73019
74042
74053
82072
73030
76249
74069
80207
74042
74047
74049
74058
73044
81664
81679
74052
74052
73134
81885
73043
73123
81741
73403
73078
73079
73041
73035
73346
82076
73368
73419
73038
73400
82075
80201
80217
80497
73038
73040
80214
81709
82076
82077
82072
82078
73390
73422
73438
80641
73068
73350
81675
73069
73124
81693
73106
73140
81715
81718
81725
80221
80222
80495
80499
73131
81665
73054
81741
81752
81756
73124
81702
81707
73350
73082
73122
81706
73077
80219
80455
73489
73496
73354
73490
81732
73318
73500
73501
81728
73343
73347
80224
73343
80224
73347
80218
73458
74139
81763
81765
81775
81843
73382
73389
73398
81724
73568
81886
73082
81706
81741
73472
80328
80410
81748
73101
73092
80333
73693
80387
80395
81972
80410
81739
73277
73413
81716
81724
76251
76316
76322
76317
76325
80185
81695
73382
73390
73422
81744
73123
73372
81712
73792
73798
80383
73096
73688
80397
80461
73610
73723
81779
73681
73697
81956
81958
80315
80621
80615
80616
80339
80618
73870
81784
81844
80549
80588
73800
73807
73831
73792
73798
81979
81985
80398
80460
81978
81980
80401
80404
81748
81763
81847
81955
80608
80570
80668
81797
80532
73952
73284
81781
80583
80608
82046
80601
80602
80631
80824
73125
73230
80818
80567
80585
80587
80603
73142
73971
82029
80833
82029
73119
76318
76627
81469
73177
73192
73430
81812
73129
73332
76277
76278
73471
80534
80545
73859
73869
73871
81858
80316
80830
81699
73373
81696
81659
81701
73177
81803
82033
80600
81700
73429
73454
81902
73173
73427
80668
73147
73154
82035
73137
80599
80606
81480
73421
73229
73266
80394
81790
80316
81696
81792
81796
81660
81661
73198
73207
73213
81683
73188
73201
73429
81685
80583
81795
80626
73145
82045
73144
73945
73978
81848
73900
74003
82056
73925
81816
73180
73192
73150
73153
73869
81831
73316
73321
73627
81947
73859
81833
73244
73258
73873
81957
73243
81771
81834
81853
73232
73909
73367
73158
73164
73260
73158
73167
73356
73338
73389
81769
81880
73402
73260
73297
73402
73447
73294
73384
73405
73277
73292
73306
81898
73254
73661
81859
81863
73166
73169
73197
73167
73169
73250
73449
81776
81794
81813
73167
81897
73424
73169
73241
81825
73236
73217
81824
73874
81814
81836
73230
81816
73219
73362
73304
81771
81870
73274
81806
81839
73229
81814
73352
76613
77793
78052
73258
73815
73873
73192
82038
73205
81819
73215
73233
73203
81485
73211
81487
81506
73209
81486
73191
81906
81808
73366
81903
73210
73212
81485
73191
73225
81904
73231
73248
73305
81836
73363
81645
81486
73211
81493
73216
81821
81825
73364
73446
80664
81468
81511
73210
73212
73237
81903
76250
76263
77791
73228
81479
81478
81488
73209
81493
73418
73443
73446
81687
81691
81478
81810
81817
82039
81490
81490
81903
73360
80665
76257
76596
76597
76625
73224
73226
81826
73223
81827
73219
73223
73232
81831
73239
81827
73906
73919
73940
74014
73222
73224
73905
73223
73232
73892
73226
81819
81821
73303
81883
81485
81796
81838
81794
81804
81812
73910
73234
73236
81817
81818
73925
81477
81801
81822
81481
76321
76385
76599
76604
73241
73248
81831
73251
81829
82025
73250
81832
73845
73879
73922
74020
81839
81856
81857
73595
73649
81958
73875
73944
81828
73476
80610
80619
81722
73301
73371
78060
73304
81798
73271
80394
81838
81855
73304
81771
81834
81839
73265
73866
81806
81859
73848
73855
73857
81854
81864
82019
73590
73594
73642
80406
73866
81852
81953
73568
81886
81941
73825
73836
73261
73268
73269
81771
81853
73263
73311
73627
81873
81886
81935
73300
73307
73662
73673
73813
73836
73876
81806
81850
82033
73288
81853
81857
73274
81859
81861
73591
73856
73668
73856
73866
73660
81775
81866
73589
73671
73824
73827
73876
81839
82025
81857
73290
73375
73380
81877
73351
73669
73782
73380
81876
73409
73689
81721
81916
73712
73793
81967
81973
73576
73599
73705
73710
80609
80611
81720
73291
73306
73447
81898
73285
73568
81941
81955
73867
81842
81864
76225
78051
78127
78178
73288
73295
73406
81862
73297
73293
81871
73408
81872
81884
73303
81883
81884
73449
81876
73299
73405
73379
81878
73300
73384
81766
81809
81890
73406
73410
73299
73307
81934
73325
73307
81862
76249
78077
73694
73701
81919
81959
73406
73447
73305
81813
73967
81838
81855
81868
73314
73317
73313
73315
73532
73585
73628
73313
73546
73600
73317
73319
81867
73319
81939
81941
81947
73325
74143
81733
73341
73546
73560
73576
81926
73713
81865
73494
81750
81869
81882
73479
81873
81935
73479
73544
81923
81932
81830
73588
73598
81929
81776
81794
81841
81868
73342
73496
73498
73492
81718
73488
73492
80224
73489
73548
81728
73381
81751
73381
81750
81751
81754
73344
74145
73336
73342
81717
73338
73398
73413
73491
81744
81896
73339
73340
73341
73342
73496
73345
81942
73486
73496
80194
81740
81746
73704
80393
81946
81741
73782
80398
81979
76584
78072
81747
81882
81933
73475
81710
81733
73433
73452
73453
81807
81698
81874
81899
73394
81809
81892
81900
73363
80664
81804
73394
73412
81890
81451
81700
73388
73495
73867
81800
81815
81895
81451
81681
81696
81841
81868
80321
73386
73440
73450
73432
73372
81686
81693
73404
77797
73373
81684
73374
81719
73491
81678
81841
73378
73408
81770
81874
81890
81891
73396
73412
81698
81874
73385
81809
73410
81891
81877
81898
73407
81756
73392
81713
73390
73399
81713
73405
73406
73395
81892
73425
81893
73392
81769
81770
81866
81870
81724
81769
73432
73395
73419
73422
73395
73411
73449
81888
81894
81902
73412
81905
73499
73500
81913
73487
81713
73432
81715
81725
73401
81715
82074
73410
81899
76250
76322
77791
81871
81697
81875
73462
73674
81925
73417
81900
81902
81902
73491
81876
81709
73420
73431
81643
73435
81644
73429
81889
73438
73443
73422
73440
73436
81644
73445
81885
73453
81885
81698
81808
81897
73452
73453
73443
81657
73430
81645
81807
73436
81685
81642
73436
74063
81641
80664
81681
81892
80641
81682
81686
81688
73450
81657
73446
81645
80316
81699
81812
81888
73453
81885
81680
81692
82078
73454
81894
73459
73460
73525
73457
73459
73520
73458
74118
73460
73521
81711
73468
74147
81908
81911
73482
73493
81919
74119
74123
74125
74139
81738
81737
73475
73490
73683
78141
78172
80462
80463
80614
80392
80465
80407
80448
80389
80459
81714
73675
80185
81759
73678
81721
81918
73543
73699
73641
76214
78140
81753
81913
81924
81922
81932
81944
73696
81778
81978
73685
81915
73519
73522
73523
81908
81732
81717
81725
81727
81723
81719
73499
80413
81932
81747
81886
81765
81767
81866
73565
73567
73602
81920
81727
81730
73501
81917
81732
81733
73544
81911
73701
73719
80609
73505
73510
73511
73505
73508
73518
73517
73507
73510
73549
73517
73551
73509
73512
73519
73520
74136
73535
73512
73513
73520
73521
73529
73522
73544
73550
81911
73516
73518
73523
73517
73541
73519
74144
73521
73545
73538
73545
73538
73677
73525
73527
73548
73526
73545
73544
73548
81728
73528
73530
73529
73531
73535
73545
73532
73534
73534
73535
73543
73699
73534
73558
73561
73549
73537
73538
73550
73573
73547
73677
73541
73540
73551
73555
73541
73579
73551
73608
73609
73692
81937
73548
73578
73699
73550
73689
81916
73551
73577
73584
73553
73554
73557
73558
73577
73555
73571
73577
73579
73559
73570
73571
73559
73564
73561
73577
73562
73561
73564
81926
73563
73570
73582
73624
73629
73582
73566
73569
73571
73572
73573
73584
73710
73867
73581
81920
73581
73573
73579
73579
73697
81938
81956
81964
73697
80388
81779
81961
73578
73587
73600
73609
81930
81937
81938
73629
73587
73626
73632
81923
73586
73598
81768
81927
73599
81928
73623
81928
81931
73596
73647
73673
73596
73652
81954
73594
73628
73642
73593
73601
73652
73594
73706
73656
73681
73836
73648
73824
73600
81768
81830
73706
81921
81930
81927
73607
73622
81931
73632
73707
73621
73659
81951
73612
73651
73829
73607
73619
73622
73634
73620
73613
73611
81921
73613
73687
73617
73620
73613
73616
73634
81949
81950
73619
73638
73646
73658
73629
73634
73657
73658
81950
81938
81950
73623
73625
73625
73626
73634
81928
81865
81944
73706
81921
81948
73689
81925
78175
78180
73637
73653
73721
73716
73644
73653
73658
73655
73828
82015
73727
78125
73643
73811
73661
73681
81939
73647
73648
73648
73652
73659
81948
73650
73656
73812
81854
82015
82016
73654
73829
73657
73715
73658
73667
73715
73662
73821
73661
73872
73670
73972
73984
81773
73811
82014
82017
73700
81842
81943
81958
73729
81780
82012
73817
73722
73819
73670
73672
82014
73811
80406
81953
80393
81978
73697
81954
73813
81953
73829
81779
82012
81954
82014
73690
81721
81723
81869
81880
81912
81946
80393
81748
81971
73686
81778
81954
81997
81915
81917
81918
80411
73687
73690
73709
73723
73693
81972
73708
73727
73743
76210
73707
81920
80421
81961
81983
81924
81971
81970
81926
81844
81957
81975
81943
81982
80404
81748
81761
80411
81865
81930
81945
81931
73708
81925
81936
81936
81937
81964
81923
81926
73737
73804
80327
80335
73729
80388
81780
81930
81931
81938
73751
73818
73721
73818
82017
73725
73729
73793
73726
73750
81989
80413
81919
81924
73728
73819
82016
73817
82011
81778
81961
73725
73748
82010
73801
81965
76213
82016
82018
73731
73739
73732
73741
73733
73742
73745
73735
73739
73781
73745
73741
73744
82008
73784
73832
81968
73744
73763
73780
73744
73741
73751
73810
73747
76224
78110
73746
73747
81986
73748
73806
74866
74934
77512
73801
81845
81985
73783
81845
81989
73765
73767
73771
73764
73773
73780
73758
73764
81999
73758
73766
73768
73840
76140
77537
73763
73786
73796
81999
73802
80625
81962
80323
80376
73808
73809
73852
73780
82007
73767
73766
73779
73767
73779
73788
73770
73772
73776
73779
80330
73772
73773
81991
73781
73793
73801
81968
80344
80345
80381
81989
80330
74021
81994
82071
73781
81990
73794
80399
73785
73810
73832
73851
73853
81982
73818
73852
73853
81992
82000
80624
82005
73862
80460
81983
73831
80622
81966
80545
81845
80397
80399
81972
80388
81963
81967
73804
82007
82051
73983
73986
82069
80396
80421
73844
80339
80327
80622
73959
73977
82061
82068
73877
80623
81743
74894
74903
74906
73826
73834
82069
73810
82009
73976
81993
82005
82008
73856
73878
82020
82021
73814
73920
73821
73838
73842
73850
73854
73818
73820
73819
73822
73852
73822
73823
73854
80406
73853
81963
82017
73831
80335
82006
73860
81856
82019
82013
73877
73844
80618
81772
73839
81995
82048
73944
81840
82057
73920
73838
73854
73920
73858
82069
74886
74893
73843
73943
73955
80627
73848
82022
73861
74014
82056
81772
73849
73857
73848
73849
80624
73947
74001
82058
82053
80624
80335
82006
82047
73976
82047
82022
73875
82023
81859
73875
74020
73985
74001
82071
81828
82026
81773
81858
81870
73899
82031
80382
80587
81851
81860
82020
81765
81848
81798
81799
82064
73899
73944
73920
81953
73878
81784
73912
73972
74002
82019
82024
81990
82007
82063
73947
82059
73885
73888
73895
73927
73938
81448
81437
73886
73890
73886
73894
73898
73963
77431
73893
73894
73924
73930
73897
73903
73921
73941
73921
73941
73918
81446
73897
73923
73916
73918
81447
73906
73924
74968
76118
81799
81840
73973
82042
82061
73907
73914
81840
74963
76098
77431
78968
73904
73913
73905
73907
73910
73921
73942
73909
73913
73914
73943
73910
81799
81800
73915
82063
82067
81799
81800
82031
73924
73955
81773
82021
82067
73925
81515
73955
80627
82060
81515
81801
82032
82037
82037
73947
82057
73941
73942
73940
81435
81446
73936
73937
73943
74014
82045
82056
73932
73942
73937
73934
73936
73935
73990
73937
74019
80627
82045
73943
74020
73979
82030
73977
81782
81994
73959
73949
73950
73977
73954
73951
82061
73960
73987
80582
73969
80351
73960
73974
81840
81988
81993
82052
82061
82062
82058
82062
73975
80545
73963
76098
76126
77431
75752
76115
80326
80373
80548
76108
76115
76122
78332
81879
81881
80319
80326
73971
82029
82040
74016
82044
81798
81836
82041
82056
74022
82047
74021
81837
82030
74022
82040
82042
80342
80563
80568
80394
80610
81783
81790
80331
82028
80334
81775
81995
81782
82070
73988
74022
82042
73990
73991
73991
74019
74019
82041
73994
73994
74022
80353
80354
81436
73998
74010
74017
74013
80846
80353
80356
81437
82044
80612
82031
82066
82068
74007
82040
74010
80353
80353
81435
81441
81433
82032
80355
74020
82063
82058
75404
75415
75416
75804
74028
74035
74039
74039
74040
74898
74027
74029
74030
74028
74035
74030
74031
74889
74904
74036
74037
74036
74037
74038
75409
75411
75415
74037
74889
75411
75428
74036
74040
75428
74900
75429
74042
74044
74048
74082
80654
81652
81669
74072
74083
74046
74053
74053
74081
74085
80646
74049
74079
74054
80250
80651
80652
74060
74140
76041
81641
74062
80646
74106
74103
81577
74073
81671
74094
81647
74146
76031
81464
81649
80642
81655
81656
81647
74066
74078
74083
74069
74070
74068
74069
74111
74071
74101
74071
74076
80663
74084
81667
81652
76018
76028
76040
76063
74094
81613
81674
74078
80662
80663
74079
74083
80657
80657
74084
80657
74084
80207
81581
81587
81578
81584
81588
74090
74092
74096
74090
74096
74097
74111
74094
81614
74106
75934
76006
76028
76039
81581
74101
74102
80716
80728
81599
74110
81571
81572
81574
74111
80726
81582
81673
81587
80727
81572
81573
81670
81673
81575
80692
81497
81626
74122
74137
74128
74137
74138
74117
74128
74129
74136
74138
74119
74129
74136
81736
74122
74123
74128
74124
74143
74145
81734
74125
74129
74126
80389
74132
74141
74134
74135
74134
74144
74147
81908
74144
74137
74138
74144
81738
76038
76065
81736
76030
76089
81736
74149
74158
74162
74160
76570
74162
74163
75107
74152
74156
74158
74156
74163
74155
74168
75057
74156
74157
74165
74165
74167
74158
74159
74160
74161
74744
74166
74761
74275
74168
74717
75083
76475
76517
74166
74762
74753
75058
75121
74171
74467
74481
82244
74171
74173
74176
74205
74173
74210
74256
74175
74176
74180
74197
74181
74258
74190
74268
74279
74473
82099
74179
74257
74180
74181
74255
74193
74454
82139
74189
74193
74196
74470
74487
74516
82081
74188
74251
74467
82244
74189
74192
74500
74393
79760
79764
74190
74191
74191
74197
82244
74517
74193
74501
74390
82234
82240
82258
74475
82140
74197
74200
74463
74466
75077
74211
74476
82244
74541
82139
74485
74796
82136
74316
82034
82194
79879
80119
74205
74209
74418
74210
74481
79812
79837
79904
82196
74326
74439
79750
82264
74397
74416
74469
74626
74210
74213
74222
74415
74481
74213
74219
74396
74222
79882
74219
74221
74262
74362
74363
74366
74219
74376
74328
74651
74783
79876
74653
82043
82242
82243
74236
74256
74262
74245
74363
74260
74263
74451
75051
82095
82096
74722
82121
74231
74289
75237
76207
79934
75078
75089
82116
74265
74628
74447
79928
82144
82192
74284
82106
75027
82104
74350
74374
82182
75237
76161
82167
75212
75214
75240
76021
74380
79932
82097
82105
74254
74258
74271
74367
76057
74259
74722
74279
74619
74632
74242
74244
74419
74244
74245
74254
74243
74252
74254
74246
74247
74262
74247
74265
74248
74373
74264
74265
74377
74715
82124
82125
74281
74619
82135
74502
74508
74517
74255
74257
74331
74419
74451
74257
74258
74258
74263
74619
82135
82247
74263
74264
82247
74329
74385
74447
74263
74622
82135
75085
74725
75103
74625
74723
74473
74274
76043
76092
74506
79874
82245
82254
76062
75242
75247
82185
82236
75838
75946
76061
74312
76570
82156
74294
74620
82079
82120
82132
76840
82190
82099
82141
74304
74346
82088
74622
82193
82194
79953
74353
75246
82209
74380
75245
82100
74731
81846
82130
74351
74352
75073
75082
75253
75219
76020
76105
79927
75027
75089
82111
75196
79947
82178
75246
79931
82184
74395
82204
74452
74613
79393
79940
75023
75082
82096
74321
74337
74348
74357
74299
74301
74355
74356
82107
82110
79905
79955
79959
82212
79905
80140
74329
75074
74631
75093
82209
82161
74367
76044
76064
76028
76086
75244
82111
82189
74718
76611
74340
80001
74316
74624
82093
79339
82034
79872
79964
80089
74417
74622
79882
74320
74336
79918
82199
82204
74342
79914
74382
74402
74620
80067
82196
80120
82214
79837
79871
82215
79904
79918
82196
74471
74651
80024
74447
74621
75050
75068
82119
74732
79831
77259
77263
79811
80012
74471
74529
79758
80229
74336
74384
74385
74355
74356
74344
74347
74365
75850
76056
78353
80284
74346
74348
74355
74356
79902
79885
79902
79912
74345
74348
74349
74370
74349
74357
74372
74371
74383
74354
75252
82143
75196
79907
82088
79914
74359
74362
74368
74364
74369
74361
74364
74384
74362
74376
74373
74376
74365
74370
74384
74373
74374
76045
76062
74369
74375
74370
74372
74372
74375
74383
74377
74375
82163
82171
82182
75870
78386
75251
78593
82177
74396
74411
75256
82144
74385
82199
82228
74440
74511
74514
74515
74772
74778
74781
74404
82221
82228
74648
79823
79560
74398
79750
82218
74420
74577
82217
80020
74411
79882
74644
82215
82243
74425
74427
82265
74422
74425
79716
79760
82230
82234
79874
81952
81969
74418
79414
74417
82034
79716
82229
79870
80082
74469
79831
79966
74410
74577
82211
79992
79794
79797
79799
79866
74620
75246
82180
82192
76091
78532
82201
74537
74469
82205
82194
82241
75085
74425
79760
82218
79831
80087
74433
74575
74427
74564
82263
74426
74530
74570
82230
74524
74657
74433
74482
74502
82266
79739
74578
79738
79741
81579
74633
79711
80132
74434
74558
74533
74557
74559
81640
74567
81787
75921
75923
75977
74578
74645
79716
82227
82043
82242
82256
74564
82255
81952
82043
82235
82257
82083
82231
82257
74485
74629
74649
74796
74477
74478
74479
74480
82081
82195
82267
74526
80518
81203
82144
78564
74566
75566
75982
79988
80118
74628
74586
74710
78578
74496
75073
75253
74461
74505
75077
74459
79546
79948
82236
74523
74536
74636
82233
74615
74647
81789
74460
74492
74498
82082
78445
82129
74464
74637
81846
74464
74498
74787
75088
79546
74464
74617
75912
75914
75915
74475
82140
81984
82079
82134
74478
74540
82245
74590
74650
75915
75924
75925
75095
74632
82099
74502
74627
82080
74487
82195
74487
74488
74480
74484
74542
74490
82241
74505
82080
82082
74508
74517
82197
74542
82197
79758
82251
74603
74605
74606
80528
74489
74540
74490
74495
74499
74493
74787
80300
80352
74494
74647
82233
74719
75088
81789
74495
74497
82233
82147
74498
74501
74505
74500
74542
74501
82266
74505
74629
82093
82181
74614
74636
82245
74511
74539
82081
74657
79534
81952
81984
74514
82255
74531
74532
74564
74528
74531
81726
74516
74520
74534
74534
74516
82081
82266
74640
80547
74520
74523
74540
74522
74591
74805
74824
78107
74524
74525
74540
74636
74639
81209
74530
74534
74716
74790
81203
74664
79714
74535
81777
82225
74660
82232
82251
79761
74535
74570
74551
81495
82225
74615
74719
74627
82181
74724
74797
75103
79874
82263
82267
82139
82146
82266
79708
82225
82239
74545
74548
74582
74576
81359
79708
81651
74568
74569
74553
74569
79732
79754
79756
79765
79751
79765
74562
74574
75957
75985
74555
79768
75084
79556
79590
79640
81438
74593
79640
79642
74562
74565
74564
82255
74571
79757
75802
75918
75969
75984
74569
74576
81651
81787
75788
75964
74568
74571
75919
75968
74576
82225
74572
82239
79718
79641
79710
79753
81726
82222
79716
79737
82228
79708
79749
79790
74805
78138
79550
80905
74583
74587
74807
74768
78366
80081
81280
79640
79642
81297
74806
74824
78268
74587
74654
74781
74771
75101
78568
80154
74730
80705
74588
78321
74654
74655
79748
79969
74814
74821
79532
75931
75937
79714
79525
79657
79671
79640
79714
81438
79596
79665
74609
80402
81066
81158
75794
75928
75947
80467
80613
81203
75090
80369
81209
74609
74778
80402
74610
74792
81288
79703
80403
80451
74605
79635
82239
74606
74657
74720
74773
74610
74778
81093
79262
82154
74779
74795
74655
74659
74643
74649
74784
82251
79706
79755
74726
74767
80691
74784
82246
82233
74656
74802
79656
81470
74625
82130
74666
74685
82141
82203
75087
82126
82171
76926
82181
82215
74638
75085
82095
74638
81940
75041
75056
75185
75212
75051
82095
74732
79717
80871
74635
75812
75792
75802
75926
82246
74647
81811
82181
74784
81209
82246
79416
79647
82152
74775
82232
82253
82260
74648
79764
79766
79719
79807
81940
74660
74661
80024
74794
79702
79739
79767
79793
82087
82235
74655
74781
74792
78277
79707
79709
82239
79583
79646
80528
81288
79703
80471
74737
79651
79976
74800
74815
79490
78321
79707
80725
79356
79554
74679
75813
75955
74695
78918
79401
79530
79637
74703
74713
78900
74780
74795
74823
78173
78926
79398
74673
78900
74819
74822
79504
79503
79522
79542
75065
79549
79699
74736
74794
79579
74680
74682
74741
81280
78901
80905
75795
74681
78013
74690
74825
74683
74690
74691
74684
74799
74687
74699
75809
74687
74688
74713
74690
74820
79499
74754
74844
74956
74741
74799
74750
74764
78364
78774
79717
79704
80733
80703
76864
74699
74701
74760
75063
75201
77101
79973
74703
74826
78717
79396
74703
79396
74813
79488
79500
79973
78926
79051
79214
79954
75201
77101
79391
82123
75064
79374
79554
79566
77228
82160
74711
74738
74747
74730
74757
75067
75059
79645
82153
82158
79504
79973
75122
75129
76485
82156
82132
82133
74789
74790
81158
82128
82151
75102
75108
82156
75090
82246
80369
82084
74770
82092
82159
82121
82133
75045
76517
76645
74771
76738
82129
75083
76485
79302
75018
79406
79620
79946
75015
74765
76879
79571
82090
75091
79365
79989
75051
75253
74794
78918
75062
82118
82137
75080
82103
82137
82148
77215
79631
74788
79401
80703
74760
74769
74757
74768
74774
78364
74769
74799
78432
78406
74745
74764
74785
74744
74745
74763
74761
80691
74746
74748
74761
74757
74764
74785
74749
74751
74752
74759
74751
78432
74764
74769
74755
74762
74755
74762
74767
75582
78730
74758
78576
78721
78730
78485
74759
74760
74769
78576
74762
76593
79940
80691
75091
78441
78513
79467
75059
79645
74780
75067
75043
80685
79393
74781
78268
80871
80369
80451
81209
74776
74786
75103
79552
74779
74780
74786
78442
78485
81158
74798
77086
78754
79417
79973
75055
82142
82254
78481
79940
74790
80467
80581
79651
79711
74791
78441
81066
78442
79467
80132
80581
79646
79702
80871
81066
77099
81849
75045
79321
80081
74803
74815
79486
78330
79535
79544
79634
78217
77949
79489
79500
77989
78088
79321
74821
74824
78321
74809
74810
78107
74811
74825
74814
74817
74817
74818
74813
74814
79488
79532
74817
79548
79497
79528
79214
79954
74820
79548
79246
74825
77908
78211
77897
79499
78268
80871
77989
77974
78717
79563
79638
74830
74834
78212
74830
74951
79441
76123
77477
74930
76102
79433
79442
74833
74834
74852
74859
77477
76186
74837
74841
74877
74838
74842
74838
74865
76132
74843
76137
74846
74847
74878
74842
74846
74843
74848
74913
75588
74847
74848
74860
74848
74856
76097
76104
76109
76110
74854
74859
76100
74852
74853
74854
74859
76184
74860
76181
74855
74856
77617
74860
77644
76099
76109
76156
74888
74909
76153
76103
76151
74863
74872
74874
74863
74868
74872
74864
74865
74894
74877
74885
74892
74941
74891
74916
76132
74870
74877
74870
74871
74878
74873
74907
77686
74873
74908
74901
74906
74897
74905
74941
77512
74909
76097
76100
74878
77652
74909
76107
77497
77616
74896
74912
74920
76140
76155
74924
75405
75467
74894
74918
76155
74890
76106
77537
74890
74922
75432
74936
74914
75472
75786
76152
74938
77497
75404
75430
74915
76145
74902
74934
74939
74902
76107
76101
76146
76154
74897
74899
74907
74897
74898
74900
75431
74900
74908
74904
74904
74906
74908
74939
76154
74906
74924
75405
74917
77497
77671
74908
77512
74973
75131
75455
76152
74973
75452
77328
74920
75131
75144
74940
75798
75434
75776
74926
74955
77399
74918
76101
76134
75405
75406
75430
74920
74938
74973
74922
74933
74974
77351
74938
74941
74972
75456
75665
77358
76155
75398
75447
76098
78982
75458
76106
77626
74930
76097
76102
78325
78986
78988
79435
74931
74954
74972
79442
74932
74932
77358
74937
74977
74980
75456
77652
74977
74983
75457
75464
76101
76097
76153
77384
75460
76151
77644
74956
77497
74943
74948
74960
74944
79248
78974
79236
79438
76119
76122
76129
76130
74952
76123
76128
79443
74949
74953
79425
79426
74950
79426
78297
78974
74954
76125
77472
77477
74961
79445
79449
77458
79426
74969
75450
75453
75458
75806
74960
74966
74969
74967
78940
78947
75210
75814
75959
74969
79254
74971
76129
78334
74963
78951
78972
78982
78980
75000
75334
75344
75463
74992
74996
78976
79263
74967
74979
78949
76124
78979
74972
78313
78977
78978
78992
76119
76124
78327
75442
75460
74977
75452
75458
75752
77428
75447
75456
75457
75665
74978
74981
74982
74980
75010
75456
74982
74991
75138
74985
75455
75464
76152
74990
74991
75152
74987
74991
75011
74989
75008
75339
74988
75012
74990
75013
74990
75150
75139
75716
78951
78969
75000
78990
79105
74996
75716
75443
75447
75457
75611
78941
78944
75334
75341
75605
75834
75000
75334
75575
75341
75466
75576
75611
75002
78946
78949
79115
79098
75005
79112
79115
75007
75290
78938
79080
79115
75008
75013
75013
75291
78962
79236
75011
75568
79092
75012
75576
75013
78946
77151
79128
82168
76211
79413
75017
79403
82172
75018
75269
75205
75083
76485
82153
77299
79536
79652
79355
79616
75072
75178
75206
75029
75076
82103
79503
79611
75239
75242
82098
82106
82107
75078
75081
75029
75076
75078
75081
82100
75248
75257
76207
79934
79947
82145
82149
79907
79932
82105
75208
76792
79946
79951
75214
76271
76323
82167
75036
75203
75214
82091
75072
75193
75209
75040
75211
79415
75047
79256
79620
75040
75042
75124
75112
75062
75204
75213
75184
75197
80685
75050
75068
75102
76611
76570
79302
75057
75126
79415
75113
77071
79415
75201
82157
82158
82128
75082
75058
78731
82158
82090
78573
79396
79663
79876
82136
82161
75208
77135
82155
75058
75122
75059
76485
79420
79525
75075
82089
82162
82155
82186
78573
79662
80019
78774
79717
80725
79957
80547
78166
78173
75069
75086
75106
75071
75099
75128
75086
82115
75096
82086
82088
75094
82089
82117
82139
82103
82113
82117
82118
82086
75245
82148
82086
76475
79664
82135
82119
82120
82132
79300
75186
80352
78441
79365
75793
75977
80020
82193
82147
82150
82080
82113
82120
75215
75223
76082
76271
79576
75125
75185
76309
77135
82155
75103
76517
79552
75106
75129
75105
75106
75110
75109
75128
75128
75120
75121
82156
75110
75120
75115
75116
75115
75112
75119
75126
75113
75124
75126
75127
75115
75117
75120
75118
75123
75118
75119
75124
75121
75122
75126
75124
75125
75197
75127
75128
75129
77135
75132
75135
75143
75132
75434
75133
75134
75455
75135
75138
75141
75453
75457
76152
77399
75142
75397
75424
75139
75464
75153
75466
75424
75425
76434
75393
75425
76455
75400
75425
75426
75431
75434
75776
75151
75156
75393
76455
75148
75156
75172
75149
75151
75150
75152
75342
75152
75153
75446
76455
75292
75296
75354
75157
75159
75162
75161
75160
75372
75159
75165
75166
75177
75166
75172
75399
75177
75410
75395
75165
75168
75177
75167
75169
75171
75169
75170
75176
75172
75173
75176
75284
75174
75176
75175
75176
75197
76297
76310
76323
82167
75181
75182
75191
75187
75188
75189
75190
75188
75191
75235
75211
75212
82091
75204
76309
75204
75213
76289
76271
76323
75223
75193
75209
75191
75194
75195
75228
75230
75194
75195
75203
76309
75794
75200
75202
75203
75211
82091
77258
75205
75231
75236
82115
75271
79946
75209
76310
79927
79934
82108
82145
75212
77042
76323
75220
75787
77042
75240
75244
76082
75222
76084
76105
75239
76161
82098
75219
75224
76105
75224
75225
79130
75250
75275
75560
75799
75805
75222
75224
75232
75223
75235
75226
79158
75232
75233
75228
75231
75262
75230
75236
75232
75234
75235
75234
75235
75236
75274
75234
75268
76082
75239
82111
75636
75638
75787
75789
82104
75244
82167
75250
79133
79937
79938
82145
82111
82106
82192
78593
79938
79930
82173
79930
79936
82179
82174
82097
82101
80307
76021
79951
82102
82144
82176
75789
75964
75327
75553
75622
75720
75265
75267
79418
75265
75268
75274
79182
79184
79371
79399
79404
79418
75269
79148
79404
79418
75268
79148
79159
75270
75271
79418
82172
75273
75274
75273
75274
75275
76020
82102
82169
75276
79132
79132
79133
79167
78568
79957
79989
79162
79167
79188
79381
79399
80011
79188
79372
79337
79369
75283
75296
79110
75292
75305
75286
75293
75311
75326
76372
75326
75350
75353
75289
75295
75321
75290
75294
75291
79121
75340
75343
75368
75890
76342
75347
75354
75296
79074
75299
75306
75999
75313
75360
75312
75313
75301
75302
75306
75312
75315
75319
79079
75320
79108
79125
79220
75323
79052
79119
75306
75370
79069
75308
75325
75337
75370
75328
75310
75325
75337
75317
79125
75330
75367
75314
75314
75909
75318
75319
79088
79109
75329
75318
79220
79109
79055
79087
79052
79054
79055
75322
79063
79074
79054
79058
79121
79039
79055
79075
75328
79107
75358
75851
75723
75725
75333
75344
75330
75362
75358
75359
75336
75367
75383
75464
75466
75611
75334
75336
75398
75575
78948
75834
75348
75909
75851
76342
75340
75342
75346
75343
75373
75463
75808
75808
76356
75344
75463
79106
75355
75514
75554
75349
75373
76356
75349
75354
75373
75360
76341
75372
75356
75363
75364
75353
75357
75359
75358
75371
75483
75562
75357
75378
75372
75894
75364
75909
75363
75364
75365
75392
75366
75367
75387
75462
75844
75844
75401
75462
75470
75847
75890
75999
76335
75379
75376
75384
75421
75377
75381
75385
75381
75436
75378
75423
75379
75392
75401
75412
75436
75438
76402
75461
75468
75605
75611
75448
75469
75470
75385
75386
75390
75388
75391
75459
75465
75471
75465
75468
75471
75391
75392
75459
75462
76434
75399
75470
76402
76455
75397
76392
75402
75502
75512
75548
75443
75732
75401
75412
75508
75513
75516
75418
75433
75519
75430
75432
75430
75431
75776
75420
75437
75803
75421
75437
75436
75412
75419
75423
75415
75416
75422
75439
75786
76145
75417
75449
75437
75803
75504
78857
75428
75438
75784
75436
75437
75763
75438
76451
75429
75434
76451
75505
75530
75537
78889
75429
75431
75776
76145
75483
75503
75484
75500
75514
76002
76451
75440
75450
75786
75441
75450
75444
75445
75665
76098
76126
75461
75745
75461
75745
75468
75790
75466
75470
75808
75568
75469
75472
75804
75453
75460
76153
77328
77384
75455
75745
75462
75471
77399
75593
75576
75816
75469
75471
75790
75502
75606
75990
76027
75480
75533
75599
75477
75534
75668
75477
75478
75541
75533
75649
75480
75511
75480
75488
75991
75485
75487
76000
75484
75514
75563
76029
75491
75518
76037
78383
75486
75488
75501
75515
75498
76065
75512
75998
75492
75495
75499
75496
75498
76079
75556
75562
78857
75496
75497
78885
78886
78902
78706
78848
78851
78694
78888
75501
75506
75501
76036
76079
76001
76002
76025
75508
75555
76034
75518
75542
75549
75730
78882
75542
75555
76034
75507
75508
75509
75529
75515
75510
75536
75511
75515
75512
75543
75515
75526
76036
76037
75556
76034
78862
78694
78847
78851
78888
75990
76034
75729
78882
75744
78707
78709
78725
78694
78706
78856
78862
75523
75524
75529
75545
78739
75744
78725
78727
78793
75556
75563
78867
75528
78890
78706
78866
78889
75537
75544
75557
75532
75535
75539
75536
75541
75534
75608
75538
75545
75537
75543
75545
75736
75738
75540
75725
75709
75723
75543
75649
75544
75722
75555
75729
75747
78716
78897
78910
78920
75549
75591
75990
75998
76025
76037
75550
75660
75721
75552
75633
75683
75704
75684
75628
75700
75990
76001
75712
78856
78697
78866
75629
75674
75706
75720
75663
75670
75718
75724
75564
76001
75594
75615
75814
75563
76026
75565
75925
75924
76002
75955
76004
75590
75603
75807
75576
75789
75799
75810
75820
75594
75778
75815
75578
75594
75796
75615
75815
75817
75580
75615
75636
75814
75585
75587
75593
75579
75614
75632
75959
75624
75636
75638
75624
75781
75781
75586
75603
75637
75779
75807
75818
75819
75632
75781
75590
75595
75609
75604
75819
75592
75606
75639
75620
75787
75605
75596
75597
75599
75601
75607
75609
75989
75635
75647
75683
75713
75607
75608
75639
75713
75602
75604
75630
75604
75640
75816
75610
75610
75992
75820
75982
75799
76027
75613
75619
75632
75658
75616
75617
75624
75625
75618
75619
75686
75662
75623
75638
75639
75627
75705
75629
75683
75700
75624
75627
75627
75686
75670
75701
75668
75671
75704
75634
75640
75713
75634
75637
75637
75646
75662
75647
75648
75700
75817
75640
75640
75705
75646
75651
75685
75643
75645
75652
75650
75658
75695
75699
75701
75646
75662
75648
75659
75653
75712
75725
75657
75659
75652
75656
75655
75654
75657
75671
75700
75656
75657
75672
75659
75662
75705
75721
75667
75670
75704
75664
75691
75666
75681
75753
75667
75678
75685
75725
75687
75694
75721
75706
75672
75673
75679
75685
75674
75680
75726
75678
75681
75677
75715
75681
75691
75679
75680
75706
75709
75723
75727
75704
75703
75690
75692
75707
75690
75707
75717
75718
75718
75693
75697
75724
75703
75727
75728
75698
75698
75769
75702
75702
75703
75703
75762
75726
75768
75709
75710
75733
75746
75719
75737
75717
75765
75768
75772
75715
75719
75726
75718
75726
78972
75719
75723
75722
75727
75747
75731
75747
75770
75731
78697
78696
78698
78853
75759
75745
75752
75734
75737
75746
75736
75739
75739
75741
75738
75746
75740
75772
75740
75767
75742
78707
75766
78709
78736
78738
78740
78897
78718
75747
75751
78670
75765
78673
78728
78744
78746
75754
78751
77384
77399
77626
75760
78745
78789
75757
75760
78701
75761
75774
78667
78688
78724
78753
75761
75770
75773
75769
75762
75769
75770
75784
75766
75771
78675
78687
75771
75767
75771
75772
75772
75774
78697
78718
78693
78776
75927
75950
75791
75800
75958
75798
75791
75812
75965
75967
75993
75918
75922
75960
75969
75790
75790
75799
75800
75958
75819
75792
75964
75795
75918
75993
75911
75994
75958
75803
75912
75956
75954
75994
75810
75925
75959
75818
75847
75920
75965
75954
75994
75812
75818
75993
76004
75834
75820
75873
75933
78528
75826
75828
75838
75870
75952
75840
75855
78515
75837
75888
76088
75848
78542
78549
75841
75856
76080
78544
78530
75835
78549
78569
75870
75933
75937
76085
75844
75841
75852
75854
75856
75861
78506
75839
76091
75888
75892
75895
75845
78545
75845
75863
78529
75892
78375
78543
75847
76055
78506
75852
78549
76372
78517
78517
75869
76044
78869
75857
75890
78526
78551
75854
76055
78523
78527
75856
76055
78522
75894
75999
76043
76045
76058
78843
75862
75868
78516
75862
75865
76073
75871
78382
78516
75864
78381
78505
75889
76075
75889
75892
75946
78543
75868
76069
76073
76092
78382
76024
76064
78370
78371
78572
75879
75880
75888
75879
75888
75875
75899
75928
75876
75878
75877
75886
75883
75884
75879
75883
75881
75895
75883
75884
75891
75892
75895
75887
75889
75891
75940
75899
75904
75908
75891
75893
76081
75908
75948
75984
75929
75899
75901
75901
75902
75983
75904
75906
75907
75904
75907
75908
75906
75942
75974
75972
75951
75949
75999
75927
75936
75935
75981
75960
75962
75916
75917
75985
75934
75924
76018
75987
75996
75922
75966
76005
76016
75965
75976
75986
76016
76003
75985
75957
75975
75932
75933
75937
75935
75947
76019
75950
75939
76076
76083
76086
75943
75944
75943
75948
76083
75942
75944
75951
75951
75953
75948
76015
75946
76061
76083
76081
75949
75951
76006
76061
76085
75975
76017
75964
75981
75976
75962
75963
75978
75979
75983
75980
75968
75996
76008
75971
75973
75979
75980
75974
75979
75983
75974
75986
75975
75986
75978
75986
75993
75980
75988
75995
75989
75991
75992
75992
75998
76025
75997
76009
76005
76009
76000
76011
76000
76051
76027
76003
76023
76023
76062
76010
76048
76090
76009
76010
76022
76013
76022
76038
76051
76049
78355
78840
78875
76014
76077
76015
76016
76017
76086
76017
76019
76019
76023
76028
76021
76082
76258
76048
76087
76063
76026
76029
76027
78855
76035
76041
76071
76090
76071
76077
76090
76053
76079
76047
76054
76070
76078
76052
76048
76060
76062
76060
78868
76044
78858
78861
78384
76045
78849
78864
78358
78849
76090
78847
78870
76072
78358
78385
76052
76065
76078
76087
78868
76056
76072
76089
78529
76058
78380
76080
78368
76063
76087
78383
76064
78383
76078
76069
76072
76089
76068
76069
76073
76071
76074
76079
78363
78850
76089
76092
76075
76076
76077
76076
76081
76086
78850
78380
76083
76113
76271
78386
78506
78543
78384
76094
76130
76169
76095
76096
76099
76142
76108
76122
76104
76106
76107
76109
76144
76110
77472
76109
76188
79453
76108
77626
82108
77617
77428
78332
79453
76116
76120
76187
76119
76120
76130
76161
82108
76116
76128
76185
76187
76126
77428
78201
78202
76126
78332
78334
79442
76119
76122
76121
78327
79424
79427
78324
78325
79426
79433
79442
76131
79424
79429
79445
76129
79453
78332
76187
77458
79441
76134
76135
76135
76136
76139
76139
76137
76138
76168
76151
76157
76148
76149
76144
76143
76150
76171
76143
76156
76190
76146
76149
76147
76149
76150
76150
76175
76182
76156
76189
76168
76176
76182
76159
76166
76176
77783
78184
76162
76164
77783
76163
78194
76165
78195
76166
76167
76173
76174
76168
76174
76175
76175
76170
76187
76172
76185
76190
76172
76175
76190
76173
76174
76178
78183
78210
76180
76181
77753
78213
76186
78184
76182
76184
76189
77698
78184
76186
76188
76188
78213
76189
76190
76192
76196
78126
76198
76204
76204
76209
76212
76195
76196
78137
76199
76202
76199
76198
76199
76201
76206
76202
76205
76233
76205
76206
78131
76205
76222
76234
76206
77218
82175
76224
76303
76355
76212
76236
76355
76213
78121
76994
76219
76222
78112
76242
76328
78127
76294
76295
76308
76217
76218
76221
76231
76304
76220
76221
76284
76222
76237
78051
78071
78130
76235
76236
76237
78130
76235
78111
78113
76331
76612
78051
78182
76229
76232
78073
76230
76231
78074
78077
76237
76233
76234
76234
78132
76237
78126
76355
78126
76491
77770
76242
76294
76332
78127
76300
76325
76359
76387
76261
76316
76326
76329
76247
76276
78090
78104
76264
76304
76387
76259
76307
76597
76251
76261
76316
78056
78076
76249
76331
78077
76322
76251
77784
78091
76315
76324
76332
78053
76318
78053
76313
76499
77787
77790
76257
76594
76609
76260
82185
76584
76595
76637
76261
76262
76497
76266
76324
76332
78178
76273
78087
77789
77770
77789
78096
76270
76272
77775
76378
76382
76587
76278
78046
77769
78047
77825
77995
78083
76491
76608
76629
77790
76462
77819
78050
78070
78106
76312
76487
76620
78072
76291
76292
76360
76281
76338
76386
76283
76292
76298
76285
78139
76301
76304
76301
76306
76357
76362
76384
76299
76306
76383
76387
76359
76601
76297
76310
76294
78124
78127
76296
78061
76293
76295
76296
76332
78124
76308
76309
76360
76384
76301
76304
76333
76377
76330
76373
78121
78139
76487
76627
76628
76637
76375
76384
76329
76584
76315
76314
76315
78053
76313
76621
77777
76620
77777
76379
78061
76317
76333
76595
78072
76328
78078
76333
76339
76596
76353
76587
78052
76329
76333
76597
76613
78046
78072
78051
78140
76379
78061
78052
78178
76615
76341
76339
76358
76368
76343
76551
76591
76376
76377
76572
76607
76585
76346
76585
76591
76349
76352
76598
76551
76592
76602
76504
76531
76573
76618
76351
76572
76558
76564
76598
76381
76366
76371
76372
76366
76371
76377
76366
76386
76383
76362
76600
78061
76386
76375
76380
76384
76564
76598
76370
76596
76385
76604
76389
76558
76625
76380
76603
76386
76376
76382
76378
76601
76601
76388
76382
76574
76588
76391
76397
76399
76398
76433
77851
76434
76407
76408
76482
76476
76481
77780
76397
76450
76512
76457
76478
76507
77804
76405
76516
76400
76412
76474
76414
76556
76560
76448
76520
76556
76451
76404
76408
76427
76512
76433
76511
76407
76408
76431
76417
76490
76414
76440
76556
76476
76630
76428
76519
76549
76417
76418
76431
76417
76421
76481
76519
76557
76575
76505
76523
76577
76631
76506
76560
76423
76490
76519
76424
76549
76561
76533
76505
76631
76427
76429
76529
76431
76480
76431
76539
76543
76550
76432
76463
76502
76478
76527
76453
76454
77893
76438
76440
77872
76439
77807
77860
76439
77860
76444
76441
76444
76448
76452
76447
76483
76447
76456
76465
77881
76465
77851
76449
76449
76474
76502
76516
77870
76473
77781
76460
76462
76467
77819
77852
77866
76501
76463
76465
76467
77852
76516
76501
76514
77849
77853
77890
77847
77860
77889
76472
76483
77809
76472
76474
76630
76478
76526
77792
76473
76508
76483
79416
80154
76527
76529
76536
77803
76482
76511
76512
76529
76560
77810
76525
77780
77760
77789
77791
77797
76619
76621
76503
77804
76498
77803
77808
77833
76525
76499
76495
76514
76581
76495
76501
77734
77788
77811
77836
76629
76497
76608
76626
77761
77792
77832
77761
77779
77808
76518
76526
77794
76509
76531
76531
76520
76556
76508
76509
76527
76510
76632
77804
76518
76529
76536
76638
76524
76521
76634
76635
76721
76589
76524
76616
76525
76536
76581
76566
76622
77804
76544
76578
76590
76638
76533
76534
76549
76577
76533
76546
76580
76535
76540
76541
76548
76639
76565
76578
76634
76540
76547
76550
76540
76549
76550
76547
76548
76544
76547
76567
76544
76550
76638
76565
76567
76568
76548
76571
76562
76553
76568
76554
76580
76559
76557
76631
76602
76606
76563
76638
76615
76633
76577
76571
76578
76571
76572
76607
79302
76580
76576
76602
76617
76618
76606
76624
76635
76588
76589
76594
76609
76636
76605
76599
76594
76636
76634
76639
76592
76738
76625
76627
76597
76600
76601
76603
76604
76633
76626
76610
76626
76623
76636
76645
76613
78056
78078
78076
76616
76618
76633
76622
76624
76619
76628
76632
76632
77775
77787
76622
77790
76632
76626
76629
76629
76639
76641
76642
76912
76650
76652
76643
76651
76644
76943
76653
76654
76721
76648
76649
76650
76651
76653
76655
76658
76939
76652
76655
76932
76652
76660
76680
76656
76657
76658
76670
76902
76661
76688
76945
76670
76671
76964
76665
76696
76663
76665
76966
76666
76950
76665
76666
76702
76667
76967
76669
76682
76800
76670
76801
76961
76680
76682
76688
76677
76689
76774
76674
76680
76688
76676
76677
76676
76680
76686
76687
76678
76687
76763
76683
76703
76780
76682
76683
76686
76703
76685
76685
76686
76687
76773
76706
76693
76706
76757
76692
76694
76758
76692
76698
76713
76718
76722
76759
76694
76696
76695
76698
76699
76702
76706
76698
76701
76718
76701
76702
76789
76803
76967
76808
76834
76797
76806
76747
76748
76754
76789
76797
76821
76968
76806
76781
76783
76799
76711
76714
77656
76710
76720
77663
76714
76719
76720
76722
76727
76714
76719
76716
76716
76717
76718
76720
76776
77658
76787
82127
82128
76724
76725
76731
76732
76750
76764
76727
76733
76743
76744
76756
76730
76750
76755
76730
76740
77656
76751
76756
76732
76736
76739
76765
76744
76756
76742
76741
76743
76744
76739
76741
76752
76766
78449
79940
76767
76751
77659
76746
76743
77675
77675
76747
76754
76751
76753
76770
76752
76769
76775
76790
76753
76759
76753
76754
76771
76775
76785
76827
76836
76758
76774
76782
76759
76764
76771
76761
76764
76774
76762
76765
76763
76772
76773
76774
76767
76767
76768
76769
76772
76790
76771
76787
76804
76782
76773
76780
76787
77659
76779
77678
76805
76818
76838
76818
76819
76782
76790
76783
76806
76797
76800
77640
76833
77660
76788
76835
76962
76970
76794
76799
76813
76840
79951
76919
76955
76972
76795
76815
76796
76832
76799
76800
76923
76959
76963
76801
76953
76962
76805
76822
76970
76972
76822
76954
76970
76821
76968
76978
76968
76810
76811
76866
76809
76834
76839
76854
77604
76882
76883
76927
76953
76973
76815
76816
76971
76838
76829
76863
77571
77598
76839
76820
76839
77571
76824
77584
77607
77646
77461
77578
77639
77641
76833
77669
77632
77578
77606
77641
77571
77573
77623
76832
77661
76837
76838
76841
77628
76968
77621
77672
77621
77578
77461
76843
77670
76848
76852
76864
79406
77108
77229
77003
77164
77229
77348
77541
77555
77566
77124
77231
77231
76874
77157
77159
76870
76877
76885
76927
77067
77180
77599
77606
77609
77640
77660
77611
76902
76961
76965
76863
77606
76858
76874
77161
76859
76866
76958
76898
76957
76953
76973
76974
76865
76868
76969
77190
76969
76866
76919
76978
76868
76971
76973
76876
76875
76882
76885
77146
77173
76924
76999
77027
76874
77159
77161
76880
77183
76889
77063
77173
77183
77067
77154
77186
79572
77012
77066
77192
76888
76888
76918
76959
76885
76930
76924
76935
77018
77041
76888
76903
76929
77012
76893
76999
77008
77008
77028
77040
77159
77022
77021
77043
77006
77031
77040
76921
76942
76975
76903
77012
77035
77023
77034
77035
76963
76974
77045
77063
76914
76920
76921
76929
76941
77026
77000
77032
77045
76915
76925
76936
76913
77030
76932
76937
77006
76916
76932
76977
76916
76920
76942
76952
76938
77010
76948
76944
76948
76940
77190
76940
76958
77030
77039
77016
76956
76976
76928
76931
76934
76938
76941
79572
79579
82090
76930
77190
76929
76941
76959
76969
76937
76939
76939
77022
77034
77187
76935
77026
76941
77026
77037
76963
76957
76960
76975
76944
76964
76977
76946
76946
76964
76966
76947
76949
76966
76952
76977
76951
76951
76966
76967
76956
76956
76967
76958
76976
76960
76962
76964
76965
76977
76971
76978
76980
76982
76998
76986
76982
77043
76984
76984
76989
76995
76995
76986
77085
76989
77188
76991
76992
76993
76992
76993
77053
76995
77189
77085
82155
76997
77011
77172
77015
77020
77127
77002
77163
77175
77005
77009
77018
77020
77041
77024
77023
77044
77074
77326
79620
77021
77027
77028
77021
77038
77036
77036
77041
77040
77229
77610
77172
77187
79256
79946
77047
77060
77089
77076
77052
77285
77068
77080
77106
77055
77068
77130
77189
77068
77072
77084
77075
77058
77061
77100
77172
77060
77088
77091
77100
77065
77064
77066
77154
77155
77098
77141
77188
77171
77160
77090
77096
77097
77082
77135
79256
77090
77097
77088
77090
77096
79419
82168
77076
77077
77102
77103
77132
77085
77103
77102
77276
77093
77130
78717
77256
77089
77100
77160
77094
77098
77094
77096
77097
77142
77265
77100
77148
77284
77107
77268
77164
77219
77278
77114
77115
77284
77150
77284
77115
77131
77288
77119
77277
77280
77143
77150
77152
77265
77260
77268
77156
77282
77138
77128
77131
77147
77220
77247
77222
77223
77244
77191
77193
77128
77129
77205
77129
77156
77177
77222
77153
77152
77227
77133
77138
77149
77136
77150
77230
77249
77266
77138
77204
77261
77162
77140
77141
77144
77169
77171
77148
77143
77148
77150
77144
77145
77147
77153
77152
77153
77149
77160
77192
79391
79402
79419
77177
77165
77189
77170
77166
77188
77170
77192
77173
77179
77183
77183
77176
77177
77176
77224
77176
77177
77570
77603
77610
77246
77249
77277
77215
77591
77613
79389
79390
77192
77580
77588
77231
77602
77609
77195
77341
77366
77579
77321
77561
77586
77199
77209
77250
77229
77255
77199
77213
77595
77593
77250
77253
77282
77230
77224
77593
77610
77221
77613
77612
77322
77371
77217
77555
77565
77209
77210
77236
77213
77251
77211
77212
77319
77346
77213
77552
77553
77223
77225
77581
77262
82165
77217
77335
77539
77565
77322
77325
79927
82174
82177
77360
77280
77614
77590
77603
77565
77244
77279
77277
77280
77288
79390
79917
77238
77443
77549
77554
77248
77256
77281
77241
77236
77239
77251
77320
77300
77311
77241
79392
79400
82122
77375
79462
79540
79581
77312
77331
77280
77278
77286
77287
77288
77296
77286
77287
77296
77268
77261
77252
77253
77253
77334
77615
77282
77272
77277
77305
77270
77275
79391
79663
79811
82191
77270
77275
77289
82164
80009
80012
77265
77283
77268
77289
77305
77276
77305
77289
77274
77286
77279
77296
77283
77288
77305
77293
77311
77314
77298
77302
77361
77373
77294
77306
77313
77300
77298
77313
77299
77326
79394
77302
77360
77373
77357
79128
77302
77360
77339
77448
77478
77509
77308
77367
77309
77310
77338
77310
77364
77311
77312
77314
77337
77410
77347
77356
77359
77401
77403
77410
77320
77347
77334
77336
77562
77566
77329
77349
77467
77540
77551
77575
77538
77579
77596
77329
77331
79406
82168
77329
77338
77376
77351
77342
77442
77563
77335
77337
77347
77536
77539
77561
77359
77522
77536
77557
77335
77539
77338
77370
77375
77352
77362
77395
77522
77553
77615
77562
77344
77345
77356
77346
77544
77402
77500
77347
77556
77565
77581
77586
77444
77536
77557
77374
77379
77426
77358
77379
77445
77526
77354
77355
77395
77397
77408
77357
77408
77403
77361
77384
77377
77387
77363
77374
77378
77523
77367
77378
77554
77556
77561
77521
77376
77523
77376
77444
77430
77378
77557
77387
77403
77522
77424
77526
77385
77388
77398
77382
77389
77392
77390
77394
77510
77404
77406
77405
77408
77410
77408
77410
77394
77397
77398
77406
77396
77525
77392
77393
77407
77506
77404
77406
77396
77445
77409
77409
77510
77405
77407
77403
77407
77501
77405
77445
77414
77416
77435
77419
77420
77485
77414
77419
77476
77502
77416
77419
77420
77417
77418
77436
77421
77446
77421
77422
77487
77559
77582
77425
77432
77434
77440
77441
77528
77626
77521
77523
77529
78979
77439
77434
77435
77438
77511
77436
77527
77438
77446
77458
77472
79433
77439
77440
77441
77446
77562
77575
77579
77496
77501
77522
77521
77519
77642
77669
77679
77457
77470
77450
77492
77683
77618
77620
77454
77455
77455
77481
77653
77462
77456
77459
77479
77474
77515
77533
77462
77463
77480
77462
77463
77601
77571
77584
77631
77558
77580
77466
77467
77632
77645
77574
77518
77531
77533
77491
77637
77471
77476
77483
77481
77509
77478
77508
77517
77493
77485
77533
79453
77480
77515
77532
77633
77493
77666
77484
77485
77489
77487
77488
77489
77534
77489
77531
77490
77647
77651
77619
77637
77680
77509
77520
77633
77645
77647
77528
77560
77526
77530
77560
77500
77514
77548
77507
77514
77516
77501
77547
77508
77527
77533
77504
77511
77525
77505
77524
77507
77508
77516
77517
77524
77527
77530
77686
77514
77515
77517
77532
77519
77527
77560
77528
77534
77557
77525
77530
77530
77534
77559
77551
77586
77562
77581
77543
77544
77552
77546
77677
77547
77556
77577
77594
77677
77548
77558
77548
77554
77559
77560
77575
77579
77582
77585
77582
77553
77556
77568
77559
77572
77564
77576
77608
77589
77599
77609
77595
77596
77631
77633
77673
77683
77602
77607
77585
77601
77677
77643
77575
77576
77630
77627
77601
77601
77623
77631
77643
77598
77604
77587
77592
77615
77596
77677
77612
77614
77608
77593
77597
77630
77643
77595
77605
77605
77600
77650
77600
77650
77641
77604
77609
77649
77611
77611
77650
77607
77611
77649
77617
77671
77644
77634
77680
77622
77661
77678
77639
77625
77628
77636
77648
77669
77629
77630
77645
77645
77651
77679
77667
77683
77667
77683
77673
77652
77651
77651
77686
77666
77655
77656
77662
77682
77663
77658
77665
77668
77659
77663
77664
77670
77674
77663
77668
77678
77681
77672
77674
77686
77962
77969
77687
77688
77834
77813
77831
77836
77716
77746
77744
77746
77749
77988
77765
77707
77727
77705
77707
77710
77964
78011
77718
77960
78207
77703
77727
77983
77981
77938
77965
77978
77759
77828
77987
77710
78011
77711
77713
77988
77939
77711
77716
77834
77988
77716
77981
77960
77736
77721
77719
77728
77722
77726
77724
77725
77726
77730
77728
77729
77739
77750
77730
77742
77738
77838
77918
77733
77745
77813
77765
77820
77837
77747
77738
77741
77900
77739
77742
77900
77743
77748
77749
77748
77930
77748
77750
77744
77848
77745
77811
77814
77747
77813
77750
77750
77754
77756
77923
77813
77783
78194
77973
77998
77762
77828
77968
78097
77997
78082
78097
77793
77795
78093
77792
77763
78095
77769
77772
77828
77834
77988
77768
77796
78069
78091
78096
77776
77784
77795
77977
77982
77776
78094
77772
77784
77831
77776
77782
77774
77775
77778
77779
77782
77776
77778
77794
77794
77801
77803
77809
77839
78069
77796
77819
77797
77995
77795
77840
77793
77825
77802
77865
77802
77809
77801
77802
77841
77808
77840
77805
77851
77880
77887
77898
77851
77841
77815
77839
78215
77841
77863
77864
77867
78208
77842
77854
77869
77886
77826
77866
77823
77859
77868
77832
77926
77932
77826
77824
77869
77881
77894
78093
78104
77830
77982
77861
77866
77868
77968
77833
77840
77968
77909
77923
77926
77841
77896
77844
77903
77917
77936
77845
77849
77846
77903
77862
77890
77852
77894
77850
77933
77853
77863
77865
77917
77879
77895
77857
77861
77868
77858
77862
77905
77857
77858
77886
77921
77899
77866
77879
77896
77937
77892
77864
77865
77896
77935
77881
77898
77871
77884
77893
77872
77882
77893
77877
77891
77892
77875
77883
77876
77878
77882
77877
77889
77878
77891
77894
77886
77899
77883
77884
77885
77887
77888
77898
77891
77899
77899
77943
79551
77910
77902
77906
77907
77915
77936
77905
77906
77906
77911
77912
77921
77925
77910
77922
77914
79499
79548
77929
77930
77913
77925
77913
77922
77924
78138
79246
79550
77916
77930
77933
77936
77933
77935
77931
77920
77921
77931
77924
77925
77937
77927
77929
77929
77931
77933
77932
77934
77935
77937
77937
78037
77956
77958
78002
78018
78030
77944
77945
77954
77949
79543
77946
77952
77954
77952
77971
77951
77951
77953
77966
79498
78034
78028
77954
77956
77958
78002
78030
77991
78014
77976
78014
78023
78027
78020
78039
77984
78037
79496
79551
79607
77969
77973
78038
77991
78008
78018
78034
78150
78013
78107
77981
77980
78015
77998
78011
78021
77986
78082
78099
77987
78025
78774
77997
78087
78097
78028
78035
77993
77994
78003
78029
78036
78085
78013
78088
80081
78085
78034
78149
78170
78057
78058
78174
78003
78007
78030
78086
78005
78100
78101
78007
78007
78040
78010
78019
78176
78024
78020
78015
81280
78025
78016
78019
78032
78177
78023
78039
78027
78160
78026
78027
78058
78174
78038
78040
78040
78038
78041
78043
78048
78045
78055
78108
78046
78047
78048
78105
78080
78050
78074
78077
78182
78060
78063
78136
78078
78102
78182
78108
78159
78079
78099
78075
78080
78106
78068
78073
78133
78068
78074
78066
78067
78171
78179
78136
78155
78068
78070
78090
78109
78140
78074
78142
78079
78082
78099
78093
78105
78086
78103
78081
78105
78082
78095
78089
78104
78085
78089
78100
78086
78100
78089
78107
78101
78155
78092
78096
78095
78105
78097
78108
78141
78158
78101
78103
78155
78106
78156
78113
78122
78125
78113
78125
78114
78119
78121
78124
78114
78128
78116
78119
78129
78154
78133
78168
78172
78120
78134
78152
78120
78137
78123
78128
78158
78139
78129
78181
78132
78132
78134
78137
78142
78135
78142
78135
78168
78172
78754
78145
78147
78154
78145
78157
78181
78147
78148
78167
78180
78149
78177
78150
78174
78177
78169
78168
78175
78181
78158
78165
78164
78165
78181
78162
78165
78162
78174
78176
78163
78167
78176
78163
78164
79417
81280
78175
79365
78177
78205
78207
78207
78208
78193
78194
78191
78210
79463
78191
78193
78219
78232
78192
78203
78223
79448
78226
79444
78232
79483
78228
78241
78196
78195
78197
78213
78197
78219
78199
78199
78219
78221
78222
78201
78226
78227
78202
78213
78221
79443
78220
78225
78227
78206
79446
79447
78206
78212
78209
78210
79479
78217
78277
79427
78216
79440
79443
79449
78220
78221
78249
79531
79444
79454
78225
78246
78225
78244
78328
79448
78249
78233
78250
78231
78319
79436
79432
79471
78236
78237
79465
78236
78238
78262
78254
78239
78240
78240
78247
78241
78245
78246
78243
78247
78260
78244
78295
78246
78299
78246
78247
78259
78260
78261
79483
78288
78315
78975
78255
78257
78267
78258
78261
78281
78256
78262
79466
78256
79482
78258
79461
79473
79482
78274
78289
78302
78262
78301
78262
78265
78287
78303
78266
78267
78291
78266
78984
79434
79473
78290
79321
78285
78320
78600
78275
78276
78282
78272
78273
78602
78279
78601
78274
78275
78281
78290
78276
78290
78321
78279
78603
78280
78281
78289
78284
78589
78581
78589
78602
78604
78286
78286
78314
78291
78314
78975
78314
78320
78333
78304
78291
79434
78293
78302
78311
78294
78295
78336
78967
78299
78301
79007
78317
80146
78329
79014
79238
78300
78335
79450
79464
78302
78308
79469
78308
78333
78597
78329
78962
79126
79006
78310
78597
78606
79009
78311
78942
79247
78311
79008
78983
78987
79455
78329
78961
79434
78316
79451
79238
79425
79435
78331
79007
79485
79481
78605
78985
79481
79435
79438
80146
78326
78336
78334
78979
78327
78328
79454
78335
79454
79265
79547
81470
79434
79425
78336
79452
78988
78824
78825
78893
78865
78871
78874
78875
78352
78409
78476
78479
78610
78616
78617
78342
78345
78894
78355
78365
78344
78414
78823
78345
78423
78397
78400
78424
78433
78390
78854
78425
78474
78501
78446
78447
78827
78351
78858
78855
78871
78454
78463
78850
78865
78358
78361
78387
78873
78863
78870
78359
78365
78864
78392
78860
78361
78426
78368
78843
78860
78373
78387
78501
78828
78843
78865
78867
78366
78863
78406
78437
78391
78397
78400
78435
78528
78532
78374
78379
78373
78374
78378
78387
78376
78555
78390
78828
78858
78861
78399
78499
78382
78385
78507
78525
78384
78385
78387
78466
78391
78392
78546
78544
78860
78393
78395
78478
78482
78495
78535
78552
78424
78494
78498
78427
78399
78433
78499
78492
78419
78462
78474
78476
78412
78608
78416
78612
78416
78436
78614
78412
78621
78432
78457
78612
78817
78838
78446
78463
78859
78877
78894
78634
78619
78414
78416
78421
78434
78842
78624
78625
78503
78463
78841
78422
78424
78427
78421
78422
78430
78434
78436
78423
78427
78434
78429
78828
78435
78430
78436
78460
78430
78494
78433
78498
78499
78454
78854
78637
78628
78839
78445
78445
79948
78458
78451
78452
78630
78485
78450
78450
78473
78481
82129
78626
78608
78639
78456
78461
78455
78460
78625
78643
78457
78608
78473
78460
78504
78625
78502
78464
78854
78621
78503
78554
78566
78495
78492
78536
78469
78475
78477
78531
78471
78475
78626
78473
78489
78488
78493
78480
78478
78502
78485
78483
78484
78496
78489
78531
78487
78488
78490
78504
78504
78491
78494
78496
78497
78567
78500
78502
78559
78562
78500
78559
78504
78827
78508
78509
78509
78520
78511
78529
78510
78512
78519
78512
78527
80705
82092
78565
78516
78572
78542
78519
78520
78521
78524
78571
78523
78555
78571
78570
78565
78527
78538
78537
78569
78550
78534
78557
78535
78544
78539
78570
78539
78558
78560
78556
78558
78560
78550
78569
78546
78546
78548
78552
78551
78551
78552
78554
78561
78570
78571
78561
78563
78567
79300
81811
81846
78567
82159
78571
78721
78595
78578
79396
78996
80178
79645
79012
78587
78590
78583
78584
80161
78997
78586
78599
78600
80151
78594
78601
78588
78592
78602
80144
80152
78669
79391
80072
80161
82109
78595
78598
79012
79222
80144
80161
80174
78603
78605
78603
78606
78604
80176
78604
78605
78602
78603
79011
78995
78609
78631
78633
78615
78800
78619
78613
78639
78637
78644
78643
78628
78626
78632
78836
78837
78845
78780
78844
78839
78628
78800
78631
78644
78876
78652
78812
78642
78653
78814
78812
78814
78647
78649
78816
78648
78655
78650
78662
78663
78663
78771
78663
78664
78758
78813
78655
78656
78816
78816
78657
78662
78658
78660
78661
78660
78770
78807
78811
78662
78664
78772
78811
78671
78677
78712
78787
78798
78670
78671
78680
79402
82131
78673
78742
78742
78674
78681
78675
78681
78675
78676
78687
78678
78684
78682
78713
78683
78788
78680
78682
78681
78683
78715
78722
78728
78711
78711
78713
78714
78715
78719
78700
78692
78747
78755
78691
78692
78696
78693
78749
78698
78776
78699
78706
78853
78883
78697
78882
78895
78852
78856
78857
78703
78703
78776
78742
78751
78723
78750
78794
78710
78726
78729
78734
78740
78710
78722
78726
78715
78722
78786
78713
78746
78788
78719
78733
78892
79077
78719
78724
78749
78776
78730
78798
78726
78740
78735
78729
78925
78788
78744
78924
79645
78738
78739
78737
78921
78736
78740
78737
78923
78745
78791
78797
78745
78777
78748
78749
78755
78749
78753
78775
78796
78753
78783
78792
79246
78905
78935
78759
78771
78795
78759
78766
78768
78766
78771
78772
78760
78761
78796
78768
78789
78764
78765
78797
78766
78767
78769
78769
78770
78767
78777
78768
78772
78772
78808
78818
78775
78780
78795
79549
78779
78789
79354
79411
80143
78784
78794
78799
78815
78785
78792
78833
78907
78794
78798
78785
78799
78820
78788
78795
78809
78815
78818
78924
78927
78930
78794
78908
78896
78909
78925
78796
78809
78927
78803
78844
78815
78818
78815
78820
78810
78837
78810
78845
78919
78913
78914
78916
78808
78811
78914
78809
78818
78928
78811
78817
78837
79783
79817
79843
78833
78822
78823
78878
78835
78842
78826
78832
78872
78880
78899
78874
78906
78932
78934
78893
78895
78896
78931
78935
78904
78835
78878
78898
78845
78838
78838
78846
78879
78894
78861
78929
78879
78891
78902
78873
78868
78879
78902
78883
78866
78895
78867
78869
78867
78871
78878
78889
78864
78873
78869
78871
78874
78879
78902
78881
78883
78895
78931
78891
78898
78912
78887
78891
78888
78903
78892
78903
78903
78903
78910
78899
78934
78909
78923
78932
79971
79412
79549
78928
78930
78908
78935
78931
78930
78933
78934
78912
78934
78912
78915
78920
78932
78917
78927
78919
78928
78916
78917
78919
78921
79572
78929
78923
78923
78924
79146
79334
79397
79421
78933
78933
78935
78928
78932
78933
78941
78953
79261
78970
78990
79080
79244
79097
79098
78941
79239
79259
79263
78981
79247
79254
78951
78976
79058
79065
79257
78970
79124
79261
79085
79092
79115
78949
79247
78982
79092
79057
79086
79113
78980
78953
78954
78957
79113
79239
78956
79000
79024
79266
79267
79239
79240
79259
79083
79086
79024
79100
79241
79207
80228
78973
79237
79126
79245
78965
78966
78969
78966
79258
78980
78986
78967
78983
78988
78980
78986
78971
79101
78990
79265
79236
80146
79245
79253
79265
78986
79248
78985
79473
79469
79470
79431
79436
79485
79240
79252
79255
78992
79242
80177
78995
79003
79004
79259
79009
80175
79013
80165
80161
79032
80171
80226
79010
79035
80159
80226
79001
79036
79240
79005
79026
79013
80173
80175
79005
79455
79258
80165
80178
79015
79222
80175
79037
79264
80151
79023
79084
79230
79018
79028
79230
79019
79031
79020
80227
79022
79208
79206
79223
79224
80228
79037
80231
79027
79226
80181
79048
79030
79036
80155
79066
79208
79030
79102
79068
79232
79031
79033
80163
80169
80155
80227
79108
79220
80165
79091
79249
80172
80227
79047
79046
79076
79089
79380
80011
79042
79050
79076
79049
79049
79067
79052
79090
79108
79129
79046
79050
79090
79076
79071
79061
79327
79569
79257
79089
79069
79107
79079
79059
79099
79118
79093
79101
79063
79111
79062
79064
79070
79079
79071
79072
79072
79068
79232
79097
79111
79212
79235
79068
79073
79079
79110
79110
79123
79073
79073
79110
79100
79227
79124
79084
79234
79088
79109
79091
79209
79234
79113
79122
79255
79094
79209
79089
79094
79095
79102
79243
79094
79129
79209
79104
79108
79129
79127
79117
79119
79260
79261
79230
79234
79105
79125
79106
79244
79107
79121
79125
79220
79112
79121
79261
79207
79243
79260
79117
79257
79251
79402
79576
79131
79132
79158
79133
79140
79159
79166
79137
79141
79142
79137
79138
79171
79379
79141
79163
79166
79920
79164
79164
79360
79143
79156
79141
79154
79143
79150
79156
79298
79367
79377
79151
79371
79404
79367
79395
79421
79154
79155
79158
79152
79159
79150
79153
79184
79186
79164
79185
79152
79153
79155
79157
79156
79157
79157
79159
79971
80072
79368
79163
79167
79171
79939
79185
79921
79953
79167
79937
79171
79361
79375
79939
79340
80004
80018
79332
79387
79360
80131
80299
80306
79571
79202
79360
79376
79361
80006
79364
79383
79387
79178
79180
79181
79187
79571
79181
79185
79183
79408
79186
79205
79371
79187
80011
79190
79192
79362
79193
79203
79205
79204
79199
79200
79294
79312
79196
79199
79204
79201
79203
79198
79294
79319
79199
79200
79320
79205
79399
79204
79224
80169
79225
80230
79230
79211
79212
79228
79213
79219
79215
79216
79218
79958
79216
79221
79224
79218
79223
79229
79228
79229
79224
80180
80230
79264
80178
80228
79249
80170
79231
79229
79235
79260
79235
79235
80163
80166
80226
79238
79265
79451
79255
79267
79250
79253
79249
79504
79254
79252
79252
80145
80170
79266
79415
79554
79659
80157
80181
79269
79280
79276
79972
79276
79285
79286
79622
79287
79610
79280
79281
79280
79288
79342
79600
79619
79609
79614
79587
79287
79288
79297
79585
79613
79287
79296
79299
79299
79600
79357
79373
79410
79972
79314
79326
79292
79297
79318
79291
79299
79410
79295
79323
79295
79322
79323
79369
79423
79369
79296
79297
79380
79397
81802
79372
79381
80691
79304
79315
79386
79306
79311
79343
79315
79316
79341
79677
79857
79820
80288
80306
79675
79991
80292
79386
79956
79370
79372
79359
79316
79318
79352
79317
79318
79320
79322
79322
79320
79323
79369
79323
80004
80018
79343
79996
79342
79352
80116
79954
79681
79994
80018
79881
79990
80306
79332
79387
79942
80003
79597
79630
79861
79985
79975
80015
80016
79373
79573
79825
80117
79370
79372
79366
79423
79561
79844
80002
79384
80013
80091
80133
79673
79352
79346
79808
79810
79842
79346
79679
79845
79982
80043
79623
79689
79602
79352
80010
80022
79719
80297
82131
82154
82154
80100
79363
79384
79379
79364
80003
79652
82172
79410
79404
79622
79682
80006
79682
79953
79394
79652
80001
80284
80011
79408
79967
79409
82169
79631
82160
80154
80705
79403
79578
79408
79809
82166
80024
82085
79406
79808
80294
79960
82087
82205
80154
82123
82220
79958
79441
79446
79445
79443
79446
79429
79430
79432
79431
79439
79447
79436
79440
79450
79570
79582
79440
79447
79479
79447
79452
79454
79452
79485
79484
79459
79478
79478
79459
79461
79482
79465
79476
79477
79478
79477
79607
79637
79475
79483
79480
79466
79482
82092
79481
79472
79476
79473
79477
79479
79489
79491
79489
79494
79502
79490
79531
79492
79494
79493
79528
79514
79539
79501
79496
79498
79518
79545
79558
79637
79502
79504
79543
79502
79519
79615
79644
79604
79627
79592
79617
79665
79508
79509
79523
79513
79515
79512
79516
79624
79626
79954
79513
79519
79514
79519
79540
79527
79575
79518
79520
79638
79519
79581
79524
79542
79533
79615
79625
79524
79604
79625
79524
79604
82220
79527
79539
79629
79540
79556
79529
79539
79558
79550
79532
79550
79606
79703
82250
79671
79574
79576
79733
79768
81438
79651
79978
79540
79542
79581
79548
79581
79607
80613
79634
80905
82125
79653
81397
82248
79617
79629
79623
79637
79629
79634
79804
79865
79945
79700
79710
79658
79694
79759
79798
79569
79577
79605
79609
79614
80143
79578
79975
79592
79604
79617
79704
82142
80733
79610
79614
79608
79613
79673
79686
79602
79685
80139
79601
79630
79617
79595
79983
79606
79625
79627
79613
79612
79643
79680
80014
79605
79972
79603
79608
79627
79615
79688
79861
79804
79623
79689
79673
80116
79688
79630
79688
79654
79678
80031
79661
80098
79733
79753
81288
81359
79866
79690
80130
79693
80031
80196
80705
79696
79817
79839
79754
82216
82249
79666
79680
80031
80297
79698
79983
79839
79809
82238
80016
80072
80128
79674
79687
80101
79857
80118
79672
79808
80005
79687
79995
81648
80112
79865
79945
80294
79996
80101
79921
80002
80023
80092
79991
79746
79694
80103
79718
79768
79756
79782
81304
79968
79807
79840
79734
80295
79699
79707
80725
79857
80113
80117
79726
79756
79765
79755
82248
81359
81379
82249
79733
79717
79850
79740
82248
79781
79988
79721
79723
79767
79725
79829
79965
79724
79775
79725
79786
79727
79787
79997
82165
79728
79729
79731
79848
79730
79732
79752
79732
79736
79781
80295
79774
79783
79814
79756
79782
79791
82227
79742
79744
79775
79800
79866
81495
82227
79767
79793
79744
79745
79751
79757
79752
79767
80130
79803
80102
80229
81463
79766
79793
82256
82265
79752
79765
81304
81579
81579
79792
79876
80097
80110
82207
79789
79970
79771
79772
82224
79778
79863
82224
79773
79779
79784
79860
79777
79778
79779
79786
79777
79786
79778
79815
79800
79780
79783
79784
79798
79813
79788
79843
80103
82226
79792
79876
79817
79793
79977
81495
82222
82228
79823
82093
79850
79802
79863
79864
79965
79984
80136
80289
80295
82206
82211
79815
79977
79949
80000
80083
79826
79829
79834
80058
79822
80059
80100
79865
79945
80294
79960
82190
79816
79838
79848
80295
79840
80077
80078
80080
79825
80134
80141
79824
79862
80097
80229
79826
79833
79836
79992
80059
80068
79873
82200
79836
79864
79835
80058
80054
80064
79858
79867
79878
80067
79977
79851
79980
80104
80139
79852
79860
80115
80137
80093
80095
80138
80142
79849
79851
79855
79965
80301
79852
79853
79855
79859
79856
79858
79867
79856
79868
80022
79859
79860
79864
80097
80308
82224
82224
79868
80135
80069
80114
79895
79875
82262
79877
79889
79891
80047
80004
80030
79969
80000
80068
82200
79893
79897
79905
79924
82212
79892
79896
79897
79889
79892
79895
79891
79895
79896
79899
80026
79896
80048
79902
79903
79901
79901
79898
79899
79906
79911
80036
80041
82094
79906
79950
79910
79961
79982
80109
79911
79944
79914
79918
79921
80043
80051
82166
79920
79933
79937
79922
79925
79939
79942
80008
79929
80002
80032
82170
82185
82171
82182
79933
82179
79935
82176
82184
79936
82187
82173
82178
82178
80001
80003
79999
80122
80287
79950
80613
79974
80070
80286
82102
82112
80051
80094
80283
82138
80094
82094
80040
80094
80312
80103
80070
80143
82202
79984
80091
80293
79985
80043
80071
80085
80291
80023
80052
80107
82212
80112
80140
80101
80082
80120
80034
80065
80108
80070
80107
80137
80303
80013
80288
82188
80101
80292
82102
82169
80104
80091
80113
80283
80685
80045
80047
80086
80044
80048
80060
80073
80291
80310
80033
80045
80046
80086
80291
80312
80108
80287
80037
80071
80037
80061
80037
80046
80108
80109
80039
80040
80044
80046
80045
80048
80089
80105
80091
80123
80129
80293
80285
80060
80062
80074
80079
80080
80064
80079
80063
80065
80071
80085
80077
80310
80078
80088
80110
80309
80314
80082
80084
80135
80086
80074
80085
80313
80076
80076
80080
80124
80111
80078
80126
80134
80089
82214
80095
80313
80106
80293
80305
80122
80131
80111
80122
80133
80138
80304
80102
82223
82206
80301
80305
80131
80299
82179
80308
80141
80313
80297
80127
80298
80125
80123
80124
80142
80127
80134
80141
80127
80134
80135
80133
80138
80142
80138
80403
81066
80142
80152
80162
80177
80148
80152
80176
80150
80162
80150
80166
80168
80160
80164
80176
80176
80158
80162
80174
80179
80228
80175
80159
80160
80167
80168
80179
80166
80172
80168
80226
80171
80231
80227
80178
80231
80184
80455
80511
81737
80458
80188
80193
80191
80192
80192
81745
80200
80497
82152
80198
80201
80636
80201
80204
80210
80204
80645
80477
80638
80634
80635
81667
81467
81663
80212
80213
80214
80215
80215
80216
80223
80629
81755
80449
80223
80497
82240
80231
80234
80235
80238
80730
81257
80238
81256
80724
80242
81096
81106
80244
80246
80246
80645
80251
80290
80370
80518
80256
81138
81142
80713
80260
81119
81266
80259
80263
80262
80272
80263
80266
80266
80266
80269
80269
80271
81161
81189
81098
81099
80281
81118
80278
80279
80282
80280
80282
81098
80282
82179
80306
80299
80300
80352
80467
82223
80309
80311
80311
80314
80312
81974
81793
80322
80347
80347
80348
80326
81479
82070
80374
80401
80410
80332
81782
82066
82068
80439
82051
80549
80588
80338
80339
80345
80549
80584
80591
80378
80620
80381
80550
80349
80351
80350
80350
80369
80355
80358
80357
80358
80360
80361
80364
80362
80365
80365
80365
80536
80402
82084
80575
80912
80374
80589
80380
80377
80589
80380
80385
80533
81997
80463
80465
81963
80395
80422
80424
80459
80397
81788
80396
80399
81977
81979
81762
81093
80528
80619
81749
81763
81976
80422
80461
80444
81762
80445
81946
80444
80445
80464
81747
80540
80416
80420
80420
80422
80448
80426
80543
80429
80430
80542
80432
80432
80434
80436
80436
80441
80441
80447
80462
80464
80450
80457
80453
80471
80581
80453
80457
80511
80505
80500
81977
80465
80464
80468
81203
80474
80636
82251
80513
80477
80638
80475
80476
80478
80480
80486
80483
80484
80486
80520
80520
80490
80498
80506
80492
80514
80509
80497
81755
80547
82142
80501
80502
80507
80502
80503
80504
80511
80507
80509
80515
80515
80628
80542
81760
80537
80523
81158
80526
80540
80530
81093
80530
80531
80607
80618
80620
80802
80569
80543
80620
80589
80550
80555
80554
80555
80555
80556
80560
80564
80803
80561
80561
80563
80569
80591
80566
80566
80607
80569
80578
80799
80574
80799
80579
80596
80606
80585
80590
80587
80590
80591
80593
80594
80595
80596
80596
80605
80830
81695
81706
80600
80632
80602
80826
80822
80829
80608
80605
80607
80608
81781
81955
81694
81774
81722
81763
81765
81803
82032
82033
80617
80617
81783
81962
81974
82053
81845
81962
81758
81760
81708
80637
80653
80638
80640
80637
80638
80640
80644
81687
80650
80648
80652
81650
81666
80649
80650
80653
80653
80655
81669
80659
81667
81652
81645
81659
81701
80669
81666
80671
80821
81457
80829
81462
80814
80686
80820
80679
80680
80683
80681
80683
80688
80702
80701
80804
80688
80690
80718
80718
80739
80940
80717
80736
81122
80702
80712
80722
80708
80711
80712
80717
80719
80721
81045
81129
80729
81580
81585
81574
80729
80731
80744
80749
80763
81080
81268
80744
81268
81216
80746
80746
80749
80752
80754
81414
81418
81546
81046
81418
80756
80757
80843
80758
80759
80759
81552
80854
81560
80762
80763
81557
81563
80764
80764
80767
80767
80770
80770
80792
80775
80775
80779
81039
80779
81060
80779
80781
80784
80882
80784
80790
80861
80904
80788
80789
80791
80879
80881
80880
80794
80815
80823
80910
80914
80803
80805
80807
80807
80819
80811
80812
80813
80909
80827
80816
80817
80817
80820
80829
80825
80826
80827
80828
81705
81793
80877
80835
80866
80839
80850
80866
80839
80850
80898
80844
80867
80860
80856
80879
80894
81560
80856
80876
80895
81559
80867
80868
80870
80861
80864
80870
80865
80868
80869
80869
80872
80874
80875
80874
80876
81426
80876
80898
80917
80881
80881
80884
80883
80884
80884
80899
80891
80907
80896
80889
80897
80892
80900
80892
80897
80895
80899
80901
80901
80902
80906
80907
80904
80913
80911
80913
80916
80915
80915
80916
80924
80920
80924
80924
80926
80927
80928
80928
80929
80931
80930
80932
80932
81373
80936
80944
80936
80938
81084
80949
81373
81166
80945
80948
80946
80951
80951
80995
80983
81082
81360
80961
80962
80971
81084
80961
81077
81157
80968
81003
80976
81002
80968
80978
81145
80973
81358
80976
80979
81287
81273
81274
81147
81169
81175
81179
81344
81175
81592
81101
81175
81143
81149
81064
81001
81144
81174
81006
81029
81089
81002
81035
81015
81005
81008
81009
81013
81010
81013
81013
81017
81030
81044
81068
81031
81032
81025
81026
81026
81024
81034
81154
81151
81135
81132
81086
81072
81038
81075
81047
81073
81067
81050
81054
81053
81063
81056
81063
81057
81058
81063
81081
81063
81090
81090
81351
81554
81548
81078
81202
81088
81355
81213
81091
81202
81282
81088
81088
81091
81094
82084
81259
81252
81255
81143
81149
81156
81112
81118
81118
81343
81237
81243
81190
81113
81160
81115
81167
81196
81121
81126
81125
81126
81128
81132
81135
81134
81141
81171
81154
81139
81140
81142
81142
81147
81151
81156
81149
81152
81154
81157
81171
81167
81212
81164
81591
81172
81172
81181
81276
81216
81225
81230
81332
81180
81228
81183
81184
81189
81214
81189
81192
81197
81195
81197
81197
81219
81213
81282
81322
81210
81219
81226
81314
81329
81329
81257
81594
81219
81223
81241
81247
81329
81332
81232
81296
81293
81339
81269
81235
81307
81236
81307
81245
81590
81595
81244
81244
81593
81248
81251
81250
81596
81250
81251
81298
81258
81259
81258
81261
81263
81265
81270
81270
81271
81278
81562
81275
81299
81275
81282
81293
81320
81342
81341
81291
81297
81305
81370
81346
81362
81332
81300
81342
81321
81357
81359
81321
81391
81311
81405
81538
81310
81311
81542
81316
81323
81387
81527
81326
81328
81332
81325
81326
81331
81334
81335
81341
81341
81344
81401
81412
81369
81360
81358
81367
81365
81368
81367
81367
81368
81429
81520
81523
81377
81378
81470
81386
81540
81389
81390
81395
81391
81395
81394
81395
81438
81400
81401
81403
81404
81407
81517
81527
81540
81476
81424
81410
81412
81411
81415
81414
81416
81416
81417
81417
81543
81544
81550
81637
81512
81429
81559
81518
81434
81448
81440
81442
81442
81444
81447
81447
81448
81487
81506
81507
81453
81456
81457
81459
81523
81464
81663
81466
81681
82036
81476
81895
81516
81474
81488
81490
81496
81498
81515
81810
81480
81505
81486
81487
81509
81489
81502
81820
81492
81494
81640
81639
81513
81632
81504
81502
81503
81507
81507
82036
82039
81623
81512
81516
81516
81522
81523
81525
81521
81521
81520
81521
81523
81525
81528
81537
81536
81532
81531
81535
81535
81568
81536
81539
81544
81543
81544
81549
81547
81548
81550
81549
81551
81553
81560
81556
81555
81556
81560
81557
81565
81571
81565
81565
81566
81567
81567
81602
81570
81571
81583
81576
81576
81578
81588
81580
81613
81673
81583
81640
81585
81583
81585
81590
81598
81599
81603
81603
81605
81606
81609
81626
81638
81618
81668
81674
81668
81616
81618
81620
81624
81622
81622
81624
81627
81631
81638
81629
81626
81628
81629
81629
81631
81632
81632
81638
81637
81637
81654
82221
81642
81646
81646
81646
81656
81650
81671
82221
81654
81672
81674
81656
81659
81704
81707
81706
81702
81707
81665
81690
81670
81673
81672
81674
81676
81677
81680
81684
81805
81684
81804
81686
81807
81687
81691
81690
81691
81693
81701
81691
81695
81742
81792
81752
81742
81750
81879
81888
81700
81708
81704
81705
81708
82076
81712
81714
81728
81729
81730
81879
81887
81887
81722
81750
81774
81882
81933
81777
81729
81731
81731
81933
81734
81746
81764
81753
81974
81746
81914
81913
81935
81847
82065
81753
81882
81756
81754
81764
81877
81878
81891
81774
81855
81934
81770
81875
81786
81858
81788
81787
81780
81924
82050
81976
82055
82065
81976
81802
81791
81792
81797
81793
81797
81805
81797
81812
81868
81858
82037
81811
81814
81805
81813
81888
81877
81818
82038
82035
81820
81823
81824
81826
81826
81827
82027
81833
82026
81934
81832
81835
81835
81835
81838
82029
82046
81843
81854
81844
82064
82130
82050
82066
81851
82024
81852
82021
81866
81864
81870
81861
81862
81863
81864
81942
81879
81881
81872
81884
81878
81900
81942
81883
81896
81899
81893
81894
81900
81901
81899
81904
81905
81906
81906
81907
81907
81909
81912
81912
81918
81917
81914
81915
81917
81918
81921
81923
81925
81945
81929
81929
81935
81937
81945
82259
81943
81960
81945
81959
81971
81956
81960
81951
81951
82083
81960
81958
81963
81960
81964
81964
81987
81982
81982
82043
82259
81973
81980
81980
82049
81981
81981
81985
82235
81987
81990
81991
82003
82048
81991
81991
81996
82048
82009
82051
82070
81996
82001
82002
82001
82004
82000
82004
82002
82002
82054
82052
82055
82008
82009
82011
82018
82013
82013
82018
82015
82016
82018
82021
82024
82027
82025
82026
82027
82040
82032
82038
82042
82044
82045
82051
82065
82054
82054
82059
82060
82062
82067
82071
82075
82077
82075
82076
82114
82267
82103
82241
82243
82110
82101
82145
82149
82101
82106
82177
82185
82119
82195
82197
82116
82118
82117
82119
82126
82132
82138
82127
82127
82128
82236
82186
82147
82150
82148
82189
82151
82153
82157
82162
82199
82175
82175
82178
82189
82204
82208
82237
82205
82237
82217
82242
82219
82219
82230
82252
82261
82263
82267
82240
82250
82264
82249
82252
82253
82254
82262
82257
82259
82260
82264
82260
82262
82262
82264
82265
82265
)


// ************************************************************************* //
